m,sample,entropy_multiple_states,entropy_multiple_partitions
1,0,-0.0,-0.0
1,1,-0.0,-0.0
1,2,-0.0,-0.0
1,3,-0.0,-0.0
1,4,-0.0,-0.0
1,5,-0.0,-0.0
1,6,-0.0,-0.0
1,7,-0.0,-0.0
1,8,-0.0,-0.0
1,9,-0.0,-0.0
1,10,-0.0,-0.0
1,11,-0.0,-0.0
1,12,-0.0,-0.0
1,13,-0.0,-0.0
1,14,-0.0,-0.0
1,15,-0.0,-0.0
1,16,-0.0,-0.0
1,17,-0.0,-0.0
1,18,-0.0,-0.0
1,19,-0.0,-0.0
1,20,-0.0,-0.0
1,21,-0.0,-0.0
1,22,-0.0,-0.0
1,23,-0.0,-0.0
1,24,-0.0,-0.0
1,25,-0.0,-0.0
1,26,-0.0,-0.0
1,27,-0.0,-0.0
1,28,-0.0,-0.0
1,29,-0.0,-0.0
1,30,-0.0,-0.0
1,31,-0.0,-0.0
1,32,-0.0,-0.0
1,33,-0.0,-0.0
1,34,-0.0,-0.0
1,35,-0.0,-0.0
1,36,-0.0,-0.0
1,37,-0.0,-0.0
1,38,-0.0,-0.0
1,39,-0.0,-0.0
1,40,-0.0,-0.0
1,41,-0.0,-0.0
1,42,-0.0,-0.0
1,43,-0.0,-0.0
1,44,-0.0,-0.0
1,45,-0.0,-0.0
1,46,-0.0,-0.0
1,47,-0.0,-0.0
1,48,-0.0,-0.0
1,49,-0.0,-0.0
1,50,-0.0,-0.0
1,51,-0.0,-0.0
1,52,-0.0,-0.0
1,53,-0.0,-0.0
1,54,-0.0,-0.0
1,55,-0.0,-0.0
1,56,-0.0,-0.0
1,57,-0.0,-0.0
1,58,-0.0,-0.0
1,59,-0.0,-0.0
1,60,-0.0,-0.0
1,61,-0.0,-0.0
1,62,-0.0,-0.0
1,63,-0.0,-0.0
1,64,-0.0,-0.0
1,65,-0.0,-0.0
1,66,-0.0,-0.0
1,67,-0.0,-0.0
1,68,-0.0,-0.0
1,69,-0.0,-0.0
1,70,-0.0,-0.0
1,71,-0.0,-0.0
1,72,-0.0,-0.0
1,73,-0.0,-0.0
1,74,-0.0,-0.0
1,75,-0.0,-0.0
1,76,-0.0,-0.0
1,77,-0.0,-0.0
1,78,-0.0,-0.0
1,79,-0.0,-0.0
1,80,-0.0,-0.0
1,81,-0.0,-0.0
1,82,-0.0,-0.0
1,83,-0.0,-0.0
1,84,-0.0,-0.0
1,85,-0.0,-0.0
1,86,-0.0,-0.0
1,87,-0.0,-0.0
1,88,-0.0,-0.0
1,89,-0.0,-0.0
1,90,-0.0,-0.0
1,91,-0.0,-0.0
1,92,-0.0,-0.0
1,93,-0.0,-0.0
1,94,-0.0,-0.0
1,95,-0.0,-0.0
1,96,-0.0,-0.0
1,97,-0.0,-0.0
1,98,-0.0,-0.0
1,99,-0.0,-0.0
335,0,6.075507869051928,6.08685729029766
335,1,6.081902288752504,6.089065269705602
335,2,6.038240508999638,6.104570966529597
335,3,6.086237051068697,6.150784167903179
335,4,6.058654738040388,6.098073010949145
335,5,6.046781098923374,6.130137990945698
335,6,6.0872607552350955,6.102893403045182
335,7,6.082126392239803,6.119364940893196
335,8,6.103363570386532,6.0867057118231
335,9,6.057106997896336,6.048030130340356
335,10,6.06868245423038,6.0919380685321265
335,11,6.103913773711711,6.122524951297204
335,12,6.010771295319109,6.103451259476182
335,13,6.107788971616407,6.143592853380806
335,14,6.0119028822175995,6.081365191294637
335,15,6.063467574637486,6.036301233680202
335,16,6.053036416540593,6.128580904353224
335,17,6.134197357933842,6.114049684037085
335,18,6.08174568654628,6.033714681659277
335,19,6.124700620258056,6.074981985696194
335,20,6.065530914934373,6.08293127979832
335,21,6.127472629911221,6.054474667686368
335,22,6.105255426709773,6.089380007919367
335,23,6.084216021199076,6.089065269705602
335,24,6.0369076853736665,6.075487644742834
335,25,6.0586807183827815,6.099090396607894
335,26,6.101120688707214,6.10084297176423
335,27,6.033040183972572,6.1206295697411495
335,28,6.096351432716654,6.080018906676176
335,29,6.091991676853282,6.063098219207282
335,30,6.077494836450251,6.072418817933711
335,31,6.113624371410692,6.070551468175815
335,32,6.104315083265579,6.09787868286627
335,33,6.019501887842573,6.161220706329911
335,34,6.086749812513703,6.134873186789257
335,35,6.106726042449602,6.093056133714627
335,36,6.0317348285138594,6.101455009818052
335,37,6.075456515441034,6.06418913735757
335,38,6.099892564940292,6.157622652651982
335,39,6.105474307621336,6.040809098277702
335,40,6.068474342562492,6.104277223206246
335,41,6.015332663750377,6.0712620780992035
335,42,6.065372304648925,6.143971104253897
335,43,6.139689918174364,6.090641717369061
335,44,6.039514358206309,6.100724554868357
335,45,6.108760916806319,6.119599301136401
335,46,6.059372646566055,6.072232334489133
335,47,6.032133161079977,6.07447091050167
335,48,6.069202444693348,6.111740747932932
335,49,6.078152713432356,6.085099191000529
335,50,6.002260110812074,6.046897335069975
335,51,5.981143661822784,6.04254551870941
335,52,6.111519715722652,6.048723933225083
335,53,5.9986736390818045,6.1243462680712275
335,54,6.06888771936858,6.115659099441272
335,55,6.020104274169315,6.112705640021473
335,56,6.039556486727696,6.090790433936315
335,57,6.1008567295329215,6.088570985742958
335,58,6.115105295288932,6.040021814882027
335,59,5.997766399578303,6.112150678473229
335,60,6.105559921035115,6.0762690527818
335,61,6.036003468125676,5.996427025130148
335,62,6.109148589118654,6.109900302740811
335,63,6.104664870752325,6.042322600239107
335,64,6.120631850270064,6.114464863165069
335,65,6.1057176559149475,6.1244734797306695
335,66,6.095269542462185,6.08810181113786
335,67,6.1113638669276655,6.080299589826291
335,68,6.118135634537936,6.033379128432563
335,69,6.064186588503276,6.102972262694061
335,70,6.115735385719022,6.081426822726068
335,71,6.093651033811081,6.09228119691776
335,72,6.017387935996677,6.086126756635324
335,73,6.063577172489921,6.097367697415765
335,74,6.035472213447094,6.111858448709848
335,75,6.0961459732584045,6.092393619810158
335,76,5.979138875656771,6.133897766882181
335,77,6.071034030626611,6.0862859887659555
335,78,6.088204731484885,6.08354075601662
335,79,6.099017143532849,6.131933210506485
335,80,6.080553040726866,6.10814468738337
335,81,6.04447505690259,6.11170451672437
335,82,6.147098085180597,6.048723933225083
335,83,6.02856784473621,6.033714681659277
335,84,6.057065490397309,6.132655616894341
335,85,6.037950811661351,6.051335733298365
335,86,6.090194662845609,6.044693247395907
335,87,6.131287389088862,6.064544526557549
335,88,6.0028263108614155,6.102470880771222
335,89,6.146166833601467,6.133854278116863
335,90,6.038540227841612,6.096405362312156
335,91,6.068425387384361,6.105781530209818
335,92,6.042676368654998,6.039532719382359
335,93,6.020868157347741,6.1049080120468044
335,94,6.060902145003729,6.08968052253141
335,95,5.992810292544299,6.1145929432447055
335,96,6.093468106245707,6.071765098123952
335,97,6.037967911101065,6.024070399389226
335,98,6.143646281627769,5.9981194501367785
335,99,6.1035552929224615,6.045024919997625
670,0,6.143244067732643,6.116427373480345
670,1,6.139813646082094,6.161855247540178
670,2,6.1772921581103155,6.099175881552871
670,3,6.166207129714466,6.144636971194585
670,4,6.135876611972989,6.141828267140983
670,5,6.158619688434029,6.155937412390223
670,6,6.131481680300527,6.093921266438277
670,7,6.176399390707365,6.153857053428285
670,8,6.158630041027091,6.091456654805581
670,9,6.127360658004727,6.130408791783765
670,10,6.1404191761099485,6.125358272908273
670,11,6.108992021779249,6.144636971194585
670,12,6.166699854970082,6.159318871883119
670,13,6.106678513612484,6.14724504199708
670,14,6.137715104966545,6.125339954795534
670,15,6.122426132485832,6.153483583843584
670,16,6.150392967589887,6.125634829170348
670,17,6.175266245419803,6.145314645854796
670,18,6.119920423103205,6.15343352606262
670,19,6.151013108579662,6.129896989633517
670,20,6.191352524200386,6.159702005716081
670,21,6.100666771104729,6.157368893131251
670,22,6.129372143603173,6.167844157585134
670,23,6.14282068584393,6.1380773053975854
670,24,6.144069574662352,6.135358052611684
670,25,6.146048749835918,6.160783636760882
670,26,6.136268881620805,6.118240174092147
670,27,6.156696150886079,6.153496714353599
670,28,6.120813531386608,6.118297824754171
670,29,6.123539124945734,6.103382038504921
670,30,6.165389880373516,6.154776318764128
670,31,6.15554352789263,6.1135881299084565
670,32,6.133513296441933,6.145881588916505
670,33,6.1455415802284925,6.113782225746246
670,34,6.148286864933273,6.135972608774586
670,35,6.1196639431778195,6.122507758064263
670,36,6.144354402034405,6.125339954795534
670,37,6.118180249409031,6.151105240746513
670,38,6.1127831654288265,6.142991554209756
670,39,6.133838689851941,6.134977202994447
670,40,6.153465082111363,6.159834129938007
670,41,6.147798190250299,6.152757665293505
670,42,6.128923983340186,6.144495595403751
670,43,6.139088301700765,6.138868344042537
670,44,6.147187856047893,6.147155068357079
670,45,6.146330708346346,6.118297824754171
670,46,6.126006843043977,6.149433573191229
670,47,6.172462422114652,6.1271594051837805
670,48,6.140662227488293,6.138929831996857
670,49,6.142339380795002,6.14897795946813
670,50,6.131003467138422,6.161074326383132
670,51,6.136106939943401,6.111951800942608
670,52,6.1455805632326514,6.116770241946192
670,53,6.127903466965,6.144926992352442
670,54,6.151503059653995,6.141008699149231
670,55,6.148190955712091,6.115142353660327
670,56,6.116786074478238,6.14724504199708
670,57,6.121919877886247,6.162619910553886
670,58,6.127920988998111,6.145290037725881
670,59,6.1393999023720935,6.118122713737797
670,60,6.160859284125925,6.124707619420303
670,61,6.124900498128302,6.143940083146417
670,62,6.146125454654484,6.143286551189516
670,63,6.145244370382974,6.141567843856459
670,64,6.1275750296332685,6.147775784586511
670,65,6.162992210436202,6.147646136311414
670,66,6.123748276876186,6.127848646355099
670,67,6.138908144356053,6.107076080679438
670,68,6.137648387862457,6.1303385602712215
670,69,6.154492166430957,6.141620244640535
670,70,6.1539074896578265,6.149704905398965
670,71,6.123150591115835,6.120414031415515
670,72,6.134363701921628,6.155673643517431
670,73,6.133028136030821,6.153483583843584
670,74,6.118324846071233,6.1702706542916665
670,75,6.168179573834243,6.102138988260571
670,76,6.161422719771336,6.135755207898995
670,77,6.116715460529994,6.153857053428285
670,78,6.1378679160719365,6.148902909303456
670,79,6.178070351455637,6.148613221376864
670,80,6.178084692940049,6.12839992189269
670,81,6.165508808833265,6.1184519112056215
670,82,6.116067013548289,6.114967746139679
670,83,6.139026236931537,6.157559730655841
670,84,6.113286426008823,6.139242446269219
670,85,6.137717943791235,6.1390073833623955
670,86,6.157218179112703,6.155533069820957
670,87,6.11655915261125,6.1564328144219225
670,88,6.136977809114423,6.125821652103543
670,89,6.134778189757083,6.139454063814368
670,90,6.169008929340192,6.141809779454569
670,91,6.122540058565865,6.097408850198428
670,92,6.152224257407765,6.1610092037223
670,93,6.150747936983755,6.162533692490238
670,94,6.1255201902997225,6.150917513786197
670,95,6.127016023814949,6.131231882229606
670,96,6.13216823302082,6.116613758858186
670,97,6.1550127173986,6.166027236280799
670,98,6.174418063241397,6.108097051026684
670,99,6.150232449995352,6.15398792117645
1004,0,6.143991645339772,6.129898966775306
1004,1,6.142426291253305,6.126915453198599
1004,2,6.122443688169284,6.132860049755453
1004,3,6.114245453467357,6.1172345215105075
1004,4,6.135355910162025,6.124296354610544
1004,5,6.132789299534887,6.121503098998907
1004,6,6.15032123075433,6.122627918404259
1004,7,6.140134576650489,6.1296846906115885
1004,8,6.132386148527441,6.112820085168458
1004,9,6.1113681529254595,6.145160249281696
1004,10,6.130379715913669,6.1171559465973875
1004,11,6.124263795472799,6.116778988633057
1004,12,6.128728755167985,6.104186774562257
1004,13,6.135486122778971,6.119939765755794
1004,14,6.157843850932427,6.134691145164239
1004,15,6.147433865445239,6.1143478276565055
1004,16,6.088502252041056,6.141693390545359
1004,17,6.127144423686469,6.1306762920085305
1004,18,6.105289894008906,6.1336180721959295
1004,19,6.146981078743602,6.152884181148093
1004,20,6.117532859615799,6.143361227519932
1004,21,6.125985451689686,6.1308246108858055
1004,22,6.1177341079434955,6.144396082349353
1004,23,6.115932184982856,6.106561594807041
1004,24,6.138189251263862,6.164184684317601
1004,25,6.141130349038242,6.130510157822584
1004,26,6.0886086877585965,6.125424189833785
1004,27,6.141453757559532,6.122901230618959
1004,28,6.123059776447658,6.103338373461785
1004,29,6.128834797681894,6.144718173761195
1004,30,6.103223420762819,6.126843233664089
1004,31,6.130188734911914,6.123863914265544
1004,32,6.0975256779910385,6.135756796960509
1004,33,6.126569909616982,6.120498100315652
1004,34,6.115279784570379,6.124660661869816
1004,35,6.133255895784979,6.108806979494009
1004,36,6.131777184655855,6.134152486509211
1004,37,6.137091118772746,6.14064350777033
1004,38,6.110422097925477,6.13241452029597
1004,39,6.1550767144812335,6.146632411322448
1004,40,6.137436155296679,6.131764020775724
1004,41,6.116303819597143,6.11068933646781
1004,42,6.14964190810462,6.147885835260466
1004,43,6.105343692918986,6.1333593917891465
1004,44,6.128313806604412,6.130892869502891
1004,45,6.097401707847543,6.1165742548318525
1004,46,6.110934417019753,6.127877832355846
1004,47,6.120231950070984,6.141356780643988
1004,48,6.160165914808599,6.144405554370123
1004,49,6.132873586211223,6.1396827443337045
1004,50,6.138555076501406,6.105274851791882
1004,51,6.1118269199221285,6.144315720367775
1004,52,6.120105780296563,6.121062223457889
1004,53,6.116225844222114,6.1202145745765995
1004,54,6.146387942196989,6.112342510485423
1004,55,6.12509008761976,6.129495515702934
1004,56,6.141029193683723,6.1213165283502295
1004,57,6.154941167355951,6.148244783772357
1004,58,6.122496791059636,6.1439306016469954
1004,59,6.099324887873043,6.127532678702955
1004,60,6.154101204132575,6.131968613759603
1004,61,6.105033570712884,6.115977308488835
1004,62,6.139815182695559,6.130892313591519
1004,63,6.138793975011577,6.127906056850125
1004,64,6.147681253971041,6.128085571330606
1004,65,6.129350798182817,6.14064350777033
1004,66,6.1341098961297895,6.121643996988585
1004,67,6.137891731429488,6.130473109986343
1004,68,6.124641249373088,6.131158247813591
1004,69,6.162748667314356,6.136453657545898
1004,70,6.124984574806537,6.119866558727994
1004,71,6.1058688684492175,6.121136285925748
1004,72,6.12373587381358,6.116963156802829
1004,73,6.140139483978581,6.1276577593974615
1004,74,6.125481482445556,6.124170264899479
1004,75,6.146618513661006,6.120641555144963
1004,76,6.109219375982075,6.116015982492916
1004,77,6.138204919817815,6.135063529640039
1004,78,6.129418705896165,6.145649795548577
1004,79,6.1148449204608175,6.143614859305892
1004,80,6.140745017396847,6.139246583220456
1004,81,6.131565860648151,6.113756957733533
1004,82,6.093690496410067,6.114649222895417
1004,83,6.120860780305273,6.111009472668581
1004,84,6.130376479097815,6.140905485750066
1004,85,6.124700601045876,6.127653288110736
1004,86,6.123742831103307,6.125862205258319
1004,87,6.095443361181733,6.142353649814542
1004,88,6.1354189454487535,6.128391595129215
1004,89,6.151714390100046,6.1457809182795025
1004,90,6.096409735601297,6.140863567538761
1004,91,6.1165751063291465,6.144959646359958
1004,92,6.143283523089994,6.147541695538455
1004,93,6.121857326772204,6.160249825709012
1004,94,6.133706974516744,6.112883760863998
1004,95,6.137577197888427,6.154024622993644
1004,96,6.105403009741257,6.125780708956268
1004,97,6.1319540178783125,6.141182116473317
1004,98,6.124415867588012,6.130359337713969
1004,99,6.141426403563059,6.128606347926856
1338,0,6.095612363185259,6.080318434592332
1338,1,6.100419033171741,6.080318434592332
1338,2,6.0935215830407605,6.093934651626362
1338,3,6.069847942582796,6.082275967233772
1338,4,6.083852391053987,6.071494040168386
1338,5,6.067810394048455,6.0880161778990045
1338,6,6.07355543587403,6.066530549645731
1338,7,6.076967708735011,6.082769020843892
1338,8,6.089966233609572,6.094938759669964
1338,9,6.066788147617422,6.077235186536228
1338,10,6.0818582101552945,6.081120100839224
1338,11,6.076763336781196,6.072409528539837
1338,12,6.080770941813584,6.089537254932495
1338,13,6.0844221350843375,6.099016741233165
1338,14,6.1085038267907725,6.094824535607264
1338,15,6.086291117535195,6.091209685748344
1338,16,6.111451910361782,6.112095119829573
1338,17,6.093828714361038,6.088931962267303
1338,18,6.066706422823118,6.105960900442543
1338,19,6.1004840466807275,6.101383623383557
1338,20,6.08819455998606,6.085746174701318
1338,21,6.08836252614519,6.0790925879390585
1338,22,6.083251532946111,6.086946913399398
1338,23,6.0780562727073395,6.096238159314843
1338,24,6.074743367574421,6.094074466810315
1338,25,6.083003421679654,6.052118830192593
1338,26,6.092313617705296,6.0956978323969455
1338,27,6.091799686874073,6.072158122601998
1338,28,6.102314096186454,6.078490693053629
1338,29,6.068962853011517,6.082642328211762
1338,30,6.074772121066568,6.068202106079054
1338,31,6.086624791976303,6.0929238115512145
1338,32,6.070576677337103,6.063086494202028
1338,33,6.08354204595662,6.082641755338173
1338,34,6.059917797482536,6.097417838235599
1338,35,6.085000324441452,6.067953730408011
1338,36,6.091367883226984,6.091666595984824
1338,37,6.0724615149934555,6.075139333589738
1338,38,6.103196204640984,6.083098258776785
1338,39,6.095369190807749,6.079270322651661
1338,40,6.101479730757615,6.088377202948368
1338,41,6.059650930646357,6.078475787103143
1338,42,6.0671437021274635,6.087783278967368
1338,43,6.085056723654322,6.079385850507852
1338,44,6.081716676942214,6.083813801081223
1338,45,6.086237827916828,6.078067844386985
1338,46,6.060004669764428,6.092171443888244
1338,47,6.1057007541247605,6.090396511242327
1338,48,6.102213162169672,6.0827371663657255
1338,49,6.085439812939019,6.099121406610903
1338,50,6.103643611785193,6.110520469589677
1338,51,6.088567206599694,6.071349241157589
1338,52,6.097812064297953,6.066702689901791
1338,53,6.084545756395874,6.099388062893082
1338,54,6.099094026937165,6.069026485906434
1338,55,6.0876129699000545,6.085784423932136
1338,56,6.091046470307086,6.0714855502919205
1338,57,6.077961716661942,6.093808700439769
1338,58,6.103007217875103,6.097658907063855
1338,59,6.084674985391834,6.090852403159217
1338,60,6.087929097528596,6.075251094187347
1338,61,6.076973963245406,6.087291095193417
1338,62,6.096857574437591,6.103531270145463
1338,63,6.089037628017523,6.096066932124393
1338,64,6.095215426296059,6.084356317547217
1338,65,6.101371232288035,6.0827371663657255
1338,66,6.08080618657988,6.068328081341359
1338,67,6.104489827081069,6.063293293504103
1338,68,6.077263044963149,6.0853467572624655
1338,69,6.106928400030009,6.089188324866497
1338,70,6.08148455302676,6.0947727230856925
1338,71,6.090550900249755,6.087961491681826
1338,72,6.068161463141266,6.083487373025358
1338,73,6.084714377722438,6.077253429285092
1338,74,6.086722672052968,6.093141473582621
1338,75,6.094229779517746,6.097278553371196
1338,76,6.083492658970515,6.077008545919342
1338,77,6.107417175230806,6.099313044070871
1338,78,6.081633929603524,6.085031382164553
1338,79,6.10258324413617,6.0817278089898945
1338,80,6.110395944897217,6.097508274518026
1338,81,6.073844240913582,6.076718551490816
1338,82,6.076659937463269,6.093931018687178
1338,83,6.094722030855946,6.08670921215736
1338,84,6.0829393644811685,6.068946632144472
1338,85,6.076941761170707,6.101480132040964
1338,86,6.113148103925553,6.061785078066082
1338,87,6.08842708535448,6.075134265469835
1338,88,6.113330254101224,6.086976384176027
1338,89,6.097155600890349,6.095641611438113
1338,90,6.076746599134192,6.101383623383557
1338,91,6.0898287927636225,6.084733420168035
1338,92,6.088338054566717,6.080027778999611
1338,93,6.086785078601985,6.085011792137967
1338,94,6.086749820386014,6.088243313336322
1338,95,6.097715953344153,6.077549007134575
1338,96,6.087598934797879,6.085990171177957
1338,97,6.1010936743338355,6.0727773234603255
1338,98,6.084970769967023,6.06769285234346
1338,99,6.070535857609921,6.079156028390401
1673,0,6.033728263825611,6.037042686125856
1673,1,6.056897371931323,6.0199519765827105
1673,2,6.034721242456238,6.037295505155332
1673,3,6.016374258304307,6.04858185563268
1673,4,6.029352686355589,6.018995130424265
1673,5,6.01392037265894,6.058477251545003
1673,6,6.042034215463744,6.028171528528632
1673,7,6.027352878657067,6.04363346852763
1673,8,6.029323958734665,6.031021926046262
1673,9,6.048035433391159,6.027940744458099
1673,10,6.053401421940549,6.014590647427614
1673,11,6.027944121760734,6.038482762193596
1673,12,6.04131756579097,6.040270185265803
1673,13,6.038175751488161,6.038157696190554
1673,14,6.040161244159777,6.019946848757002
1673,15,6.022479601276615,6.036991899199098
1673,16,6.025585435571639,6.0562955879438
1673,17,6.019707107932594,6.053712540981181
1673,18,6.014480779538633,6.038387675925403
1673,19,6.029030609671377,6.026572292863378
1673,20,6.019732242384059,6.032878303610596
1673,21,6.0304841687948825,6.044090944458578
1673,22,6.020896434924746,6.037375551825651
1673,23,6.024305916478236,6.036746540331001
1673,24,6.0666346464575405,6.032922133605121
1673,25,6.036019687683728,6.044072827310793
1673,26,6.0345404722566025,6.017820209982043
1673,27,6.034895515769097,6.047575831013131
1673,28,6.030011031306243,6.02692799509244
1673,29,6.019550686228088,6.029036977428177
1673,30,6.040867830990988,6.044449287933597
1673,31,6.05213943756298,6.030970587112491
1673,32,6.037336975875127,6.024995896790126
1673,33,6.040540560930744,6.046534558852775
1673,34,6.024327883842977,6.055455388360342
1673,35,6.034146332219857,6.036555977897223
1673,36,6.022268069394133,6.048387140503419
1673,37,6.032731200716822,6.020539130565668
1673,38,6.028107511737652,6.050038439080201
1673,39,6.031024974304098,6.050054778061733
1673,40,6.0211643440783975,6.0388380478268475
1673,41,6.026485229552418,6.0342112053447545
1673,42,6.041799937258502,6.0392972787475125
1673,43,6.023137902172814,6.030604938831053
1673,44,6.041271259527643,6.0460605777913194
1673,45,6.0467983927910485,6.041663603650481
1673,46,6.057583317414148,6.026463812370755
1673,47,6.03786768048082,6.03397381176101
1673,48,6.038112093990923,6.030078423936142
1673,49,6.047435279644657,6.047088531851038
1673,50,6.022015518246518,6.040317580466802
1673,51,6.048320291009775,6.0309181955246345
1673,52,6.027766195049914,6.0380623959064295
1673,53,6.047003307057591,6.041084497363498
1673,54,6.028903335711562,6.064020673220109
1673,55,6.029679649549947,6.040817324535133
1673,56,6.044959255890162,6.051312767456707
1673,57,6.034693424305545,6.036333368677561
1673,58,6.038629519942042,6.030643368528383
1673,59,6.054016546410417,6.02261410625755
1673,60,6.052645373446644,6.036221749852146
1673,61,6.039989108244871,6.032916801074158
1673,62,6.016393578218976,6.05393602517365
1673,63,6.036960373891161,6.033507466231281
1673,64,6.020116239696269,6.026967385824137
1673,65,6.045349737299871,6.032878303610596
1673,66,6.028439313516798,6.032759696946249
1673,67,6.026399467983565,6.04315942196511
1673,68,6.024063417371934,6.04009581548598
1673,69,6.034100403467188,6.031905987300916
1673,70,6.026726345026158,6.0443218123056015
1673,71,6.024261461424488,6.0342112053447545
1673,72,6.031196382981267,6.050596139329148
1673,73,6.0405891315593045,6.041019802143431
1673,74,6.041445839865863,6.029177546510604
1673,75,6.031482353130974,6.037307001103962
1673,76,6.0271201697497325,6.044204241167974
1673,77,6.023842958091775,6.0363417028523445
1673,78,6.047160249495411,6.016284338679536
1673,79,6.035110066508532,6.036841585603535
1673,80,6.036723014346538,6.045698209013472
1673,81,6.03474064758039,6.038255684646417
1673,82,6.035973528742529,6.047260065875788
1673,83,6.0551611698396615,6.045223360370571
1673,84,6.024500988939267,6.053757616741673
1673,85,6.043881896359463,6.048258701862412
1673,86,6.050756810775705,6.033333083773414
1673,87,6.025136157887874,6.055964985483572
1673,88,6.044718508431751,6.027348362090042
1673,89,6.022635047448846,6.058320261630879
1673,90,6.029658133624927,6.040848599879741
1673,91,6.064443994473753,6.03068821004617
1673,92,6.015366533368814,6.0269628427502004
1673,93,6.027156708726373,6.0507758001815555
1673,94,6.037230114973834,6.029084929961211
1673,95,6.033880007675233,6.048258701862412
1673,96,6.017858502887318,6.026609598575102
1673,97,6.056693451760187,6.048258701862412
1673,98,6.0278245118909775,6.024370847484397
1673,99,6.059212912971934,6.036971559182379
2007,0,5.969359005099131,5.968573603427359
2007,1,5.970702872090003,5.960533884509692
2007,2,5.972152289887967,5.976957064180905
2007,3,5.984945767693073,5.957798039215237
2007,4,5.975266573647782,5.968642625354246
2007,5,5.974538804415875,5.972867418424468
2007,6,5.941504172930299,5.978422320300042
2007,7,5.94966082178057,5.97527079082619
2007,8,5.978289944828878,5.976652680560707
2007,9,5.973682687590581,5.958403909150884
2007,10,5.976954496228029,5.976893640958246
2007,11,5.965203452166052,5.97210062786845
2007,12,5.959707827119034,5.968088919079911
2007,13,5.972367082257008,5.962368443411519
2007,14,5.965862332698244,5.967056015638062
2007,15,5.963897280940266,5.981595247784706
2007,16,5.98529834420663,5.9540060059333575
2007,17,5.9654636018110825,5.972753304967917
2007,18,5.971036076192935,5.980330340568412
2007,19,5.968324305016178,5.984249022468657
2007,20,5.962033602091642,5.97439820382803
2007,21,5.963307526412282,5.9620501085478
2007,22,5.981453759100648,5.966625222169807
2007,23,5.953291075082194,5.970760441933946
2007,24,5.957351537424537,5.9602198997121665
2007,25,5.967003261536917,5.963554487295468
2007,26,5.949976331674643,5.980069239749261
2007,27,5.991420731959692,5.966748053452312
2007,28,5.947542521464529,5.969741284959963
2007,29,5.9646945251338925,5.976881654011711
2007,30,5.96772193333946,5.965981556221871
2007,31,5.994129280504563,5.967403402843923
2007,32,5.97881931583664,5.979149535492101
2007,33,5.963103855497342,5.976120548041513
2007,34,5.957285005892774,5.9651619051275215
2007,35,5.970250198420765,5.964479356489581
2007,36,5.966832548454985,5.963437017918333
2007,37,5.968393169336499,5.9819616794750745
2007,38,5.954822528259355,5.9833774578539245
2007,39,5.980838365118743,5.986244421175536
2007,40,5.966496364603858,5.963694095577777
2007,41,5.978229347257557,5.971352619692844
2007,42,5.974027045777172,5.972188626329453
2007,43,5.972231559245552,5.972906435363102
2007,44,5.973878361575086,5.963713017012649
2007,45,5.969987123416649,5.979150262740495
2007,46,5.947425872944244,5.972207853470489
2007,47,5.96367032388039,5.959538729683502
2007,48,5.9695527901333625,5.983063844252075
2007,49,5.970351860253735,5.96161172340153
2007,50,5.958257182991592,5.95873844022192
2007,51,5.963289246982784,5.971251710911638
2007,52,5.95217460870121,5.9687047759239755
2007,53,5.939670153900515,5.971144329857491
2007,54,5.9658013918971955,5.975854876411079
2007,55,5.963677334985335,5.970268214524637
2007,56,5.96736805725659,5.961852223055909
2007,57,5.969359528685205,5.975954485802835
2007,58,5.971093834014723,5.9663559497650756
2007,59,5.97850888758022,5.9787775132663405
2007,60,5.96329876272292,5.987211420171798
2007,61,5.980480124996224,5.986205318987201
2007,62,5.9703735271867275,5.967030673324929
2007,63,5.975281564724319,5.980711493945817
2007,64,5.96380410111195,5.978766827760659
2007,65,5.964488746573405,5.9819616794750745
2007,66,5.971466295207853,5.96493109069035
2007,67,5.96092981400812,5.97527079082619
2007,68,5.974599426101708,5.969980503898611
2007,69,5.980109818209415,5.967030673324929
2007,70,5.957907564639784,5.972363358942794
2007,71,5.9781260772885485,5.962380209041059
2007,72,5.955118800891779,5.976833413413852
2007,73,5.9883149864463885,5.975537448131694
2007,74,5.966197943311521,5.961462949392475
2007,75,5.975650200766194,5.975996424237873
2007,76,5.989964337355729,5.9869913808321495
2007,77,5.968970884304425,5.964342702622165
2007,78,5.977071021070952,5.967505564630305
2007,79,5.958884024130453,5.940496289548684
2007,80,5.981880983885339,5.981589019230674
2007,81,5.977541887113878,5.970616314697347
2007,82,5.968564404895433,5.965897293910891
2007,83,5.9707786237977185,5.96161172340153
2007,84,5.975645536630138,5.975854876411079
2007,85,5.968407479653632,5.961661880585587
2007,86,5.966772487612752,5.963852430600605
2007,87,5.975237264925235,5.975554983169103
2007,88,5.9800586644613825,5.962871884004194
2007,89,5.975509869779672,5.9619262369222765
2007,90,5.966039499861996,5.978018286909757
2007,91,5.976256413839201,5.971758999795681
2007,92,5.974287541818977,5.976918252660795
2007,93,5.96203237833593,5.961291484048831
2007,94,5.968105528429961,5.990009125456882
2007,95,5.971944475608429,5.995055826145742
2007,96,5.969341610875106,5.975642895086349
2007,97,5.969883794391367,5.972608936183233
2007,98,5.977255867504997,5.967747583902197
2007,99,5.973034472024903,5.979821658105225
2341,0,5.8919520422931235,5.906719727854496
2341,1,5.896123021702337,5.918877986256967
2341,2,5.893599258142875,5.9108253261987675
2341,3,5.879800808780747,5.889643526825412
2341,4,5.89827723586226,5.897576727006972
2341,5,5.8966263105888315,5.903917942100264
2341,6,5.886710840268301,5.898329557832352
2341,7,5.901098318075317,5.891166155704622
2341,8,5.88998343513233,5.888626587285191
2341,9,5.899629591680086,5.898527191904682
2341,10,5.881528635247748,5.912145880442772
2341,11,5.899960566807413,5.912945649861221
2341,12,5.908327123982378,5.897129469229837
2341,13,5.9050533565946,5.898975066414699
2341,14,5.902651433772472,5.911455416880416
2341,15,5.902507649217436,5.909701568616806
2341,16,5.904757588329253,5.900979797757283
2341,17,5.900610031777352,5.899939955364207
2341,18,5.888428202337617,5.913351171427968
2341,19,5.912231911474148,5.891019906557362
2341,20,5.918466027231178,5.8922935087901305
2341,21,5.901101232233093,5.8913055305421915
2341,22,5.9016998108623975,5.894752035161007
2341,23,5.908334969352791,5.896909243299165
2341,24,5.901314602457652,5.911075917970657
2341,25,5.915848774359721,5.898431983094213
2341,26,5.895646153887096,5.900849073843878
2341,27,5.919196092538862,5.897557076984259
2341,28,5.8996762397719795,5.907406584315338
2341,29,5.8874759631213065,5.899655502594214
2341,30,5.900309735050489,5.8935865972464
2341,31,5.890770343206949,5.897419429920448
2341,32,5.9130746354089725,5.895945177464396
2341,33,5.883815319930754,5.9074607324543855
2341,34,5.909071296730013,5.906866611749676
2341,35,5.894116892520273,5.890787651734116
2341,36,5.911452635514896,5.907531362126585
2341,37,5.9009512056325155,5.913351171427968
2341,38,5.893440580632234,5.889546064885463
2341,39,5.914947257776193,5.8922935087901305
2341,40,5.897701951423445,5.90830010117669
2341,41,5.901143011047499,5.892611546622092
2341,42,5.911367757597137,5.895944050056155
2341,43,5.902585957501872,5.898468381578823
2341,44,5.904313591572027,5.89255197557696
2341,45,5.8871491836386225,5.892784981388152
2341,46,5.8748698670342785,5.909684689028107
2341,47,5.897658460880582,5.9024821532034935
2341,48,5.895961323200889,5.8875701463625445
2341,49,5.909015411710598,5.887079663568241
2341,50,5.895571322944545,5.902732721170629
2341,51,5.894479378098072,5.878327508750676
2341,52,5.89219256554282,5.9060030497719715
2341,53,5.918507395435887,5.905822138100191
2341,54,5.904831555129712,5.889259128922324
2341,55,5.903797182320409,5.904672964682411
2341,56,5.8992406953923355,5.898313031606919
2341,57,5.910244099617852,5.899615300280333
2341,58,5.885894113622069,5.9192335481129845
2341,59,5.893808747548502,5.882846212620036
2341,60,5.899882978351731,5.904259780402041
2341,61,5.907957142118966,5.883285100961602
2341,62,5.904782601615853,5.923172548756289
2341,63,5.912555922297773,5.902028283666884
2341,64,5.896171519605339,5.898737170932686
2341,65,5.9182134038372,5.906494572468981
2341,66,5.888835953163301,5.878768191643513
2341,67,5.894953733193592,5.895613993101253
2341,68,5.883722368798057,5.9024727769101535
2341,69,5.907980043936924,5.900066957578628
2341,70,5.916279788585664,5.902135029657886
2341,71,5.904891817271199,5.9039417283477285
2341,72,5.9080172962371424,5.886171076610479
2341,73,5.915694747075925,5.901157739617862
2341,74,5.89774451292636,5.882508237226479
2341,75,5.893183891955994,5.9195384439807786
2341,76,5.916982093979671,5.891553774955675
2341,77,5.892786250934766,5.898400556256728
2341,78,5.894452598766144,5.906125004300204
2341,79,5.904144959784249,5.916068943346542
2341,80,5.886593124266624,5.883242938368603
2341,81,5.908801415989757,5.900732945675997
2341,82,5.89053520705493,5.91084067878155
2341,83,5.9154450809784445,5.884939905394247
2341,84,5.888373132164695,5.915361172760311
2341,85,5.887608876979936,5.904924137760141
2341,86,5.903784040442325,5.8946100888815
2341,87,5.897803780909189,5.8961400715901595
2341,88,5.897860527172905,5.895988207049993
2341,89,5.917433639317754,5.8965554535036135
2341,90,5.899419081301332,5.903901185278542
2341,91,5.895147026508175,5.891245144077295
2341,92,5.916600524090077,5.908523415293706
2341,93,5.894787071565681,5.900002932988561
2341,94,5.895304222032832,5.898527191904682
2341,95,5.901989615898263,5.888098434329305
2341,96,5.908503762408755,5.917119107900581
2341,97,5.900767374961586,5.898609615480866
2341,98,5.886244247815697,5.90693939691133
2341,99,5.9016411182120745,5.89643112410317
2676,0,5.831071388349628,5.816225829205089
2676,1,5.834335275404943,5.811952448437334
2676,2,5.835053697534289,5.836771100863317
2676,3,5.817808649591158,5.8249496356408
2676,4,5.8353288925109,5.836680853337725
2676,5,5.826615593801496,5.819569124036652
2676,6,5.822048975237028,5.826368459351223
2676,7,5.812171503382826,5.827289353777809
2676,8,5.827625250713938,5.822270755259256
2676,9,5.827753948148214,5.815841865396414
2676,10,5.80872644764715,5.818400577804686
2676,11,5.818403018765437,5.831008134687568
2676,12,5.820144197291311,5.826453781764573
2676,13,5.81935309118924,5.832319263501613
2676,14,5.831197544714068,5.817723664544952
2676,15,5.822738065579462,5.817528607406064
2676,16,5.81956440887205,5.844902072609572
2676,17,5.820679174630003,5.831512824882016
2676,18,5.817640600717269,5.8208360017310445
2676,19,5.812423181909463,5.817948832111122
2676,20,5.824348713783252,5.83180880306507
2676,21,5.821976457627531,5.811652894576094
2676,22,5.8218744207720325,5.8301444548324275
2676,23,5.823014716730555,5.811964203731057
2676,24,5.838037046408733,5.806807914870778
2676,25,5.83457344124507,5.813673660426384
2676,26,5.800785961883866,5.832112011941171
2676,27,5.821309942879915,5.826999268896479
2676,28,5.823491195895024,5.803464293061113
2676,29,5.81335141946474,5.833520231644633
2676,30,5.810544457074359,5.829453918597479
2676,31,5.823453013738917,5.827112967522645
2676,32,5.8305791286335475,5.817948832111122
2676,33,5.8199013199237974,5.816668915441229
2676,34,5.819197409355176,5.832611794344669
2676,35,5.832865334178952,5.8068088821428505
2676,36,5.84950969956727,5.818757407753756
2676,37,5.818981744013799,5.818152242638661
2676,38,5.822469872908405,5.824594675596171
2676,39,5.814879646855058,5.825425640571903
2676,40,5.810331767024179,5.82718017281399
2676,41,5.8253306991618725,5.8253417940757135
2676,42,5.8145991937573,5.813741951730885
2676,43,5.810691309990752,5.8245559451923805
2676,44,5.8082754818127125,5.810773369316092
2676,45,5.831526947424444,5.827580541147201
2676,46,5.827118904134915,5.827894479485157
2676,47,5.829993840156365,5.8252177401946446
2676,48,5.813182985513343,5.818613183948497
2676,49,5.815587092596004,5.818518466704918
2676,50,5.834297920143992,5.820218604651313
2676,51,5.81675468249156,5.8162781433226325
2676,52,5.82567097605776,5.814251837446284
2676,53,5.8311092023175055,5.830116558715173
2676,54,5.8123143520102,5.823075784746448
2676,55,5.8357203252273955,5.841022649198064
2676,56,5.828170348551591,5.83016368895163
2676,57,5.825316011027655,5.81972065418681
2676,58,5.8254130944961195,5.822070467824499
2676,59,5.818416302451751,5.81078718261049
2676,60,5.833041793493086,5.8209497990728325
2676,61,5.834599983917499,5.827894479485157
2676,62,5.817537112888184,5.824912174565291
2676,63,5.820096818500207,5.828193265703045
2676,64,5.820646085624771,5.808961336849044
2676,65,5.825290256637795,5.818428176527645
2676,66,5.813422052554687,5.816179591643973
2676,67,5.8177686745586135,5.824143403771093
2676,68,5.823484072017855,5.821278255777664
2676,69,5.826175978719251,5.816459556740699
2676,70,5.819946196801273,5.815248409384601
2676,71,5.817348702647304,5.81851553466562
2676,72,5.821156518249204,5.830369197010052
2676,73,5.831433955910402,5.8330774147711555
2676,74,5.824575042424444,5.821978428942505
2676,75,5.8166483877970645,5.827813696420908
2676,76,5.8154280047884805,5.817405143017745
2676,77,5.824754500036447,5.822189965382861
2676,78,5.844734753905216,5.816723270536702
2676,79,5.832535578344172,5.816203563751321
2676,80,5.820357527909283,5.823286234497746
2676,81,5.81434840916841,5.801860205183099
2676,82,5.814469013986657,5.8145509952771395
2676,83,5.815482012765243,5.831449185493065
2676,84,5.826316951201997,5.824400674385618
2676,85,5.828109319776206,5.824756331162675
2676,86,5.827184754667397,5.832879405125565
2676,87,5.825975468373423,5.8123141287689295
2676,88,5.835543233574096,5.818699894598437
2676,89,5.798778297142966,5.813227996789591
2676,90,5.837602103387904,5.816933739112467
2676,91,5.818873022197252,5.82861432936464
2676,92,5.821372118341175,5.824359965603982
2676,93,5.826983486881669,5.8110800189578375
2676,94,5.824522492716642,5.830358749696435
2676,95,5.820526139587396,5.814958962325286
2676,96,5.826548152487252,5.835597217241214
2676,97,5.806169342829586,5.819115067232632
2676,98,5.833840931710171,5.832923516142675
2676,99,5.810799621621655,5.814993791624601
3010,0,5.749620367471593,5.746940285442198
3010,1,5.747945157029051,5.745999831431975
3010,2,5.753011696015102,5.734271994486189
3010,3,5.7401249214736065,5.744620621184795
3010,4,5.747285218335067,5.751113783190624
3010,5,5.733114484017544,5.744764217472969
3010,6,5.7533081120777,5.746828837003907
3010,7,5.743088580598001,5.746276352412728
3010,8,5.743793086032812,5.747051446488289
3010,9,5.748989522162408,5.735066946265534
3010,10,5.744447339325298,5.748615053948447
3010,11,5.7556421345853614,5.746918559061855
3010,12,5.730717292573525,5.746536290308384
3010,13,5.736815505060584,5.734958509221209
3010,14,5.744017363911302,5.735253655159737
3010,15,5.746258468046258,5.743801862332717
3010,16,5.74173761748789,5.7478956501133345
3010,17,5.746132971083722,5.738242322824377
3010,18,5.749665076410037,5.746141689059502
3010,19,5.7482793512863095,5.7384531421313385
3010,20,5.760914964249149,5.7387053702802655
3010,21,5.733911623803656,5.740947584236199
3010,22,5.743176385866688,5.754878337098002
3010,23,5.750123265790843,5.734530303652857
3010,24,5.746811067112972,5.739338398801833
3010,25,5.74827110153782,5.740413275257451
3010,26,5.745214358944301,5.7454173825137165
3010,27,5.728374559734835,5.744541630951844
3010,28,5.747886902629741,5.736316952728425
3010,29,5.748159238273001,5.75385888164433
3010,30,5.745684115436241,5.738609363982583
3010,31,5.752701784662148,5.729795525059366
3010,32,5.750843224123748,5.7334801685984695
3010,33,5.73617852381421,5.739921913855438
3010,34,5.737296440046842,5.750635192977558
3010,35,5.7447833840644655,5.746611676367419
3010,36,5.741601659824816,5.756049131282782
3010,37,5.7434325012867,5.747108287408503
3010,38,5.735740564102143,5.741286801759413
3010,39,5.73846176283718,5.732731310851519
3010,40,5.747701897966312,5.749589434720639
3010,41,5.744058255730173,5.735413835478553
3010,42,5.7401525923750105,5.753404450022724
3010,43,5.75459939931242,5.7298508252017575
3010,44,5.743315125466304,5.752518991230159
3010,45,5.747635903640461,5.7431278077089045
3010,46,5.748480847672353,5.734624379662616
3010,47,5.743930575199431,5.732384746852741
3010,48,5.754433581456657,5.739077305424673
3010,49,5.758241361291341,5.73691966337593
3010,50,5.758381796178803,5.736886043450955
3010,51,5.749959153512779,5.731821098128338
3010,52,5.7270850192038845,5.75576593943263
3010,53,5.742030248844646,5.7307081078329665
3010,54,5.73512196159779,5.7390063766396775
3010,55,5.733779671071057,5.7402795163244855
3010,56,5.75683135108968,5.750457862113477
3010,57,5.731905984905211,5.744205231411523
3010,58,5.756394011146773,5.742875883852013
3010,59,5.730606821826253,5.734799404821936
3010,60,5.733577525896972,5.736264793049698
3010,61,5.748134437934293,5.741551642957845
3010,62,5.741428082716332,5.746603964886311
3010,63,5.739541567454571,5.727254711389044
3010,64,5.752096989575262,5.747857576556223
3010,65,5.734951077953553,5.74019238666971
3010,66,5.749441201746256,5.7253940681582725
3010,67,5.744798338072454,5.75131850031013
3010,68,5.744859055695159,5.74907490110227
3010,69,5.733565582886007,5.7334801685984695
3010,70,5.742333862071242,5.735703031905644
3010,71,5.732972369497629,5.739933795260505
3010,72,5.755382697344487,5.756352167325977
3010,73,5.72948635676304,5.740857377765554
3010,74,5.7392711572333575,5.737341565500941
3010,75,5.738761895634682,5.746585465517379
3010,76,5.744495289698358,5.73700163802243
3010,77,5.749302567505801,5.726727305388386
3010,78,5.745862640187227,5.740701067603961
3010,79,5.745517562431128,5.749905398420765
3010,80,5.736195247492684,5.753596963430641
3010,81,5.729427166490802,5.738586932369353
3010,82,5.746695959080827,5.7326411324831295
3010,83,5.753470785801812,5.740448690714862
3010,84,5.747525099828765,5.739459431770566
3010,85,5.752739550958272,5.7336653432778935
3010,86,5.756280947882905,5.747676151551471
3010,87,5.745815640569386,5.741475159720047
3010,88,5.73671781008501,5.740564640762424
3010,89,5.741870584240866,5.747444121096699
3010,90,5.730796174520292,5.71590911300784
3010,91,5.747349283519816,5.731019875675352
3010,92,5.7402268247502235,5.740806708305891
3010,93,5.748560376565968,5.724663890043768
3010,94,5.736551639687615,5.748552096796181
3010,95,5.757350575922553,5.752978976750727
3010,96,5.738978773471522,5.7530422662574505
3010,97,5.7416129521224075,5.731929495470326
3010,98,5.739402459721083,5.742244377541826
3010,99,5.75036099987139,5.721545709521434
3344,0,5.657974770930248,5.659962630431538
3344,1,5.645872731147564,5.659951209285475
3344,2,5.650166047975653,5.675312576506621
3344,3,5.652023415097698,5.658094138159791
3344,4,5.655156817381958,5.670613317827299
3344,5,5.673994472867271,5.6639395670033865
3344,6,5.672214276071359,5.6720793146850585
3344,7,5.659716788804327,5.663367887711825
3344,8,5.653109773572627,5.663205506072098
3344,9,5.663114855399355,5.652868025744964
3344,10,5.667705716297605,5.6513711468472785
3344,11,5.6505534688478285,5.638304642605487
3344,12,5.652463053460973,5.652672172308219
3344,13,5.6644003446662685,5.665721609325691
3344,14,5.656068150520422,5.660067837695052
3344,15,5.666665256412804,5.670340659748737
3344,16,5.664971296719817,5.667695219449814
3344,17,5.652596497319009,5.6638804492908505
3344,18,5.664493670824523,5.670711974728497
3344,19,5.667448315218689,5.655452028845544
3344,20,5.646055889367859,5.65866318652235
3344,21,5.655377252580962,5.661195014438724
3344,22,5.669897920735307,5.6582176372423305
3344,23,5.658209656002445,5.654304225856599
3344,24,5.661714996767495,5.656633177882977
3344,25,5.658232018662936,5.661590218161522
3344,26,5.6654320906152735,5.645835394369403
3344,27,5.663478927524305,5.649722467895786
3344,28,5.64542529643921,5.663078122657441
3344,29,5.64971231201099,5.654283101248381
3344,30,5.645763315207021,5.665054580450606
3344,31,5.669765873644788,5.650919677891769
3344,32,5.650903126288442,5.666681153274187
3344,33,5.638547982274094,5.66685783665869
3344,34,5.669887338869159,5.676274672078462
3344,35,5.659379445148382,5.67643506294436
3344,36,5.6636756939678365,5.663707116604587
3344,37,5.665342166930834,5.659650345829715
3344,38,5.639881975882855,5.6649230869081135
3344,39,5.653454741307677,5.6570457210324445
3344,40,5.662276908930437,5.675759179101469
3344,41,5.657387810054419,5.677386096946859
3344,42,5.660501155912391,5.660437013497505
3344,43,5.650336509292777,5.662886257404688
3344,44,5.667305644770598,5.654901180957912
3344,45,5.659347234317338,5.653461978083333
3344,46,5.658013437721393,5.663429997386962
3344,47,5.658403507266836,5.671584146317806
3344,48,5.640952484782316,5.669338336776748
3344,49,5.661262758463332,5.650036207540501
3344,50,5.670235075476803,5.65545492574577
3344,51,5.658937422397258,5.671116015386828
3344,52,5.649429182003707,5.651775987781085
3344,53,5.665767240556798,5.655277235596369
3344,54,5.653169180078356,5.679120926278052
3344,55,5.643996606267154,5.6640032652328225
3344,56,5.655631832393682,5.6736759884576085
3344,57,5.667490699893489,5.674050086525994
3344,58,5.658751070958138,5.67208710681061
3344,59,5.637405488406376,5.65731640176035
3344,60,5.6725471480276894,5.666080118037794
3344,61,5.651273771372555,5.652509655703728
3344,62,5.662371490356105,5.65836405679039
3344,63,5.660303245340767,5.655653058480331
3344,64,5.659709937096141,5.644172172505056
3344,65,5.649316970584685,5.649781801154878
3344,66,5.65875873605483,5.658929897741942
3344,67,5.653849194346324,5.659867254119867
3344,68,5.65588448448227,5.665996469578232
3344,69,5.652636878209438,5.658255680877894
3344,70,5.664240571155968,5.647740125312278
3344,71,5.652861759009915,5.660084365699452
3344,72,5.666638665957794,5.663502276945318
3344,73,5.653345668232019,5.657579603890902
3344,74,5.658199555704022,5.647352255399021
3344,75,5.656073053474988,5.671907541009746
3344,76,5.661495589797235,5.660132925062934
3344,77,5.644919251553256,5.669136086344688
3344,78,5.658441323976171,5.660129084428503
3344,79,5.661116083069302,5.646990686143823
3344,80,5.666525545939926,5.6528533033737185
3344,81,5.665266897581556,5.656699827223821
3344,82,5.658028390748858,5.651192159860304
3344,83,5.65364457769838,5.6560133520859734
3344,84,5.65092905311298,5.652672172308219
3344,85,5.660643834666568,5.67582080340915
3344,86,5.650396938947373,5.664538234043255
3344,87,5.668472486900564,5.654668028878178
3344,88,5.6565192878551045,5.659708084727899
3344,89,5.661407588777839,5.662863070073337
3344,90,5.657077492973773,5.663871372366161
3344,91,5.673077719863241,5.680596651296992
3344,92,5.661833334930304,5.66466327494519
3344,93,5.66744297660811,5.663282164607118
3344,94,5.651384970165643,5.662203653957435
3344,95,5.654563645402966,5.659859156558761
3344,96,5.667976707558816,5.666593179856628
3344,97,5.667351746314687,5.667010034766742
3344,98,5.67179408259147,5.658465049386472
3344,99,5.64883181384917,5.663192320949203
3679,0,5.573430696670551,5.560096240329969
3679,1,5.571863620006031,5.566500702639669
3679,2,5.559454482659234,5.5649746432305625
3679,3,5.586116093609883,5.562888292718246
3679,4,5.573947653183449,5.576188559488826
3679,5,5.569246284421883,5.574042843787408
3679,6,5.552986337725449,5.570717826326652
3679,7,5.586872736240989,5.584496102170603
3679,8,5.5694385900975485,5.582443951077134
3679,9,5.560545670582255,5.560059871379943
3679,10,5.5694968269851985,5.5766398882947685
3679,11,5.570086431107048,5.550506435042302
3679,12,5.576235008349907,5.5573301716683465
3679,13,5.569860982486986,5.572167842348841
3679,14,5.57776911363848,5.564368487993381
3679,15,5.557636051873141,5.568683392217685
3679,16,5.572161471331578,5.567947163385308
3679,17,5.564000972874172,5.555895288381365
3679,18,5.563131093814816,5.575410174993906
3679,19,5.577581856203555,5.561248725961571
3679,20,5.5832301317695965,5.581905211354321
3679,21,5.5524029968175785,5.576224674090804
3679,22,5.559716036507856,5.569795742605648
3679,23,5.565268386920992,5.5537226208640496
3679,24,5.56472652349258,5.570534923460448
3679,25,5.57611903571512,5.557631902360556
3679,26,5.571395729234108,5.567363640152058
3679,27,5.582504986737697,5.5730427254241945
3679,28,5.586126242141088,5.570708889191796
3679,29,5.5781491780163535,5.5725621657506075
3679,30,5.568930619636449,5.556084670983173
3679,31,5.562982419759456,5.5761706267707964
3679,32,5.57703436594747,5.559571847417582
3679,33,5.543123814624613,5.582981087054262
3679,34,5.563468220809288,5.57152606625387
3679,35,5.570039303940458,5.577222625891342
3679,36,5.5698142122481284,5.560668889909282
3679,37,5.5630801986068175,5.567042849578374
3679,38,5.564554198993056,5.566516591703803
3679,39,5.56448343092207,5.566451032318502
3679,40,5.577229419481984,5.56897322820175
3679,41,5.576964455191396,5.572608232310334
3679,42,5.580052961259254,5.581581164510028
3679,43,5.560874139494532,5.5580160514829755
3679,44,5.5820871706082,5.558801855841383
3679,45,5.57629038061121,5.572088678698109
3679,46,5.557893295811719,5.569241956337439
3679,47,5.560354829742824,5.566398262965252
3679,48,5.576167653069074,5.572714793209017
3679,49,5.561372074647955,5.5712381079076305
3679,50,5.570945073794137,5.555834859564616
3679,51,5.5684713017434655,5.5617511098371235
3679,52,5.5757943430270815,5.562571369279888
3679,53,5.555494753784563,5.550891442575677
3679,54,5.567340923812415,5.581852441377095
3679,55,5.576778667703573,5.57928583460866
3679,56,5.565654340722117,5.56188003839266
3679,57,5.567747952841441,5.57208198390344
3679,58,5.577419641087521,5.568257829096363
3679,59,5.571610881909995,5.563921974438246
3679,60,5.566667629901422,5.570124585607984
3679,61,5.5694053260919185,5.558570935983643
3679,62,5.554196437440075,5.550208960504767
3679,63,5.581827008731258,5.566054852139315
3679,64,5.587022947716895,5.57305216621518
3679,65,5.570513905105742,5.557676899616532
3679,66,5.562239017828691,5.568274868858324
3679,67,5.575069985080229,5.553294186685463
3679,68,5.581495218937553,5.572619784629534
3679,69,5.564916304243206,5.564363613036798
3679,70,5.581653523819634,5.570393265648099
3679,71,5.583434272020189,5.564300512656565
3679,72,5.558148754696188,5.576271141167252
3679,73,5.572083114508282,5.575880620946595
3679,74,5.580022285540673,5.569811963914907
3679,75,5.583585164461183,5.565814143933224
3679,76,5.585087171327397,5.574544581634515
3679,77,5.565071488301817,5.5638364358660075
3679,78,5.561193177349045,5.569257174637357
3679,79,5.5775204404141485,5.558699029103217
3679,80,5.558670069757687,5.574215721764734
3679,81,5.56753500078842,5.566054852139315
3679,82,5.570295313973107,5.569854203731148
3679,83,5.573161986681112,5.566891397423883
3679,84,5.583661210159503,5.570357535922486
3679,85,5.571951396276443,5.571818518080543
3679,86,5.591615907532521,5.561516631686399
3679,87,5.575207633155991,5.572931367331004
3679,88,5.564844847983639,5.560445160986946
3679,89,5.569526829877675,5.552298849380139
3679,90,5.573823616908153,5.566827627614508
3679,91,5.562736403287711,5.5647499141177095
3679,92,5.561022003615846,5.573066414866766
3679,93,5.562939237800009,5.585683389619285
3679,94,5.581790422618813,5.56543579297468
3679,95,5.559821586260504,5.578076474734441
3679,96,5.5679941610615185,5.55747266103523
3679,97,5.566810870990473,5.581606973367564
3679,98,5.554437704763357,5.577501726541681
3679,99,5.557287813165192,5.569238283957198
4013,0,5.473272359912932,5.475810586686209
4013,1,5.4773433178807505,5.459576782501815
4013,2,5.473379234372871,5.489914407121005
4013,3,5.481633474146935,5.47885838547507
4013,4,5.481417036415663,5.49578780683378
4013,5,5.485976499927119,5.476501866715877
4013,6,5.477818512599861,5.473380762126516
4013,7,5.460494670109504,5.481197563507937
4013,8,5.487115270607318,5.48922975291884
4013,9,5.472273512021154,5.46880863729472
4013,10,5.474165746541132,5.475491337013678
4013,11,5.481652058098305,5.473650244010605
4013,12,5.483314428130146,5.4745705830411
4013,13,5.480217859087177,5.476219925090755
4013,14,5.491877727982557,5.463863348980874
4013,15,5.479241508304285,5.489330782571712
4013,16,5.468677769313466,5.485007500165159
4013,17,5.482347589568454,5.481246917506739
4013,18,5.493427151250298,5.4791056371275175
4013,19,5.489556440756905,5.476632928979553
4013,20,5.4768570145921,5.473193704037008
4013,21,5.476974861918533,5.4772688981529205
4013,22,5.471263614601356,5.47567298940716
4013,23,5.4669544449981355,5.465526929326531
4013,24,5.498626813623767,5.481417054141136
4013,25,5.475377585793394,5.476206127065299
4013,26,5.484533525416609,5.477989687761124
4013,27,5.480814794651805,5.472472710316082
4013,28,5.490204202197802,5.479495365248693
4013,29,5.478442015927901,5.4776185762674565
4013,30,5.471761681625723,5.466092584861389
4013,31,5.474883998479432,5.473110952119726
4013,32,5.467711386706372,5.476189688027763
4013,33,5.480306400602863,5.484147865026232
4013,34,5.497415516877064,5.47753485881044
4013,35,5.449351328304352,5.465508157031926
4013,36,5.472631953167996,5.479237829041045
4013,37,5.471979749930586,5.478301928171891
4013,38,5.4707432073501625,5.489022709576528
4013,39,5.479374648507267,5.488109820726271
4013,40,5.481747746248595,5.463971537415562
4013,41,5.472289951442184,5.4745705830411
4013,42,5.467331659207806,5.48160183219631
4013,43,5.471027796604307,5.470387807516705
4013,44,5.4829760262926595,5.473552682882046
4013,45,5.475510269322541,5.47118870759937
4013,46,5.4837578502036335,5.481569614676969
4013,47,5.468263596066499,5.46144982656095
4013,48,5.4765186266498755,5.479331017779307
4013,49,5.475656098193651,5.4766728988635425
4013,50,5.479441155636935,5.4873293063055995
4013,51,5.46906134722357,5.480714915122368
4013,52,5.467683532787587,5.475641231966033
4013,53,5.4714680067685215,5.468102165101726
4013,54,5.474092165574528,5.469682769578204
4013,55,5.471266481163394,5.475491337013678
4013,56,5.465160443528268,5.474301701183458
4013,57,5.478331331691515,5.472472710316082
4013,58,5.469233260342355,5.4705319240484584
4013,59,5.476752175319315,5.464819790691104
4013,60,5.476726706028286,5.48026166442278
4013,61,5.473184604990216,5.483911036779166
4013,62,5.488761468904735,5.476593795843756
4013,63,5.476412067610496,5.473270099892333
4013,64,5.482519499580775,5.478079595958497
4013,65,5.473332494077593,5.466779171426696
4013,66,5.479211527319594,5.48516319039197
4013,67,5.4866755704795915,5.470852560955103
4013,68,5.471654496510859,5.49143179812909
4013,69,5.485304973204767,5.475164886024923
4013,70,5.475055282539103,5.471630257608085
4013,71,5.48911313723566,5.477076594696027
4013,72,5.473087254787343,5.480331749996376
4013,73,5.471008192209285,5.466337834698306
4013,74,5.487176002458949,5.478449506090963
4013,75,5.490650006805571,5.467000734398694
4013,76,5.480302502959501,5.476681754455228
4013,77,5.463854776852542,5.47076182853695
4013,78,5.482812289181325,5.477700362466563
4013,79,5.483488476562175,5.477754231867273
4013,80,5.484801036352579,5.475353652168465
4013,81,5.470109183564433,5.459850715295008
4013,82,5.481458050860436,5.478838766372965
4013,83,5.470111511128026,5.475897341294767
4013,84,5.463101233696363,5.4849988887346335
4013,85,5.495191928390458,5.480936538061673
4013,86,5.472889507703687,5.47736225467837
4013,87,5.4687352356734555,5.4793284102648885
4013,88,5.46145192499347,5.476243771967588
4013,89,5.477910597135659,5.477693416338233
4013,90,5.485945674527734,5.487827710267409
4013,91,5.4761656223944435,5.483442956940049
4013,92,5.495611207928393,5.462604399123739
4013,93,5.47103188713448,5.489456629139121
4013,94,5.474659531217106,5.469955750055932
4013,95,5.4756458876427745,5.486517857722803
4013,96,5.490174464155754,5.478444127719168
4013,97,5.480247474081406,5.478541556586617
4013,98,5.490909172453123,5.464791092986357
4013,99,5.4859187916051315,5.473409458074933
4348,0,5.377924021809401,5.3742099395812035
4348,1,5.3728941732864355,5.385098378832541
4348,2,5.3776279211846845,5.380202385674471
4348,3,5.385930873211127,5.372005408360027
4348,4,5.373417149604446,5.382308009452152
4348,5,5.380265326284397,5.396897251151128
4348,6,5.3695312507064346,5.355056834859
4348,7,5.367889397452627,5.383212864123004
4348,8,5.382326326586202,5.382584600751541
4348,9,5.381378214832443,5.402806146222119
4348,10,5.38650675175756,5.379871467019995
4348,11,5.385759069413111,5.3824227220394745
4348,12,5.384195190368652,5.382066515644476
4348,13,5.379965362944396,5.380977579099542
4348,14,5.370353660929892,5.384018858486966
4348,15,5.383004885731122,5.390768082301164
4348,16,5.374832263666871,5.380450568449732
4348,17,5.38312403205263,5.38879529109971
4348,18,5.373014734043948,5.377657095702882
4348,19,5.3991415969770955,5.380835430830409
4348,20,5.373139175722773,5.377454578273166
4348,21,5.369137687610082,5.3742099395812035
4348,22,5.394895408079826,5.3742190164946235
4348,23,5.385574550361023,5.373782540643097
4348,24,5.390191418912569,5.38356720156968
4348,25,5.370485295500473,5.3878332332199586
4348,26,5.36926177938573,5.394304743594306
4348,27,5.375623384269253,5.3885661805949505
4348,28,5.386085678621349,5.395741692097074
4348,29,5.378830976586377,5.382315146976591
4348,30,5.392228144826975,5.404234781637748
4348,31,5.376950464936985,5.38204720049253
4348,32,5.385654654267213,5.386562483807344
4348,33,5.38401382545802,5.387378465266077
4348,34,5.370476598678881,5.389298338170554
4348,35,5.375919651162588,5.3852419804572955
4348,36,5.394813956009927,5.384279505888412
4348,37,5.375871045217122,5.393915758902441
4348,38,5.379368114534665,5.397150044056251
4348,39,5.380530602535196,5.378520940508954
4348,40,5.385051759149717,5.37633316029221
4348,41,5.391648342522609,5.386818172001605
4348,42,5.3772008529559665,5.38879529109971
4348,43,5.379017483490959,5.382989069390624
4348,44,5.3724652686193455,5.387399229435514
4348,45,5.391368285500604,5.384542320530652
4348,46,5.372697284331545,5.373740905723525
4348,47,5.381137404968623,5.382493033304862
4348,48,5.384916046287117,5.3758410094664315
4348,49,5.391832705764211,5.391227106552386
4348,50,5.3878929861144655,5.387816643922599
4348,51,5.375100854152048,5.376436846764123
4348,52,5.38619049143996,5.384333409132197
4348,53,5.374464110182914,5.378520940508954
4348,54,5.386916051156058,5.381011532407203
4348,55,5.384376034618147,5.380450568449732
4348,56,5.390933005461963,5.372017260455037
4348,57,5.376000507846097,5.388673839450142
4348,58,5.376842564748051,5.385829076487063
4348,59,5.376759890249287,5.397438909228579
4348,60,5.358765693891118,5.376739016779847
4348,61,5.394197532125703,5.389179654083998
4348,62,5.36267694428355,5.377636105305147
4348,63,5.377373806498644,5.407592399586237
4348,64,5.376500835463031,5.384936291306067
4348,65,5.387816776635492,5.380213442217402
4348,66,5.372207184831662,5.39951249338473
4348,67,5.3792576469077655,5.397428631139598
4348,68,5.38571247818395,5.392165735100588
4348,69,5.387778126616039,5.382625840649285
4348,70,5.380931402031205,5.380088056313403
4348,71,5.3965185903141855,5.386865766159056
4348,72,5.367722176999033,5.375523722215259
4348,73,5.403489269789843,5.38906997640198
4348,74,5.380047306415015,5.388539921785379
4348,75,5.38393785828815,5.380305569495635
4348,76,5.374082600928248,5.38633261747864
4348,77,5.389968660521549,5.373840271955313
4348,78,5.374817697434019,5.376868672783976
4348,79,5.3824737947041905,5.390755403274102
4348,80,5.384660707681673,5.389664343231862
4348,81,5.396588823264007,5.379852748103642
4348,82,5.390345491750481,5.3863655440860825
4348,83,5.369844594275067,5.374645907023293
4348,84,5.370512283058445,5.382443582660893
4348,85,5.373392551450133,5.375089231286313
4348,86,5.383419638638584,5.376562657032691
4348,87,5.364842595500923,5.376886544225318
4348,88,5.385597403539633,5.395691631486563
4348,89,5.3941421905214915,5.397467558825094
4348,90,5.383489798681746,5.382989069390624
4348,91,5.370880243364522,5.383252725091826
4348,92,5.388628178435543,5.373050380156982
4348,93,5.385168672882058,5.388950040254096
4348,94,5.3719911775609885,5.389392647860456
4348,95,5.371613729061009,5.38443976062573
4348,96,5.380051650119905,5.38114402817783
4348,97,5.3803416546422875,5.3805374221815265
4348,98,5.387021881855143,5.385889755864051
4348,99,5.389003897617004,5.385750539222305
4682,0,5.29233593119671,5.287952085061172
4682,1,5.293248031000107,5.27891540727571
4682,2,5.288277540880439,5.271603390565859
4682,3,5.292644134269221,5.278568490029524
4682,4,5.284797237065141,5.28201613999871
4682,5,5.281837399082888,5.284031016420878
4682,6,5.2696726451811875,5.290134236067935
4682,7,5.274394121283488,5.282393643240564
4682,8,5.276405854653937,5.286249333965219
4682,9,5.265634684809087,5.295798865803752
4682,10,5.277061880918144,5.26984704293766
4682,11,5.262482687104939,5.286564104211617
4682,12,5.273336579874643,5.279552032516993
4682,13,5.275786546562091,5.281498647294795
4682,14,5.273780632259972,5.282301858143796
4682,15,5.281386103196724,5.28321183027154
4682,16,5.298038692303451,5.260810549458249
4682,17,5.287711331839623,5.280248582234432
4682,18,5.274717765301855,5.260810549458249
4682,19,5.295040213687433,5.287031949177805
4682,20,5.283528860762572,5.2831242785856345
4682,21,5.274291732368038,5.286559529808379
4682,22,5.2727759962716565,5.261347237579012
4682,23,5.29015617968321,5.272829271445614
4682,24,5.27972859417327,5.280388657770258
4682,25,5.278647053214671,5.2720239488490845
4682,26,5.288997790659881,5.276069276107545
4682,27,5.285423148096321,5.281817659958943
4682,28,5.291312791145838,5.277063823855766
4682,29,5.283919427158075,5.282428548788342
4682,30,5.278375114008796,5.274716091010303
4682,31,5.294735857045062,5.289116590127567
4682,32,5.26043443239912,5.259723059854615
4682,33,5.280770792687988,5.277182815377407
4682,34,5.285053123924234,5.278707225498621
4682,35,5.286992803121338,5.287717220137683
4682,36,5.293685944565892,5.278492942734756
4682,37,5.288133128357218,5.277583973409986
4682,38,5.279208717488383,5.278366769744556
4682,39,5.298329694222402,5.285247669590429
4682,40,5.296048693124303,5.276291904431421
4682,41,5.285941572598735,5.284649928865967
4682,42,5.293023414775753,5.277550034748625
4682,43,5.2826016459447676,5.287500731961815
4682,44,5.2792766584652755,5.2763829575542625
4682,45,5.263772870263102,5.295606773620175
4682,46,5.299635988975311,5.27487056976464
4682,47,5.280543613658329,5.273646861935249
4682,48,5.275228792530146,5.282755064971487
4682,49,5.284585765823656,5.284730697221409
4682,50,5.292735603110851,5.272982579610187
4682,51,5.302210034017445,5.281851743833766
4682,52,5.271814903671393,5.26944035700259
4682,53,5.2819426131405125,5.265093613784246
4682,54,5.2827980153847145,5.26847556138937
4682,55,5.277258878753794,5.299246122297773
4682,56,5.275478006714095,5.268971491121875
4682,57,5.2824552667430975,5.2865853650648535
4682,58,5.285363460632351,5.289640357782048
4682,59,5.29200543824262,5.283031432558972
4682,60,5.290204427956916,5.272859820114468
4682,61,5.291467698651977,5.279063045368709
4682,62,5.2649893327807495,5.278366769744556
4682,63,5.2971993171278715,5.2938781459897335
4682,64,5.2836217148087625,5.281789624414479
4682,65,5.273263643656465,5.285808998185931
4682,66,5.279156331760606,5.276580777433492
4682,67,5.28562624697528,5.277073606922623
4682,68,5.280109124996936,5.280926900839759
4682,69,5.2817290953251685,5.289413672619156
4682,70,5.289746511377029,5.2879079478353805
4682,71,5.2900197018385375,5.286560935267391
4682,72,5.29757385133749,5.275466757690666
4682,73,5.281648895108528,5.2795802069966955
4682,74,5.272049274967329,5.27826242272268
4682,75,5.294225673415482,5.279839184603012
4682,76,5.287795658488603,5.286010495228756
4682,77,5.287546049228034,5.272612071359834
4682,78,5.281168189254796,5.2660817196155465
4682,79,5.287336737357004,5.286778580422973
4682,80,5.281633132851206,5.297833672551078
4682,81,5.284589339559421,5.285820446602273
4682,82,5.2753575332548035,5.271832163511964
4682,83,5.287580376885417,5.284649928865967
4682,84,5.2806426589837185,5.269822089403223
4682,85,5.282172495950796,5.282535069658813
4682,86,5.285999397632129,5.277073606922623
4682,87,5.290737463127781,5.270856087240433
4682,88,5.278025330261122,5.277210834507309
4682,89,5.27840177395188,5.273792176413514
4682,90,5.285996275738833,5.28398373978041
4682,91,5.281816416157489,5.274215660508601
4682,92,5.292290704478364,5.287364258458706
4682,93,5.262482668143475,5.285008620642
4682,94,5.28944655584664,5.263896269294279
4682,95,5.259314905332122,5.284299323632144
4682,96,5.290095879445655,5.283643289058601
4682,97,5.2781406548656085,5.275070634701183
4682,98,5.268283414808555,5.293670754976338
4682,99,5.283660615392376,5.284790380593513
5016,0,5.1811070762043405,5.168602148563878
5016,1,5.173574624570576,5.184132509141991
5016,2,5.186127271064864,5.177657512454473
5016,3,5.179536310850269,5.171990191816326
5016,4,5.181916449398697,5.17028717001937
5016,5,5.185120149753451,5.17977724655451
5016,6,5.183593230028052,5.179925608238295
5016,7,5.177479113155302,5.177213002888841
5016,8,5.177652156049337,5.181007964926608
5016,9,5.1728827731994,5.183267416357548
5016,10,5.178217425273582,5.1984123398330055
5016,11,5.16499089321952,5.176234677613539
5016,12,5.174878452176523,5.168690834341213
5016,13,5.185144437185409,5.182441032085806
5016,14,5.182433623922136,5.176353253954297
5016,15,5.182097433795774,5.168934506711116
5016,16,5.188094003054884,5.18968055264096
5016,17,5.177937608004318,5.1861831704895565
5016,18,5.170860100806654,5.185993714975298
5016,19,5.179646760846603,5.192396690478881
5016,20,5.177140665471938,5.187328547609521
5016,21,5.179679738317746,5.178129977453577
5016,22,5.191622726466035,5.183360077197148
5016,23,5.177793197866394,5.17755309526978
5016,24,5.178165719709859,5.180820198410242
5016,25,5.187652638674247,5.180570222401733
5016,26,5.1736589877891985,5.185255420895191
5016,27,5.178097681439567,5.177149280152405
5016,28,5.19440638953805,5.17865990875833
5016,29,5.172232224245334,5.184975370380656
5016,30,5.183997001014848,5.171990191816326
5016,31,5.166812481426308,5.179984798837488
5016,32,5.174382738524237,5.177339788637189
5016,33,5.182975723655841,5.180812299780202
5016,34,5.177793272056558,5.18402305759288
5016,35,5.188540338997402,5.180829055573993
5016,36,5.180211808859753,5.177533619781458
5016,37,5.1821230176451305,5.181514734717664
5016,38,5.168043516788587,5.167706158335782
5016,39,5.19090865075825,5.177149280152405
5016,40,5.174001431490549,5.1811364456398765
5016,41,5.182693210051803,5.176253710912324
5016,42,5.182748129026901,5.179360907807284
5016,43,5.188516983962093,5.177526879151118
5016,44,5.1709940623073045,5.1690617220953445
5016,45,5.187149062049654,5.167396703988023
5016,46,5.177880902394509,5.185888309387469
5016,47,5.176798920624653,5.187167484177465
5016,48,5.1865325582958475,5.190533059776089
5016,49,5.179041047178079,5.192805941486247
5016,50,5.193325512391184,5.191531376290843
5016,51,5.197597031058826,5.182349159739602
5016,52,5.180243862113846,5.177965955307044
5016,53,5.184049226657796,5.173214359659418
5016,54,5.183985622813665,5.190653929318425
5016,55,5.1936514394483355,5.16574917405225
5016,56,5.194985175682776,5.18163031333091
5016,57,5.184147740002771,5.1780887304555385
5016,58,5.196187235706641,5.185795346158023
5016,59,5.186133039491035,5.184618214640106
5016,60,5.178571111136231,5.18311949982563
5016,61,5.182150392440652,5.177790042585432
5016,62,5.1727921838569895,5.171183846491203
5016,63,5.182747394223684,5.196408997106736
5016,64,5.1920454029458245,5.182116714175679
5016,65,5.186644091600225,5.184302296237698
5016,66,5.180840093652019,5.178600039214548
5016,67,5.183556626478251,5.161662525585548
5016,68,5.188440561267474,5.184156788871358
5016,69,5.1837575601866295,5.186576205356659
5016,70,5.1687644495523815,5.172738433088007
5016,71,5.187209092896768,5.1877517057494575
5016,72,5.182941104528295,5.174612803058854
5016,73,5.17450720443625,5.178600039214548
5016,74,5.179008125108147,5.174175056832479
5016,75,5.173096317122131,5.182549383050187
5016,76,5.19087089520789,5.18644593288925
5016,77,5.181666708917481,5.181156707444323
5016,78,5.186902915015081,5.188520025401003
5016,79,5.183557157379274,5.185784329995868
5016,80,5.1898226852221185,5.175244069102221
5016,81,5.191163104987641,5.184843185000498
5016,82,5.186265278080602,5.181176963506075
5016,83,5.189111489668797,5.168687827645062
5016,84,5.178849870092796,5.184374505278343
5016,85,5.179361309961783,5.187609690959249
5016,86,5.182792140796326,5.195192713304424
5016,87,5.180654428621559,5.180003692980531
5016,88,5.1805968334773285,5.174482819036739
5016,89,5.1731758950089235,5.179264334074852
5016,90,5.167518262031942,5.189330480324544
5016,91,5.183796928851259,5.18366991688685
5016,92,5.188100336053527,5.187587703946782
5016,93,5.181183937349308,5.165409738299468
5016,94,5.173643802326341,5.185018429627367
5016,95,5.187095923289367,5.184983031061268
5016,96,5.183603721375147,5.1760517523778615
5016,97,5.185765342723089,5.178544861825981
5016,98,5.192059829457286,5.18529381452778
5016,99,5.190774864715587,5.178817062853895
5351,0,5.080729896563713,5.0622705382451345
5351,1,5.0774034743814385,5.08644425756941
5351,2,5.077923251503787,5.0757934329565275
5351,3,5.076699420265076,5.084991817269417
5351,4,5.078529777206866,5.066390976301689
5351,5,5.0931001856801315,5.074504823479005
5351,6,5.072699769703469,5.082597774779503
5351,7,5.08355281373646,5.067766205103385
5351,8,5.07361057948226,5.079074878760346
5351,9,5.087207703526404,5.068965868904878
5351,10,5.066552462216493,5.067598502195893
5351,11,5.078973094621897,5.077582001999941
5351,12,5.075381860373462,5.074575232240945
5351,13,5.0879337176384665,5.074748584722924
5351,14,5.088973253696032,5.069654417890688
5351,15,5.078632211492512,5.064724657718371
5351,16,5.081680180528997,5.06239054769419
5351,17,5.080444740251734,5.0741459196010705
5351,18,5.082880257916565,5.081620192330633
5351,19,5.07422777595109,5.074811675407846
5351,20,5.077922012463485,5.067766205103385
5351,21,5.083223666278639,5.076862749805275
5351,22,5.079098091732116,5.070439560567241
5351,23,5.074935561937812,5.065348746833173
5351,24,5.074303271955797,5.0798794900337745
5351,25,5.071196900044789,5.075834880531778
5351,26,5.079718462110404,5.080709725476348
5351,27,5.082505368301777,5.050797907469153
5351,28,5.087757584863931,5.07420681857728
5351,29,5.088440166363302,5.068273186139145
5351,30,5.086235610762149,5.075311836072859
5351,31,5.0642845224024855,5.070659296579033
5351,32,5.0847058629839355,5.080956023504244
5351,33,5.074619466505518,5.077451598969757
5351,34,5.084320008122137,5.068651006862212
5351,35,5.0806076030900496,5.07776265734783
5351,36,5.074513824812372,5.069632513634012
5351,37,5.084892305073332,5.0737349006732515
5351,38,5.077580569065627,5.073423286233072
5351,39,5.081889235074075,5.087379145739574
5351,40,5.0771490495494005,5.080408344476138
5351,41,5.067967640550899,5.076816769672826
5351,42,5.083522514313832,5.072634054427938
5351,43,5.068655315701675,5.0742313145034
5351,44,5.084457362382724,5.076562296710811
5351,45,5.074469210212569,5.082624935086922
5351,46,5.083870124537442,5.07177873994473
5351,47,5.090371195575677,5.073646332034061
5351,48,5.082271041682531,5.074471073878727
5351,49,5.080001515025512,5.073247646673267
5351,50,5.080902170864871,5.074497735472112
5351,51,5.072788881530659,5.076444416310418
5351,52,5.089789038772879,5.075833211828677
5351,53,5.089044863554947,5.074439164810416
5351,54,5.080314154336593,5.073171620413333
5351,55,5.080460606092488,5.077933138739862
5351,56,5.07080731157926,5.075105674705662
5351,57,5.082937899564228,5.075023069785114
5351,58,5.071511570886573,5.071611089922303
5351,59,5.0708230574373125,5.073151512273918
5351,60,5.080095456264173,5.090289687557633
5351,61,5.079175546800032,5.070694199742773
5351,62,5.088733762076269,5.062468006845198
5351,63,5.077973889897274,5.087994751910847
5351,64,5.077663515158613,5.079348161944443
5351,65,5.087688450626806,5.072994239707635
5351,66,5.072347092057091,5.073899611126188
5351,67,5.070390879628158,5.062857572005314
5351,68,5.071550002498123,5.082222161041403
5351,69,5.07012939138197,5.077195513890737
5351,70,5.065751997403434,5.0677397876160315
5351,71,5.07907269677031,5.075802608425903
5351,72,5.079790723348877,5.076346631164787
5351,73,5.078523859356891,5.078008820555298
5351,74,5.0726553559861784,5.077663917409139
5351,75,5.063198520308262,5.068978579622343
5351,76,5.079693252486623,5.068419653885828
5351,77,5.064342683323795,5.067328373897235
5351,78,5.076407915485843,5.068530054240333
5351,79,5.072788991233351,5.074468517455078
5351,80,5.076318451515274,5.0726950454110495
5351,81,5.074848692046181,5.081096591951101
5351,82,5.081588010959882,5.06364795965901
5351,83,5.071878848781014,5.065211380330672
5351,84,5.0798160329092426,5.076691747744098
5351,85,5.085817761121301,5.076367116365775
5351,86,5.081947072362367,5.0861297717337015
5351,87,5.077595680392371,5.082240950555602
5351,88,5.07419677639036,5.075604583286184
5351,89,5.069839517973163,5.066933788215951
5351,90,5.093765221805168,5.086974595675099
5351,91,5.079484980486434,5.067242118881331
5351,92,5.078833296298495,5.0794482521906374
5351,93,5.078593266996637,5.0737720312377395
5351,94,5.0871980663945,5.0820925831980714
5351,95,5.063903817240148,5.076823394577539
5351,96,5.076260992743492,5.06767012557758
5351,97,5.068250131452648,5.069089544875034
5351,98,5.074410975922907,5.086336037366835
5351,99,5.0828680957242565,5.081232336311345
5685,0,4.970820570564842,4.973299524741062
5685,1,4.9737383082720665,4.9828623234046185
5685,2,4.96059149560985,4.977950220407479
5685,3,4.958173808096308,4.980811038963039
5685,4,4.953037843331945,4.983213092232021
5685,5,4.971971700401008,4.983917648238933
5685,6,4.96665485248946,4.975209025545527
5685,7,4.964924702143053,4.975167176848772
5685,8,4.968988563610368,4.969802414185607
5685,9,4.978795552840053,4.962367965125692
5685,10,4.958465694722287,4.980565617091712
5685,11,4.977483322858192,4.970252706535366
5685,12,4.979200237949463,4.980627258373174
5685,13,4.962131032381804,4.966129365738245
5685,14,4.970262277146193,4.971201172863542
5685,15,4.97161605834291,4.96985853510218
5685,16,4.956967934521482,4.97301418305928
5685,17,4.9637127982553935,4.990265823803966
5685,18,4.966273030936011,4.975638421074059
5685,19,4.970599290042908,4.96507662866933
5685,20,4.96345342841684,4.9621708439752705
5685,21,4.9643659561889795,4.975386708517563
5685,22,4.9639643924842165,4.96124059436779
5685,23,4.989704361159754,4.970953000169647
5685,24,4.978752667264909,4.976980147830498
5685,25,4.9749926118733185,4.973855551786834
5685,26,4.971370061427498,4.981251878617092
5685,27,4.967113783879889,4.982119147106604
5685,28,4.97305679410754,4.973486134621706
5685,29,4.968857303228567,4.977872720410876
5685,30,4.982126798556693,4.981449589686932
5685,31,4.982991554237823,4.959344747095862
5685,32,4.966739434191325,4.986229086583474
5685,33,4.970759117600188,4.975230181965769
5685,34,4.97325865059079,4.984085486263137
5685,35,4.961809481620449,4.984850515311727
5685,36,4.974332136494276,4.971120196747506
5685,37,4.976413057247494,4.981404254052431
5685,38,4.98001379287952,4.963374195247482
5685,39,4.967669815450606,4.972794170145103
5685,40,4.96594696938062,4.972385166772459
5685,41,4.970840237310685,4.9702129260575445
5685,42,4.971275144707796,4.970135783311199
5685,43,4.971568546406773,4.966518847849175
5685,44,4.9734847691141155,4.9715666991578535
5685,45,4.963510866068246,4.976525689516927
5685,46,4.966225999748825,4.976909539967466
5685,47,4.970995905918353,4.973626086720117
5685,48,4.968895432391157,4.977787709664273
5685,49,4.966301683058781,4.986165216640435
5685,50,4.964796960733782,4.987142961126626
5685,51,4.975271347380162,4.970822481191586
5685,52,4.970534133347361,4.983181851732114
5685,53,4.97259631629422,4.984568691717296
5685,54,4.963627507885626,4.972640840852395
5685,55,4.969465845211134,4.988261430904788
5685,56,4.965161799791051,4.980566594779517
5685,57,4.961460013986598,4.982793449237196
5685,58,4.973884552037401,4.97189288434859
5685,59,4.98506139187134,4.97140102463336
5685,60,4.981789002399353,4.974567623194688
5685,61,4.963000640740093,4.969384206192028
5685,62,4.965069583817392,4.981423029039969
5685,63,4.967044394837774,4.98019516595605
5685,64,4.960921593230893,4.9684577775108565
5685,65,4.972858164009154,4.967382676655398
5685,66,4.977881958965441,4.976426294305782
5685,67,4.979095437641301,4.970011051669298
5685,68,4.984819858875032,4.978996851562059
5685,69,4.971963090356747,4.9703249722931755
5685,70,4.959825583579395,4.976363325351091
5685,71,4.979139638693889,4.977316797110548
5685,72,4.960228827766409,4.98201514036987
5685,73,4.963927481669278,4.984402234266891
5685,74,4.9661901247518685,4.966647289104879
5685,75,4.978093935066487,4.977939508755281
5685,76,4.9776297044239834,4.976985699120978
5685,77,4.958364746236291,4.970242294381971
5685,78,4.969567139102556,4.9774081405552275
5685,79,4.962070668530637,4.967342137374128
5685,80,4.969656390202931,4.9683327004969025
5685,81,4.9719188897928,4.975379742497465
5685,82,4.969878441801668,4.977024936981962
5685,83,4.972112467117918,4.9808364549100315
5685,84,4.973310484829581,4.973105192008334
5685,85,4.970376269283447,4.980164739813696
5685,86,4.958086549305984,4.966979687285144
5685,87,4.969717046022136,4.968359244082247
5685,88,4.971015998785529,4.969418830857958
5685,89,4.974744109747589,4.962171979857313
5685,90,4.96804288634152,4.96944158575997
5685,91,4.96976201484356,4.983779827177778
5685,92,4.9548816778334155,4.964140266041751
5685,93,4.97841564098134,4.974185745008459
5685,94,4.969185350245997,4.969418830857958
5685,95,4.963217219197255,4.980851685470684
5685,96,4.965879035719841,4.978244152923403
5685,97,4.982754741042225,4.9875328474947915
5685,98,4.971413820370603,4.980566594779517
5685,99,4.957353134295182,4.969270737482645
6019,0,4.85890079312024,4.846364746582677
6019,1,4.860928516317409,4.8678142152672805
6019,2,4.857860614141642,4.860119226980912
6019,3,4.86787339732726,4.856034006673635
6019,4,4.869838726913469,4.854623157125338
6019,5,4.865727916848347,4.866745800378608
6019,6,4.8507268937307115,4.858494152163187
6019,7,4.8584649048508926,4.838576739501456
6019,8,4.868095017789801,4.852625424423528
6019,9,4.852205019260527,4.851873078262184
6019,10,4.856195380802733,4.845224185877111
6019,11,4.855651124221121,4.855266380615161
6019,12,4.868630324581183,4.854627731698923
6019,13,4.858334319836966,4.866790112328598
6019,14,4.854813634006577,4.853395909669693
6019,15,4.853920396498538,4.8576140341017
6019,16,4.874241555578134,4.856253612157736
6019,17,4.858549602769355,4.862270728379986
6019,18,4.868960417052715,4.860642886508575
6019,19,4.870908912801564,4.863680310418251
6019,20,4.862267035965991,4.855701112811922
6019,21,4.855138791154012,4.851274533994672
6019,22,4.86940773727939,4.844875819166188
6019,23,4.854608464539264,4.839385847474357
6019,24,4.8652355525821624,4.861997670126577
6019,25,4.869196106344168,4.860960810845846
6019,26,4.851241332928295,4.8568566256836085
6019,27,4.861246635665893,4.857201444368976
6019,28,4.849555781157849,4.854627731698923
6019,29,4.862495743933132,4.852275700728083
6019,30,4.878659079913662,4.856575383020343
6019,31,4.852477704297432,4.858647546687605
6019,32,4.87071580681028,4.853717885627441
6019,33,4.854816037334338,4.8538366014189975
6019,34,4.856970635804229,4.86245528917313
6019,35,4.852323182900031,4.855979241729906
6019,36,4.8673197136483255,4.85982131396925
6019,37,4.856952664798498,4.857923491127522
6019,38,4.854016500396747,4.85500846855042
6019,39,4.861627289983376,4.865949629051941
6019,40,4.850357776652968,4.854623157125338
6019,41,4.867743799157789,4.856017962920018
6019,42,4.8537519276591565,4.844973422974044
6019,43,4.8599315445630555,4.8631691467666185
6019,44,4.850964796084211,4.845707566289083
6019,45,4.867073392376463,4.846729065234217
6019,46,4.86342480033577,4.862266340720677
6019,47,4.872107760355346,4.859335743008295
6019,48,4.862065944597848,4.862907532524286
6019,49,4.859351022444619,4.851527495959046
6019,50,4.850902839482135,4.855905412809737
6019,51,4.867204954381749,4.854581062442746
6019,52,4.8677057039005875,4.8502009080701
6019,53,4.863446542757815,4.858609206331127
6019,54,4.863453985539309,4.862084262240777
6019,55,4.85319224042748,4.858346279535495
6019,56,4.865101364154947,4.855143734226303
6019,57,4.850537360218459,4.869305717388586
6019,58,4.860092343963688,4.860527805103269
6019,59,4.859000545195951,4.85859905607425
6019,60,4.870842911514582,4.852668336367799
6019,61,4.8602326457623475,4.841922500737622
6019,62,4.855409457158008,4.848253575547759
6019,63,4.85540964698903,4.850769960403869
6019,64,4.874371953212403,4.868593796726897
6019,65,4.863581734317528,4.859642825929743
6019,66,4.862660308214429,4.8433843771526925
6019,67,4.8578404176236285,4.84254496882195
6019,68,4.843314260068351,4.8594823186689045
6019,69,4.8526145414543675,4.855293470666281
6019,70,4.854177809841641,4.850717333450203
6019,71,4.865307958993409,4.855466095513805
6019,72,4.855543741509115,4.848707029696253
6019,73,4.860270489140129,4.85424605798717
6019,74,4.862908650121968,4.862080965991627
6019,75,4.8576101715392435,4.847585823866508
6019,76,4.857910850640061,4.8506952267990675
6019,77,4.852641484345912,4.853736910634656
6019,78,4.869271213384301,4.867133057907513
6019,79,4.856978131617944,4.849015589692806
6019,80,4.857698485978527,4.852648018405081
6019,81,4.869024989384535,4.855266105077539
6019,82,4.857080656630146,4.8552653642527375
6019,83,4.8520377367578815,4.864387643701617
6019,84,4.8543858590929565,4.865614527233181
6019,85,4.86666614841762,4.854285423768732
6019,86,4.8690253442580405,4.841922500737622
6019,87,4.855155748594809,4.85201235681461
6019,88,4.868805036115713,4.846831810175735
6019,89,4.844995281642559,4.85424605798717
6019,90,4.865318599968553,4.847030672137953
6019,91,4.869186335034709,4.856531378285798
6019,92,4.861096415446008,4.858806699479815
6019,93,4.865114035023404,4.850686526528162
6019,94,4.8543201479026985,4.856000023340407
6019,95,4.853722320186369,4.861555130993652
6019,96,4.869931591743275,4.862647139740868
6019,97,4.855411187748026,4.862270728379986
6019,98,4.856546567660729,4.85948253417808
6019,99,4.871978153497215,4.859570987082848
6354,0,4.739037919364532,4.732284080697055
6354,1,4.750119444133269,4.73927594066371
6354,2,4.7450723124287055,4.730139548970865
6354,3,4.7391287248168155,4.742629088974892
6354,4,4.748483644711897,4.739343949616803
6354,5,4.745284219666311,4.752919633969799
6354,6,4.735119875926628,4.739153629889714
6354,7,4.755233534291127,4.739817338536462
6354,8,4.751596971185324,4.739557383726157
6354,9,4.753083800634017,4.727013045645265
6354,10,4.746022825461793,4.739667138364518
6354,11,4.742120537446454,4.753409865470348
6354,12,4.7440694944112725,4.738742823031225
6354,13,4.743234755278785,4.742786808029808
6354,14,4.738920771610082,4.746029972150042
6354,15,4.752711385874175,4.737239734316631
6354,16,4.74571911351188,4.742790172135906
6354,17,4.764229187390736,4.739696443463183
6354,18,4.749101560189504,4.736706124220693
6354,19,4.746251563988277,4.734447839102418
6354,20,4.735745814448012,4.738989933187716
6354,21,4.734288104059737,4.7372130875748395
6354,22,4.751559360076955,4.746689715873116
6354,23,4.750775073775541,4.732112361923886
6354,24,4.741705066348717,4.740880791140781
6354,25,4.74843078196295,4.747268442846685
6354,26,4.754870834600409,4.727491031652128
6354,27,4.753934414509911,4.732116705494016
6354,28,4.7395795713479725,4.737728568124097
6354,29,4.745508827361813,4.741400446723667
6354,30,4.753892285070702,4.735552234362433
6354,31,4.738090727521732,4.746883358810474
6354,32,4.750794399021012,4.732247691116506
6354,33,4.754920283519328,4.743183302846924
6354,34,4.737278858716445,4.737122105849659
6354,35,4.759573609933128,4.746739597467039
6354,36,4.741490957170623,4.743862402875418
6354,37,4.761993463667439,4.741686933168699
6354,38,4.743528529570013,4.742720392776448
6354,39,4.755139042176497,4.749979202575152
6354,40,4.74948292842159,4.730027145101174
6354,41,4.734349877496199,4.739656369887393
6354,42,4.75211659614375,4.738986373316599
6354,43,4.74673149161783,4.740113093886919
6354,44,4.743097184989614,4.740106498336546
6354,45,4.74898587780402,4.73498306278991
6354,46,4.7523565033631066,4.742568429636409
6354,47,4.748439436323079,4.750678545264138
6354,48,4.7517087032604595,4.744742525671491
6354,49,4.753553310228169,4.7354135098164924
6354,50,4.750326128756431,4.7484569895787025
6354,51,4.74563610449421,4.743229511531275
6354,52,4.753863200752082,4.739817338536462
6354,53,4.748295349124262,4.742443536811886
6354,54,4.745408310606842,4.741232320835495
6354,55,4.738905453487627,4.725387660013013
6354,56,4.748181807628567,4.748528616318897
6354,57,4.740788578535815,4.733025540173
6354,58,4.74420141227092,4.742627997596407
6354,59,4.746958361313767,4.750749929411615
6354,60,4.747798774091471,4.7384842302545005
6354,61,4.747036714871625,4.736757366757029
6354,62,4.7469038361029465,4.7432741942713985
6354,63,4.728797877589274,4.738047885060132
6354,64,4.745216311513333,4.7486565956983
6354,65,4.7468945433565946,4.7433455820555475
6354,66,4.7476285731091785,4.73376765790989
6354,67,4.747205013474415,4.735620827668713
6354,68,4.739233757581817,4.738661991230384
6354,69,4.729045689224335,4.734836004439486
6354,70,4.7554789756562945,4.73666203691034
6354,71,4.759078433516498,4.742504308856848
6354,72,4.7576231401658315,4.740106498336546
6354,73,4.748156618593935,4.745023866793779
6354,74,4.745161674727085,4.740238933097232
6354,75,4.753328943174464,4.729055402484737
6354,76,4.7535007839403765,4.743700971254898
6354,77,4.760922997089683,4.742504308856848
6354,78,4.753001168577084,4.7385277702174085
6354,79,4.744613530777534,4.739869805669293
6354,80,4.744701934658333,4.737619599956661
6354,81,4.765306689762106,4.747896125504629
6354,82,4.745257494689935,4.735060097305677
6354,83,4.746319619140595,4.742919924422159
6354,84,4.7553081747876895,4.7506997519566285
6354,85,4.743311681537849,4.735051819329997
6354,86,4.749481889564917,4.739586673253444
6354,87,4.748150371498435,4.744361671653143
6354,88,4.750784318182861,4.732197835425121
6354,89,4.746775139588284,4.725032500233795
6354,90,4.7376279299333035,4.757359885174606
6354,91,4.750915003126909,4.735817898186769
6354,92,4.737107400830128,4.750201553725124
6354,93,4.745712644328489,4.737728568124097
6354,94,4.739718523507951,4.739281550317789
6354,95,4.748572331421667,4.736338659035211
6354,96,4.740178458477563,4.741853528123764
6354,97,4.755504051246991,4.728305226186489
6354,98,4.732880474919912,4.747984072140436
6354,99,4.752566727248743,4.738261733644129
6688,0,4.638522128347719,4.633908853950386
6688,1,4.625247799128306,4.628644251096344
6688,2,4.627534486230605,4.635796043856357
6688,3,4.637709318664212,4.628635408789331
6688,4,4.632613870353695,4.638223831514478
6688,5,4.64199524179108,4.639671835476246
6688,6,4.643322553652601,4.633934157535735
6688,7,4.6311827853177086,4.6408748361714185
6688,8,4.626496767733396,4.64170540390325
6688,9,4.6336128849134175,4.627111794533353
6688,10,4.614761520798863,4.640913996162671
6688,11,4.636469164417347,4.633523325721565
6688,12,4.624443895713686,4.6395174578839695
6688,13,4.6334197143944955,4.642270931542653
6688,14,4.638290104089573,4.652167485946326
6688,15,4.629407549481698,4.64447660080275
6688,16,4.640863557730112,4.637507168028018
6688,17,4.638774547276981,4.639296427489789
6688,18,4.6300718391763525,4.637558178479512
6688,19,4.637342529379258,4.639636811559991
6688,20,4.63232300100883,4.648026669932774
6688,21,4.629130614773625,4.629778783552749
6688,22,4.631600962645468,4.640325699272124
6688,23,4.641933293226022,4.6402090285916415
6688,24,4.6383113739807635,4.629409317227249
6688,25,4.628488151169247,4.640454978101171
6688,26,4.637804167678952,4.635468266300457
6688,27,4.628900435282712,4.63678981891027
6688,28,4.632583388822508,4.65102880172648
6688,29,4.646800204038366,4.63998401549957
6688,30,4.628329804052713,4.641274677706347
6688,31,4.632359938184912,4.633731944108126
6688,32,4.628689347195369,4.63532646548494
6688,33,4.632373318361674,4.642445888512673
6688,34,4.63488365066121,4.63503836185878
6688,35,4.616317042072204,4.630957939700673
6688,36,4.63736340397192,4.639807497068717
6688,37,4.637301782618416,4.628064886984784
6688,38,4.627776047258621,4.64011023479911
6688,39,4.634786668515549,4.632395364282472
6688,40,4.63508019273032,4.629481742123505
6688,41,4.636628796666123,4.6457946877183955
6688,42,4.635947204278237,4.6358259124231
6688,43,4.632307849068887,4.6444218220067475
6688,44,4.637785311842798,4.642609022613617
6688,45,4.644639005709704,4.641701183235858
6688,46,4.634143241011336,4.644491685277745
6688,47,4.63133289878102,4.650537192641785
6688,48,4.637210489967001,4.639433936086602
6688,49,4.643799683552067,4.634720290224132
6688,50,4.620748951726515,4.632737790522263
6688,51,4.6409113786886245,4.649359088065049
6688,52,4.633330140263797,4.647812746221753
6688,53,4.628866221006874,4.637813853407886
6688,54,4.634771729583992,4.650328268939042
6688,55,4.626628318887957,4.6382111457719
6688,56,4.630375186922302,4.651860541391089
6688,57,4.6282778475220585,4.639691191096374
6688,58,4.635098829395481,4.634810147874054
6688,59,4.63338401639923,4.650537192641785
6688,60,4.629179012322478,4.645469561354993
6688,61,4.632007590095633,4.637231008262101
6688,62,4.636233591240943,4.641575034588685
6688,63,4.638041539172314,4.633930398407163
6688,64,4.63404050398087,4.64187273683941
6688,65,4.627122772587788,4.639048301573848
6688,66,4.640463854342451,4.650328268939042
6688,67,4.622471807138394,4.632325824479988
6688,68,4.622419482449144,4.647203033673646
6688,69,4.63302087331959,4.6444526432499185
6688,70,4.634977992995477,4.640437487930693
6688,71,4.636424329483513,4.644980800500675
6688,72,4.633260690103889,4.631186764911914
6688,73,4.632641778461209,4.6369534747040975
6688,74,4.644325985161284,4.649177587482678
6688,75,4.634690074337378,4.64305834414774
6688,76,4.64045370638012,4.646085035127292
6688,77,4.62264543464145,4.629620231198347
6688,78,4.6394122929883785,4.636170065757753
6688,79,4.630091052955078,4.636031002683395
6688,80,4.632174170956798,4.639692745130979
6688,81,4.633647788615243,4.633343397021959
6688,82,4.635346967900699,4.643626927493347
6688,83,4.636768060795734,4.645533560653723
6688,84,4.631624222231572,4.637721032312286
6688,85,4.639672215724786,4.6403935523995985
6688,86,4.627733828749648,4.626611456651727
6688,87,4.629776334403702,4.635963745597139
6688,88,4.62809629563047,4.639537258171632
6688,89,4.636211274451348,4.646085035127292
6688,90,4.636533172205488,4.642129713694871
6688,91,4.620265782832421,4.62970400780329
6688,92,4.61690641236059,4.636493777779965
6688,93,4.610803621714965,4.648948144092327
6688,94,4.640914586057579,4.636601027640207
6688,95,4.629119618058417,4.636471423409061
6688,96,4.622895966626353,4.638110580687945
6688,97,4.636172684544866,4.62825777239593
6688,98,4.630900072733791,4.6403163895717165
6688,99,4.641033527183957,4.638275016820301
7022,0,4.512075588600488,4.50459616543718
7022,1,4.51766345224235,4.521580400998893
7022,2,4.513557728505347,4.511510662677584
7022,3,4.511586267323139,4.508640150753993
7022,4,4.52013499219112,4.516489935131039
7022,5,4.519619357486774,4.515162939345044
7022,6,4.511102861726196,4.5123156074781665
7022,7,4.510046237627524,4.518326923359909
7022,8,4.515231249704829,4.499618913207545
7022,9,4.523012515771608,4.498068886523108
7022,10,4.524109842236321,4.5091600626096415
7022,11,4.513560933810473,4.498068886523108
7022,12,4.526288407790084,4.504538969037912
7022,13,4.531647581580476,4.517867562164371
7022,14,4.511403276752987,4.511155413376245
7022,15,4.516802761731399,4.512685917534313
7022,16,4.516369417828424,4.520697268390458
7022,17,4.52109437139147,4.510738500233478
7022,18,4.521536937214279,4.496645801513154
7022,19,4.514025621616843,4.512039319594743
7022,20,4.512809280891172,4.50927729928627
7022,21,4.509897250528652,4.506465395151326
7022,22,4.517170736410774,4.519844830476811
7022,23,4.539543424498558,4.5088103833668205
7022,24,4.499207631556797,4.505974330548992
7022,25,4.519151091766336,4.506584149443028
7022,26,4.524092953953724,4.515535298263679
7022,27,4.510765950371727,4.501466063211315
7022,28,4.512854326754044,4.504043202153256
7022,29,4.51955365428228,4.5186667931259645
7022,30,4.530620215466702,4.518051625835295
7022,31,4.499363746435558,4.512041355155562
7022,32,4.518647698425506,4.501214403604382
7022,33,4.517240699293724,4.510799110917783
7022,34,4.513843159724921,4.5098739298408335
7022,35,4.503132460283026,4.511755361810175
7022,36,4.511585241968075,4.504767642572387
7022,37,4.499586868272689,4.505118129918802
7022,38,4.517601457126813,4.511876252318222
7022,39,4.52320966761277,4.51340201946159
7022,40,4.519189949678374,4.5020721539259565
7022,41,4.5125386409574375,4.498461856253353
7022,42,4.526069217924888,4.511678037132173
7022,43,4.52243509755685,4.515672392801569
7022,44,4.514517705078158,4.504342734713783
7022,45,4.522617620493846,4.518799848105842
7022,46,4.5037638987579856,4.506604521064827
7022,47,4.5135666806790145,4.5038321374091765
7022,48,4.5148659872782275,4.5167073165798595
7022,49,4.521788173086266,4.504174402830417
7022,50,4.519095538439357,4.505980326945326
7022,51,4.514039141127278,4.4998318238951125
7022,52,4.504109062888277,4.5085208304080835
7022,53,4.514450730892954,4.502494593059676
7022,54,4.513357161793015,4.5226251399283015
7022,55,4.522046456425154,4.503682413435335
7022,56,4.508501549980903,4.508451987831599
7022,57,4.512909020665557,4.510580818365464
7022,58,4.519375393242042,4.510405727335105
7022,59,4.526954184893705,4.517084354640872
7022,60,4.509032837079594,4.500382927166482
7022,61,4.516681884798547,4.514353613227095
7022,62,4.520729928219203,4.521747313784328
7022,63,4.514217906150763,4.504605185371669
7022,64,4.517906240727674,4.509235430224604
7022,65,4.51343627332303,4.52097506529453
7022,66,4.512270855600974,4.493575846940828
7022,67,4.51313638689638,4.511004477263517
7022,68,4.502887962162686,4.498576706834114
7022,69,4.51067073201278,4.505393463956864
7022,70,4.510218976158465,4.510205456744988
7022,71,4.522755839394339,4.5158637504981405
7022,72,4.516487930614285,4.509312565050303
7022,73,4.5172604377370185,4.516808940417125
7022,74,4.509665407704783,4.5091798343320075
7022,75,4.51824105058888,4.515159949513081
7022,76,4.509078817602969,4.515458751473901
7022,77,4.513788539153859,4.515182318559379
7022,78,4.518543702625451,4.507699034898984
7022,79,4.505135275059987,4.516842754662966
7022,80,4.509234185722143,4.516498146815581
7022,81,4.510920128803147,4.507379515355341
7022,82,4.52267135389813,4.5126243903983125
7022,83,4.513330590615046,4.519787706584731
7022,84,4.511734397607842,4.510976413059591
7022,85,4.51567010427236,4.505627639743357
7022,86,4.521816153743803,4.518186419146005
7022,87,4.509764023952177,4.5169924870515805
7022,88,4.522051829495229,4.512144524446562
7022,89,4.528279052639458,4.511788039975602
7022,90,4.507817554875586,4.508211250318092
7022,91,4.508639686249442,4.505849423672034
7022,92,4.512738478840052,4.51276876305973
7022,93,4.51331831661537,4.502803714028791
7022,94,4.515106404935409,4.499930898353399
7022,95,4.505805824403113,4.50269769293494
7022,96,4.518624165421484,4.503945865483582
7022,97,4.530945662456916,4.499510503453
7022,98,4.515020035363813,4.512321526724954
7022,99,4.518492644310064,4.513095443725125
7357,0,4.389464219209322,4.396440141972626
7357,1,4.396260310814478,4.398307518216657
7357,2,4.395995235303824,4.391346462955398
7357,3,4.39892278769317,4.396278991552615
7357,4,4.395185629070621,4.392396685233858
7357,5,4.393125263002329,4.391344985236398
7357,6,4.402909705551455,4.4002847930940145
7357,7,4.406252410992914,4.391010916212334
7357,8,4.394334104640159,4.394507915759198
7357,9,4.397855998941212,4.394744373780169
7357,10,4.396261679203642,4.381854885843955
7357,11,4.399163622950004,4.388613419583958
7357,12,4.397919255983647,4.39215344872047
7357,13,4.396363484733667,4.396941151016225
7357,14,4.3983405177193475,4.398538792913894
7357,15,4.397717967742641,4.400235282190481
7357,16,4.395245299930183,4.388499949226592
7357,17,4.390890404778995,4.397673620789307
7357,18,4.396080342762735,4.3892431292190235
7357,19,4.4001865620659055,4.402524096630428
7357,20,4.3963962534426715,4.382159786116991
7357,21,4.385673747377164,4.3939367120611
7357,22,4.394065129411741,4.388889297477782
7357,23,4.39982885048735,4.390956314465605
7357,24,4.38821584622069,4.390118836497894
7357,25,4.392911851308596,4.384795364485073
7357,26,4.394606637817063,4.407159957738942
7357,27,4.398036191163872,4.404733027621625
7357,28,4.398172412699871,4.400921231565955
7357,29,4.4127082692077675,4.384416722389627
7357,30,4.389021314480457,4.390743820129397
7357,31,4.39996571282754,4.389691384944089
7357,32,4.394994877248684,4.387193576699087
7357,33,4.400997384356475,4.388517501541146
7357,34,4.404790292423169,4.399672160788054
7357,35,4.388597890958937,4.403784180834132
7357,36,4.376606420283355,4.392444564572687
7357,37,4.397837192807401,4.383570941780574
7357,38,4.393903026788348,4.387968327563183
7357,39,4.3885144259910565,4.403303916823451
7357,40,4.381598184377367,4.394739465485812
7357,41,4.389879117848147,4.393992237853154
7357,42,4.390289016500651,4.387442969650231
7357,43,4.395464132937066,4.389078942600369
7357,44,4.3884287239312485,4.3987822827445
7357,45,4.40322913075002,4.392879080987933
7357,46,4.398729032746451,4.384888669106339
7357,47,4.411445941959325,4.392003813004071
7357,48,4.388739622565191,4.392778596129376
7357,49,4.392606747475151,4.394311035973268
7357,50,4.397777726308176,4.400450419013321
7357,51,4.400643443316861,4.3889921774968625
7357,52,4.396378002680797,4.390709381932708
7357,53,4.394954162345798,4.387357973581326
7357,54,4.3958798136154655,4.385253342393376
7357,55,4.400626516254275,4.389448926377676
7357,56,4.3985330695463665,4.407159957738942
7357,57,4.4020918485014,4.396151808582903
7357,58,4.398248471671847,4.400430908709191
7357,59,4.387337563557292,4.387768342675755
7357,60,4.392620138912098,4.3960918401875215
7357,61,4.39422273924247,4.389062815570081
7357,62,4.40646955972934,4.3943882225017425
7357,63,4.3986938993616205,4.392454512866211
7357,64,4.400893423123702,4.394758784037271
7357,65,4.384788993811209,4.401613945593073
7357,66,4.402683505217264,4.395400760143591
7357,67,4.380318665648083,4.3960820914112
7357,68,4.391553075330785,4.386247719108595
7357,69,4.3862446158049835,4.381867779144313
7357,70,4.395113939536465,4.385406501004176
7357,71,4.387311425986865,4.399514518434235
7357,72,4.396467643753568,4.391967004635709
7357,73,4.406422588519255,4.394650373133993
7357,74,4.40039598574412,4.388652859920155
7357,75,4.390846029505783,4.392153844434882
7357,76,4.3969825221160095,4.385339084260732
7357,77,4.392773430528127,4.390030030570174
7357,78,4.396359503512497,4.390887412658583
7357,79,4.391812272252766,4.3808049838572245
7357,80,4.404874098758056,4.395214239713548
7357,81,4.393686652324475,4.394011465372728
7357,82,4.389803947480799,4.3897022337842335
7357,83,4.398211822151579,4.3876118385797005
7357,84,4.394639972213119,4.385985692065223
7357,85,4.39004452091072,4.402524096630428
7357,86,4.395265256206447,4.39586734711288
7357,87,4.397269796115988,4.385561167041495
7357,88,4.391477398947091,4.386483229696329
7357,89,4.395058852232893,4.387406171690063
7357,90,4.393178287237299,4.384762945549704
7357,91,4.40089425750178,4.390237802383891
7357,92,4.3964627987842455,4.381620768845789
7357,93,4.393009955074934,4.389465329347644
7357,94,4.390942522929617,4.385501954550557
7357,95,4.3849208516513185,4.394544966798527
7357,96,4.395374652212175,4.389431615309256
7357,97,4.3912477435978845,4.387065395695978
7357,98,4.390414544562611,4.391346462955398
7357,99,4.394822982358742,4.391959743282116
7691,0,4.270680672558599,4.286167254501749
7691,1,4.276766821930029,4.270121736142314
7691,2,4.266439711788903,4.278465645194077
7691,3,4.271249523499617,4.2731323153983585
7691,4,4.279079255400467,4.277254821437087
7691,5,4.274352967737218,4.277407445467982
7691,6,4.281719987167486,4.275413221916934
7691,7,4.277953755646663,4.284766766254402
7691,8,4.272829989850407,4.282978424038485
7691,9,4.2827472779294835,4.264383272130152
7691,10,4.276639348618165,4.283903933152632
7691,11,4.281896994375562,4.26804875130837
7691,12,4.277560837150511,4.283234303715486
7691,13,4.2742737999766325,4.269725404607328
7691,14,4.269323015835261,4.282259433310315
7691,15,4.268664400952153,4.278924786566805
7691,16,4.270758905980361,4.269882306909683
7691,17,4.274110818416026,4.2848069949192675
7691,18,4.282145945000871,4.278052831944823
7691,19,4.279311293926587,4.269358696484189
7691,20,4.270765872984634,4.283810137152285
7691,21,4.270795171181042,4.279430957413688
7691,22,4.273663018903097,4.268890228133327
7691,23,4.2715485006737275,4.278499828098224
7691,24,4.282837849612823,4.281155335820033
7691,25,4.277616192536481,4.276223340330047
7691,26,4.270297477588049,4.277064138208547
7691,27,4.282273250632231,4.279617617630628
7691,28,4.268978103766949,4.274937283552475
7691,29,4.274024642595319,4.269114973252515
7691,30,4.266929983636167,4.282135479146223
7691,31,4.264337596659615,4.275303109950829
7691,32,4.271449577407076,4.281131446470663
7691,33,4.269933449236547,4.282421847507838
7691,34,4.268548721146201,4.277513438317234
7691,35,4.2844854534373855,4.2805353541470454
7691,36,4.276680434387335,4.27380627773199
7691,37,4.277272882029087,4.278570157223759
7691,38,4.2685655219018805,4.272113294561452
7691,39,4.273628643429949,4.268215785153144
7691,40,4.2821987872745835,4.282652261173794
7691,41,4.266082288084387,4.275421196031247
7691,42,4.275156001208926,4.275885256079333
7691,43,4.269965116887153,4.278196506211547
7691,44,4.281991960853054,4.268122977489626
7691,45,4.2787484752844485,4.277365770619881
7691,46,4.27914075391981,4.276246197967848
7691,47,4.271134663903068,4.285466943424856
7691,48,4.270848770517236,4.271038989522541
7691,49,4.271839443419552,4.263644246919392
7691,50,4.271534754259576,4.27615719058765
7691,51,4.269261579512224,4.280715788920386
7691,52,4.275917363935117,4.277142551706342
7691,53,4.276105878821932,4.2750992977075795
7691,54,4.27610894199481,4.270972280925076
7691,55,4.264124856828635,4.257129397777472
7691,56,4.28002675905814,4.284212862231974
7691,57,4.2698257074607735,4.273235138705312
7691,58,4.274967998387671,4.279577074874383
7691,59,4.266018775238106,4.272754272391048
7691,60,4.276746910009822,4.276517392901286
7691,61,4.281246348911995,4.285646858800029
7691,62,4.273733643384244,4.278412945515427
7691,63,4.294219452037751,4.276318924467199
7691,64,4.279985049672273,4.275768841459291
7691,65,4.275203432446209,4.281851153269724
7691,66,4.279748407632751,4.277825909589503
7691,67,4.276125770232685,4.26726371027752
7691,68,4.270047936179103,4.277767389133676
7691,69,4.2756653642003855,4.275660437302809
7691,70,4.282614353334706,4.269831330180682
7691,71,4.278147230787659,4.273259422749185
7691,72,4.268784543659029,4.278348786840944
7691,73,4.2607132729247175,4.275507813581346
7691,74,4.274362823051589,4.278052831944823
7691,75,4.265514681357174,4.2711840956194775
7691,76,4.275989992117302,4.27436210570389
7691,77,4.2706671028285035,4.282702685228276
7691,78,4.269053668901023,4.264947654220107
7691,79,4.2691218984213055,4.275833726252676
7691,80,4.261888807436323,4.269405722955482
7691,81,4.271528472334924,4.278330011986931
7691,82,4.286121592815743,4.2790060200212805
7691,83,4.2738579330622395,4.2819082958607115
7691,84,4.271248970932152,4.273142387577762
7691,85,4.263151458210657,4.290913552390386
7691,86,4.277249074832295,4.276297907550492
7691,87,4.274030915832562,4.279492382719563
7691,88,4.265771672328912,4.282347547685778
7691,89,4.269238930607969,4.270878319451016
7691,90,4.274545864994814,4.275472031796119
7691,91,4.276828815196562,4.277993449279615
7691,92,4.273720378104473,4.2746338876456
7691,93,4.275197013590756,4.277793098196143
7691,94,4.27136342501846,4.272087535815877
7691,95,4.27818589122123,4.2802048818736464
7691,96,4.283990236513314,4.280255826985833
7691,97,4.277365726897918,4.277476524848869
7691,98,4.273123425916812,4.2780584826433445
7691,99,4.270719429118131,4.2824636649024646
8025,0,4.149064187133715,4.148940865990941
8025,1,4.157655981070919,4.140783953198376
8025,2,4.144063383758276,4.149454152847545
8025,3,4.150809310811335,4.152953015958693
8025,4,4.151833718402015,4.150396593214407
8025,5,4.1480382632689965,4.150035133551036
8025,6,4.1447184148861815,4.153985682715496
8025,7,4.149792213884603,4.152028845666814
8025,8,4.149071261546325,4.159262359479361
8025,9,4.150133125195041,4.148657835524794
8025,10,4.157455217508599,4.153917940832786
8025,11,4.15339345956024,4.150243754808256
8025,12,4.145055021215028,4.142615940809467
8025,13,4.1481352425464655,4.142713768961322
8025,14,4.145724820537261,4.145472145086461
8025,15,4.150003816931673,4.150042245391036
8025,16,4.151596824722561,4.1498133194848235
8025,17,4.150018025541894,4.154163857501619
8025,18,4.155457933514609,4.1467489086315705
8025,19,4.154401128081157,4.150312770873204
8025,20,4.145129525104971,4.148136557266327
8025,21,4.143930785005134,4.149972415938574
8025,22,4.1527952358623414,4.143711537870434
8025,23,4.146868916747693,4.159738580172421
8025,24,4.154097668312063,4.152450933701878
8025,25,4.1627350947191095,4.143461641827771
8025,26,4.150093768461613,4.150863534176527
8025,27,4.157708415722149,4.141353109265657
8025,28,4.1479791001346475,4.144676895898791
8025,29,4.142895900094203,4.158341284338348
8025,30,4.142652905467304,4.143711343486279
8025,31,4.142469071776327,4.151464713545792
8025,32,4.153720885215833,4.150440373642679
8025,33,4.150609859575443,4.1542727159754245
8025,34,4.14208341961835,4.156176835907436
8025,35,4.1556548066790535,4.1563163175666755
8025,36,4.151461586999669,4.160583628159143
8025,37,4.148244499966029,4.140847230081476
8025,38,4.155913167646758,4.142369141792034
8025,39,4.154357370191191,4.154892034557957
8025,40,4.160770240728556,4.160841985270913
8025,41,4.148858588853004,4.150317424790971
8025,42,4.142078584997052,4.1582680204703335
8025,43,4.145020082064725,4.144925957210076
8025,44,4.1441975264358275,4.157289795590737
8025,45,4.1471137124641855,4.153298719207365
8025,46,4.147255857724295,4.147826538678343
8025,47,4.145817985088328,4.153917951757023
8025,48,4.150345455283455,4.15569773481565
8025,49,4.148648521017356,4.151428699722658
8025,50,4.157649024507422,4.140005786104027
8025,51,4.15112908981675,4.143679772544358
8025,52,4.1504839720725775,4.148970024045746
8025,53,4.15083757237116,4.147014541577919
8025,54,4.144678171075797,4.151412255365206
8025,55,4.153607139863776,4.146782494029235
8025,56,4.1510590180930516,4.162095155489926
8025,57,4.1496117932744845,4.1442467097028075
8025,58,4.141596538452154,4.152430712870324
8025,59,4.152575084878227,4.150416478112347
8025,60,4.1520862493454676,4.149247259486187
8025,61,4.138427918024084,4.140149711393426
8025,62,4.148702067403735,4.151962481925224
8025,63,4.150238612036853,4.15869824206203
8025,64,4.133185040522887,4.152430712870324
8025,65,4.153152496102974,4.149453015136496
8025,66,4.146258670207405,4.144676895898791
8025,67,4.158931434073946,4.153119904895702
8025,68,4.14035878984251,4.1578001863822625
8025,69,4.150440414914181,4.150317424790971
8025,70,4.148130872106406,4.148394870442564
8025,71,4.153106997879014,4.155577687937196
8025,72,4.153713410359227,4.143376041432053
8025,73,4.150487882697267,4.156925107162111
8025,74,4.152968425252253,4.15602297330328
8025,75,4.1460561362797534,4.145292689730314
8025,76,4.15211051198451,4.1535245310137805
8025,77,4.146143556658093,4.147598295912251
8025,78,4.139352227929538,4.151777987998336
8025,79,4.153770133809978,4.1475303215017325
8025,80,4.152394345113322,4.155503490287219
8025,81,4.147226440558552,4.15040773330819
8025,82,4.151968654658463,4.148101935073832
8025,83,4.154154175687161,4.158464596840301
8025,84,4.152615374542921,4.142349812146679
8025,85,4.146907915069807,4.143232179861075
8025,86,4.153509588199065,4.157008626790005
8025,87,4.153705733588436,4.144174132988542
8025,88,4.146278128180062,4.135295990069482
8025,89,4.147053238566492,4.143780868404063
8025,90,4.148027962479255,4.151742855201878
8025,91,4.143598986198969,4.147934085704557
8025,92,4.146421830913526,4.153059257979598
8025,93,4.1498678257081165,4.147806520273763
8025,94,4.145355272866081,4.142823964778341
8025,95,4.149755549122735,4.143541019652762
8025,96,4.154046874087583,4.142823964778341
8025,97,4.142673201577511,4.149472648953835
8025,98,4.142600729033157,4.149503055842696
8025,99,4.141056744683946,4.149072521268565
8360,0,4.025325631152846,4.029440553528986
8360,1,4.021691862547227,4.01849026011407
8360,2,4.0267290947722545,4.0251025251063055
8360,3,4.010381294937712,4.022707278998947
8360,4,4.024536673036389,4.0311933208124
8360,5,4.0305362202985835,4.017882134703012
8360,6,4.0230446625331915,4.021550023584507
8360,7,4.032342693311674,4.022289374466211
8360,8,4.02938808626082,4.022472029766999
8360,9,4.028380177818411,4.018640616841481
8360,10,4.006365175640906,4.0150770607932
8360,11,4.017703232015413,4.021571847702324
8360,12,4.015547418412469,4.020521722996361
8360,13,4.021381383900099,4.0207039171187375
8360,14,4.011114132069729,4.026623653470751
8360,15,4.026499424227255,4.015131560409492
8360,16,4.019320623109326,4.021274631378584
8360,17,4.023282452339919,4.019861670768874
8360,18,4.025027258766785,4.027881372978866
8360,19,4.018755289639382,4.011515646638063
8360,20,4.029948066438215,4.025647934774052
8360,21,4.020310115117817,4.032037726297545
8360,22,4.013814001522617,4.025496101712566
8360,23,4.019443217943772,4.024783371354074
8360,24,4.030613878500606,4.025075843650244
8360,25,4.017880498023659,4.0232114213160255
8360,26,4.019002989363631,4.017894995692462
8360,27,4.025000612864214,4.0216348484947115
8360,28,4.0200357927598285,4.016146437384731
8360,29,4.018386082683715,4.019811241792486
8360,30,4.022936513158541,4.027352931829515
8360,31,4.016582859250624,4.017380244217699
8360,32,4.0147453335591905,4.010082059959759
8360,33,4.0263788370077105,4.01745124049983
8360,34,4.020669982653984,4.017826220887385
8360,35,4.017725455115971,4.018841119861675
8360,36,4.020830144037306,4.025406168355635
8360,37,4.031708214886668,4.015503327446674
8360,38,4.018360743897599,4.029051644617975
8360,39,4.024290731587245,4.024450368232898
8360,40,4.020490039419342,4.026232347034188
8360,41,4.035419067784627,4.023139710631401
8360,42,4.0237202691375025,4.010082059959759
8360,43,4.02801269257539,4.026132189524598
8360,44,4.019861823477532,4.0277327780601375
8360,45,4.0124129212698465,4.0227903948779495
8360,46,4.027144919945792,4.02092010855304
8360,47,4.018767606722678,4.026152538378471
8360,48,4.0269368352354,4.026370299224859
8360,49,4.014149980316882,4.025957979373902
8360,50,4.0125842109002345,4.026667137403562
8360,51,4.017880791092669,4.0286429233707794
8360,52,4.020819045899289,4.0251025251063055
8360,53,4.017121383585511,4.029236049449026
8360,54,4.020167290462171,4.031370203432996
8360,55,4.024477449834077,4.024621539081318
8360,56,4.0191204486999075,4.017913521506721
8360,57,4.0292539122518605,4.017516885368379
8360,58,4.013317063450073,4.024617737924322
8360,59,4.016310145540157,4.017311484620435
8360,60,4.021784219067707,4.029840554167511
8360,61,4.028776439924792,4.018636936947793
8360,62,4.023946090632346,4.023466178744214
8360,63,4.014566280995421,4.015896656810955
8360,64,4.015388567876975,4.027115600271959
8360,65,4.018556354021224,4.026176617789
8360,66,4.0266989716455805,4.0277218749364865
8360,67,4.028660042676053,4.018813838263327
8360,68,4.028864119241715,4.021550023584507
8360,69,4.025246576715972,4.027031946245248
8360,70,4.036565289952999,4.0232114213160255
8360,71,4.018182264822977,4.01780678273912
8360,72,4.018673356757479,4.0210999016061875
8360,73,4.023311910781673,4.02041559881191
8360,74,4.019535211532065,4.024440399426928
8360,75,4.0194090803801705,4.02041559881191
8360,76,4.0195635484953876,4.022244783447752
8360,77,4.01890733968355,4.020075480932711
8360,78,4.021292452651062,4.016601700048296
8360,79,4.0197965625937115,4.020166306147132
8360,80,4.026460677942794,4.029335255166514
8360,81,4.0189580364809405,4.033199313875685
8360,82,4.017871666923286,4.019753846987201
8360,83,4.017646078765157,4.026438804866205
8360,84,4.02116688971382,4.021024751567241
8360,85,4.02464895337645,4.017263083317435
8360,86,4.01745144874438,4.013179701388924
8360,87,4.022377518044958,4.021546810660605
8360,88,4.026959792013897,4.018127099023643
8360,89,4.023352983134199,4.021541131642575
8360,90,4.032064935084826,4.017892923269868
8360,91,4.010523481633586,4.02000034999479
8360,92,4.020528255419553,4.031813477229875
8360,93,4.0258128445123935,4.016457646960318
8360,94,4.0244716171093495,4.021454936536571
8360,95,4.026966795519089,4.028601336043001
8360,96,4.020411648379638,4.021454936536571
8360,97,4.0177694946792855,4.031565767284237
8360,98,4.028110150130168,4.010542612638117
8360,99,4.021195567924607,4.024044051479893
8694,0,3.8852923870015283,3.902668757267561
8694,1,3.889516708061237,3.903093747286791
8694,2,3.8941845551505128,3.89029952688958
8694,3,3.8851209944231613,3.8998079253528957
8694,4,3.892767878248114,3.8965169401983584
8694,5,3.8858489706174777,3.8965254597969636
8694,6,3.8874906786905274,3.8899385981795254
8694,7,3.8983727445061813,3.8945025311386052
8694,8,3.890496895571012,3.901353374726329
8694,9,3.891254762353078,3.893824240928325
8694,10,3.8870606891857227,3.900884648088008
8694,11,3.901445459062646,3.896103919002435
8694,12,3.8868759982471923,3.883231319418524
8694,13,3.890339016654429,3.8997741321157537
8694,14,3.8944917680127715,3.9045617349424804
8694,15,3.896035440670694,3.9072862985407633
8694,16,3.896703934853162,3.8969163697806346
8694,17,3.8864877633667376,3.8862129945885417
8694,18,3.8897335156044552,3.899473521580542
8694,19,3.890092657361109,3.899592986543378
8694,20,3.8960548715796595,3.895200393362404
8694,21,3.8873858362119065,3.8977751698850733
8694,22,3.8884170231670057,3.900644796465487
8694,23,3.897586153110288,3.8981992458786494
8694,24,3.896541743942648,3.895385425540378
8694,25,3.8856012028148657,3.896861889045954
8694,26,3.8969882077375213,3.899268177302181
8694,27,3.8960195471962797,3.909876757116035
8694,28,3.8963600512994256,3.8922691013890636
8694,29,3.8994838705901476,3.898858113854365
8694,30,3.886775934183999,3.9063357005058945
8694,31,3.880452835005868,3.900569979940059
8694,32,3.8950902155617304,3.8920650711346174
8694,33,3.8954745727918603,3.8925002518011573
8694,34,3.894160585281085,3.886531282135675
8694,35,3.9049408393902314,3.8928780181883735
8694,36,3.889072585747465,3.8990001246754042
8694,37,3.8914409303976742,3.893824240928325
8694,38,3.890288168202226,3.9054040215052206
8694,39,3.8886849561242993,3.901478740699073
8694,40,3.897022322943177,3.89468949984365
8694,41,3.8839224179715552,3.8960645920571415
8694,42,3.8928047165073734,3.896082821833075
8694,43,3.895095252040719,3.8953171541192706
8694,44,3.8914502394520425,3.892767826954275
8694,45,3.902200727924789,3.8924062288418777
8694,46,3.8962824221069514,3.893262780033568
8694,47,3.8923203990844026,3.8988480909055325
8694,48,3.893705321449029,3.891491619433802
8694,49,3.887964249492276,3.899450327515265
8694,50,3.8980622560498106,3.8928060663203534
8694,51,3.8971899417777895,3.8975094427320895
8694,52,3.886893721596407,3.8989990739130405
8694,53,3.8949891461350603,3.8828338781730465
8694,54,3.8919702999866366,3.8852534313540654
8694,55,3.8937688382665256,3.891379040133468
8694,56,3.8947872020365764,3.901172736716877
8694,57,3.8954070556691636,3.8999251210331107
8694,58,3.895798532382532,3.901492445692705
8694,59,3.8992488099561338,3.8937454000876475
8694,60,3.900818725229133,3.896646999107301
8694,61,3.8828885963381183,3.8923212830708467
8694,62,3.8883259554887832,3.887403368211364
8694,63,3.889936455390385,3.8982394596448846
8694,64,3.908343189453571,3.90270445864183
8694,65,3.884227556413267,3.890597393138288
8694,66,3.89434191762463,3.893513756135515
8694,67,3.902069992824994,3.8856092887200946
8694,68,3.900761710094971,3.893987809015053
8694,69,3.892803144499256,3.8941088785853495
8694,70,3.880368768000476,3.8964832255533817
8694,71,3.8957594173340673,3.8902341345520965
8694,72,3.889114782332791,3.895742739136603
8694,73,3.89929804425812,3.899158227325894
8694,74,3.8894340133910696,3.8867674311938942
8694,75,3.897697306550992,3.895904444171877
8694,76,3.893141543618969,3.9018303754156407
8694,77,3.896482873805381,3.8977751698850733
8694,78,3.8995214314835933,3.886412927574307
8694,79,3.883421441836163,3.900039578345548
8694,80,3.885880349504926,3.897345402019589
8694,81,3.8942945841072203,3.8921880629121492
8694,82,3.9033337645973503,3.8962025042074444
8694,83,3.905961352906563,3.8866025384285696
8694,84,3.898243891021707,3.897951805487099
8694,85,3.898969966126878,3.89802936527617
8694,86,3.8887023797679765,3.89353765535059
8694,87,3.9004672372139235,3.89694374647342
8694,88,3.888637909264461,3.8917242359252247
8694,89,3.909981854982257,3.89341065597269
8694,90,3.899171832577163,3.8947709862099646
8694,91,3.8952176383256227,3.895413121859467
8694,92,3.888271486188233,3.8952753952063333
8694,93,3.8989506933825178,3.9083424945287732
8694,94,3.9010564640531618,3.9024980047266697
8694,95,3.8938936759851615,3.9028379665856257
8694,96,3.8964772305393183,3.9052338384420233
8694,97,3.8918780982424033,3.898312129358276
8694,98,3.889196878369264,3.8934301209129365
8694,99,3.8977155596107496,3.894067037260873
9028,0,3.7684765269586253,3.7607284924078974
9028,1,3.762412955882434,3.7657689829952257
9028,2,3.748138860363402,3.7599867383821683
9028,3,3.7630809862749386,3.7673975149002277
9028,4,3.754139589568481,3.7686063732788826
9028,5,3.76788821237975,3.7691869360567165
9028,6,3.758624566122765,3.763588619453973
9028,7,3.7615751582986516,3.7698695655811947
9028,8,3.75711355641527,3.7605857249964907
9028,9,3.7655889648208047,3.7663208768516814
9028,10,3.7683899878478115,3.7626812056139936
9028,11,3.7646084030883333,3.7638605750645002
9028,12,3.753991306456088,3.764809465290284
9028,13,3.7579916264523687,3.7644521540700158
9028,14,3.7609037318885736,3.761109365970857
9028,15,3.7661037597554174,3.76667678861063
9028,16,3.758086857591861,3.7557792315945546
9028,17,3.768538914665369,3.769478433002294
9028,18,3.7652984905071243,3.7629203806548213
9028,19,3.763559964315808,3.7670127310379535
9028,20,3.7578777380498334,3.770838827480628
9028,21,3.765944435425938,3.7539577311375254
9028,22,3.7663995721508137,3.768359401511797
9028,23,3.7648399421901404,3.754431906075483
9028,24,3.765391651551532,3.7695108161338235
9028,25,3.7661901862825427,3.7660064846195325
9028,26,3.75489778651719,3.766070885616714
9028,27,3.7580704622185443,3.7600219489176205
9028,28,3.764419841509845,3.765423091668328
9028,29,3.7565725887477806,3.771526282360132
9028,30,3.754725310197445,3.7615360431529004
9028,31,3.7622149634713127,3.769056988328194
9028,32,3.7595532915345005,3.759088648229025
9028,33,3.7691755166745073,3.7683670196184225
9028,34,3.768119252219831,3.7537694920127826
9028,35,3.7662131493013096,3.7599602608473077
9028,36,3.7617737960081357,3.7679165747749748
9028,37,3.7573789401060234,3.765687443793899
9028,38,3.758069223076911,3.7562247506974953
9028,39,3.758217941899005,3.768583769323052
9028,40,3.762072468373501,3.7605544034332947
9028,41,3.7555339760903697,3.7700900865290197
9028,42,3.7605184543144214,3.774867494100749
9028,43,3.7516403796559663,3.771951747875468
9028,44,3.745668265551863,3.771137792127463
9028,45,3.75860697613359,3.765547290639416
9028,46,3.7544030834901,3.7591671788907153
9028,47,3.762635425804954,3.757324015404647
9028,48,3.7600910540293833,3.7712372188660495
9028,49,3.7674632026020167,3.7586696919346148
9028,50,3.7597052844765124,3.7602410952671836
9028,51,3.7624067604566154,3.7599809876330266
9028,52,3.76179257295253,3.7626812056139936
9028,53,3.7546632721407542,3.7663012037361794
9028,54,3.7688998250736683,3.7591692099841563
9028,55,3.760299595482275,3.7639915612838566
9028,56,3.7572925656121643,3.7569730808987547
9028,57,3.7646613220251925,3.7599272463147146
9028,58,3.7684931636969905,3.765414383343971
9028,59,3.756939945747241,3.7694403113426422
9028,60,3.759761078695953,3.764118663179444
9028,61,3.7607576768876205,3.7715705892525997
9028,62,3.761231347664728,3.755144706579238
9028,63,3.7574756612224394,3.7610246381171004
9028,64,3.7579362011560202,3.766479261276281
9028,65,3.7641628501860986,3.770727521997003
9028,66,3.7670245486915537,3.766696721715068
9028,67,3.7538668751070987,3.7649609888153783
9028,68,3.7505201632513856,3.76663999745099
9028,69,3.7685478808840664,3.7655761078806456
9028,70,3.763947528932663,3.7623802091641982
9028,71,3.7647503379291956,3.7622123454788303
9028,72,3.7597409214769644,3.76283490961749
9028,73,3.765580508497432,3.769583281868403
9028,74,3.7608943014258274,3.767335951534836
9028,75,3.7691629885129245,3.759329550233573
9028,76,3.7708261036880715,3.7617870648935927
9028,77,3.7670033170561745,3.7715705892525997
9028,78,3.763855714647539,3.7634275559703863
9028,79,3.7665967285822255,3.7539659518860637
9028,80,3.762896064611981,3.7605640797193707
9028,81,3.764900513204378,3.7700898524549595
9028,82,3.760145491324594,3.7710718906493286
9028,83,3.758886463906045,3.760345630341498
9028,84,3.7742819703843655,3.754933923618931
9028,85,3.7600299733922915,3.7534773749914074
9028,86,3.7698211895987344,3.7607680520902553
9028,87,3.758722966001095,3.767334442907988
9028,88,3.768430280930237,3.7687945855300344
9028,89,3.756685452246881,3.763719853985482
9028,90,3.755212050438515,3.7724102157181036
9028,91,3.753470855667363,3.769739471529556
9028,92,3.7655869824487924,3.7578244372399476
9028,93,3.7691917297868462,3.76454380810846
9028,94,3.7576219183891313,3.764538169940881
9028,95,3.7635908950194636,3.7641477122380738
9028,96,3.759110341482591,3.7654048454378906
9028,97,3.7585474813896247,3.7650866233498776
9028,98,3.7657030944798833,3.7525549376512823
9028,99,3.7735069266304992,3.7500605657651516
9363,0,3.6278821784291155,3.6294186788784484
9363,1,3.6305179028244017,3.6345308201037967
9363,2,3.6317697678539993,3.6296868900640376
9363,3,3.6150012770629583,3.623595297219226
9363,4,3.625122677458017,3.625796670931375
9363,5,3.626176955737876,3.6234672286972573
9363,6,3.6327576476248544,3.630445721943789
9363,7,3.6305013822863925,3.630236416885934
9363,8,3.6374878105211415,3.6269507932773477
9363,9,3.628690508829992,3.6275354110560176
9363,10,3.6320686100706006,3.622618282709431
9363,11,3.6200398153299163,3.629330539230859
9363,12,3.6300544729618607,3.6291831057683064
9363,13,3.63081163539268,3.62418494973492
9363,14,3.632842739844367,3.6371417563073356
9363,15,3.6251291488496613,3.621731028786564
9363,16,3.6237948567035305,3.6321542802785323
9363,17,3.6271894709417123,3.629993716948433
9363,18,3.6333826877471798,3.628189057957573
9363,19,3.6301447464451844,3.635021401660362
9363,20,3.6364853293541715,3.6376226145420696
9363,21,3.626588526270833,3.6224383394488133
9363,22,3.630948242580922,3.6271328818278805
9363,23,3.6289863498408286,3.6305389100314067
9363,24,3.625308743637831,3.628526467371282
9363,25,3.6284130152112044,3.6279785726981526
9363,26,3.6328057262811706,3.633318753135477
9363,27,3.6183129758503414,3.622004059298806
9363,28,3.6382479161759425,3.634107629356128
9363,29,3.6363805844925867,3.619372848429534
9363,30,3.6262272515763816,3.6323433780395105
9363,31,3.6214758684977726,3.6291087252979044
9363,32,3.6237920640029797,3.626505094137216
9363,33,3.628530901874432,3.6201337941019376
9363,34,3.623504462714515,3.634213823416633
9363,35,3.631108776056629,3.636520751464874
9363,36,3.6318207494673347,3.630103576018905
9363,37,3.623602521169717,3.6330048057562614
9363,38,3.6278030689724465,3.628890300347302
9363,39,3.6285046011496602,3.61834161226929
9363,40,3.6251482231193886,3.638753568662544
9363,41,3.6331375371229355,3.6252016624943613
9363,42,3.6223151964504927,3.6314310725939536
9363,43,3.631216972692182,3.629308839611268
9363,44,3.6252875616353366,3.617319147168913
9363,45,3.629081006786493,3.6281371533265916
9363,46,3.6185133114045955,3.6271317295646095
9363,47,3.6235144429789594,3.630058146777723
9363,48,3.6279851859383,3.6271900944309765
9363,49,3.6122799754153414,3.6244477752562534
9363,50,3.626724348094211,3.627310752563648
9363,51,3.624925142779647,3.6252929645917513
9363,52,3.6289175347316056,3.624569454464249
9363,53,3.6321238779806726,3.6277706806969228
9363,54,3.6268944678729063,3.6331003631350396
9363,55,3.625155397950449,3.624044049752434
9363,56,3.631574591102969,3.632909542994305
9363,57,3.6286942853982933,3.626657142361029
9363,58,3.625291494021938,3.6272927461852533
9363,59,3.631201056889801,3.6346537866708184
9363,60,3.630712655688602,3.634885186109636
9363,61,3.6257606894944687,3.6259112317247317
9363,62,3.6301120223225474,3.6327149958602636
9363,63,3.6198753249916087,3.62564634575716
9363,64,3.6238992561681695,3.6140892238579756
9363,65,3.6313937148839694,3.6303316391354072
9363,66,3.6258378985830455,3.620166064143386
9363,67,3.6165019407490195,3.6271899626915904
9363,68,3.634939379555276,3.6179757925584934
9363,69,3.632622007036074,3.6337144125929663
9363,70,3.6180437471012836,3.6297363132381966
9363,71,3.619063514636209,3.6227846401412482
9363,72,3.6224993050394025,3.6346537866708184
9363,73,3.6338161021163065,3.614598127242679
9363,74,3.622955344610977,3.636039949430119
9363,75,3.6319235619477332,3.6334772324648243
9363,76,3.6223722145849213,3.6230415235354503
9363,77,3.6255769703162373,3.6246849702025514
9363,78,3.6271403907587745,3.6247599502848398
9363,79,3.620282618740411,3.634893604815115
9363,80,3.6257673423453154,3.6277149533300967
9363,81,3.6279065523028713,3.6255841305834635
9363,82,3.632643589909699,3.616203481896047
9363,83,3.6350271475223526,3.6293001069126487
9363,84,3.6295053123517267,3.623664656957157
9363,85,3.623984658925183,3.6288003172545955
9363,86,3.6379671919988086,3.6297417065907074
9363,87,3.6298810762884943,3.623284740636016
9363,88,3.616222126758956,3.6291052916664386
9363,89,3.626992987932773,3.6247584958240684
9363,90,3.6268718673069817,3.6251985363622956
9363,91,3.6192481858582872,3.6282185299864147
9363,92,3.6289737704265193,3.6260810316059975
9363,93,3.627292822646417,3.6332039725964824
9363,94,3.6371429565142455,3.6220349028750523
9363,95,3.6262439832986284,3.6349649976359
9363,96,3.6261995572893544,3.624337499515618
9363,97,3.636233894444682,3.6258702025490197
9363,98,3.6218650347144368,3.61834161226929
9363,99,3.6277702908865392,3.633539717303217
9697,0,3.492443333419019,3.4974878973201236
9697,1,3.4798514085312764,3.4881266016728465
9697,2,3.493767003432869,3.488140259351306
9697,3,3.4977266985413142,3.4928153393099657
9697,4,3.4999531592734705,3.4888220056388084
9697,5,3.494293828161131,3.491125567217394
9697,6,3.4899961982707866,3.488801846908692
9697,7,3.484257621415442,3.5006538208821163
9697,8,3.4941288266950665,3.498304219847255
9697,9,3.494570885766549,3.4875845061884805
9697,10,3.4864693118934134,3.493169913749555
9697,11,3.4926337736256294,3.4941158706951705
9697,12,3.4939272535831707,3.4969627768634632
9697,13,3.490688309500346,3.498242961800889
9697,14,3.495405838286212,3.4939350042679607
9697,15,3.489992020778046,3.492754650785018
9697,16,3.5022492430390777,3.487095135296894
9697,17,3.488292442261948,3.4912186381671133
9697,18,3.4914434330027575,3.484417789541874
9697,19,3.4952310877609154,3.4965309518995773
9697,20,3.4947989823182195,3.4871812678141842
9697,21,3.4896582720488887,3.48946714633299
9697,22,3.494633973976783,3.492935919656571
9697,23,3.4943215995358687,3.495544208017425
9697,24,3.4971015962174374,3.490348886705914
9697,25,3.487262986997411,3.499615261847655
9697,26,3.4874999460133562,3.485112082203698
9697,27,3.484125459798141,3.4936833766954303
9697,28,3.494129385154101,3.4846893721171033
9697,29,3.4924390442993314,3.494194086437389
9697,30,3.4883616076483186,3.488735976330355
9697,31,3.4968438874465746,3.491321168910768
9697,32,3.4893900048404487,3.5091018351250884
9697,33,3.485005197297119,3.489888796561971
9697,34,3.486681736490197,3.4941647560910303
9697,35,3.510153202929082,3.4813124537180262
9697,36,3.4970911024956766,3.4979469920749535
9697,37,3.4888110020221434,3.493565331403023
9697,38,3.4944901979709595,3.4948356429717977
9697,39,3.4937903612104644,3.4851452174617505
9697,40,3.4909979857012017,3.4887852775791353
9697,41,3.492371806722137,3.4939205439753347
9697,42,3.4930668207310744,3.496521078379515
9697,43,3.4855847939687137,3.480352344934687
9697,44,3.4897749470905515,3.4910068194158366
9697,45,3.4906752995806003,3.492183245850666
9697,46,3.495733897945029,3.49435211740387
9697,47,3.499082293172703,3.4877351578700155
9697,48,3.492190039567376,3.497448629756149
9697,49,3.492753543648293,3.48952383509607
9697,50,3.488955929691719,3.4929767121202824
9697,51,3.491597726327777,3.5020937085999884
9697,52,3.4913654680362334,3.490708241646777
9697,53,3.4896552877290676,3.4944808241136314
9697,54,3.4942506310505665,3.4866555343238748
9697,55,3.4879558880610544,3.4968474640093703
9697,56,3.489477012282088,3.488998131648429
9697,57,3.492527112111292,3.4920791886700684
9697,58,3.4910791284343388,3.4908810506344947
9697,59,3.4964730455518387,3.4939258832993096
9697,60,3.4782277757346005,3.4869309824121464
9697,61,3.499489484122201,3.4844956085702354
9697,62,3.49404603434822,3.485593588411219
9697,63,3.490123169142308,3.4921362714594637
9697,64,3.489276703297254,3.4901957304369224
9697,65,3.4933375330018652,3.4967241254310415
9697,66,3.48229097277515,3.4927933766048707
9697,67,3.489978098284507,3.4864519494839814
9697,68,3.487003567374043,3.49064101469281
9697,69,3.4901045336529806,3.5012254751897594
9697,70,3.4849109232028472,3.48946714633299
9697,71,3.4875807106736287,3.499429605157237
9697,72,3.480507711892446,3.493349618278474
9697,73,3.4848011126891105,3.492109944878769
9697,74,3.4888524221190904,3.484563283399623
9697,75,3.4809332566915274,3.490109878033935
9697,76,3.4826050991429107,3.491223894860414
9697,77,3.494462854576899,3.4897156776592264
9697,78,3.489303351453132,3.489904542126588
9697,79,3.4937025643667403,3.4895078319528268
9697,80,3.491052717750608,3.490521937273127
9697,81,3.497536217924827,3.5034692942016226
9697,82,3.497444979363103,3.4895517422241857
9697,83,3.488977752623261,3.4928798920112265
9697,84,3.488988997666528,3.4950727443058014
9697,85,3.497434235113624,3.4911329458413936
9697,86,3.4981903930546094,3.4890531520758516
9697,87,3.4858875385410486,3.497598035340079
9697,88,3.489641825467788,3.489630069609658
9697,89,3.487624169610605,3.4909147733140906
9697,90,3.483173580226565,3.494779936535858
9697,91,3.492216528009354,3.4857122110204313
9697,92,3.497388802793417,3.4948324636124273
9697,93,3.495575232198958,3.492928054172491
9697,94,3.481657195735794,3.485839412619976
9697,95,3.482874021616829,3.4978245980712335
9697,96,3.487629572519359,3.4991908404708507
9697,97,3.484362160652155,3.493303340831721
9697,98,3.4901879483770717,3.4908500413479433
9697,99,3.496691188212401,3.4927836735174442
10031,0,3.3549811067989004,3.3576995106148284
10031,1,3.353384837528337,3.3515865245767382
10031,2,3.3539565454612723,3.3562725121139505
10031,3,3.3563687306017385,3.3507701095288835
10031,4,3.360803299493699,3.3530847711325626
10031,5,3.353060971032483,3.3570997994771634
10031,6,3.355238248450326,3.3558713758382357
10031,7,3.3485779452389477,3.3506819775077683
10031,8,3.354298061378733,3.3566821801080358
10031,9,3.3531668499594054,3.3486897853674007
10031,10,3.351174916808487,3.3510159965829605
10031,11,3.3488744818244975,3.352068299561367
10031,12,3.348336083144005,3.3574436011597353
10031,13,3.35432966846905,3.35306859753718
10031,14,3.3454245693904663,3.3491040445439113
10031,15,3.3550568166658117,3.353610844466937
10031,16,3.360428390833568,3.357973469225614
10031,17,3.3541079822611493,3.354241871840317
10031,18,3.3528788078096383,3.3576236328241325
10031,19,3.357935074163712,3.35681419890445
10031,20,3.3608020343251077,3.3538269483458136
10031,21,3.356706564067004,3.3569456796570933
10031,22,3.350084451004024,3.356722055958397
10031,23,3.3551961887525468,3.3563832949394543
10031,24,3.3603198794121196,3.3593769735726795
10031,25,3.3520045034931356,3.363193437972431
10031,26,3.3565483363266924,3.3530847711325626
10031,27,3.360893015291107,3.352345459142228
10031,28,3.3455394820420827,3.350382767877559
10031,29,3.351383485670851,3.3479721117152006
10031,30,3.3543401114690377,3.3496856802791095
10031,31,3.348535546449215,3.3470810953072054
10031,32,3.3604934755554803,3.346210081276511
10031,33,3.3515713001517855,3.3569456796570933
10031,34,3.351893544240172,3.3563680087765446
10031,35,3.3504515912391346,3.3558266847569347
10031,36,3.351733646610577,3.3512758756133842
10031,37,3.357733959951551,3.344301727432938
10031,38,3.358606048044918,3.3494600309958744
10031,39,3.3471582284641914,3.356783999971507
10031,40,3.362524636631558,3.3480131121732097
10031,41,3.3591259901976365,3.3494979421928974
10031,42,3.3541457378366717,3.347946800127385
10031,43,3.350896024786567,3.3513452343863603
10031,44,3.359965121371039,3.352862858120093
10031,45,3.354018813953959,3.3501105749190057
10031,46,3.35528010443854,3.3522008278481024
10031,47,3.354680565118478,3.354281460345655
10031,48,3.3507726035548417,3.346205635183092
10031,49,3.348338008430612,3.356796737955022
10031,50,3.3461515133972295,3.3634005134105553
10031,51,3.3465278907775886,3.3524065725750205
10031,52,3.3486649310594063,3.352892477474667
10031,53,3.3617238454040534,3.362597800409837
10031,54,3.3532678759149044,3.3484041327296756
10031,55,3.35770398698167,3.351158160072074
10031,56,3.352749681345399,3.358166515965834
10031,57,3.3590070789516844,3.3552068291102497
10031,58,3.352854710655505,3.3576130525015278
10031,59,3.3457736599413876,3.35196199271834
10031,60,3.3509066660797733,3.354868497462741
10031,61,3.350064417698526,3.3524422050370424
10031,62,3.353076013873113,3.3598747419458457
10031,63,3.3551366687842425,3.353339393999196
10031,64,3.3412203693249602,3.349774892664869
10031,65,3.35579610260122,3.361932969371823
10031,66,3.3637984861196437,3.34958917161624
10031,67,3.3487260609568854,3.3591285778633524
10031,68,3.357667412743909,3.3498902163623363
10031,69,3.3522763996967604,3.3489511982764153
10031,70,3.351146077461159,3.348152985260317
10031,71,3.3427565831190327,3.355331662470903
10031,72,3.3547752920812406,3.35059568850642
10031,73,3.3561031258093887,3.3464011653884946
10031,74,3.3547804273442305,3.3563991051108806
10031,75,3.3525921099214,3.3547801001883286
10031,76,3.355563811002327,3.356783999971507
10031,77,3.3567349895966965,3.350398731072562
10031,78,3.344348942395355,3.361155901379817
10031,79,3.3504667389382874,3.3574624838930123
10031,80,3.350731183363485,3.351571926162735
10031,81,3.344099175235531,3.3498145739587306
10031,82,3.351426923518308,3.348724572211324
10031,83,3.3548285290150632,3.348928948064457
10031,84,3.352401701391866,3.348669878964263
10031,85,3.352956418095602,3.357831801339654
10031,86,3.3467305020646667,3.3517684218036443
10031,87,3.3496310125717006,3.3565146845369553
10031,88,3.3601556198247464,3.34482609980436
10031,89,3.3524175579976023,3.341218318021815
10031,90,3.354336724839072,3.3546910160255883
10031,91,3.352815811869555,3.3464011653884946
10031,92,3.3514765674195792,3.3578665640531398
10031,93,3.3507584107442963,3.352868924737293
10031,94,3.3520726279656827,3.354071209526215
10031,95,3.3473660853228457,3.3556668485850936
10031,96,3.347688377542423,3.357973469225614
10031,97,3.3496212969053216,3.355245517521502
10031,98,3.3452956827846743,3.3561135406620153
10031,99,3.3447056033250524,3.3500310977576957
10366,0,3.2053288550619485,3.2180333177570497
10366,1,3.2139373421848076,3.211235755280228
10366,2,3.2182055866104453,3.2162240557423454
10366,3,3.2048418421776166,3.222580508476145
10366,4,3.217928796427774,3.2130354714892784
10366,5,3.2130320961758536,3.218791862403515
10366,6,3.209265753552125,3.2091742587318914
10366,7,3.2110464074027183,3.2115804304040205
10366,8,3.2168368217081036,3.217704040270632
10366,9,3.213876243723213,3.2179255744923005
10366,10,3.210232668534019,3.215966617873431
10366,11,3.2088250859816916,3.217533338901577
10366,12,3.2070355562837194,3.2126828347718313
10366,13,3.217363213609205,3.2121075400295815
10366,14,3.213231308377332,3.2180494664942785
10366,15,3.2146645015425737,3.213439336614531
10366,16,3.2125815541458786,3.2189802190622943
10366,17,3.2165126907641644,3.2133863844007653
10366,18,3.213999319560048,3.2184654155938435
10366,19,3.2075658534149243,3.2125752506165743
10366,20,3.2143365539071698,3.203487546967406
10366,21,3.217775510461721,3.210256450443027
10366,22,3.206318813644106,3.217449959424919
10366,23,3.2050665821894566,3.206382349967345
10366,24,3.1996229272023506,3.2080655084306224
10366,25,3.214065895753373,3.211836180038134
10366,26,3.2058719303038057,3.2120124945240294
10366,27,3.2097680636705554,3.211793686734383
10366,28,3.2110951129710448,3.222901120368254
10366,29,3.2071069766376263,3.215139920688378
10366,30,3.2066389884550683,3.209945450305302
10366,31,3.2108821159804632,3.2107428388837644
10366,32,3.210707371592938,3.2133139160140485
10366,33,3.220313414545352,3.2146518010155614
10366,34,3.2150185006389944,3.2037795396730653
10366,35,3.2208797129740994,3.214522257334818
10366,36,3.2088523962535724,3.2134369146126867
10366,37,3.2136299034859293,3.2156395600704517
10366,38,3.217188349822488,3.21065793251208
10366,39,3.2182127392540316,3.2136642322289695
10366,40,3.20720348490623,3.209441856505178
10366,41,3.2111003006957826,3.214780900872956
10366,42,3.217066820986131,3.2115508214799573
10366,43,3.2160160328582084,3.2125878928303595
10366,44,3.201464905845844,3.21815333557945
10366,45,3.2242773641682647,3.2142937041339055
10366,46,3.2118856841329135,3.214348275654671
10366,47,3.2085204764988244,3.2153377099880904
10366,48,3.2145163703894517,3.214998138444827
10366,49,3.2163186847811023,3.210300416440702
10366,50,3.2122773773812594,3.2177752391599825
10366,51,3.1999184123943336,3.216287728915165
10366,52,3.2186171710977716,3.215730333960946
10366,53,3.2073327125382134,3.2215380160734957
10366,54,3.204316563771096,3.205828877595413
10366,55,3.2213501173887873,3.205698288317529
10366,56,3.2195615361851524,3.215446358059026
10366,57,3.2117981654203094,3.2081768098087107
10366,58,3.2033159165145433,3.2232536333983015
10366,59,3.2076999269214443,3.2126515542407312
10366,60,3.2169573322167437,3.2126204143560004
10366,61,3.209838954124967,3.2187794414964706
10366,62,3.2115901549407457,3.2121618137144567
10366,63,3.204312927834578,3.217478430456067
10366,64,3.2174566657657446,3.2215093811351205
10366,65,3.2127818762125013,3.212816836566942
10366,66,3.2141400921540146,3.2199587350355023
10366,67,3.2023627243203316,3.2147292023120175
10366,68,3.2147065591872046,3.21364470867805
10366,69,3.2117718873593044,3.2145499100062818
10366,70,3.216235293597666,3.217022803709665
10366,71,3.2118207742423186,3.216355406351196
10366,72,3.2126464921888545,3.2175156729766052
10366,73,3.2066069797716357,3.212383515469505
10366,74,3.214350943919323,3.2111734758477715
10366,75,3.204513069360787,3.214787470332782
10366,76,3.209888628689277,3.2089023024526697
10366,77,3.212936405579924,3.2131371495981242
10366,78,3.2180169908291134,3.20706301427377
10366,79,3.209217539650365,3.2098940289823905
10366,80,3.211264641547653,3.2110025331024334
10366,81,3.2187080109013477,3.2185434656470724
10366,82,3.210755653337078,3.212485817151181
10366,83,3.220620241302423,3.209353356145064
10366,84,3.2135959970736785,3.216478500208002
10366,85,3.20448597282885,3.2101805796578016
10366,86,3.205632648709762,3.2130942757212857
10366,87,3.216540337171938,3.21170007427372
10366,88,3.2072073797129343,3.2203746698898317
10366,89,3.2142891893851604,3.2145169775270857
10366,90,3.219497706163734,3.2120059052236454
10366,91,3.208832594288034,3.21379808956496
10366,92,3.2129583144161966,3.2188306589991735
10366,93,3.217949689107167,3.225556228960537
10366,94,3.207970484295424,3.2221250549234797
10366,95,3.209690877357619,3.2125860035754066
10366,96,3.204140488494577,3.221505283893555
10366,97,3.2102664283328273,3.204590171997546
10366,98,3.210233579593761,3.213823941140205
10366,99,3.212755353991987,3.211192032006791
10700,0,3.0632096033914578,3.0617191155134496
10700,1,3.071370211010059,3.070210621102706
10700,2,3.063369779638763,3.065100738144202
10700,3,3.0568290734697583,3.0760306717967634
10700,4,3.0787587751019165,3.0662827171158424
10700,5,3.0630752024532653,3.0690679203901534
10700,6,3.064782790985544,3.0633382778087888
10700,7,3.0635816866028147,3.0693215588919
10700,8,3.0676816071911297,3.071944588198047
10700,9,3.065757387577817,3.072669827477798
10700,10,3.06813239069423,3.0687217533457014
10700,11,3.0625684921147505,3.071864505697899
10700,12,3.0579802728382153,3.0653778066655253
10700,13,3.068038215412683,3.064173641526415
10700,14,3.067164778044811,3.068076332547393
10700,15,3.062602582826594,3.069049657929239
10700,16,3.0734046573051823,3.068772897064333
10700,17,3.0637857280007217,3.068387709204
10700,18,3.076940402486041,3.0724435809816315
10700,19,3.072960615651412,3.0722066922313918
10700,20,3.071972955968112,3.0695825362529554
10700,21,3.061623760290731,3.0697460801413814
10700,22,3.0706603984616216,3.0634597821843834
10700,23,3.0644441871012944,3.0712743472965887
10700,24,3.0694410094946925,3.0735087446132825
10700,25,3.068336731851636,3.073286020738024
10700,26,3.069450623621342,3.071542778818547
10700,27,3.0715430504385157,3.068169448354506
10700,28,3.066805760425279,3.06864896563516
10700,29,3.0638291606817836,3.0672011247957176
10700,30,3.064738007788755,3.066124515752682
10700,31,3.066453724546954,3.06792513281321
10700,32,3.064576004851241,3.0729575077318123
10700,33,3.062569527703712,3.0643283375063413
10700,34,3.0643786194460856,3.0707482554180783
10700,35,3.0738011309496076,3.0678753544246997
10700,36,3.073777119633412,3.076237973320517
10700,37,3.0578503848060636,3.066620465288087
10700,38,3.067758977064468,3.0731374396468953
10700,39,3.0605530176983846,3.0750339800508537
10700,40,3.077247613716875,3.068714474970139
10700,41,3.06463054521066,3.0762782874974266
10700,42,3.0620437502721862,3.0703343140615575
10700,43,3.070379642614746,3.065902618253745
10700,44,3.07490566564053,3.065201999363781
10700,45,3.062849726488581,3.0730453745538475
10700,46,3.0586313334328397,3.06586764626093
10700,47,3.063326565052251,3.0697575226470515
10700,48,3.0671435729350214,3.069861510788961
10700,49,3.06283424119649,3.065592469206376
10700,50,3.071975056039642,3.0687386620543244
10700,51,3.0761454199310174,3.0714529168472096
10700,52,3.065297691816927,3.0694757367427736
10700,53,3.0672084063058915,3.066017453379205
10700,54,3.0741160868792186,3.0709151446955336
10700,55,3.0596914963562774,3.067615498113925
10700,56,3.064534784473707,3.0714043372097626
10700,57,3.068433365288801,3.069369612039849
10700,58,3.0653309681229692,3.0686015406850253
10700,59,3.063971750060698,3.065295324408118
10700,60,3.0720507573350964,3.0659936525896696
10700,61,3.0610930444332602,3.071832148041449
10700,62,3.0735933624747425,3.071377664842272
10700,63,3.069470694274187,3.0711083718315484
10700,64,3.0672283064535204,3.0722823606481837
10700,65,3.0702400774563663,3.0675752534330676
10700,66,3.0669564347146547,3.062716645394408
10700,67,3.0623405899602574,3.073001962593416
10700,68,3.0639735454403065,3.0716937886603612
10700,69,3.065983972823168,3.0675990582010253
10700,70,3.0707435836591683,3.0646713879318757
10700,71,3.0701596102677895,3.0725298535256766
10700,72,3.070402887505807,3.06346242992944
10700,73,3.068437054746893,3.0717910285750736
10700,74,3.069925930463783,3.067048038548013
10700,75,3.0791230481424274,3.0665355950001425
10700,76,3.0666791632959987,3.0644725634085987
10700,77,3.061305953032296,3.06393216037265
10700,78,3.0690096000576275,3.071407470266503
10700,79,3.0667008985110003,3.071194118216914
10700,80,3.0686639677991177,3.0629876685917585
10700,81,3.0694488096013894,3.0706386956896616
10700,82,3.0761529121709397,3.0647120810093345
10700,83,3.067019455163161,3.067280698368538
10700,84,3.065271891114787,3.0650054902514423
10700,85,3.0769572920173456,3.0676592687180477
10700,86,3.066366836475232,3.0690380033629037
10700,87,3.064352443336452,3.061742838426979
10700,88,3.0690692043778744,3.066601102290408
10700,89,3.059055385758767,3.0697575226470515
10700,90,3.0648946652085813,3.0666098131919304
10700,91,3.0613629673162945,3.0653084641660744
10700,92,3.0743093769649392,3.0705812134648567
10700,93,3.065958847793718,3.067424022972891
10700,94,3.0640689350206793,3.0695120063468893
10700,95,3.0672703383935485,3.0766986163387617
10700,96,3.0702376037340677,3.066065458514209
10700,97,3.0733771042473514,3.071041397560635
10700,98,3.072579980687849,3.0687806683769097
10700,99,3.0705785087501747,3.071832148041449
11034,0,2.9194071337504384,2.922373082105787
11034,1,2.9187046360706743,2.926894673381059
11034,2,2.91584212919044,2.924920387338315
11034,3,2.9120636368255433,2.9259298866301604
11034,4,2.9146140036434938,2.9267662811436557
11034,5,2.912522993246555,2.917208300029573
11034,6,2.9221642699121073,2.918395563934612
11034,7,2.922494557867335,2.920818722975983
11034,8,2.916220186157227,2.9204238663542115
11034,9,2.9222485724718426,2.9256910770344478
11034,10,2.920078064875421,2.9127032453165813
11034,11,2.923107923607847,2.9254699602797056
11034,12,2.9232994822330114,2.9181851577025486
11034,13,2.9238026177879917,2.9266721961800855
11034,14,2.9206079067332653,2.9204776344585626
11034,15,2.9272929239281416,2.9213613373587437
11034,16,2.924661583739148,2.9153591818972866
11034,17,2.9218726643626787,2.9215853675518115
11034,18,2.9312497110272995,2.9218409230619247
11034,19,2.9209878708299892,2.922836119925133
11034,20,2.9266257415571304,2.933298446887855
11034,21,2.921447709081161,2.926655000473718
11034,22,2.9252046767113056,2.9190037017238333
11034,23,2.9197038427741844,2.9281433704448028
11034,24,2.926508308753926,2.915627491662469
11034,25,2.915271257376405,2.924225269987278
11034,26,2.9181080390788487,2.9230970192683645
11034,27,2.918270536317451,2.9207739777601693
11034,28,2.9239612531493355,2.9181032732886134
11034,29,2.926016743252463,2.919974701312221
11034,30,2.9217231832386226,2.9177303633958016
11034,31,2.9217012303073826,2.9275688207925223
11034,32,2.9274837961979743,2.9113706535752155
11034,33,2.922240933623776,2.9238411816750594
11034,34,2.9218455435111785,2.9251900237150594
11034,35,2.92151217731491,2.9242652485043514
11034,36,2.9253378241739916,2.923424798621691
11034,37,2.9247522396364634,2.9272820961526596
11034,38,2.919768827992824,2.9222453973449793
11034,39,2.914783017844902,2.9190425877249266
11034,40,2.9167966456348666,2.920645371829388
11034,41,2.9287675473512307,2.9091494772345263
11034,42,2.916690873781775,2.9168871389305133
11034,43,2.9198710618970023,2.931936086405268
11034,44,2.9188600180000517,2.9199414467168996
11034,45,2.9312785848938754,2.923725201041417
11034,46,2.9209435819718075,2.9145377840841418
11034,47,2.9181508701763392,2.919799834416829
11034,48,2.915247357832919,2.9286063893199517
11034,49,2.9249142820949556,2.922653624803916
11034,50,2.922000534848753,2.915419125099086
11034,51,2.915475211792888,2.9241561188549303
11034,52,2.9295643002191176,2.9181485951473474
11034,53,2.915297414328556,2.9213053107193305
11034,54,2.9261886087523954,2.9281345396774676
11034,55,2.918812344418656,2.9138749626257607
11034,56,2.9226431607929184,2.91797405309039
11034,57,2.9119585911203574,2.9252429797594286
11034,58,2.921256898905478,2.91573070745597
11034,59,2.921267787841448,2.922877849412978
11034,60,2.918193552039875,2.9139687591642565
11034,61,2.9230266314274425,2.9227917218099804
11034,62,2.9143674842409593,2.9181730017985594
11034,63,2.924483548225889,2.9250697654094697
11034,64,2.921446506690909,2.913528158148983
11034,65,2.91904426881449,2.914328682303398
11034,66,2.919399194747008,2.9226538463068703
11034,67,2.9172049341735495,2.921626626451952
11034,68,2.9156587112501806,2.9184528773651426
11034,69,2.923136572539332,2.9128845889665884
11034,70,2.920153591268272,2.928131941240311
11034,71,2.9248936996263666,2.9214648105234584
11034,72,2.9134380667592144,2.924285739854406
11034,73,2.9247061967018047,2.9134969690256205
11034,74,2.92210339963295,2.9169269570853076
11034,75,2.9194756611820836,2.911535481268526
11034,76,2.916134116878507,2.9181953022127463
11034,77,2.923300320027334,2.921129370521803
11034,78,2.92293720914582,2.9158110534819737
11034,79,2.9210844663181192,2.9100813270113637
11034,80,2.91848353402167,2.9167722897022292
11034,81,2.9213524142529175,2.924478577027184
11034,82,2.9289864691523344,2.9248148110063035
11034,83,2.9167704694866243,2.917656435100943
11034,84,2.9255161967698182,2.9195416304567194
11034,85,2.918465736588163,2.924482894649793
11034,86,2.9173853585313,2.9216345251265463
11034,87,2.9198637890626165,2.9197352305396613
11034,88,2.915471560616987,2.921696030338681
11034,89,2.921531761373591,2.919432037302313
11034,90,2.922763048415881,2.916010796820103
11034,91,2.925760558110304,2.9224060625676054
11034,92,2.9133880309651157,2.920456448057558
11034,93,2.921504940128945,2.9226255032537654
11034,94,2.9227311824251885,2.922122234575373
11034,95,2.9232444472845427,2.922009569290795
11034,96,2.9219158884581877,2.9168283068559546
11034,97,2.9171972555497843,2.9281345396774676
11034,98,2.9202302772909703,2.9208719161347
11034,99,2.9184634701522816,2.9236628728311893
11369,0,2.770021921786926,2.7741573576188436
11369,1,2.775531035625353,2.7777777085918633
11369,2,2.7705358278510968,2.7825447362135143
11369,3,2.7709685628122447,2.778008578507264
11369,4,2.7670464647969926,2.772645040826206
11369,5,2.7681063353069177,2.7753762350469806
11369,6,2.777910961864391,2.7732139121353607
11369,7,2.7653044815345487,2.777801535658372
11369,8,2.767768166248426,2.7764919452053625
11369,9,2.77260272872105,2.7810266638588845
11369,10,2.774825568384242,2.775570613594638
11369,11,2.7774209307450013,2.77512136489974
11369,12,2.7689269859135983,2.775749884965863
11369,13,2.7735364821293067,2.7794033383343453
11369,14,2.766749550107583,2.776737484391244
11369,15,2.7766858698223817,2.776419250078005
11369,16,2.779096074520047,2.778024202444542
11369,17,2.772746381459844,2.776737484391244
11369,18,2.7682195463302897,2.7738196750697885
11369,19,2.7692430104197037,2.7753935744461735
11369,20,2.7750617347504956,2.7749675345032245
11369,21,2.7761952653796,2.773434633813326
11369,22,2.767343383034536,2.771985938432364
11369,23,2.776190666072941,2.771803373130369
11369,24,2.7602147598663165,2.770854996093113
11369,25,2.7714773057519575,2.7753783132169363
11369,26,2.77122207447071,2.774613900416138
11369,27,2.7791225743702452,2.776491890191592
11369,28,2.776713433181308,2.7783093724701278
11369,29,2.776442829290418,2.7756269283644603
11369,30,2.7763103918384906,2.779120798907747
11369,31,2.7793790035616492,2.7756269283644603
11369,32,2.7765766743821447,2.774754132304029
11369,33,2.7760757275080135,2.7805230742846674
11369,34,2.771057112312302,2.774005616484872
11369,35,2.774625157170408,2.7756894303964925
11369,36,2.7705080331798455,2.7700036777893153
11369,37,2.769669655948764,2.775278552387567
11369,38,2.7767745918411566,2.7685158573920967
11369,39,2.7798918669655253,2.7772668855900533
11369,40,2.7753651290738413,2.773678137746835
11369,41,2.7696282076509133,2.775718893031703
11369,42,2.770714548805617,2.7768050738288865
11369,43,2.771154500768648,2.768194976858876
11369,44,2.771473476058167,2.777264980312146
11369,45,2.77187188446011,2.7693811101401753
11369,46,2.7709105366282816,2.7781298857968104
11369,47,2.7749761317263255,2.77671672500541
11369,48,2.7729892234605553,2.7743809255481438
11369,49,2.768820641547392,2.778038831473912
11369,50,2.7690504482364138,2.769085884468704
11369,51,2.7699539537287,2.7637150769104606
11369,52,2.774476912708533,2.7715014926597323
11369,53,2.7733153981366208,2.769175323363558
11369,54,2.7742694026427195,2.775434326819544
11369,55,2.778815643207207,2.7737642741909485
11369,56,2.768065136477399,2.778567926105323
11369,57,2.767391270329663,2.774613900416138
11369,58,2.771270707706617,2.7769497692828646
11369,59,2.7742221869997046,2.7779014974428478
11369,60,2.777594157307913,2.7767202907626642
11369,61,2.7696010390866412,2.7791067813503885
11369,62,2.7671537443089043,2.7742022197955745
11369,63,2.7680899216154238,2.7744189254451497
11369,64,2.763218907575797,2.7726636028119676
11369,65,2.7701490628229832,2.7784144077479103
11369,66,2.7667059296584338,2.7773182397446443
11369,67,2.7757512364478663,2.77704294665522
11369,68,2.7762673702516505,2.7785344036559394
11369,69,2.7738093456869786,2.7746713764410718
11369,70,2.7723787105663114,2.775825261921733
11369,71,2.7662581850608468,2.7672732605473276
11369,72,2.776023922961274,2.7703006377052906
11369,73,2.7691570937945005,2.776555551485319
11369,74,2.7695320215741566,2.770040835998056
11369,75,2.773631184551426,2.7811295296998404
11369,76,2.7667733698164247,2.772478218556381
11369,77,2.7715098066143535,2.7701378753209296
11369,78,2.771666966355546,2.776536991143897
11369,79,2.775769817507068,2.7741573576188436
11369,80,2.771040774543762,2.7763314894300604
11369,81,2.7751865939961333,2.7737404657854863
11369,82,2.7751592182231706,2.7776418484444525
11369,83,2.7701762723743326,2.7788498638785417
11369,84,2.7759668021598776,2.776630549690766
11369,85,2.7763387240582325,2.7731357642001067
11369,86,2.774800412647884,2.774350755181789
11369,87,2.7667476999073695,2.7731909794080862
11369,88,2.769661612205586,2.776865761136644
11369,89,2.7654004029078982,2.776599831123399
11369,90,2.764972886997377,2.7777838836535134
11369,91,2.7705844988707122,2.772889539161564
11369,92,2.776756119818737,2.777164009551861
11369,93,2.7703489692426397,2.778493945925157
11369,94,2.7756750763301374,2.7745202829923565
11369,95,2.7714290769476038,2.7866699584419945
11369,96,2.7686780682685916,2.7677562145510652
11369,97,2.7728606775422846,2.773406391801881
11369,98,2.7717798959091935,2.7784144077479103
11369,99,2.7754287439709406,2.7746713764410718
11703,0,2.6192927631418463,2.6211631961983533
11703,1,2.6223943092899007,2.6184056290764803
11703,2,2.6183721143044014,2.620480890571203
11703,3,2.621430649600069,2.6171136985295953
11703,4,2.6172454911650402,2.6284994449426438
11703,5,2.6200997834351227,2.619789910395016
11703,6,2.618464621766662,2.619613888533195
11703,7,2.6212363129018215,2.6234740160274597
11703,8,2.630477586518862,2.6203626839298875
11703,9,2.6200461036064375,2.6179727275119777
11703,10,2.6171057960180506,2.6205948809886124
11703,11,2.6198877746031037,2.6220748587165814
11703,12,2.6181888892162353,2.624755857121409
11703,13,2.6156927491811204,2.621946196765306
11703,14,2.6231436027899595,2.616637477303006
11703,15,2.617921315999053,2.6187154280542835
11703,16,2.629314297753876,2.6234632701970977
11703,17,2.6222707609086133,2.626630990888877
11703,18,2.6170741216099245,2.6284994449426438
11703,19,2.61983556951978,2.6232601698511173
11703,20,2.619622792807629,2.6194764880826984
11703,21,2.6287729010507945,2.6194522708896524
11703,22,2.6207772061546515,2.625846726720416
11703,23,2.624350095192569,2.621883366552517
11703,24,2.6183966375958114,2.6196543798145266
11703,25,2.616679477413825,2.6219544883496733
11703,26,2.619517852397553,2.616990180052388
11703,27,2.626363673964441,2.6165398850679673
11703,28,2.615864707983867,2.6205648530754377
11703,29,2.619069676380381,2.6211657784199445
11703,30,2.6162041109477365,2.619249366416935
11703,31,2.6189272006201927,2.624369013255027
11703,32,2.6225843552304293,2.620807554373217
11703,33,2.6163169694972015,2.624227787505643
11703,34,2.6202935563489165,2.6173920811237648
11703,35,2.625795748959046,2.625846726720416
11703,36,2.619420218236478,2.6178152611508434
11703,37,2.615140399157145,2.6210273075523327
11703,38,2.612626471987564,2.6230773973349417
11703,39,2.6210819220039556,2.62266869740228
11703,40,2.6206329745410324,2.6176673774634875
11703,41,2.6215971881672937,2.6236355520219554
11703,42,2.6190932639152145,2.6183568693665245
11703,43,2.620858978813329,2.617657630312896
11703,44,2.614726412508055,2.6219620719009904
11703,45,2.6250933965375327,2.6215719089169247
11703,46,2.613389421326937,2.625266417436334
11703,47,2.626117246546934,2.619474802302417
11703,48,2.6248563102854052,2.6291953814005153
11703,49,2.6215688593132294,2.6171210858964673
11703,50,2.6195521954399594,2.6281653467031676
11703,51,2.6173703847626446,2.6199284851523883
11703,52,2.6176951573912244,2.6207191929029454
11703,53,2.6159244160665724,2.615910584103846
11703,54,2.616142036238034,2.61937795070363
11703,55,2.6227330058865594,2.6261190489470523
11703,56,2.6193697188261784,2.6167747133156407
11703,57,2.6190864390440542,2.6170433361788255
11703,58,2.61877730344408,2.6215899218880083
11703,59,2.623970824914043,2.6232752299836792
11703,60,2.624627139557714,2.62124299215298
11703,61,2.6125008745629654,2.6203547384683885
11703,62,2.6163149212591565,2.619054787959458
11703,63,2.620808789641475,2.623452337081352
11703,64,2.621034031671812,2.6093674523471755
11703,65,2.621309634112112,2.6175444654398374
11703,66,2.6242324301746294,2.6169677638919415
11703,67,2.619357180466267,2.6257678220184
11703,68,2.6189113814268827,2.6225488647907307
11703,69,2.6228171690000397,2.6227832605548107
11703,70,2.621070674700001,2.6183565323066484
11703,71,2.6215781497480344,2.6228860294107315
11703,72,2.6263278467177287,2.616288783731456
11703,73,2.6250932263347995,2.618973686373425
11703,74,2.62732274704237,2.626356790683924
11703,75,2.6156660125413898,2.621084598775408
11703,76,2.620227243486398,2.624656348044714
11703,77,2.6242929171438156,2.62362705516567
11703,78,2.6231060105665613,2.6197665681483353
11703,79,2.6223722564169454,2.6209403033517567
11703,80,2.618348339834905,2.6224961821094523
11703,81,2.6211335618945273,2.6221020816141802
11703,82,2.6227031820007998,2.627250995071991
11703,83,2.6200166401418454,2.624770552329313
11703,84,2.623220567829084,2.6200464015332563
11703,85,2.6160027606766114,2.6209486921048595
11703,86,2.617531886238948,2.6202193871325687
11703,87,2.6167668032870575,2.628905149132693
11703,88,2.624194736156091,2.6093674523471755
11703,89,2.6225895119142746,2.619258393191765
11703,90,2.6253552409376057,2.6183269671580875
11703,91,2.617668947126272,2.6183269671580875
11703,92,2.610194904372288,2.620484815658374
11703,93,2.624059593101082,2.6143317156826957
11703,94,2.61353112967237,2.6224194342492164
11703,95,2.61900865961246,2.627157187365146
11703,96,2.616884797348896,2.623659639389971
11703,97,2.621069203748919,2.623106354815447
11703,98,2.6238346383039524,2.6176299769188973
11703,99,2.623784212455353,2.618475572819972
12037,0,2.4671424078774358,2.467613930472453
12037,1,2.46211198012968,2.468565126718219
12037,2,2.46543645417322,2.467730499388293
12037,3,2.4677081446285642,2.4614277944722156
12037,4,2.461982580810823,2.466979317424107
12037,5,2.463055799227468,2.475357617036223
12037,6,2.4675430949097157,2.4736032832377943
12037,7,2.463326271015449,2.470798945043072
12037,8,2.4672111118341102,2.4706931793210676
12037,9,2.466401628025598,2.4640876540789374
12037,10,2.4638443814788853,2.470273998507834
12037,11,2.4676726705264582,2.4683356824034037
12037,12,2.464174965627193,2.465892806894739
12037,13,2.4689011827628815,2.4669322633216884
12037,14,2.4655740337437266,2.469646474945106
12037,15,2.4575413414126737,2.460925508750321
12037,16,2.4712535938649873,2.470839167201396
12037,17,2.4582352516786825,2.4741518688999338
12037,18,2.46978693382708,2.472342629556565
12037,19,2.4665494024217565,2.464134023971467
12037,20,2.4611876561948978,2.462441609420285
12037,21,2.4648755211056295,2.467421380504977
12037,22,2.46493776043876,2.472202956192737
12037,23,2.4601633607262268,2.472143219257919
12037,24,2.462884283734917,2.4689602817573384
12037,25,2.466064175618834,2.464200921450222
12037,26,2.4676973298094085,2.469731774878975
12037,27,2.464601838696791,2.4705799168757694
12037,28,2.461891373309266,2.470429532906715
12037,29,2.4695674643352685,2.4696399852274404
12037,30,2.4697028124638014,2.4653837796837155
12037,31,2.463040250255303,2.4634321678695823
12037,32,2.466404262557455,2.4637552606641537
12037,33,2.463942048870753,2.4670771454697538
12037,34,2.4685069632363548,2.472056396175276
12037,35,2.466298735459047,2.465149552280494
12037,36,2.463181460320387,2.4650683336266463
12037,37,2.4687611907961666,2.4672180646524127
12037,38,2.458443122780147,2.4709553595591345
12037,39,2.461104481245771,2.461834303421793
12037,40,2.467529074198316,2.471169622978519
12037,41,2.4669425129989033,2.467404843465775
12037,42,2.460659751449168,2.466811211978239
12037,43,2.4683383092482196,2.4634478462633678
12037,44,2.4650343090515094,2.4719535934945767
12037,45,2.4588126153528362,2.467735353935036
12037,46,2.462391617895499,2.467064587089462
12037,47,2.463745788071551,2.467831848527691
12037,48,2.4671546833698668,2.462920915225148
12037,49,2.4628712354412263,2.4665067753802217
12037,50,2.464447919930265,2.4708730208056715
12037,51,2.463659494575362,2.4746747410988084
12037,52,2.471284460561,2.463004034472505
12037,53,2.468334084753133,2.4628659660494083
12037,54,2.465094479487894,2.4713407414826056
12037,55,2.4699486037164378,2.463034908137408
12037,56,2.46958076752,2.468899314127096
12037,57,2.4723104482822977,2.465543189825115
12037,58,2.4603464421913155,2.4640080406250453
12037,59,2.4651232955454496,2.4694334544607432
12037,60,2.4617090593615942,2.4661348736227136
12037,61,2.4732329964857804,2.4735010955571224
12037,62,2.472509265270659,2.4685167163974846
12037,63,2.4650011889973578,2.4629777477678942
12037,64,2.466651726525291,2.46830281444476
12037,65,2.46789387437588,2.46794187612648
12037,66,2.4613111104414553,2.464081956703767
12037,67,2.4660152295112074,2.467315231818754
12037,68,2.4680399581998373,2.4665773002324256
12037,69,2.4675243338091963,2.469024513724723
12037,70,2.462381616671704,2.4681933561655796
12037,71,2.4594714521234455,2.4681417607054335
12037,72,2.465966302333821,2.4632345969776006
12037,73,2.4669192055053957,2.47415172496501
12037,74,2.4635435288395513,2.4672646556598474
12037,75,2.4654150229710305,2.468699190704206
12037,76,2.4624757146438565,2.467292836866329
12037,77,2.468270756219421,2.47144536461403
12037,78,2.466106090893948,2.4648339727360526
12037,79,2.468110090074642,2.465459034718381
12037,80,2.4747860346971793,2.4679473255221662
12037,81,2.4713425356884873,2.4717048343576584
12037,82,2.464222727672243,2.4658493345624333
12037,83,2.469177057519733,2.4643764969324358
12037,84,2.4703353776756827,2.4701366419536086
12037,85,2.4622685761068555,2.46520806460477
12037,86,2.4673970279342132,2.4677102997754474
12037,87,2.4621834518338845,2.4624756412137687
12037,88,2.463830437760178,2.4699094204989316
12037,89,2.4656563889441925,2.471692904711191
12037,90,2.466126054848121,2.469024513724723
12037,91,2.4659179292145934,2.467718636639821
12037,92,2.4668459127897373,2.466954303088191
12037,93,2.4696336397870544,2.4670223493194827
12037,94,2.4606866613552527,2.468693396864804
12037,95,2.458710829624936,2.470195522860374
12037,96,2.470392475397469,2.471692904711191
12037,97,2.4651769417545055,2.460667222582899
12037,98,2.461650759129573,2.4595942531872064
12037,99,2.465919315573214,2.464765209331309
12372,0,2.306241744464977,2.3079464213059424
12372,1,2.3118386108538425,2.3119495578977274
12372,2,2.3022199107599457,2.310133396990678
12372,3,2.3074125692846525,2.3051675527011564
12372,4,2.3039070684416676,2.3013296762465765
12372,5,2.305757261148942,2.308945670669189
12372,6,2.3077057042551603,2.3072555000854402
12372,7,2.313057808658831,2.3036238446521478
12372,8,2.3092099820686003,2.306165866923503
12372,9,2.310074709503409,2.3141753121378024
12372,10,2.3097111437264477,2.3100272044680144
12372,11,2.3026146626461967,2.3021580538175566
12372,12,2.313678483728183,2.310063126921444
12372,13,2.307172223250773,2.3058434436090236
12372,14,2.3096822876057526,2.3084669194481284
12372,15,2.3042644121725484,2.3065902461219276
12372,16,2.309712083120453,2.304506814470721
12372,17,2.3060906633386953,2.309464188193353
12372,18,2.304038072218166,2.305841630179068
12372,19,2.3052558973933377,2.3072649424743004
12372,20,2.302616205507353,2.3059274329331436
12372,21,2.3129706070870335,2.30676945346548
12372,22,2.3025462443704483,2.306828642588896
12372,23,2.3128715289039197,2.305320658423994
12372,24,2.303189277542531,2.307735030719261
12372,25,2.305332355489029,2.3075210076121344
12372,26,2.3064532707624688,2.309354043308334
12372,27,2.305766359298262,2.3132107400814763
12372,28,2.305541397079254,2.30695068590369
12372,29,2.3037400334435505,2.3098747311500003
12372,30,2.3114131048403572,2.306241430738597
12372,31,2.304517060888607,2.3063020149032183
12372,32,2.3079601075458163,2.300985436873522
12372,33,2.307530390014879,2.308003097222276
12372,34,2.3087794024520405,2.3122131222573086
12372,35,2.308599312142377,2.309691868308961
12372,36,2.3066254604610634,2.313159841880557
12372,37,2.303048291513531,2.3093982373362323
12372,38,2.3093791766729526,2.307428308937282
12372,39,2.3164356622882982,2.3064433578291696
12372,40,2.3011537243638047,2.305386829412766
12372,41,2.311846013089145,2.3077384583411322
12372,42,2.304546462912257,2.3038439825957466
12372,43,2.3069283356026435,2.3074702827659643
12372,44,2.3064019480906497,2.3070403602094203
12372,45,2.3099611982731507,2.307486141342604
12372,46,2.3056726079951244,2.3121296804728035
12372,47,2.3043972595496873,2.3005153357806294
12372,48,2.310585816477501,2.3123940674004126
12372,49,2.306957558539062,2.30876622168897
12372,50,2.3053192643257665,2.3118843177729493
12372,51,2.3099138286665863,2.306443319917903
12372,52,2.3109115580543222,2.305702975803837
12372,53,2.3105127471804003,2.30616518616308
12372,54,2.3039590775910943,2.3074980291807488
12372,55,2.30742599401969,2.3111265994439645
12372,56,2.3023002420856673,2.3049411224268423
12372,57,2.3087258119373995,2.3076391415774036
12372,58,2.3035277476723524,2.3074687214161993
12372,59,2.306500396259722,2.3112561443724235
12372,60,2.3026513743220214,2.30592294295175
12372,61,2.308920998883617,2.306346621224253
12372,62,2.3090350431771216,2.309941765242259
12372,63,2.307573883294689,2.311670109125937
12372,64,2.3105594954126474,2.3059172592885595
12372,65,2.312294393165881,2.31058487688301
12372,66,2.302241218115619,2.3068603773614016
12372,67,2.310338759153589,2.3055107977181573
12372,68,2.30511087619234,2.308619901362805
12372,69,2.3073128454836644,2.312437578363438
12372,70,2.3042969317974813,2.312126942192849
12372,71,2.3063224856833093,2.302589678372869
12372,72,2.305281775500756,2.3109949619502803
12372,73,2.3061259536470926,2.311344603264115
12372,74,2.3092946794488016,2.304017541889795
12372,75,2.310081602130219,2.3084800648440043
12372,76,2.3098538899506016,2.3092082060100676
12372,77,2.308528994560066,2.313233545884186
12372,78,2.3080290478149292,2.3093865137250464
12372,79,2.3102915808967093,2.305188766988738
12372,80,2.3090320315615607,2.3120490527166977
12372,81,2.306595510580881,2.3072555000854402
12372,82,2.312360431917821,2.3079102208847706
12372,83,2.3118978654884463,2.3104533190271006
12372,84,2.3124824168370535,2.3112901456591297
12372,85,2.313362517898822,2.3071437708648883
12372,86,2.307090846090732,2.3055488445739427
12372,87,2.3061160746359493,2.308764800647348
12372,88,2.3106384968722855,2.305885364032974
12372,89,2.309669878332378,2.310326908174144
12372,90,2.3070650277411793,2.30507309409676
12372,91,2.30792511087503,2.3038316398868717
12372,92,2.3027759637821195,2.303522006845344
12372,93,2.3011155767133524,2.3029670516244134
12372,94,2.30927214151086,2.3056487557871055
12372,95,2.307729790683114,2.3055126925699274
12372,96,2.312148325469654,2.3023862759641367
12372,97,2.311890749761352,2.308659842670824
12372,98,2.3126425746783537,2.3108209742683434
12372,99,2.308424987959219,2.3087081500425697
12706,0,2.146378015636836,2.1443294624245026
12706,1,2.1513996612056694,2.1446865189067394
12706,2,2.1467013730162017,2.1485864368585466
12706,3,2.1383475974098554,2.148164360605071
12706,4,2.141481807089467,2.146691772597933
12706,5,2.1402776026853356,2.1488336414966094
12706,6,2.1459287028825145,2.148354478557079
12706,7,2.14405533470628,2.147169790274058
12706,8,2.1437838943110665,2.143038227265016
12706,9,2.1476796623637884,2.1473878653178096
12706,10,2.1460600597928967,2.1512425644671542
12706,11,2.1479639636747483,2.1470709946281605
12706,12,2.1500140522944866,2.1473654567189726
12706,13,2.148613417105309,2.1473416119098534
12706,14,2.151117703019954,2.146450533779113
12706,15,2.1431028296315557,2.1447779709859365
12706,16,2.144194452348812,2.148528410419468
12706,17,2.142689951293764,2.1484385848580745
12706,18,2.1520980324002528,2.143529534780073
12706,19,2.1490841509020333,2.147147708277419
12706,20,2.1489907173951055,2.140720703271411
12706,21,2.1454881638261614,2.1342626415801895
12706,22,2.151575903824479,2.1522970766402203
12706,23,2.144580528268003,2.1462724097384624
12706,24,2.144209843484965,2.1472586403004508
12706,25,2.1459268331636094,2.1433478993597186
12706,26,2.1505874516921692,2.1425056654103156
12706,27,2.1435078278155486,2.1434817189079487
12706,28,2.141498820175338,2.1508183159330927
12706,29,2.1438596860941974,2.145129252985047
12706,30,2.148584428688888,2.14939318281327
12706,31,2.149819498834471,2.140639199209182
12706,32,2.148537603080911,2.150908248412419
12706,33,2.1534229082857608,2.1431368159363866
12706,34,2.1512953306737903,2.147728178657655
12706,35,2.1456085788488797,2.146153390100401
12706,36,2.1447242362709775,2.1476463062603535
12706,37,2.146490486686239,2.14856338237263
12706,38,2.145292679300752,2.145300379019949
12706,39,2.140188274166639,2.1432901059205043
12706,40,2.143091718115485,2.145496077301323
12706,41,2.1486433619185035,2.1493160801147235
12706,42,2.14898605830491,2.1412334427530686
12706,43,2.1488976894549303,2.1507679648304348
12706,44,2.145150495024549,2.1474612357298724
12706,45,2.1450431137346433,2.1464044080064575
12706,46,2.136359835698103,2.1462340874788963
12706,47,2.1459883436760276,2.151061177956768
12706,48,2.1421264256816808,2.1469417403074864
12706,49,2.1468363149380885,2.145837012796672
12706,50,2.1453237997343026,2.1472916291185924
12706,51,2.14976274593212,2.144638042518705
12706,52,2.142385316060399,2.149090457662576
12706,53,2.1474071718179775,2.14442521029116
12706,54,2.1485366698217567,2.1449347468299065
12706,55,2.1506038144816206,2.1457464745781727
12706,56,2.148840187284762,2.1475141545959766
12706,57,2.1433218496717545,2.151534886918887
12706,58,2.145851467387303,2.1439379738242033
12706,59,2.144641168003436,2.149127938151715
12706,60,2.1448129423903457,2.143592737317897
12706,61,2.1473947333838805,2.141855081846415
12706,62,2.142739045343644,2.1447779709859365
12706,63,2.1445526544519242,2.1437681154475654
12706,64,2.148341137681911,2.142233772721941
12706,65,2.1432208390789724,2.1459536927266543
12706,66,2.1412254208518626,2.1467958780213845
12706,67,2.147666732096788,2.1446191507892562
12706,68,2.1471625179986793,2.1449347468299065
12706,69,2.153109735982225,2.148354478557079
12706,70,2.1420183996554516,2.1443294624245026
12706,71,2.148171766681786,2.145779388783702
12706,72,2.146346643066051,2.1335015568798372
12706,73,2.14614747508996,2.1482180693448156
12706,74,2.141760580131336,2.1445463046125295
12706,75,2.1477910323611358,2.1503298611482102
12706,76,2.1481643742392964,2.140900090333591
12706,77,2.1422862402255034,2.147674267654177
12706,78,2.147679131862557,2.145193633347988
12706,79,2.143454737739214,2.148168852628429
12706,80,2.148342826768847,2.1449565335040197
12706,81,2.1418562035245534,2.150276179232095
12706,82,2.1427356951150065,2.1493637934649055
12706,83,2.1420896376871745,2.1457030196399165
12706,84,2.1457979531630778,2.1438947368356374
12706,85,2.1432776815437613,2.150365912763075
12706,86,2.147464029600345,2.1496929628930075
12706,87,2.1443806740868188,2.1472585417394883
12706,88,2.1400407076357326,2.147681362320563
12706,89,2.147500666503118,2.1500604694645524
12706,90,2.1453497528069936,2.14536330829999
12706,91,2.1517445772663635,2.145548079842864
12706,92,2.148644922446492,2.1438483253446625
12706,93,2.1409242616056994,2.1479089025189664
12706,94,2.141373877835694,2.144225815527837
12706,95,2.1436815378169802,2.150061875903231
12706,96,2.1471180391891598,2.1454368448154306
12706,97,2.146067784574268,2.1437830276945418
12706,98,2.147825693141475,2.148346795738897
12706,99,2.1506310301494946,2.1485216886508933
13041,0,1.9796160749056557,1.9828152628691118
13041,1,1.9794154047789096,1.9804698956035895
13041,2,1.9841060682695737,1.98603912334476
13041,3,1.984232907239028,1.9864024978452828
13041,4,1.9806616475157122,1.9798522920787538
13041,5,1.9757842160476478,1.9854491331072135
13041,6,1.9832916554649962,1.986482588689452
13041,7,1.9851999230995965,1.9842906397453135
13041,8,1.9823977735438607,1.981729750644109
13041,9,1.9872077505595658,1.9806266410401292
13041,10,1.9817121535544628,1.9843206891590766
13041,11,1.9813227312414643,1.9827253009831085
13041,12,1.9838147646718276,1.9842127258975388
13041,13,1.9857784400773364,1.9771998763458618
13041,14,1.9776436915110078,1.985397595872588
13041,15,1.9785952504536153,1.977655679458984
13041,16,1.9777273384716934,1.985477172748829
13041,17,1.9874168514223134,1.9866608170223081
13041,18,1.9815196218072666,1.9863097279660713
13041,19,1.9853491459512775,1.9823085354156924
13041,20,1.9822551604052554,1.98627835860489
13041,21,1.9844463976863864,1.9867937389986425
13041,22,1.9809848712202704,1.9846081178169723
13041,23,1.9851253824993418,1.9826602567100613
13041,24,1.9814334242930929,1.9827525708453702
13041,25,1.9852431994101816,1.9862368941662911
13041,26,1.9816599922650522,1.9831201124456612
13041,27,1.9828190978638973,1.9833124024921467
13041,28,1.9812170018472366,1.9797284324406343
13041,29,1.978911931285417,1.988032002092524
13041,30,1.9849295845426786,1.9840098900641785
13041,31,1.9811909002060268,1.9842262104828783
13041,32,1.9852765909907926,1.9828390032431258
13041,33,1.9825570058123039,1.9851033514460363
13041,34,1.9787319517681572,1.9803516109611123
13041,35,1.9799708961215536,1.9839086304615101
13041,36,1.9795072889262986,1.9795866172125065
13041,37,1.979897205337711,1.9847211158586704
13041,38,1.9834692929345457,1.9864607801924208
13041,39,1.9823131559418679,1.9821619728917368
13041,40,1.982290138532679,1.981820979850944
13041,41,1.9808176490859648,1.9761821657313543
13041,42,1.9870697732756664,1.9875523991022248
13041,43,1.9841430128532875,1.9810285184547036
13041,44,1.9778357207371364,1.983620803809795
13041,45,1.9844418445137997,1.9839258752798048
13041,46,1.9853105623913554,1.9845243897186529
13041,47,1.9802417078703893,1.9792310967461937
13041,48,1.9854391696703624,1.9851023605605322
13041,49,1.983786712933776,1.977975624296412
13041,50,1.9839478266238042,1.9866975689431479
13041,51,1.9815810211906169,1.9800234329485156
13041,52,1.9856929898224487,1.9832002308746
13041,53,1.9781767147853826,1.980537470682905
13041,54,1.9822228951509522,1.9829097303761825
13041,55,1.9822080721838948,1.9794550516066134
13041,56,1.9832315072570577,1.9818274296275662
13041,57,1.977786544431362,1.9780729357024849
13041,58,1.9787471385084432,1.9854710051934088
13041,59,1.9799876936990954,1.9851797103432156
13041,60,1.9827335374247683,1.9815693087448232
13041,61,1.9794645915858526,1.977412012061398
13041,62,1.9844671691467282,1.9845116878773463
13041,63,1.9743332923538885,1.9843055295068521
13041,64,1.9829283267439581,1.982509097084654
13041,65,1.9863741060362208,1.97945529718436
13041,66,1.9818820649410727,1.9786721910437777
13041,67,1.9839706073043653,1.9800723512605405
13041,68,1.9813713471204648,1.980331788949588
13041,69,1.9807371887693503,1.9809170158838383
13041,70,1.980209259936884,1.9836332800147303
13041,71,1.9836160176667363,1.9842184542375563
13041,72,1.9780544617361873,1.9856581145153913
13041,73,1.9846348783750496,1.98627835860489
13041,74,1.9770221203437413,1.9793969357343588
13041,75,1.9777312637581441,1.9800295443492837
13041,76,1.975518598417482,1.979535671146952
13041,77,1.980508812298832,1.985949468309636
13041,78,1.9846509814299242,1.9809828984007753
13041,79,1.9893682474324608,1.9865907434254968
13041,80,1.9811046342056065,1.9836450605972251
13041,81,1.9865234303441364,1.9843386785098118
13041,82,1.9788284709438724,1.9840171627056045
13041,83,1.9827701154449182,1.9824153300953948
13041,84,1.9788759177094926,1.9844167123392726
13041,85,1.9769260429479236,1.9796676263042832
13041,86,1.9842334540181343,1.985324185951806
13041,87,1.9862588483327166,1.981483154871256
13041,88,1.982322316303288,1.9820017753169352
13041,89,1.9837747273308997,1.9787635872223246
13041,90,1.9816020178045344,1.9795866172125065
13041,91,1.977222273438475,1.9888475693630316
13041,92,1.9814787940623337,1.9845199789324768
13041,93,1.982705732873307,1.9845712922254464
13041,94,1.9809018890691132,1.9808056123230833
13041,95,1.980651417373789,1.9880976764715026
13041,96,1.980422132968828,1.9816841510296606
13041,97,1.9847474817104478,1.9842238035230093
13041,98,1.980194226491086,1.9797089734345954
13041,99,1.9798696776634823,1.979487314780991
13375,0,1.8133531875424653,1.8163760297268712
13375,1,1.8123322980638075,1.8163909258863014
13375,2,1.8162649219484683,1.8143694464457323
13375,3,1.8114249948779313,1.816317434373639
13375,4,1.809760619655428,1.813303699486245
13375,5,1.8122045253110415,1.8140542111328681
13375,6,1.8133081649519025,1.8080841941910797
13375,7,1.8195018854564795,1.810449605650519
13375,8,1.81510847495821,1.8117442121597518
13375,9,1.8120028990472936,1.8141019309831392
13375,10,1.8150890538528335,1.8101322460721232
13375,11,1.8164162789193319,1.816770151967871
13375,12,1.8169662938091566,1.8133526857164235
13375,13,1.8140308703189914,1.810876158585413
13375,14,1.8139847117185182,1.810978815158299
13375,15,1.809685570405276,1.8118586054935677
13375,16,1.8128117574089084,1.8152703894232745
13375,17,1.8151368614049477,1.818969197564149
13375,18,1.8116747985568142,1.8202670461021686
13375,19,1.8128492416382984,1.8155526520651282
13375,20,1.8079630431695475,1.8119520253023593
13375,21,1.812953506265621,1.8122521362632134
13375,22,1.8107099271126281,1.8120680006685368
13375,23,1.814327281897495,1.816019940864804
13375,24,1.8152981320960835,1.8093663109457034
13375,25,1.8125207851846978,1.8101211300585958
13375,26,1.8101848630631658,1.818661256573344
13375,27,1.815027386458074,1.8147922263263578
13375,28,1.811330142747778,1.817787871718095
13375,29,1.8116937078825295,1.814429349158332
13375,30,1.8155881898171933,1.8146776852938777
13375,31,1.8107769651316468,1.8155699983850846
13375,32,1.8163197490285368,1.8092955085974796
13375,33,1.8171993357631258,1.8160877406242315
13375,34,1.816193975680966,1.8148733861270614
13375,35,1.8145222685544296,1.8133567734020075
13375,36,1.8159244063526845,1.814614079285234
13375,37,1.8106469624526773,1.8183114899553503
13375,38,1.8141460930418505,1.8164024300923831
13375,39,1.8103372071115247,1.8119088226607416
13375,40,1.8135938022299891,1.8102445629882535
13375,41,1.8143219891332782,1.818566653164302
13375,42,1.8153706913466159,1.8147923591992061
13375,43,1.8110556714721682,1.8154811583968613
13375,44,1.8201021163650533,1.8111697405933298
13375,45,1.8139081398555732,1.8162099494914832
13375,46,1.8132406172085744,1.8099415048738747
13375,47,1.810303913746736,1.8153643354687308
13375,48,1.8123658853739542,1.816921653841189
13375,49,1.816772763769145,1.8102885578174213
13375,50,1.8170026803083195,1.8148088784197467
13375,51,1.8120884535046116,1.8181894688299625
13375,52,1.8167574567479612,1.8200240963836207
13375,53,1.8160672442292942,1.8158817628851212
13375,54,1.8171256767081372,1.8131911620151637
13375,55,1.8112594829460158,1.8097654797724534
13375,56,1.8138366977032194,1.8145886850888762
13375,57,1.815020543368119,1.8188970275536844
13375,58,1.813129291011092,1.8117163285357347
13375,59,1.8141848755724646,1.8191679685321513
13375,60,1.8129677983351067,1.8175339720281696
13375,61,1.8125514598646617,1.8146929084750285
13375,62,1.8117997840294915,1.810446990120881
13375,63,1.8136699303966133,1.8093051141194403
13375,64,1.8148452631292837,1.8179632991930665
13375,65,1.814303339486085,1.8171321417981747
13375,66,1.8122413428383222,1.8134803324101054
13375,67,1.8093158452594023,1.814724891429959
13375,68,1.8113517972603173,1.8107812512249597
13375,69,1.8186327456786633,1.8159694117931715
13375,70,1.8145620748010545,1.8142502376225442
13375,71,1.815150765906799,1.8119893202315158
13375,72,1.8111089260382505,1.8162294719709347
13375,73,1.8115111648126752,1.8149684544623812
13375,74,1.8128312304895482,1.8144056953036631
13375,75,1.8102437584745683,1.8103102034267662
13375,76,1.8161332018775835,1.8142403572057233
13375,77,1.8134230216875284,1.8145980896625085
13375,78,1.8114950132212146,1.8171930521051969
13375,79,1.8167050196810477,1.8148311635618193
13375,80,1.8155000202013885,1.819001791778599
13375,81,1.8158153280539064,1.8135721772711937
13375,82,1.8130793518089798,1.8153928058030238
13375,83,1.814030358926557,1.8063701723808003
13375,84,1.8111559849744814,1.8147529393452357
13375,85,1.8097743987320634,1.813472046400758
13375,86,1.8146863448057902,1.8165750017928524
13375,87,1.814467217667095,1.8171578885363944
13375,88,1.8160206616052819,1.8158129749196155
13375,89,1.8138759002333076,1.8122893870439707
13375,90,1.8132224214891075,1.8174155834396395
13375,91,1.8146469507888934,1.815368017284576
13375,92,1.8148306517737092,1.8143803741993247
13375,93,1.8160252394085052,1.8172244668186028
13375,94,1.812195960889872,1.8112861220378949
13375,95,1.8140517798427431,1.813187490438822
13375,96,1.8165090064750893,1.8139019721442722
13375,97,1.8172256058134597,1.817097196953761
13375,98,1.8098220389409527,1.8145980896625085
13375,99,1.8127945722024896,1.8134348851551594
13709,0,1.6488654688535396,1.6433229592467644
13709,1,1.6435735645600589,1.6421022648136794
13709,2,1.640221251821372,1.6416806287979013
13709,3,1.641830095231404,1.6381875346075754
13709,4,1.6394043742409816,1.6395875015215073
13709,5,1.6441380197011017,1.6441050276860474
13709,6,1.6423344944919127,1.6416641431158039
13709,7,1.639020345819878,1.6396086298759005
13709,8,1.6364373767241711,1.6406576506904167
13709,9,1.643719220976176,1.6408544345145843
13709,10,1.6390210563672643,1.6451152074559556
13709,11,1.6447814097924343,1.639870583762797
13709,12,1.6429843110849762,1.6449745212129367
13709,13,1.6429319139962866,1.646294390714329
13709,14,1.6448562770072412,1.6434146634759488
13709,15,1.6396506762284135,1.6377695069863465
13709,16,1.6474020208890492,1.6418877300944579
13709,17,1.6464903410785714,1.6423402359820072
13709,18,1.6376742105372752,1.6427592856010254
13709,19,1.6402691036929387,1.6442749639381136
13709,20,1.6410926755095316,1.640604213201596
13709,21,1.6415910132886906,1.646148727377522
13709,22,1.6429149672120524,1.6438281157859944
13709,23,1.6404573212455822,1.6404680817930284
13709,24,1.6406095635211098,1.6399697368693076
13709,25,1.6424074400781692,1.6445499892478384
13709,26,1.6476961054883887,1.6428417672250286
13709,27,1.6419196028019452,1.6419385898134204
13709,28,1.646997873501908,1.64526547751267
13709,29,1.6392771280496958,1.6428460085868835
13709,30,1.6405914315752694,1.6417502667628592
13709,31,1.6418522833370581,1.6435582600704166
13709,32,1.6399404644608893,1.6472258680746037
13709,33,1.6426036846266003,1.6399366604499108
13709,34,1.6417725434622528,1.6453345875340735
13709,35,1.6394598744156499,1.6444660844257095
13709,36,1.6461143682175952,1.6473707445050896
13709,37,1.6491702510590516,1.64451358067683
13709,38,1.6468276310599579,1.6385774401400157
13709,39,1.6418719530607684,1.6398667382706569
13709,40,1.6468325909989439,1.6460607903038813
13709,41,1.6413032992690633,1.642172692354969
13709,42,1.6392644768047024,1.6454067859074497
13709,43,1.6446674681840945,1.646215158987347
13709,44,1.642197828614075,1.6455080197106757
13709,45,1.6414254362844922,1.642214918846191
13709,46,1.63790711441601,1.6439304177155216
13709,47,1.6438135323665406,1.642178505592881
13709,48,1.642174159637655,1.6465343789440359
13709,49,1.6408590253053648,1.6448315927138288
13709,50,1.644048187762918,1.6403449197193536
13709,51,1.6477872504403814,1.6407664620437394
13709,52,1.64442982855412,1.643193744514091
13709,53,1.6442311062063915,1.6425250063302255
13709,54,1.643821455316296,1.6417902840056995
13709,55,1.641615497983786,1.638981790859607
13709,56,1.6417966973815143,1.6439659177897057
13709,57,1.6392192748242356,1.6443973009329396
13709,58,1.6457225210160742,1.6422174377138647
13709,59,1.6410612743259034,1.6397051501074853
13709,60,1.6414421627351325,1.6412308092249999
13709,61,1.6430155426090307,1.6431017783251722
13709,62,1.6416576632479152,1.6382087588741787
13709,63,1.6458720895715464,1.6430164582680096
13709,64,1.644056125598198,1.6411831040708194
13709,65,1.6456446343286892,1.6435447776986976
13709,66,1.6386426665972265,1.6448018942766733
13709,67,1.643648168382116,1.641435258854407
13709,68,1.6394702003819925,1.6440604441699598
13709,69,1.6439965158021606,1.6435606086694554
13709,70,1.6437191147696038,1.6422571605389473
13709,71,1.6454636457326686,1.6441638417724065
13709,72,1.6405833194834585,1.6391349842275482
13709,73,1.6441916900647995,1.6452204039004794
13709,74,1.6410094484309476,1.644344870096149
13709,75,1.6417344224042176,1.645697793661297
13709,76,1.646355026607015,1.6392077164861656
13709,77,1.6400859187253602,1.6391889014472911
13709,78,1.6454252505514728,1.6471494304682235
13709,79,1.64288504662983,1.6404898511226365
13709,80,1.6425022678011514,1.6417324409429854
13709,81,1.6424274123180336,1.6412651755681094
13709,82,1.6430059297270143,1.6423000191476707
13709,83,1.6420256920812102,1.6460550032822465
13709,84,1.6464802788517292,1.6419992650529787
13709,85,1.639550630047968,1.6439362031654936
13709,86,1.6416518944829321,1.6429341574765246
13709,87,1.6410367223929492,1.6440949308198476
13709,88,1.6438367302486756,1.6405768637596825
13709,89,1.6486735127729526,1.64707246166101
13709,90,1.6455383131104009,1.6427793554843364
13709,91,1.6416696484287148,1.6460550032822465
13709,92,1.6423863124088949,1.6427525481129444
13709,93,1.6450310007408184,1.6412198764693924
13709,94,1.6410081427276175,1.6425491705751079
13709,95,1.6440536463822015,1.6424631317374294
13709,96,1.6394911946171886,1.6448315927138288
13709,97,1.6433470119455649,1.6427576627226685
13709,98,1.6446013098165582,1.6404566341967814
13709,99,1.6414577548741762,1.6410501048944424
14044,0,1.4678626233213163,1.4674164847093825
14044,1,1.4638456338975205,1.4640110506755741
14044,2,1.4686662380233468,1.468170724726233
14044,3,1.4622391509947212,1.4649421652127423
14044,4,1.4694799016548763,1.4701021981120375
14044,5,1.4669846647418172,1.4631401110893676
14044,6,1.464690061660043,1.4655828903739982
14044,7,1.4647799746761834,1.4669877437542775
14044,8,1.4614649228157202,1.4654600320783415
14044,9,1.4644597486651274,1.4648185434057102
14044,10,1.4666121328938702,1.4662941000356486
14044,11,1.4643084387441039,1.465016907075956
14044,12,1.458109016738343,1.466629691846918
14044,13,1.465268691392459,1.464987203516312
14044,14,1.463820712017775,1.466574146276623
14044,15,1.4685102041725113,1.4662209720626191
14044,16,1.4648295010455286,1.4652253745181933
14044,17,1.4604141624195712,1.4625390454400886
14044,18,1.4668515405612115,1.4671782813274952
14044,19,1.4664602259723913,1.4712114726996974
14044,20,1.4664290676136298,1.4671900785722183
14044,21,1.464902602864684,1.4671379351388865
14044,22,1.4628626304877295,1.4637722575238634
14044,23,1.4620398687110274,1.4636792798995601
14044,24,1.4637523686292233,1.4668628618746862
14044,25,1.4701021816658097,1.4634640596717892
14044,26,1.4694087319582216,1.4665334136980994
14044,27,1.4670537211082555,1.4627305656226084
14044,28,1.4678639647410536,1.4669007402165424
14044,29,1.460415279698838,1.4625423019962784
14044,30,1.4646652975945467,1.466741674159037
14044,31,1.467576395438973,1.470446061715
14044,32,1.4656756120745296,1.4666164083508437
14044,33,1.4651794773446152,1.4670629931164119
14044,34,1.4633941599396292,1.466078018152437
14044,35,1.4619800960704086,1.466997522300464
14044,36,1.4634754770175709,1.4657293747296671
14044,37,1.4658657021620864,1.4653762369289118
14044,38,1.4653638759939007,1.4663703989520114
14044,39,1.4692086121552526,1.4643501966221268
14044,40,1.465118446085796,1.462736811462895
14044,41,1.4671928666362481,1.4681774488324375
14044,42,1.4619203478322083,1.4662348233118874
14044,43,1.464744409189307,1.4676783707829049
14044,44,1.4606221965998125,1.4658076532162445
14044,45,1.4653390814706146,1.4634640596717892
14044,46,1.4657740933960595,1.466693371849783
14044,47,1.4670782788252654,1.4686419812423939
14044,48,1.4696261567418598,1.4669461127312726
14044,49,1.466338439749335,1.4663264678801209
14044,50,1.4627635887351518,1.4678356199251161
14044,51,1.4655669189362133,1.4651179121977047
14044,52,1.4675089664102905,1.4640906033458077
14044,53,1.4640645268137062,1.4692211105557622
14044,54,1.4650872635116567,1.4681942632564613
14044,55,1.4660598705305714,1.463845804514092
14044,56,1.4685649330779542,1.4685900926882063
14044,57,1.463589704788155,1.4666673493655797
14044,58,1.4673938607209114,1.4657983124661906
14044,59,1.4665596826993874,1.4675563490415122
14044,60,1.4638179646951988,1.4640751425727
14044,61,1.464629681832086,1.4696472977194035
14044,62,1.4666918879695443,1.4659693633952549
14044,63,1.463775812284723,1.4641728173314925
14044,64,1.468967139397683,1.4710463633570938
14044,65,1.4673084184234757,1.4650019892503272
14044,66,1.4634409128496715,1.4692211105557622
14044,67,1.467186765091895,1.466000729147632
14044,68,1.4653768608379976,1.468148281098775
14044,69,1.4608488476358998,1.4671097608593398
14044,70,1.4657997708633173,1.4657072003935474
14044,71,1.4652475004665433,1.4658854709664402
14044,72,1.46743958292634,1.4663859522783138
14044,73,1.4675562111154181,1.4662065330067349
14044,74,1.466678137627586,1.466416390944003
14044,75,1.4656167322355513,1.4695758165156827
14044,76,1.4658257950335087,1.4697580621668964
14044,77,1.4678111289287346,1.4682795937705706
14044,78,1.4714978883907341,1.4650747952101484
14044,79,1.4636009214868702,1.4646121043154974
14044,80,1.4630740432269327,1.4697176289522145
14044,81,1.464390764441516,1.4693622018398746
14044,82,1.462220735980607,1.4671941594536138
14044,83,1.4607304543975022,1.4656906262657836
14044,84,1.464590510097685,1.4648488248847982
14044,85,1.4665133322307133,1.4634936407144876
14044,86,1.466746127739714,1.4673304224360684
14044,87,1.470669237846101,1.4658549605058269
14044,88,1.4652746150714584,1.4691130641776229
14044,89,1.4662925689347017,1.4669571638848489
14044,90,1.4630988846971311,1.4700010506315966
14044,91,1.4634401853027865,1.4623533233980477
14044,92,1.465918629738833,1.4669441307724664
14044,93,1.4648414612417096,1.4640702376849373
14044,94,1.4702306466707662,1.4671366550476197
14044,95,1.4633682693915926,1.462438823532541
14044,96,1.4672843146309402,1.4648364579430944
14044,97,1.4624373699064217,1.4681532996560074
14044,98,1.4669153850534682,1.4644095166399296
14044,99,1.468603580206756,1.4629762754115392
14378,0,1.2844416491430082,1.2833763061923056
14378,1,1.2869401550040427,1.2817692223902626
14378,2,1.2839680290915279,1.280909043041126
14378,3,1.2856195988790573,1.2829219650220114
14378,4,1.2844154861321304,1.2860218193330173
14378,5,1.2831227783507961,1.2828651455142792
14378,6,1.2860316741135718,1.2809513583982817
14378,7,1.2861180313834866,1.286221773280615
14378,8,1.2820124365106593,1.2825001212085272
14378,9,1.2842844196976508,1.2813432525315143
14378,10,1.289254755897269,1.2771167546357778
14378,11,1.2856063400083584,1.2849084308783447
14378,12,1.2842139382491753,1.2845194847963515
14378,13,1.2848083460743829,1.2828286182881037
14378,14,1.2862038405094853,1.2823646335719245
14378,15,1.289404255437678,1.2850108315814386
14378,16,1.2868189575985742,1.282640266560781
14378,17,1.2855868787902105,1.283054530066469
14378,18,1.2829065123314256,1.2834889343419202
14378,19,1.2830015573135685,1.2823904943246887
14378,20,1.281705081848773,1.2862556955113744
14378,21,1.2849500837799752,1.2819312868946675
14378,22,1.285445503403473,1.2826881439183722
14378,23,1.2848234229872475,1.2806949923390616
14378,24,1.2874980503174664,1.2806406807095319
14378,25,1.286717801663069,1.281344118234654
14378,26,1.2846314160357148,1.2817666157328265
14378,27,1.2875571700609414,1.2841850408910591
14378,28,1.2817558004831247,1.2833726978589266
14378,29,1.2835330184780869,1.284933449064628
14378,30,1.2855385253878382,1.283821833916698
14378,31,1.2821669726649856,1.2771167546357778
14378,32,1.283625417112742,1.2849194040717653
14378,33,1.2830124663151412,1.2808049418229865
14378,34,1.2884753738312626,1.2847954494310336
14378,35,1.2809835587002458,1.2809161814169367
14378,36,1.2814821401625847,1.2836527065472934
14378,37,1.2849014378187975,1.2836042303439423
14378,38,1.2861043519078181,1.282208569568186
14378,39,1.284949747027547,1.2838944656636369
14378,40,1.2822297513868566,1.2820423612263279
14378,41,1.2842393267396464,1.282773180963501
14378,42,1.286782102552331,1.284764963413611
14378,43,1.2868830662812498,1.283968809309829
14378,44,1.2849654200194798,1.2838128935182944
14378,45,1.2841148203361612,1.280255270484391
14378,46,1.2844835879966794,1.2832693240765034
14378,47,1.2867631282404992,1.2831027582335037
14378,48,1.2832565724136846,1.2824125671699185
14378,49,1.28239104334141,1.2826451864260644
14378,50,1.2864004070565,1.2843165059069295
14378,51,1.2837625141449094,1.2845210981248363
14378,52,1.2865689694396758,1.2844948753258645
14378,53,1.2835744828052753,1.2826796628770962
14378,54,1.2859201232440916,1.2851024507082172
14378,55,1.2853923220148962,1.2824116930890708
14378,56,1.2833107830751558,1.2810987098089417
14378,57,1.2840661220059395,1.282603596626101
14378,58,1.2883638709014111,1.2822731842602975
14378,59,1.285870687773002,1.2804823424774185
14378,60,1.284736443304628,1.2818237776285957
14378,61,1.2821697872093685,1.2789432262889624
14378,62,1.2859297590260275,1.2833045742748843
14378,63,1.2839904913999953,1.2827103156397555
14378,64,1.286661994533275,1.2823212704053013
14378,65,1.2871023972242808,1.284204355327756
14378,66,1.285087700902456,1.2822688438202492
14378,67,1.284147364428702,1.281494939003335
14378,68,1.2781524939338915,1.2835454585583652
14378,69,1.2830620083020374,1.2808625380733913
14378,70,1.2835544457256296,1.2767362929279487
14378,71,1.2871194834839692,1.282220803172816
14378,72,1.2867269191928128,1.2842998625339528
14378,73,1.2828068381798754,1.2831882116042816
14378,74,1.2842312813582395,1.2802128014133989
14378,75,1.2856928896970437,1.2815283227175869
14378,76,1.284097216190373,1.2805963053711948
14378,77,1.285619399247557,1.281898822286191
14378,78,1.2851446869949625,1.2837263305954014
14378,79,1.2806856862643226,1.2860581320360274
14378,80,1.2832137580323975,1.285353751695238
14378,81,1.2829206185159578,1.284145947334029
14378,82,1.2854673406544663,1.2798680422057631
14378,83,1.2834233376118236,1.2831011549165068
14378,84,1.2857869525097736,1.2837016072566851
14378,85,1.285280974356952,1.278830731468733
14378,86,1.2876040855022146,1.2823524063273435
14378,87,1.2863223365750367,1.2835935868392272
14378,88,1.2834921017782568,1.2865055645144543
14378,89,1.287347152401552,1.2800709154568641
14378,90,1.2852487834932562,1.2852765338922576
14378,91,1.2858910773344967,1.281784388394279
14378,92,1.2819813638955824,1.2818562021772435
14378,93,1.28405286645411,1.281212454012718
14378,94,1.2856178401588503,1.2839796136968658
14378,95,1.2838621932885457,1.2796897678114596
14378,96,1.2877576737174206,1.2823175415731765
14378,97,1.2834239912716197,1.2827795984675712
14378,98,1.2821863047840625,1.280836569816513
14378,99,1.2862216375369742,1.2824123001379653
14712,0,1.099237448626161,1.0982887138786488
14712,1,1.1032481002104233,1.0964985599161445
14712,2,1.1004741862866747,1.0947256331929758
14712,3,1.097284967983117,1.0930249543797277
14712,4,1.099230389773493,1.0975797330537957
14712,5,1.0964236763777941,1.0940589071110864
14712,6,1.0977458128565243,1.0992312099849038
14712,7,1.0979915982627677,1.0972857483544436
14712,8,1.0965313522962428,1.0956036752568887
14712,9,1.0961742842590099,1.0989383728685456
14712,10,1.0980092796087095,1.098580613530493
14712,11,1.1002753940631285,1.0937814179816192
14712,12,1.096458355099292,1.0988787403646323
14712,13,1.0956476007921065,1.0965618261809096
14712,14,1.094713358277252,1.0943792862805695
14712,15,1.0973669319028296,1.094553629938161
14712,16,1.0971204782583142,1.094000521597603
14712,17,1.0969896632929181,1.0980755729180494
14712,18,1.0983026521969566,1.0978996727545076
14712,19,1.0972449096523051,1.096714278664144
14712,20,1.0941739274862246,1.097231038099829
14712,21,1.09720803617549,1.095326837694989
14712,22,1.0961961407005585,1.0958471072974334
14712,23,1.0988088630527013,1.0964415442706534
14712,24,1.0971051388259105,1.0954095356959082
14712,25,1.0966038233818978,1.097180774225466
14712,26,1.0935370051972586,1.0931727931264137
14712,27,1.0954792186048619,1.0965747186623656
14712,28,1.10058537152965,1.0978193312770506
14712,29,1.1022286843371747,1.095563495386587
14712,30,1.0994493123579925,1.0962928871487772
14712,31,1.0992165053119431,1.0964970775252474
14712,32,1.0965088260389866,1.0938512781307412
14712,33,1.0987229341502032,1.097740357873746
14712,34,1.0988268639792935,1.0987227587217328
14712,35,1.101721109357894,1.0945604500657407
14712,36,1.097448406732898,1.0934675918080403
14712,37,1.0995314222969605,1.093514679640264
14712,38,1.0956407621536537,1.0950614378186216
14712,39,1.0992372375455555,1.0973189418203901
14712,40,1.1000465031726514,1.0974651420871722
14712,41,1.0992919063523376,1.0964896268467277
14712,42,1.1010970730524279,1.0955796801847422
14712,43,1.0970138691314852,1.0958234826985862
14712,44,1.0974222692840838,1.0968410549241956
14712,45,1.0951607952090971,1.098348946755441
14712,46,1.1003878201154569,1.0932169576413306
14712,47,1.0978119286923358,1.0956649866287917
14712,48,1.0978930195611527,1.0965755188109512
14712,49,1.0978907752987592,1.0960694762826875
14712,50,1.0977092614392143,1.0977348910465654
14712,51,1.0963592152402233,1.0957455082069985
14712,52,1.0949842685496427,1.0929932400663214
14712,53,1.0990968306156161,1.0937413465007135
14712,54,1.0955602368699926,1.0940802355726413
14712,55,1.0972027212188662,1.0949849087019656
14712,56,1.0971848217115932,1.094164496165544
14712,57,1.093382374498093,1.0980727924719365
14712,58,1.09533747846863,1.095835936546828
14712,59,1.1003510367890112,1.0962200376507965
14712,60,1.0967282614439027,1.0952542059212584
14712,61,1.095969328056583,1.09878178392419
14712,62,1.0962924914312848,1.0985073477194909
14712,63,1.099047907156679,1.0987851158381399
14712,64,1.100183700840079,1.0974826149123886
14712,65,1.098562348994217,1.0963440966711482
14712,66,1.1018190702466593,1.0959237628158685
14712,67,1.0966721912743878,1.0985461953699969
14712,68,1.0972867454193733,1.097729042700453
14712,69,1.0951785601414339,1.0976033158992455
14712,70,1.0979682349879454,1.094553629938161
14712,71,1.0978524735811863,1.09812844813858
14712,72,1.0966861275027076,1.0974096355923242
14712,73,1.0994985489941134,1.0966527336139058
14712,74,1.0962198914980825,1.0946309385954966
14712,75,1.1023673061542314,1.0971015001071007
14712,76,1.0979577636935451,1.0975020009909386
14712,77,1.0940181034353744,1.094837615625107
14712,78,1.09969098882293,1.0975210768115
14712,79,1.0987997649947765,1.0940589071110864
14712,80,1.097152011066534,1.0953145208653228
14712,81,1.095725957961607,1.0991510042307295
14712,82,1.098342929700665,1.0946325112536242
14712,83,1.1010526880946623,1.0953859685657068
14712,84,1.0994834566961869,1.093928700428066
14712,85,1.0984773774334633,1.0956090944431354
14712,86,1.0938106667310592,1.0966416220386905
14712,87,1.0982523807429356,1.0987340590495913
14712,88,1.0987248257268476,1.094949572235615
14712,89,1.0977518349582553,1.0956875292414185
14712,90,1.0960688415415345,1.0978996727545076
14712,91,1.1005995758395224,1.097951683253874
14712,92,1.0955864110791904,1.0956875292414185
14712,93,1.0986644657188034,1.0980555399832486
14712,94,1.0990115701224283,1.0944868124323945
14712,95,1.0962649533147275,1.0980727924719365
14712,96,1.0958794184050624,1.0921685988180359
14712,97,1.0951485931417113,1.098348946755441
14712,98,1.0989678844294577,1.1004940510885515
14712,99,1.101384705648036,1.0967206797145783
15047,0,0.9038066599430448,0.9048647834542167
15047,1,0.9033061703574575,0.9063498229333503
15047,2,0.90561958094897,0.9053387455257388
15047,3,0.9034652188025513,0.9052609061389225
15047,4,0.9043409995900109,0.9064180540433943
15047,5,0.9055977203187576,0.9038592437381217
15047,6,0.9031813749459534,0.9066951443324454
15047,7,0.907621771421276,0.9020404953441525
15047,8,0.9051488979818354,0.9070498372151787
15047,9,0.9078080586085318,0.9052095283130569
15047,10,0.9062192654461455,0.9019658521747279
15047,11,0.9044706656006039,0.9042631552546919
15047,12,0.9034803365270692,0.9057747560582039
15047,13,0.9052314933953908,0.9047521791345529
15047,14,0.9031147480387277,0.9052877774163564
15047,15,0.904196421574588,0.9058193459752957
15047,16,0.9036947507528225,0.9058724281789112
15047,17,0.906485627132977,0.9032339646290011
15047,18,0.9016780925237606,0.905718111971928
15047,19,0.9034252252705736,0.901690139473187
15047,20,0.902732246248559,0.90470848172005
15047,21,0.9024876470448152,0.9058689742067005
15047,22,0.9058156872902906,0.9055275942484011
15047,23,0.907793474433,0.9026079778443451
15047,24,0.9047660963426011,0.9054335419136715
15047,25,0.9049897733916532,0.9043783969107605
15047,26,0.9040364110527713,0.9070606841165518
15047,27,0.9016448556902419,0.9043744433971472
15047,28,0.9047601296596747,0.9028612476121101
15047,29,0.90708890202325,0.903373028860891
15047,30,0.9052118142554841,0.9055635058254582
15047,31,0.9070032675602631,0.9055275942484011
15047,32,0.9007414584909039,0.9055176408241344
15047,33,0.9059162584204757,0.9046197127281643
15047,34,0.9016991417580049,0.9065205979707405
15047,35,0.9043985925445234,0.9040068413459748
15047,36,0.9072755995614494,0.903175714735629
15047,37,0.9051308124883846,0.9057135151921433
15047,38,0.9040131883858022,0.9042503375498799
15047,39,0.9053696251063867,0.9023777488777358
15047,40,0.902845639437506,0.901577213867615
15047,41,0.904711764904964,0.9039084355821708
15047,42,0.9033160418803636,0.9045316325880375
15047,43,0.9051153813080499,0.9053726532179053
15047,44,0.9051701334364035,0.9046625869990054
15047,45,0.9019707103811013,0.9059533360006635
15047,46,0.9064238127182405,0.9029119745675888
15047,47,0.9043705610244477,0.9083996959961467
15047,48,0.9045910141516337,0.9066963057058158
15047,49,0.9046092216112537,0.9059330661652089
15047,50,0.9058601166523397,0.9027382328862028
15047,51,0.9051705536160706,0.903835312018884
15047,52,0.9053782396633737,0.9053356655203271
15047,53,0.904231004462317,0.9066840260840718
15047,54,0.9022447480113682,0.9057951601027407
15047,55,0.9061975518765887,0.9065039052224313
15047,56,0.9040891054988285,0.9053709558017724
15047,57,0.9041290120041434,0.9071153096494965
15047,58,0.90547417771806,0.9037871673040744
15047,59,0.9036170731928896,0.9044790974762705
15047,60,0.9035576345356885,0.9046915164909929
15047,61,0.9026246326029659,0.9030306077801193
15047,62,0.9049653066584119,0.9065004911118173
15047,63,0.9082734505406242,0.9058496114234059
15047,64,0.9059260105449867,0.9042030332342953
15047,65,0.9022735700873733,0.902812246078429
15047,66,0.9041659314102918,0.9037721556450992
15047,67,0.9052934396879531,0.9036959490146843
15047,68,0.90380439011355,0.9031071919118829
15047,69,0.9054713635031919,0.9036331495498918
15047,70,0.9048021103877772,0.904514010536342
15047,71,0.9036014019090812,0.9044996305595044
15047,72,0.9037717599598842,0.9035197822053271
15047,73,0.9059057579074181,0.9062293514700286
15047,74,0.9062800615050214,0.9032620756952403
15047,75,0.9074031053601767,0.9033122878816802
15047,76,0.9001768972473607,0.9046625869990054
15047,77,0.9015468367651241,0.9031399216881341
15047,78,0.9030371312032989,0.9040483231200078
15047,79,0.9064816076329901,0.9054298561788191
15047,80,0.9051499907762739,0.9031040693099358
15047,81,0.9054750717040425,0.9050995949999879
15047,82,0.9015053715769807,0.9050771846384233
15047,83,0.9019638031656968,0.9051214455183032
15047,84,0.9070132883890087,0.9049196621411653
15047,85,0.9044617464390037,0.904651280178794
15047,86,0.9059552603142098,0.9057844594683974
15047,87,0.903561296945587,0.9056476228262101
15047,88,0.9052549427012043,0.9072159229763967
15047,89,0.9011560974476854,0.9056976515001764
15047,90,0.9072480462445052,0.9063600044032145
15047,91,0.9045930808749283,0.9042366476892814
15047,92,0.9057020638289925,0.905958442039902
15047,93,0.9026629481974572,0.9050723017585192
15047,94,0.9034506219276797,0.9048864166570617
15047,95,0.9047071097515285,0.9057241431821617
15047,96,0.9032341530741639,0.9065877298542299
15047,97,0.9046669373471674,0.90470848172005
15047,98,0.9046521818202906,0.9081680713649276
15047,99,0.9040846925922825,0.905718111971928
15381,0,0.7043727898179182,0.7029912994033262
15381,1,0.7045576148884134,0.7025688869477262
15381,2,0.7051307404839828,0.7013489523050495
15381,3,0.7008355703140573,0.6998396946903762
15381,4,0.7047311994845519,0.7019100084177278
15381,5,0.7035024639507291,0.7041862201836059
15381,6,0.700731753733208,0.7038150920972156
15381,7,0.7046213668361109,0.7028448897203915
15381,8,0.7047850813060541,0.7029374505659981
15381,9,0.704696986483915,0.7041741792580231
15381,10,0.698958191118764,0.706816734463694
15381,11,0.7024628935955006,0.7017788288391775
15381,12,0.6999324090541578,0.7024036593250382
15381,13,0.7028500844880518,0.7035706692208519
15381,14,0.7018824773500916,0.7026613341118765
15381,15,0.7027807327601308,0.705176590178814
15381,16,0.7053173126167601,0.7014354040115219
15381,17,0.7029220028448595,0.7031617098101319
15381,18,0.7020876443723844,0.7045724821694858
15381,19,0.7021751801398646,0.7018696770545184
15381,20,0.7039898393792149,0.705176590178814
15381,21,0.7046689467622084,0.7016440138647254
15381,22,0.703585584797054,0.7025388386177834
15381,23,0.7021343424070533,0.7004461420493998
15381,24,0.7010721876398693,0.7040800340003223
15381,25,0.7016524641201968,0.7054636108785027
15381,26,0.7028466237088908,0.7044220697576419
15381,27,0.7026301896170577,0.7028839573139944
15381,28,0.701927895075448,0.7013094774657737
15381,29,0.70186054514593,0.7028838019728056
15381,30,0.7030722866851513,0.7018432702303298
15381,31,0.7020340051528406,0.7021993084792056
15381,32,0.7028715339559946,0.7042967569665907
15381,33,0.7025382784266869,0.7025249709017675
15381,34,0.7001779400210811,0.7033441463335116
15381,35,0.7031724938383165,0.7015935884081183
15381,36,0.703510795718067,0.7027243032255979
15381,37,0.7027056399816004,0.7021292727866595
15381,38,0.7042862157432456,0.7040124284470286
15381,39,0.7032392353840555,0.7042152780057154
15381,40,0.7056281010732122,0.7000081169857791
15381,41,0.7023957116289854,0.7029723838386025
15381,42,0.7036671035497842,0.7015300977279644
15381,43,0.7022565646959075,0.7045816042654399
15381,44,0.7048366141378868,0.7042124717641793
15381,45,0.7050860779016983,0.7039401469796112
15381,46,0.7022542739712976,0.7007089343776887
15381,47,0.7045722262151155,0.7036924569336894
15381,48,0.7015562275803396,0.7012554368131088
15381,49,0.7031012613658403,0.7054822865986851
15381,50,0.7030674085449463,0.7043621449753135
15381,51,0.7037295111800645,0.7011811118655445
15381,52,0.7039819991199056,0.7020183556658326
15381,53,0.7034502522708832,0.7028042030209232
15381,54,0.7048900518088139,0.7002518145693611
15381,55,0.703404594132873,0.7029606830979729
15381,56,0.7060847470590755,0.7032390600481827
15381,57,0.7043358840067178,0.7036722203076428
15381,58,0.7036094983684761,0.7034885011585776
15381,59,0.7045373154497824,0.7019439056988468
15381,60,0.7013509157326795,0.7007089343776887
15381,61,0.702862562216739,0.7040637144988748
15381,62,0.7012775826169583,0.7042215083906536
15381,63,0.7047531259151191,0.7014232675549319
15381,64,0.7032104340307866,0.7047119583876514
15381,65,0.7040521874767146,0.703125393656636
15381,66,0.7055326770558503,0.7038150920972156
15381,67,0.7044516062158985,0.7009999602736221
15381,68,0.7041567721713706,0.7028632570927078
15381,69,0.7035493113771011,0.7031287143716349
15381,70,0.7022395925136173,0.6991692149978384
15381,71,0.7037327000890499,0.7037361966948122
15381,72,0.7041675886858778,0.7024008941878143
15381,73,0.700941961484913,0.7036384407330386
15381,74,0.7046590447325469,0.7027428228673221
15381,75,0.7028933877108957,0.7052839348819555
15381,76,0.7020853288550419,0.7036368969936362
15381,77,0.7053728134204497,0.7025816022434582
15381,78,0.704220133901402,0.7051907749580502
15381,79,0.7042015441714619,0.702632136714969
15381,80,0.7029327439303061,0.704011686321923
15381,81,0.700162270515988,0.7044519862275661
15381,82,0.702428306166655,0.7029705883089915
15381,83,0.7043389705743417,0.7053784001956614
15381,84,0.7013053831879994,0.7012442375275877
15381,85,0.7023227057432769,0.702573854115837
15381,86,0.7020434903255655,0.7018681432299615
15381,87,0.7044695204296446,0.7027771887991806
15381,88,0.7031417424191538,0.702632136714969
15381,89,0.7037946817722026,0.7036882247886714
15381,90,0.7041907899012249,0.7014956878437802
15381,91,0.7023859300264285,0.7042124717641793
15381,92,0.7022324616298147,0.7035498141946325
15381,93,0.7027947529582074,0.702688206281239
15381,94,0.7031865970656447,0.7017491018094719
15381,95,0.70654562032812,0.7041452179974036
15381,96,0.7017238087409472,0.7024221533361134
15381,97,0.7028568956609575,0.7026754380882861
15381,98,0.701015781400657,0.7014424622749308
15381,99,0.7046115643556681,0.7030765444933179
15715,0,0.4921798976395456,0.4917441409065257
15715,1,0.4925013023919313,0.49316446739213204
15715,2,0.49229960749869506,0.4901915743893546
15715,3,0.49151175240796224,0.49116967894314023
15715,4,0.4934258902463002,0.49264769021902394
15715,5,0.49134010952412477,0.4930741451311536
15715,6,0.4926837025997817,0.49173758410884294
15715,7,0.4909531244227695,0.49206350284859957
15715,8,0.4934301850211685,0.49303568410446
15715,9,0.4924340898121517,0.49206350284859957
15715,10,0.4898173973173874,0.49186610634103506
15715,11,0.4915637695498999,0.49288111634380205
15715,12,0.49032352686158914,0.49309231414902527
15715,13,0.4912570200082724,0.49394986648718875
15715,14,0.49240775438356127,0.4916512757150229
15715,15,0.4942119130127466,0.49281397836219626
15715,16,0.49245939763098984,0.49190602812727885
15715,17,0.49129463415400476,0.49222939950479355
15715,18,0.49293554528876615,0.4924440613049957
15715,19,0.4907961339662936,0.49049317242007123
15715,20,0.49215054544732356,0.49093815210660263
15715,21,0.4906921916288074,0.49014898212448704
15715,22,0.4896643103747687,0.49125713930180837
15715,23,0.49465663341345895,0.4908545640004241
15715,24,0.49101685556044505,0.4923478188069195
15715,25,0.49029405031344114,0.49359976059649324
15715,26,0.49335498342300527,0.4937897694159257
15715,27,0.49178253147979867,0.490822006952537
15715,28,0.492768296221183,0.49251477640075914
15715,29,0.49254539520625545,0.4922847882990086
15715,30,0.49107351588453607,0.49459500883229934
15715,31,0.4936773992702597,0.4924650156269615
15715,32,0.49444799520532207,0.4924835845986057
15715,33,0.49056680209778225,0.4927004849670142
15715,34,0.4923596164024639,0.4918312992108125
15715,35,0.4917309722939609,0.4927803947204394
15715,36,0.49293703308218567,0.49307400918023403
15715,37,0.4948586086191492,0.49072719725901426
15715,38,0.4905915701291701,0.49258275538394625
15715,39,0.4928156362438146,0.4906483405193204
15715,40,0.4914220032290515,0.49229674806834484
15715,41,0.49199475245869617,0.491221873218569
15715,42,0.49224432913705624,0.49015331281447505
15715,43,0.49202233902097336,0.490497108072051
15715,44,0.4916973002846033,0.4926305315576586
15715,45,0.48901579421789765,0.49223706695936964
15715,46,0.4916666565338418,0.49333544423786346
15715,47,0.4920001525737766,0.4924385870669966
15715,48,0.49154359159895683,0.4927328743517555
15715,49,0.4915744434483103,0.4913923264380568
15715,50,0.49221114131351834,0.49208826171931264
15715,51,0.4921592668882139,0.49280300767766705
15715,52,0.492990415954905,0.49272837663853253
15715,53,0.49282669366136844,0.4919115133298252
15715,54,0.49285712385991054,0.49377505549632744
15715,55,0.49149633548694843,0.491342174613862
15715,56,0.49184006922021306,0.49276634463199304
15715,57,0.49269167782090045,0.4920338651304682
15715,58,0.49093252186113434,0.49348524503792235
15715,59,0.4914638563097088,0.49214401764006704
15715,60,0.49149258780067934,0.4939246504083786
15715,61,0.4901170805285039,0.49058283606744146
15715,62,0.4903208503609102,0.49157700055467546
15715,63,0.49097224884839963,0.4948535664101555
15715,64,0.4908852251821778,0.4947150439633587
15715,65,0.4920312341160053,0.4941088502323607
15715,66,0.49162465528769417,0.4889657172828364
15715,67,0.49255488104906753,0.4907636478389149
15715,68,0.494160698952648,0.4909939106472012
15715,69,0.4915400726866821,0.492321658322084
15715,70,0.4912100381997937,0.48996566672233954
15715,71,0.49095639869818963,0.49245528957695756
15715,72,0.4917127886491268,0.4937733465688112
15715,73,0.49342680464613703,0.49329219529603113
15715,74,0.4912463557545479,0.4911166027866749
15715,75,0.49062780072979173,0.49294793955145166
15715,76,0.49268478407855204,0.49258275538394625
15715,77,0.49158908703217546,0.48871288594627027
15715,78,0.4920134523836653,0.49223706695936964
15715,79,0.49189227661894186,0.49222666236347784
15715,80,0.4928286875589483,0.49264246027398895
15715,81,0.48985227093581285,0.49182236188975526
15715,82,0.4905340553195243,0.49120828145679757
15715,83,0.4926147565675612,0.49208787533404824
15715,84,0.49154045942444724,0.4929079243961925
15715,85,0.4910215333376472,0.4922108490358829
15715,86,0.4929110392793753,0.49277628543942387
15715,87,0.4931782447130225,0.4924481675478834
15715,88,0.492138153693189,0.490540652087314
15715,89,0.4921499983298516,0.4940129984406133
15715,90,0.4930088599947722,0.49455935411254337
15715,91,0.49203642261296193,0.4901216750114237
15715,92,0.48797665822880704,0.4930658527636759
15715,93,0.4929293343684008,0.49330139807909723
15715,94,0.4903863376286586,0.49222309647504575
15715,95,0.4896942732084879,0.4922557790466441
15715,96,0.49331811673668396,0.49311547056643157
15715,97,0.4923038658202306,0.4910402236773437
15715,98,0.4932901903774418,0.49205737747076134
15715,99,0.4933450939165788,0.4916149052262276
16050,0,0.26412879343929874,0.26396988062350396
16050,1,0.26536200471184146,0.2633760950676135
16050,2,0.2658696471782015,0.26345667851486887
16050,3,0.26302203607411584,0.26174098514155525
16050,4,0.2648331711992223,0.2630397245951751
16050,5,0.26346362534655077,0.26315258151942295
16050,6,0.26321551767943535,0.2632247408993362
16050,7,0.264191398571395,0.2633453368167642
16050,8,0.26444080310249934,0.26397490007402014
16050,9,0.26234437171013486,0.2634507519015339
16050,10,0.26523391174235683,0.2647272752228735
16050,11,0.26520908728296755,0.2634040061328802
16050,12,0.2646646798007665,0.26320940372057056
16050,13,0.26318672530939663,0.26468403086084785
16050,14,0.26383841275391745,0.2631005553825457
16050,15,0.2642150138099374,0.2643211284579684
16050,16,0.2650987737969243,0.26392816045798323
16050,17,0.2641624904956414,0.2635934245598095
16050,18,0.264405300638417,0.2631325521497695
16050,19,0.2655003320254563,0.263301805571804
16050,20,0.26517659455426773,0.26367385689046174
16050,21,0.26311225038045033,0.264117181875059
16050,22,0.2634427982815878,0.2625423169118304
16050,23,0.26393950885468503,0.2631478472606973
16050,24,0.2624608714018659,0.26346022487884757
16050,25,0.2625875753657313,0.2632360441032557
16050,26,0.2622175178793119,0.26413434937425984
16050,27,0.2623113362305685,0.2640071104767496
16050,28,0.26331754215783354,0.2632427674102299
16050,29,0.26428074061009804,0.26222243982435617
16050,30,0.2639312829044212,0.26297224894751486
16050,31,0.26321165685381875,0.2648225618302653
16050,32,0.26376892312810785,0.2659100977246932
16050,33,0.26431998866832895,0.26253594615397446
16050,34,0.26279778188260855,0.26256908134157675
16050,35,0.2641150394896644,0.2644951092167968
16050,36,0.2633022939843835,0.2633544805760704
16050,37,0.26373826167659353,0.26331943472437064
16050,38,0.26484937839197337,0.2635896964401227
16050,39,0.2633314941651155,0.2652802259205402
16050,40,0.2642152107365988,0.26388377778927485
16050,41,0.262341545391083,0.2630428119546506
16050,42,0.2650308612882123,0.26320835955223343
16050,43,0.26460378814194035,0.2645230943940443
16050,44,0.26372689937712707,0.2619516554976431
16050,45,0.263273281250261,0.26488027773943057
16050,46,0.2636203799841562,0.2635588912415847
16050,47,0.2630700464357545,0.261802475440793
16050,48,0.2645848692805857,0.26313445588230294
16050,49,0.2632480740268603,0.2637611130176432
16050,50,0.26494210883881997,0.26410974534213855
16050,51,0.2629284858830495,0.26440458107312625
16050,52,0.2641213142530604,0.26477673781943156
16050,53,0.26431739779855806,0.26482101823754867
16050,54,0.2649190841599503,0.2640819589974686
16050,55,0.26166730832576185,0.2651319888359151
16050,56,0.263500416576488,0.2643194253737202
16050,57,0.263553721774824,0.2623856178337047
16050,58,0.26306594182363136,0.26322255332618455
16050,59,0.2636694278862336,0.26360643007072865
16050,60,0.2631753806807705,0.26376582366574647
16050,61,0.2634397356807213,0.26338976206909176
16050,62,0.2637226268866695,0.26428281259512665
16050,63,0.26485783783616895,0.2629597863134201
16050,64,0.26245613843261256,0.2641676197305227
16050,65,0.26387414009846893,0.2642777017824898
16050,66,0.26513198388785447,0.2641161938097295
16050,67,0.26369969371143975,0.26413909222899024
16050,68,0.26364383173061473,0.2642242232392375
16050,69,0.26418967897839885,0.2645839743474219
16050,70,0.26282959042706544,0.2644159466746211
16050,71,0.2636138421549013,0.2643050927362578
16050,72,0.26346210066913994,0.26228865990493777
16050,73,0.26252333799692634,0.2633677035982042
16050,74,0.2625993179357131,0.2634870080439914
16050,75,0.263484285653728,0.26438413167471814
16050,76,0.2633137312792095,0.2635763696840741
16050,77,0.2647491008374083,0.2626948562690026
16050,78,0.26494722063707105,0.264257692600584
16050,79,0.2626803506758887,0.26370585524763673
16050,80,0.26312129261678463,0.26307219247249586
16050,81,0.2631443596684141,0.26456827854409737
16050,82,0.26332735231866117,0.26320940372057056
16050,83,0.26332445594741033,0.2649395522686212
16050,84,0.2606419912690858,0.2638952822079158
16050,85,0.2640945247079198,0.2640217058125342
16050,86,0.2654359985644261,0.26289800421704834
16050,87,0.2657005307928247,0.26302112141202305
16050,88,0.26299570629884844,0.2644524122071982
16050,89,0.26415387318474126,0.2642217331610105
16050,90,0.26214446580533124,0.26548181566420925
16050,91,0.2636263053380853,0.26477673781943156
16050,92,0.26330397653087106,0.2637129577485415
16050,93,0.2632294106176104,0.2627196847685885
16050,94,0.26424165576266956,0.26409727423469953
16050,95,0.2654763118264664,0.2620125923656212
16050,96,0.26252055772907656,0.2631790704957045
16050,97,0.26458477045958584,0.263700677494222
16050,98,0.2615728707931462,0.2620684949163411
16050,99,0.26224918378092477,0.26374324964880363
16384,0,-0.0,-0.0
16384,1,-0.0,-0.0
16384,2,-0.0,-0.0
16384,3,-0.0,-0.0
16384,4,-0.0,-0.0
16384,5,-0.0,-0.0
16384,6,-0.0,-0.0
16384,7,-0.0,-0.0
16384,8,-0.0,-0.0
16384,9,-0.0,-0.0
16384,10,-0.0,-0.0
16384,11,-0.0,-0.0
16384,12,-0.0,-0.0
16384,13,-0.0,-0.0
16384,14,-0.0,-0.0
16384,15,-0.0,-0.0
16384,16,-0.0,-0.0
16384,17,-0.0,-0.0
16384,18,-0.0,-0.0
16384,19,-0.0,-0.0
16384,20,-0.0,-0.0
16384,21,-0.0,-0.0
16384,22,-0.0,-0.0
16384,23,-0.0,-0.0
16384,24,-0.0,-0.0
16384,25,-0.0,-0.0
16384,26,-0.0,-0.0
16384,27,-0.0,-0.0
16384,28,-0.0,-0.0
16384,29,-0.0,-0.0
16384,30,-0.0,-0.0
16384,31,-0.0,-0.0
16384,32,-0.0,-0.0
16384,33,-0.0,-0.0
16384,34,-0.0,-0.0
16384,35,-0.0,-0.0
16384,36,-0.0,-0.0
16384,37,-0.0,-0.0
16384,38,-0.0,-0.0
16384,39,-0.0,-0.0
16384,40,-0.0,-0.0
16384,41,-0.0,-0.0
16384,42,-0.0,-0.0
16384,43,-0.0,-0.0
16384,44,-0.0,-0.0
16384,45,-0.0,-0.0
16384,46,-0.0,-0.0
16384,47,-0.0,-0.0
16384,48,-0.0,-0.0
16384,49,-0.0,-0.0
16384,50,-0.0,-0.0
16384,51,-0.0,-0.0
16384,52,-0.0,-0.0
16384,53,-0.0,-0.0
16384,54,-0.0,-0.0
16384,55,-0.0,-0.0
16384,56,-0.0,-0.0
16384,57,-0.0,-0.0
16384,58,-0.0,-0.0
16384,59,-0.0,-0.0
16384,60,-0.0,-0.0
16384,61,-0.0,-0.0
16384,62,-0.0,-0.0
16384,63,-0.0,-0.0
16384,64,-0.0,-0.0
16384,65,-0.0,-0.0
16384,66,-0.0,-0.0
16384,67,-0.0,-0.0
16384,68,-0.0,-0.0
16384,69,-0.0,-0.0
16384,70,-0.0,-0.0
16384,71,-0.0,-0.0
16384,72,-0.0,-0.0
16384,73,-0.0,-0.0
16384,74,-0.0,-0.0
16384,75,-0.0,-0.0
16384,76,-0.0,-0.0
16384,77,-0.0,-0.0
16384,78,-0.0,-0.0
16384,79,-0.0,-0.0
16384,80,-0.0,-0.0
16384,81,-0.0,-0.0
16384,82,-0.0,-0.0
16384,83,-0.0,-0.0
16384,84,-0.0,-0.0
16384,85,-0.0,-0.0
16384,86,-0.0,-0.0
16384,87,-0.0,-0.0
16384,88,-0.0,-0.0
16384,89,-0.0,-0.0
16384,90,-0.0,-0.0
16384,91,-0.0,-0.0
16384,92,-0.0,-0.0
16384,93,-0.0,-0.0
16384,94,-0.0,-0.0
16384,95,-0.0,-0.0
16384,96,-0.0,-0.0
16384,97,-0.0,-0.0
16384,98,-0.0,-0.0
16384,99,-0.0,-0.0
