m,sample,entropy_multiple_states,entropy_multiple_partitions
1,0,-0.0,-0.0
1,1,-0.0,-0.0
1,2,-0.0,-0.0
1,3,-0.0,-0.0
1,4,-0.0,-0.0
1,5,-0.0,-0.0
1,6,-0.0,-0.0
1,7,-0.0,-0.0
1,8,-0.0,-0.0
1,9,-0.0,-0.0
1,10,-0.0,-0.0
1,11,-0.0,-0.0
1,12,-0.0,-0.0
1,13,-0.0,-0.0
1,14,-0.0,-0.0
1,15,-0.0,-0.0
1,16,-0.0,-0.0
1,17,-0.0,-0.0
1,18,-0.0,-0.0
1,19,-0.0,-0.0
1,20,-0.0,-0.0
1,21,-0.0,-0.0
1,22,-0.0,-0.0
1,23,-0.0,-0.0
1,24,-0.0,-0.0
1,25,-0.0,-0.0
1,26,-0.0,-0.0
1,27,-0.0,-0.0
1,28,-0.0,-0.0
1,29,-0.0,-0.0
1,30,-0.0,-0.0
1,31,-0.0,-0.0
1,32,-0.0,-0.0
1,33,-0.0,-0.0
1,34,-0.0,-0.0
1,35,-0.0,-0.0
1,36,-0.0,-0.0
1,37,-0.0,-0.0
1,38,-0.0,-0.0
1,39,-0.0,-0.0
1,40,-0.0,-0.0
1,41,-0.0,-0.0
1,42,-0.0,-0.0
1,43,-0.0,-0.0
1,44,-0.0,-0.0
1,45,-0.0,-0.0
1,46,-0.0,-0.0
1,47,-0.0,-0.0
1,48,-0.0,-0.0
1,49,-0.0,-0.0
1,50,-0.0,-0.0
1,51,-0.0,-0.0
1,52,-0.0,-0.0
1,53,-0.0,-0.0
1,54,-0.0,-0.0
1,55,-0.0,-0.0
1,56,-0.0,-0.0
1,57,-0.0,-0.0
1,58,-0.0,-0.0
1,59,-0.0,-0.0
1,60,-0.0,-0.0
1,61,-0.0,-0.0
1,62,-0.0,-0.0
1,63,-0.0,-0.0
1,64,-0.0,-0.0
1,65,-0.0,-0.0
1,66,-0.0,-0.0
1,67,-0.0,-0.0
1,68,-0.0,-0.0
1,69,-0.0,-0.0
1,70,-0.0,-0.0
1,71,-0.0,-0.0
1,72,-0.0,-0.0
1,73,-0.0,-0.0
1,74,-0.0,-0.0
1,75,-0.0,-0.0
1,76,-0.0,-0.0
1,77,-0.0,-0.0
1,78,-0.0,-0.0
1,79,-0.0,-0.0
1,80,-0.0,-0.0
1,81,-0.0,-0.0
1,82,-0.0,-0.0
1,83,-0.0,-0.0
1,84,-0.0,-0.0
1,85,-0.0,-0.0
1,86,-0.0,-0.0
1,87,-0.0,-0.0
1,88,-0.0,-0.0
1,89,-0.0,-0.0
1,90,-0.0,-0.0
1,91,-0.0,-0.0
1,92,-0.0,-0.0
1,93,-0.0,-0.0
1,94,-0.0,-0.0
1,95,-0.0,-0.0
1,96,-0.0,-0.0
1,97,-0.0,-0.0
1,98,-0.0,-0.0
1,99,-0.0,-0.0
1,100,-0.0,-0.0
1,101,-0.0,-0.0
1,102,-0.0,-0.0
1,103,-0.0,-0.0
1,104,-0.0,-0.0
1,105,-0.0,-0.0
1,106,-0.0,-0.0
1,107,-0.0,-0.0
1,108,-0.0,-0.0
1,109,-0.0,-0.0
1,110,-0.0,-0.0
1,111,-0.0,-0.0
1,112,-0.0,-0.0
1,113,-0.0,-0.0
1,114,-0.0,-0.0
1,115,-0.0,-0.0
1,116,-0.0,-0.0
1,117,-0.0,-0.0
1,118,-0.0,-0.0
1,119,-0.0,-0.0
1,120,-0.0,-0.0
1,121,-0.0,-0.0
1,122,-0.0,-0.0
1,123,-0.0,-0.0
1,124,-0.0,-0.0
1,125,-0.0,-0.0
1,126,-0.0,-0.0
1,127,-0.0,-0.0
1,128,-0.0,-0.0
1,129,-0.0,-0.0
1,130,-0.0,-0.0
1,131,-0.0,-0.0
1,132,-0.0,-0.0
1,133,-0.0,-0.0
1,134,-0.0,-0.0
1,135,-0.0,-0.0
1,136,-0.0,-0.0
1,137,-0.0,-0.0
1,138,-0.0,-0.0
1,139,-0.0,-0.0
1,140,-0.0,-0.0
1,141,-0.0,-0.0
1,142,-0.0,-0.0
1,143,-0.0,-0.0
1,144,-0.0,-0.0
1,145,-0.0,-0.0
1,146,-0.0,-0.0
1,147,-0.0,-0.0
1,148,-0.0,-0.0
1,149,-0.0,-0.0
1,150,-0.0,-0.0
1,151,-0.0,-0.0
1,152,-0.0,-0.0
1,153,-0.0,-0.0
1,154,-0.0,-0.0
1,155,-0.0,-0.0
1,156,-0.0,-0.0
1,157,-0.0,-0.0
1,158,-0.0,-0.0
1,159,-0.0,-0.0
1,160,-0.0,-0.0
1,161,-0.0,-0.0
1,162,-0.0,-0.0
1,163,-0.0,-0.0
1,164,-0.0,-0.0
1,165,-0.0,-0.0
1,166,-0.0,-0.0
1,167,-0.0,-0.0
1,168,-0.0,-0.0
1,169,-0.0,-0.0
1,170,-0.0,-0.0
1,171,-0.0,-0.0
1,172,-0.0,-0.0
1,173,-0.0,-0.0
1,174,-0.0,-0.0
1,175,-0.0,-0.0
1,176,-0.0,-0.0
1,177,-0.0,-0.0
1,178,-0.0,-0.0
1,179,-0.0,-0.0
1,180,-0.0,-0.0
1,181,-0.0,-0.0
1,182,-0.0,-0.0
1,183,-0.0,-0.0
1,184,-0.0,-0.0
1,185,-0.0,-0.0
1,186,-0.0,-0.0
1,187,-0.0,-0.0
1,188,-0.0,-0.0
1,189,-0.0,-0.0
1,190,-0.0,-0.0
1,191,-0.0,-0.0
1,192,-0.0,-0.0
1,193,-0.0,-0.0
1,194,-0.0,-0.0
1,195,-0.0,-0.0
1,196,-0.0,-0.0
1,197,-0.0,-0.0
1,198,-0.0,-0.0
1,199,-0.0,-0.0
1,200,-0.0,-0.0
1,201,-0.0,-0.0
1,202,-0.0,-0.0
1,203,-0.0,-0.0
1,204,-0.0,-0.0
1,205,-0.0,-0.0
1,206,-0.0,-0.0
1,207,-0.0,-0.0
1,208,-0.0,-0.0
1,209,-0.0,-0.0
1,210,-0.0,-0.0
1,211,-0.0,-0.0
1,212,-0.0,-0.0
1,213,-0.0,-0.0
1,214,-0.0,-0.0
1,215,-0.0,-0.0
1,216,-0.0,-0.0
1,217,-0.0,-0.0
1,218,-0.0,-0.0
1,219,-0.0,-0.0
1,220,-0.0,-0.0
1,221,-0.0,-0.0
1,222,-0.0,-0.0
1,223,-0.0,-0.0
1,224,-0.0,-0.0
1,225,-0.0,-0.0
1,226,-0.0,-0.0
1,227,-0.0,-0.0
1,228,-0.0,-0.0
1,229,-0.0,-0.0
1,230,-0.0,-0.0
1,231,-0.0,-0.0
1,232,-0.0,-0.0
1,233,-0.0,-0.0
1,234,-0.0,-0.0
1,235,-0.0,-0.0
1,236,-0.0,-0.0
1,237,-0.0,-0.0
1,238,-0.0,-0.0
1,239,-0.0,-0.0
1,240,-0.0,-0.0
1,241,-0.0,-0.0
1,242,-0.0,-0.0
1,243,-0.0,-0.0
1,244,-0.0,-0.0
1,245,-0.0,-0.0
1,246,-0.0,-0.0
1,247,-0.0,-0.0
1,248,-0.0,-0.0
1,249,-0.0,-0.0
1,250,-0.0,-0.0
1,251,-0.0,-0.0
1,252,-0.0,-0.0
1,253,-0.0,-0.0
1,254,-0.0,-0.0
1,255,-0.0,-0.0
1,256,-0.0,-0.0
1,257,-0.0,-0.0
1,258,-0.0,-0.0
1,259,-0.0,-0.0
1,260,-0.0,-0.0
1,261,-0.0,-0.0
1,262,-0.0,-0.0
1,263,-0.0,-0.0
1,264,-0.0,-0.0
1,265,-0.0,-0.0
1,266,-0.0,-0.0
1,267,-0.0,-0.0
1,268,-0.0,-0.0
1,269,-0.0,-0.0
1,270,-0.0,-0.0
1,271,-0.0,-0.0
1,272,-0.0,-0.0
1,273,-0.0,-0.0
1,274,-0.0,-0.0
1,275,-0.0,-0.0
1,276,-0.0,-0.0
1,277,-0.0,-0.0
1,278,-0.0,-0.0
1,279,-0.0,-0.0
1,280,-0.0,-0.0
1,281,-0.0,-0.0
1,282,-0.0,-0.0
1,283,-0.0,-0.0
1,284,-0.0,-0.0
1,285,-0.0,-0.0
1,286,-0.0,-0.0
1,287,-0.0,-0.0
1,288,-0.0,-0.0
1,289,-0.0,-0.0
1,290,-0.0,-0.0
1,291,-0.0,-0.0
1,292,-0.0,-0.0
1,293,-0.0,-0.0
1,294,-0.0,-0.0
1,295,-0.0,-0.0
1,296,-0.0,-0.0
1,297,-0.0,-0.0
1,298,-0.0,-0.0
1,299,-0.0,-0.0
1,300,-0.0,-0.0
1,301,-0.0,-0.0
1,302,-0.0,-0.0
1,303,-0.0,-0.0
1,304,-0.0,-0.0
1,305,-0.0,-0.0
1,306,-0.0,-0.0
1,307,-0.0,-0.0
1,308,-0.0,-0.0
1,309,-0.0,-0.0
1,310,-0.0,-0.0
1,311,-0.0,-0.0
1,312,-0.0,-0.0
1,313,-0.0,-0.0
1,314,-0.0,-0.0
1,315,-0.0,-0.0
1,316,-0.0,-0.0
1,317,-0.0,-0.0
1,318,-0.0,-0.0
1,319,-0.0,-0.0
1,320,-0.0,-0.0
1,321,-0.0,-0.0
1,322,-0.0,-0.0
1,323,-0.0,-0.0
1,324,-0.0,-0.0
1,325,-0.0,-0.0
1,326,-0.0,-0.0
1,327,-0.0,-0.0
1,328,-0.0,-0.0
1,329,-0.0,-0.0
1,330,-0.0,-0.0
1,331,-0.0,-0.0
1,332,-0.0,-0.0
1,333,-0.0,-0.0
1,334,-0.0,-0.0
1,335,-0.0,-0.0
1,336,-0.0,-0.0
1,337,-0.0,-0.0
1,338,-0.0,-0.0
1,339,-0.0,-0.0
1,340,-0.0,-0.0
1,341,-0.0,-0.0
1,342,-0.0,-0.0
1,343,-0.0,-0.0
1,344,-0.0,-0.0
1,345,-0.0,-0.0
1,346,-0.0,-0.0
1,347,-0.0,-0.0
1,348,-0.0,-0.0
1,349,-0.0,-0.0
1,350,-0.0,-0.0
1,351,-0.0,-0.0
1,352,-0.0,-0.0
1,353,-0.0,-0.0
1,354,-0.0,-0.0
1,355,-0.0,-0.0
1,356,-0.0,-0.0
1,357,-0.0,-0.0
1,358,-0.0,-0.0
1,359,-0.0,-0.0
1,360,-0.0,-0.0
1,361,-0.0,-0.0
1,362,-0.0,-0.0
1,363,-0.0,-0.0
1,364,-0.0,-0.0
1,365,-0.0,-0.0
1,366,-0.0,-0.0
1,367,-0.0,-0.0
1,368,-0.0,-0.0
1,369,-0.0,-0.0
1,370,-0.0,-0.0
1,371,-0.0,-0.0
1,372,-0.0,-0.0
1,373,-0.0,-0.0
1,374,-0.0,-0.0
1,375,-0.0,-0.0
1,376,-0.0,-0.0
1,377,-0.0,-0.0
1,378,-0.0,-0.0
1,379,-0.0,-0.0
1,380,-0.0,-0.0
1,381,-0.0,-0.0
1,382,-0.0,-0.0
1,383,-0.0,-0.0
1,384,-0.0,-0.0
1,385,-0.0,-0.0
1,386,-0.0,-0.0
1,387,-0.0,-0.0
1,388,-0.0,-0.0
1,389,-0.0,-0.0
1,390,-0.0,-0.0
1,391,-0.0,-0.0
1,392,-0.0,-0.0
1,393,-0.0,-0.0
1,394,-0.0,-0.0
1,395,-0.0,-0.0
1,396,-0.0,-0.0
1,397,-0.0,-0.0
1,398,-0.0,-0.0
1,399,-0.0,-0.0
1,400,-0.0,-0.0
1,401,-0.0,-0.0
1,402,-0.0,-0.0
1,403,-0.0,-0.0
1,404,-0.0,-0.0
1,405,-0.0,-0.0
1,406,-0.0,-0.0
1,407,-0.0,-0.0
1,408,-0.0,-0.0
1,409,-0.0,-0.0
1,410,-0.0,-0.0
1,411,-0.0,-0.0
1,412,-0.0,-0.0
1,413,-0.0,-0.0
1,414,-0.0,-0.0
1,415,-0.0,-0.0
1,416,-0.0,-0.0
1,417,-0.0,-0.0
1,418,-0.0,-0.0
1,419,-0.0,-0.0
1,420,-0.0,-0.0
1,421,-0.0,-0.0
1,422,-0.0,-0.0
1,423,-0.0,-0.0
1,424,-0.0,-0.0
1,425,-0.0,-0.0
1,426,-0.0,-0.0
1,427,-0.0,-0.0
1,428,-0.0,-0.0
1,429,-0.0,-0.0
1,430,-0.0,-0.0
1,431,-0.0,-0.0
1,432,-0.0,-0.0
1,433,-0.0,-0.0
1,434,-0.0,-0.0
1,435,-0.0,-0.0
1,436,-0.0,-0.0
1,437,-0.0,-0.0
1,438,-0.0,-0.0
1,439,-0.0,-0.0
1,440,-0.0,-0.0
1,441,-0.0,-0.0
1,442,-0.0,-0.0
1,443,-0.0,-0.0
1,444,-0.0,-0.0
1,445,-0.0,-0.0
1,446,-0.0,-0.0
1,447,-0.0,-0.0
1,448,-0.0,-0.0
1,449,-0.0,-0.0
1,450,-0.0,-0.0
1,451,-0.0,-0.0
1,452,-0.0,-0.0
1,453,-0.0,-0.0
1,454,-0.0,-0.0
1,455,-0.0,-0.0
1,456,-0.0,-0.0
1,457,-0.0,-0.0
1,458,-0.0,-0.0
1,459,-0.0,-0.0
1,460,-0.0,-0.0
1,461,-0.0,-0.0
1,462,-0.0,-0.0
1,463,-0.0,-0.0
1,464,-0.0,-0.0
1,465,-0.0,-0.0
1,466,-0.0,-0.0
1,467,-0.0,-0.0
1,468,-0.0,-0.0
1,469,-0.0,-0.0
1,470,-0.0,-0.0
1,471,-0.0,-0.0
1,472,-0.0,-0.0
1,473,-0.0,-0.0
1,474,-0.0,-0.0
1,475,-0.0,-0.0
1,476,-0.0,-0.0
1,477,-0.0,-0.0
1,478,-0.0,-0.0
1,479,-0.0,-0.0
1,480,-0.0,-0.0
1,481,-0.0,-0.0
1,482,-0.0,-0.0
1,483,-0.0,-0.0
1,484,-0.0,-0.0
1,485,-0.0,-0.0
1,486,-0.0,-0.0
1,487,-0.0,-0.0
1,488,-0.0,-0.0
1,489,-0.0,-0.0
1,490,-0.0,-0.0
1,491,-0.0,-0.0
1,492,-0.0,-0.0
1,493,-0.0,-0.0
1,494,-0.0,-0.0
1,495,-0.0,-0.0
1,496,-0.0,-0.0
1,497,-0.0,-0.0
1,498,-0.0,-0.0
1,499,-0.0,-0.0
56,0,5.004134904283454,5.164642195812974
56,1,4.968421756274732,5.030677430147722
56,2,4.979140623423862,4.949736462022686
56,3,5.048555796961595,5.160389526278951
56,4,5.075052058857322,5.138155374531871
56,5,5.191602463747384,5.069573505907856
56,6,5.169510931858365,5.070629982679785
56,7,5.19902343473769,5.102133262900228
56,8,4.943053268583554,5.229998200461839
56,9,5.108624990531991,5.141539482566222
56,10,4.913758983975341,5.127521943369223
56,11,5.181075091438504,5.119327000665469
56,12,4.958710034255385,5.225910782732203
56,13,5.267899771221347,5.306120633264586
56,14,5.058627209593538,5.085350402778679
56,15,4.932992937189717,5.276653789001223
56,16,5.153686061478242,4.870628391842283
56,17,5.194506612297114,5.40197563497468
56,18,5.205225217572652,5.051585369699386
56,19,5.18194419876731,5.0276117787426475
56,20,5.163236229083509,5.141636107751584
56,21,5.213694312609483,5.0276117787426475
56,22,5.159181066167028,5.244032416015948
56,23,5.129885899840112,5.267899771221348
56,24,5.10041905557675,5.088653128933022
56,25,5.0963286100612795,5.249911635012878
56,26,5.194895351881312,5.149628727955779
56,27,4.774695114465157,5.23018405959475
56,28,5.079446271828364,5.236245641912763
56,29,5.23018405959475,5.212457910088933
56,30,5.01877314409198,5.432991065825571
56,31,5.102133262900228,5.101645413530675
56,32,5.045337928248463,5.247357586280062
56,33,5.123580066448086,5.450212064914747
56,34,5.20148435245068,5.154281651813567
56,35,5.069883543256317,5.155440201045055
56,36,5.134056973090618,5.080094224221326
56,37,5.185665776312458,5.017532383421807
56,38,5.201865525069751,5.339328342649919
56,39,5.093034718547183,5.04788197749758
56,40,5.217129503628393,5.09252855135783
56,41,4.975043238755321,5.068925553514894
56,42,5.012172341427639,5.175150422607728
56,43,5.194109040076337,5.254419637254142
56,44,5.176716363050713,5.142746113478636
56,45,5.044711599956738,5.126541137310251
56,46,5.05845732841154,5.124367414647308
56,47,5.017532383421809,5.325848208682714
56,48,5.091906144685441,5.280145616395533
56,49,5.212621501387129,5.04151262837396
56,50,5.176716363050713,5.142739765163923
56,51,5.089301081325984,4.951484352450681
56,52,5.050972786094408,5.04967604930773
56,53,5.091159705261975,5.140767351957709
56,54,5.071160587269618,5.306679708340709
56,55,5.334820340408655,5.105235429564505
56,56,5.053586795611699,5.25467996420068
56,57,5.139453490748899,5.14258291873711
56,58,5.168289593230425,5.185497642154523
56,59,5.223376945079317,5.064284054198356
56,60,4.984692061836014,4.997935121053951
56,61,5.078252484345564,4.997773281137918
56,62,5.190294984048423,5.190196497017918
56,63,5.3972767801112855,5.080065211515228
56,64,4.977286550787861,5.280145616395533
56,65,5.064586733235181,5.1158085099356105
56,66,5.1900642531768275,5.1683830609349455
56,67,5.067381227373413,5.230184059594749
56,68,5.191252973789846,5.0396228985381155
56,69,5.028486768803548,5.296381364419352
56,70,5.1734136368963695,5.111535233073065
56,71,5.156219899131129,5.0152804871389955
56,72,5.071502046357483,5.321340206441451
56,73,5.06549108166744,5.249911635012878
56,74,5.067654366918581,5.133469186646004
56,75,5.063421905547336,5.12501536704027
56,76,5.196443938468842,5.018652597181785
56,77,5.375042628364205,4.857629271594767
56,78,5.087108802791541,5.100852709320774
56,79,5.139426229424964,5.16697709420548
56,80,4.924955792431868,5.170643322482602
56,81,5.1386671789439236,5.0006717614205956
56,82,5.188195071105607,5.194197689086426
56,83,5.332095650133637,5.1125204841384235
56,84,5.028032494406756,5.128167067958977
56,85,5.15523464806577,4.987903493595667
56,86,5.040146963569468,4.959746260414955
56,87,5.27335106284688,5.196443938468842
56,88,5.102041941366869,4.9869615634157
56,89,5.050036783111858,5.120875587252999
56,90,5.185688494776653,5.245638358150332
56,91,5.265365933568461,5.259650903858112
56,92,5.163822565483565,5.0067541710665635
56,93,5.234692061836014,5.07053149564928
56,94,5.002132864694542,5.333053639875061
56,95,5.057831059768147,5.0218961510439115
56,96,5.176716363050713,5.067174659512541
56,97,5.142739765163923,5.237815068787945
56,98,5.164910195497744,5.047339354160775
56,99,4.861267961818021,5.335587477527948
56,100,4.947934339950839,4.916728056477818
56,101,5.165422283097343,5.025077941089759
56,102,5.232158224183127,5.205416070194783
56,103,5.074444038707697,5.036952132922581
56,104,5.126071843812198,5.099040350171219
56,105,5.012045784110599,5.054339232373837
56,106,5.049845930489727,5.191745083605447
56,107,5.210533889340121,5.18705470866347
56,108,5.226413562489033,5.009908270735881
56,109,5.084820340408655,5.210882062177469
56,110,5.263921831350109,5.017224557504449
56,111,5.068097260831688,5.11499979914344
56,112,5.180457228172684,5.133958486060112
56,113,4.9105433198332396,5.248144934479284
56,114,5.17046892159979,5.381290069815128
56,115,5.068243867920845,4.943033779126159
56,116,4.984056849810519,5.1250039087901715
56,117,5.203471467204136,5.196471199792775
56,118,5.0632170509136545,5.1737892022101315
56,119,5.212621501387129,5.016856335050459
56,120,5.065484857146834,5.200717215331387
56,121,5.166728056477818,5.154531274302939
56,122,4.975681252737323,5.22495279299078
56,123,5.118872409958524,5.07053149564928
56,124,5.2446803684089085,5.138998280764304
56,125,4.976841511149693,5.1944697738804635
56,126,4.9569356440762125,4.913276531008482
56,127,5.134945488507634,5.208038746729035
56,128,5.125773381376775,5.265365933568461
56,129,5.142058554108354,5.254419637254142
56,130,5.162467340582051,5.109200334680561
56,131,5.11531640012001,5.1839217942430595
56,132,5.194837996334457,5.169261962637482
56,133,5.221211927868809,4.968788152159466
56,134,5.287627346639476,5.093984379088373
56,135,5.127549204693157,5.27414721267227
56,136,5.190340983078494,5.234692061836014
56,137,5.176716363050714,5.119327000665469
56,138,5.333053639875061,4.987903493595667
56,139,5.137359699244961,5.170567408630294
56,140,4.920446653765075,5.145643576652967
56,141,5.190196497017919,5.306120633264586
56,142,5.212963060505572,5.048252728722808
56,143,5.131434486427641,5.005882777412205
56,144,4.926384072194324,5.030517774465194
56,145,5.067795389325447,5.181398766174789
56,146,5.021653640425358,5.166356403136452
56,147,5.1777974552064725,5.262234885350565
56,148,5.142854229395265,5.026291394690906
56,149,5.25249561650533,5.108088415186162
56,150,5.112493222814488,5.14724951878735
56,151,5.1688629794654055,5.161687642495979
56,152,5.186646484518076,5.120875587252999
56,153,5.120316512176875,4.876491068165112
56,154,5.030704691471657,5.107186417249532
56,155,5.149681055774135,4.994404069357313
56,156,5.059850610869443,5.39171805400924
56,157,5.348082360429796,5.325848208682714
56,158,5.244431330681248,5.0871570355556095
56,159,5.123409424905885,5.093439867972188
56,160,5.088285900136209,5.0988056247925
56,161,5.161238383896812,4.9973487846538935
56,162,5.2446803684089085,5.179809275779723
56,163,5.262681545218418,5.371301763242234
56,164,5.120321505666095,5.158069879788345
56,165,4.981389335681672,5.148368266927983
56,166,5.051980853477315,5.194506612297115
56,167,5.165770066736395,5.0250779410897595
56,168,5.148300876546451,5.145360805724217
56,169,4.937000398449533,5.051585369699386
56,170,5.345575784100843,5.033770342876732
56,171,5.265898345309036,4.998776929495304
56,172,4.990369576267704,5.205416070194783
56,173,5.287627346639476,5.274147212672271
56,174,5.119821756421173,5.099040350171219
56,175,5.21045648417662,5.0664189771859425
56,176,5.245638358150332,5.095299485049247
56,177,5.13688955887309,5.023471998955374
56,178,4.969724849523405,5.091264991959636
56,179,5.052598875745857,5.064628970858018
56,180,5.372508790711318,5.188296689780188
56,181,5.234692061836013,5.026653789001223
56,182,5.042378512594727,5.114259923348082
56,183,5.07203594940925,5.27937847927624
56,184,5.180432861958791,5.170097268258423
56,185,5.190196497017918,5.051664434472837
56,186,5.110519058226111,5.021116282907088
56,187,5.083811070126419,5.1231266539771365
56,188,5.2631736550340165,5.189238507276495
56,189,5.0902590710674085,4.939966967023038
56,190,5.090564745170467,5.355315052946077
56,191,5.183152905741603,4.969636079957344
56,192,4.9585118811859745,5.049120885657863
56,193,5.157426926600213,5.063326064456931
56,194,5.049944417520231,5.114259923348082
56,195,5.146920821434027,5.1250153670402705
56,196,5.11051905822611,5.164632357792559
56,197,5.21966334128128,5.06642823112121
56,198,5.013433981980556,5.235650051577438
56,199,5.153524221562209,5.125973356781693
56,200,5.1792502007036,5.160729652754555
56,201,5.029022520598982,5.124367414647308
56,202,5.0092019115513295,5.022912923879252
56,203,5.168494757011412,5.016720842159821
56,204,5.006967792351752,5.170567408630293
56,205,5.322107343560743,5.07582094735878
56,206,5.091807657654936,4.9592488587191506
56,207,4.989471385309112,5.341834918978871
56,208,5.198210639002435,5.097291204093623
56,209,5.0496932257488805,5.057051361682075
56,210,5.205370092831527,5.196443938468842
56,211,5.065092764990526,5.120111348395889
56,212,5.16852142034696,5.343799960784461
56,213,5.290133922968429,5.159181066167027
56,214,5.190196497017918,5.091414657624689
56,215,5.215402625385513,5.082883758693063
56,216,4.92944105332573,5.198181626296338
56,217,5.359055918068048,5.190196497017918
56,218,5.075749157385452,5.283886481517505
56,219,5.153247922510613,5.0006717614205956
56,220,4.958406188377901,5.332095650133637
56,221,5.0902318097434724,5.056339581865104
56,222,5.11057724333164,5.230552282048743
56,223,5.267899771221347,5.11979714103734
56,224,5.148830360188033,5.07827656089814
56,225,5.317066929578905,5.178483063584307
56,226,5.000571337655658,5.306679708340709
56,227,5.113063107475227,5.074030721326151
56,228,4.9976947179839115,5.468705351539857
56,229,5.133796646144081,5.121712640885927
56,230,4.9723034146855065,5.009227626131059
56,231,5.038103484350019,5.148776491073376
56,232,4.940305378709361,5.0876951391916
56,233,5.267899771221347,5.22495279299078
56,234,5.165122114343434,5.133469186646004
56,235,5.145216402943618,5.229651647854175
56,236,5.078327523687733,5.194895351881312
56,237,4.919063086022803,5.1839217942430595
56,238,5.099138837201723,5.181415217914107
56,239,5.011903481225614,5.175150422607728
56,240,5.2371986381649664,5.104136123884548
56,241,5.2265063730675285,5.099685003505849
56,242,5.312368074715509,5.081447697740677
56,243,5.251237847208294,5.161687642495979
56,244,5.170097268258423,5.024429988696799
56,245,5.164432382387642,5.144742942458398
56,246,5.12771104460919,5.1095610684846875
56,247,5.187968333468091,5.166208205704023
56,248,4.845988200398124,5.208966082694624
56,249,5.137699351182084,5.144995624260005
56,250,5.169701784480496,5.091807657654936
56,251,5.184599191663028,5.145405785018501
56,252,4.949191743364903,5.060070738676905
56,253,5.106472002773677,5.151608247175141
56,254,5.04731209283684,5.134926313821951
56,255,5.094610732815231,5.007884203324518
56,256,5.211822698063437,5.113773170223469
56,257,5.210456484176622,4.949863975889825
56,258,5.069573505907855,5.168714782032975
56,259,5.174209786721761,5.113614652526692
56,260,5.166954277887931,5.302978844910138
56,261,5.033859220193569,5.069573505907856
56,262,5.010032768795707,5.0018357219597736
56,263,5.226009269762708,5.025124872371361
56,264,4.97894977080173,5.185287828729189
56,265,5.035994143181157,4.9869615634157
56,266,5.0810522139627485,5.214964486417884
56,267,5.0228640482538145,5.075328837543179
56,268,5.2276484705597,5.269639210431007
56,269,5.114643994229336,5.189238507276496
56,270,5.079413609332712,5.468705351539857
56,271,5.053949326170277,5.0396228985381155
56,272,4.968589212899083,5.100852709320774
56,273,5.040864675981,5.0306774301477235
56,274,5.052938843218738,5.1033136270337645
56,275,5.127502697567653,5.14961347525824
56,276,5.249911635012878,5.018778137581202
56,277,5.2385947668740185,5.200356481527261
56,278,5.068224629321054,4.931742465873695
56,279,5.121104620736302,4.9500069915697225
56,280,4.976238030691791,5.163701629375071
56,281,5.014940957436648,5.23018405959475
56,282,5.165775060225616,5.222169917610232
56,283,5.107794367951094,5.134106683492543
56,284,4.869220660483439,5.085350402778679
56,285,5.112493222814488,5.244032416015948
56,286,4.993025818261709,5.212457910088933
56,287,5.025077941089759,4.951484352450681
56,288,5.1449047823744305,5.40197563497468
56,289,5.256926213583094,5.05030020488652
56,290,5.168862979465405,4.95631670438935
56,291,4.974144472569748,5.218678090215923
56,292,5.1720304583523955,5.12771104460919
56,293,5.084828447872702,5.20065976650687
56,294,5.097464502259755,5.074030721326151
56,295,5.0681207604107295,5.283886481517505
56,296,4.975865993247906,4.996830986060602
56,297,5.1198975932672175,5.125020360529489
56,298,5.100593930247967,5.255377626995565
56,299,5.205225217572652,5.144742942458398
56,300,5.073817150786657,5.07827656089814
56,301,5.149756095116303,5.206183207314075
56,302,5.223404206403251,5.175167776463184
56,303,5.099040350171219,5.093545345482433
56,304,5.08254992453043,4.949736462022686
56,305,5.325848208682714,5.173853828044503
56,306,5.264158906099376,5.15074134618166
56,307,5.099650167075294,5.212621501387129
56,308,5.14724951878735,5.065832640785884
56,309,5.255377626995566,5.173853828044503
56,310,4.991084805484889,5.032901230452146
56,311,5.247186944737861,5.023367198276045
56,312,4.972333508908429,5.345575784100843
56,313,5.039498710942932,5.176716363050713
56,314,5.05080392023115,5.0678243598302615
56,315,5.136308215962252,5.060915329218382
56,316,5.020701684541606,4.967915773595784
56,317,5.241897493028361,5.045337928248464
56,318,5.340382173481745,5.229823325790622
56,319,5.432991065825571,5.125731717336594
56,320,5.064874651044461,5.40197563497468
56,321,5.1583675624861804,5.1809579499818375
56,322,5.035852704946899,5.213016985165056
56,323,5.169273857109099,5.091597844229603
56,324,5.333053639875061,5.154281651813567
56,325,5.065832640785884,5.16168764249598
56,326,5.0007727027617435,5.130246633644239
56,327,4.981362074357735,5.297339354160775
56,328,5.075451090771864,5.018778137581202
56,329,5.073348843785334,5.19897777612173
56,330,5.113272920900561,5.306120633264586
56,331,5.165564902955408,5.086518205945437
56,332,5.118767925589347,5.1544298492459975
56,333,5.147572117102592,5.060487197271592
56,334,5.129157330530615,5.250678772132171
56,335,5.294780415774188,5.144094990065438
56,336,5.125518146797099,5.009086562751065
56,337,5.013536185592597,5.159123710620171
56,338,5.2061832073140755,5.2099240724360465
56,339,5.093771566892546,5.253771684861181
56,340,5.105278668839353,4.9749527929907815
56,341,5.278846067535665,5.185497642154523
56,342,5.122232491659721,5.033770342876732
56,343,5.149254701533319,5.295365189572397
56,344,5.051332901084352,5.136303222473033
56,345,5.1652012708890975,5.293874788090399
56,346,5.032150739242717,5.351823225551765
56,347,5.279386586740287,5.277611778742647
56,348,5.1203215056660945,5.07950362737522
56,349,5.100815158168858,5.210882062177469
56,350,5.199935765863152,5.268458846297471
56,351,5.21966334128128,5.027611778742647
56,352,5.139985902489473,4.878302030653593
56,353,4.990512497739028,5.2102706250437105
56,354,4.970388516719483,5.301612631023322
56,355,5.139078056587617,4.931333246983418
56,356,5.200642953363059,4.960286602994624
56,357,5.06255892733764,4.998966685872495
56,358,4.999447840880369,5.254419637254142
56,359,5.154902926967741,5.17046892159979
56,360,5.16481707048419,5.1497833564402375
56,361,5.141904075273058,5.072561617957534
56,362,5.249911635012878,5.128237920042035
56,363,5.202880481159731,5.107794367951094
56,364,5.029817927436804,5.017224557504452
56,365,5.176972451166371,5.211472659023575
56,366,5.224304840597818,5.162467340582052
56,367,4.829612761388743,5.3910293386603625
56,368,5.365465199435004,5.125731717336594
56,369,5.247186944737861,5.163644663026513
56,370,5.11339522075112,5.178608775419747
56,371,5.082068388809703,4.986402488339576
56,372,4.94136136409243,5.266665482428328
56,373,4.995362059098737,5.233895912010623
56,374,5.081272238984311,5.154281651813567
56,375,5.226868772473627,5.165770066736395
56,376,5.290133922968429,5.193141212314498
56,377,4.909912488493597,5.216198775210904
56,378,5.022912923879251,5.153930100001073
56,379,5.15074134618166,5.159522625285471
56,380,5.048678127322971,5.196471199792775
56,381,5.262681545218418,5.291091912709852
56,382,5.025052840356058,5.161687642495979
56,383,5.121301763242233,4.989730173792029
56,384,5.259118492117537,5.253623487428752
56,385,5.10510988916509,5.224925531666846
56,386,5.225910782732204,5.062295239272014
56,387,5.1599607642531,5.128237920042035
56,388,5.027611778742647,5.0295079418614455
56,389,5.300284069457356,5.1988174080936576
56,390,5.266266567763029,5.091834918978872
56,391,5.121301763242233,5.092197449537448
56,392,5.0592436402165175,5.2637599914340765
56,393,5.1312467459501745,4.9412879838346155
56,394,5.078271105516613,5.033859220193569
56,395,5.048297343902199,5.212621501387129
56,396,5.265898345309035,5.0708976930645315
56,397,4.991870231704426,5.167509505946054
56,398,5.083586051615636,4.984470553116188
56,399,5.175758373309289,5.063326064456931
56,400,5.019948223673125,5.137847548614513
56,401,5.106245781363564,5.140767351957709
56,402,4.968030137822961,5.1250153670402705
56,403,5.202718641243699,5.101645413530675
56,404,5.237389490787097,5.206183207314075
56,405,5.058627209593538,4.957906583982714
56,406,5.293598489038804,5.008322342292146
56,407,5.032253278059185,5.15465388924008
56,408,5.049474277148362,5.178269943127462
56,409,4.90472511494665,4.951036506615117
56,410,5.0902590710674085,5.094171614125826
56,411,5.114069070725952,5.0461323266916915
56,412,5.29264049929738,5.365303359518971
56,413,5.083754002816826,5.059378631474089
56,414,5.160943341132097,5.137699351182084
56,415,5.130055781022111,5.361562494397
56,416,5.0922730579465,5.116575647054904
56,417,4.98838431894517,5.154482211303633
56,418,5.007485288659217,5.101645413530675
56,419,5.163263490407442,5.250508890950174
56,420,5.119028252535884,5.247044324879798
56,421,5.148234769852709,5.229823325790622
56,422,5.306120633264586,4.981722649760604
56,423,5.1497833564402375,5.176743624374648
56,424,5.0655979154071655,5.355315052946077
56,425,5.3662613492603946,5.160389526278951
56,426,5.137699351182085,4.980315984688547
56,427,5.043298061404007,5.0396228985381155
56,428,5.052938843218738,5.13314869375112
56,429,5.241897493028361,5.008295080968211
56,430,4.897972783150056,5.232158224183127
56,431,5.328941121411724,5.178264949638243
56,432,5.261723555476994,5.23018405959475
56,433,5.149756095116303,4.899389357886462
56,434,5.040243400826824,5.205416070194782
56,435,5.245810036086779,5.286035046988694
56,436,5.055073766206324,5.074030721326151
56,437,5.275105202413695,4.987028756982967
56,438,5.122906690057878,5.128237920042035
56,439,5.075464988681521,5.050746564684295
56,440,5.152906363392168,5.015102195483645
56,441,5.116575647054904,5.05560126212505
56,442,5.087339180514341,5.049979427565002
56,443,5.145065540773641,5.234692061836014
56,444,5.168714782032975,5.210882062177469
56,445,4.987459110110687,5.17046892159979
56,446,5.297339354160775,5.167962345270835
56,447,5.037108902918278,5.243884218583518
56,448,5.148987206614847,5.080842400537414
56,449,5.164446151662634,5.149404310005252
56,450,4.947196764429277,4.981722649760604
56,451,5.113899189543955,5.190172130804025
56,452,5.207986746264319,5.204334754561137
56,453,4.965362935612948,5.061571924890118
56,454,5.038190687257425,5.339328342649919
56,455,5.134355721220203,5.086518205945437
56,456,5.079750913720718,4.9412879838346155
56,457,5.306679708340709,4.878302030653593
56,458,5.267872509897413,5.03850571299933
56,459,4.852079338240745,5.137261212214455
56,460,4.9561515983342215,5.088653128933022
56,461,4.892855203244899,5.0648746510444616
56,462,5.229102182491719,5.022743042697255
56,463,5.121956679408759,5.10041905557675
56,464,4.970594069698769,5.099040350171219
56,465,5.000679307792924,5.108779619016452
56,466,5.092558183341576,5.190196497017918
56,467,5.020379086226365,5.328941121411724
56,468,5.326806198424138,5.098862447714165
56,469,5.207731793901604,5.124367414647308
56,470,5.116580640544123,5.1033136270337645
56,471,5.3109179751584845,5.095812295338935
56,472,5.185543300770485,5.206183207314075
56,473,5.26162506844649,5.174742198462335
56,474,5.103477093269529,5.20442906774726
56,475,5.0540791123458995,5.207731793901603
56,476,5.105287791622141,4.916728056477818
56,477,5.113831995976685,5.295365189572397
56,478,4.951470041291825,5.181982998442665
56,479,5.023103776501382,5.196443938468842
56,480,5.0876951391916,5.254419637254142
56,481,5.1435359149893145,5.049120885657863
56,482,5.096540861993492,5.251237847208294
56,483,5.091807657654936,5.001403947570372
56,484,5.028904031388986,5.086848146306196
56,485,5.0163239233098835,5.266665482428328
56,486,5.161786129526483,4.9510478196592915
56,487,5.281451130895124,5.005882777412205
56,488,5.0425019115786185,5.204033055477613
56,489,5.036394854600906,5.113899189543955
56,490,5.250678772132171,5.20581155397271
56,491,5.31960076723179,5.285265186923037
56,492,4.996908641824037,5.15023763083703
56,493,5.0043973694194275,5.169510931858365
56,494,5.117640054665926,5.123409424905885
56,495,5.361562494397,5.094171614125826
56,496,5.093218399511272,5.288558075056965
56,497,5.2100859123520795,5.172017508187319
56,498,5.11968130015138,5.018099294117147
56,499,4.9372778443201,5.199203997531841
111,0,5.719615979771039,5.6618781185835605
111,1,5.584770211214618,5.633324063168344
111,2,5.6799455811157475,5.5879521403780235
111,3,5.598224199883933,5.645994091271365
111,4,5.654034390167882,5.646776696185218
111,5,5.6126534429278765,5.629989875095557
111,6,5.692519746863011,5.567977821375252
111,7,5.633667654989256,5.566780223888097
111,8,5.64167091302681,5.470475898855211
111,9,5.7264472846880015,5.684296898786244
111,10,5.437188035664045,5.582300714067678
111,11,5.555478484233184,5.737568380772328
111,12,5.468582547487451,5.50779428628716
111,13,5.458428301172537,5.547700835859689
111,14,5.622731435172046,5.657906813841858
111,15,5.505193964646965,5.621050907962298
111,16,5.655924715535758,5.664627317381219
111,17,5.6513584723650885,5.678320989427497
111,18,5.716418162970101,5.6062340871630605
111,19,5.53239116440908,5.702665350221595
111,20,5.685547424188965,5.760300300236456
111,21,5.807479942410592,5.594843897822964
111,22,5.534096849546096,5.515151018019809
111,23,5.652124589047972,5.715329306675048
111,24,5.592228982289179,5.616836007974593
111,25,5.71004763855279,5.693682859488478
111,26,5.678156221739636,5.648135780226442
111,27,5.618363366834223,5.577455854000602
111,28,5.524683836983283,5.614774772392892
111,29,5.648534847444707,5.607310512760057
111,30,5.616053497923044,5.6136407330047575
111,31,5.6476996161816695,5.613916125816273
111,32,5.594170921397717,5.703558525325391
111,33,5.659029561689583,5.642972888404945
111,34,5.648147144799051,5.6718891203439785
111,35,5.6518896040809254,5.557071297330766
111,36,5.683267478106826,5.6605910316897985
111,37,5.510797187673945,5.646776696185218
111,38,5.591390775837381,5.7335074764708045
111,39,5.614212394478803,5.634547822659329
111,40,5.756223749434974,5.617528700040787
111,41,5.76562897813544,5.619994939529294
111,42,5.629461182527101,5.676297859216433
111,43,5.650486085262474,5.632933846743983
111,44,5.435400589153623,5.606412240827656
111,45,5.560255890631074,5.643353952645432
111,46,5.688359215251623,5.576525860279575
111,47,5.612806851594758,5.638664232677211
111,48,5.826071071145266,5.612864302643802
111,49,5.512967022120875,5.729219130358529
111,50,5.58552530620995,5.70208933212786
111,51,5.687117500811521,5.684296898786244
111,52,5.496898496461413,5.705507507006358
111,53,5.51376307626496,5.617175072094925
111,54,5.632432680217648,5.628079627046174
111,55,5.6615059572064315,5.71339948762738
111,56,5.683073630523429,5.5832117484918005
111,57,5.691230059456565,5.588989158551434
111,58,5.603852322501006,5.638348213990349
111,59,5.607368328507638,5.670545793665481
111,60,5.696746017920176,5.686702752393786
111,61,5.613194904176505,5.5831155506721695
111,62,5.667842896338427,5.637227477915668
111,63,5.585462395675256,5.704904011105575
111,64,5.750870792210671,5.599038564732107
111,65,5.656102499599027,5.472918452769576
111,66,5.590709967432194,5.66255429466008
111,67,5.5198105099964865,5.551776384130864
111,68,5.66518064747585,5.604002687265381
111,69,5.70296185856015,5.554340857278387
111,70,5.785123601809384,5.7733110659934646
111,71,5.662009494879342,5.616403629041222
111,72,5.8099218750499695,5.75989553029103
111,73,5.754482327604129,5.523990439419572
111,74,5.569009950121647,5.659580165190695
111,75,5.596344556526309,5.700301072085464
111,76,5.5834130271808,5.581363864490515
111,77,5.465918437169427,5.594509089200219
111,78,5.669922310314708,5.630995047318322
111,79,5.520018618266575,5.561114240216504
111,80,5.577607655948363,5.685764718503188
111,81,5.532707944892505,5.546912552314282
111,82,5.610160332445146,5.586864077729974
111,83,5.641424510617295,5.662151868313173
111,84,5.638347290220286,5.591235531004425
111,85,5.527786452737584,5.586994722535157
111,86,5.648484913498558,5.529631537247761
111,87,5.587966132717759,5.68401667749839
111,88,5.595491626243427,5.651342363483418
111,89,5.459161715904729,5.608916747160338
111,90,5.752832767705806,5.653924559096569
111,91,5.770752837890552,5.631655719465889
111,92,5.688166928562295,5.5484947175428925
111,93,5.692590542209696,5.730580692937548
111,94,5.757701911827287,5.54551330422359
111,95,5.695550243353226,5.590530122015606
111,96,5.529107956055948,5.554442891367317
111,97,5.750947775979612,5.5767006121408516
111,98,5.743810052319229,5.6554617365057105
111,99,5.6367529882364975,5.543417378473593
111,100,5.680319407052118,5.5732943069788705
111,101,5.583812236916211,5.525626906980385
111,102,5.687429232832945,5.701793931850599
111,103,5.669549824222641,5.590406951910237
111,104,5.675382316577275,5.607806560056731
111,105,5.622903096179215,5.621823754748209
111,106,5.6384150927050225,5.712470679550524
111,107,5.7468211805766725,5.590157269382695
111,108,5.725701221151392,5.597315954353508
111,109,5.606608034962632,5.517814497701442
111,110,5.546301684810089,5.616612809821221
111,111,5.677501120785592,5.598861382346138
111,112,5.692186503678622,5.73069643829977
111,113,5.55298549195894,5.738612258210055
111,114,5.705868166530508,5.555761435168991
111,115,5.648917923182223,5.615555700908052
111,116,5.693005048302369,5.628734599561413
111,117,5.705842346515485,5.826720983398487
111,118,5.620142188060442,5.624208144011949
111,119,5.577666753539615,5.622411631154843
111,120,5.691263076550568,5.701170075362983
111,121,5.6879833002481694,5.672841310155274
111,122,5.592725095580705,5.616382273102149
111,123,5.641449103064984,5.572654092137899
111,124,5.586791276079711,5.592701211752689
111,125,5.635212090782221,5.705549836458882
111,126,5.602500293640002,5.663430122177573
111,127,5.7818997319041605,5.57494593344785
111,128,5.6212471159871225,5.459375707591282
111,129,5.7302062301165435,5.677384936479253
111,130,5.631071650923819,5.653517609163334
111,131,5.509352099598298,5.566993810517371
111,132,5.788043264169041,5.580336066764124
111,133,5.7219342903068435,5.535120482019634
111,134,5.530297823530186,5.760024288333077
111,135,5.6467761217494425,5.608916747160338
111,136,5.704206368165692,5.5810313967011425
111,137,5.629264838832085,5.581389840397274
111,138,5.72365147292169,5.758853680178807
111,139,5.574542816414018,5.632691362668255
111,140,5.682796651490909,5.595560969546631
111,141,5.658102741428699,5.650675235766356
111,142,5.6841199344497735,5.542945668523955
111,143,5.676544851392652,5.710388392571145
111,144,5.623726448118048,5.629286514679792
111,145,5.652036023638224,5.708560735697942
111,146,5.589112979830386,5.47956450385957
111,147,5.72483528185407,5.6902509760500815
111,148,5.5078608544762835,5.554899519656437
111,149,5.62928831628916,5.725042271355495
111,150,5.600047758662528,5.628373477524267
111,151,5.568225561947088,5.625922352943106
111,152,5.531992145852984,5.790100597153525
111,153,5.459596215197427,5.648673338931642
111,154,5.6267624082873295,5.704598500925131
111,155,5.60999275309627,5.699083160356002
111,156,5.677870493485569,5.4922921804482945
111,157,5.673891913986649,5.623471576367182
111,158,5.7128075315145805,5.624455603773006
111,159,5.550048794563521,5.650099837278967
111,160,5.806114059895107,5.561248361022708
111,161,5.596643936674496,5.631898731191289
111,162,5.525965817278122,5.560362440488721
111,163,5.7197481940571295,5.651455015550586
111,164,5.545714356589325,5.573255336004817
111,165,5.731726166998352,5.609925167273935
111,166,5.61541078319928,5.6605910316897985
111,167,5.721552824799042,5.5918449031491395
111,168,5.6038002008613645,5.536051240105968
111,169,5.685732262670501,5.6847202807106045
111,170,5.7112454350758375,5.676379189733907
111,171,5.55419808615229,5.533854661170868
111,172,5.621893412620891,5.640716556815328
111,173,5.619220859854019,5.585016792122117
111,174,5.6717434024299616,5.603639002033885
111,175,5.700057091574733,5.6215402117391955
111,176,5.625051592387426,5.79042990315052
111,177,5.578339715171551,5.586864077729974
111,178,5.61381401203421,5.686702752393786
111,179,5.656498460974662,5.535630732051441
111,180,5.56624380250822,5.5978765036497595
111,181,5.654748628826176,5.826871067635033
111,182,5.600681592862038,5.6242862936100675
111,183,5.629075733045104,5.629032394632299
111,184,5.745307605308593,5.614633552914215
111,185,5.628309887786264,5.644008984955346
111,186,5.565244428222777,5.661572242179983
111,187,5.581335848834579,5.624799131867355
111,188,5.5793402867777635,5.701492844861169
111,189,5.60186711917972,5.733893126913439
111,190,5.744918719421764,5.597753662867986
111,191,5.615148063275394,5.769566684300605
111,192,5.645898751067058,5.618585346157923
111,193,5.682850502810642,5.672025932158013
111,194,5.68498442917094,5.643895869262046
111,195,5.639010135085304,5.587966498908098
111,196,5.71248918436178,5.539724547051543
111,197,5.731035913597943,5.6046216493012695
111,198,5.716745239258533,5.638557509435111
111,199,5.568971145093086,5.595560969546631
111,200,5.683725510620532,5.634911414049063
111,201,5.6265745366887385,5.592498919467982
111,202,5.623872724755297,5.680401502218369
111,203,5.696292336543222,5.549897463981032
111,204,5.598498814775198,5.6576143048563825
111,205,5.649951451126024,5.669249977706101
111,206,5.501995993921073,5.597753662867986
111,207,5.702029259852034,5.525599466882843
111,208,5.447954234952887,5.573996958875233
111,209,5.677052419262431,5.649164044331199
111,210,5.630585207915343,5.64582944580865
111,211,5.560479192423503,5.642345467916988
111,212,5.686555390151777,5.6534903566780015
111,213,5.645933739551581,5.695943035382561
111,214,5.540938014105271,5.675994847946385
111,215,5.597584196888823,5.628227308746275
111,216,5.688040294194857,5.635959912723862
111,217,5.658379285653367,5.589330651869015
111,218,5.580820421648537,5.667081616840609
111,219,5.554768654316271,5.58860396883004
111,220,5.575488966103345,5.701170075362983
111,221,5.701540265321957,5.604976115905662
111,222,5.7408308556432335,5.596364651616452
111,223,5.6494919788377995,5.629989875095557
111,224,5.614555128115544,5.583341654673356
111,225,5.522395872413406,5.59371939847797
111,226,5.624470141611852,5.5831155506721695
111,227,5.745554248687408,5.568482478522375
111,228,5.748850108327423,5.533472405871355
111,229,5.709912919732036,5.518410700386483
111,230,5.664613569381397,5.592583670714355
111,231,5.623910555979785,5.60743508758945
111,232,5.597902975019777,5.616382273102149
111,233,5.676455110198665,5.5698866757116505
111,234,5.570678048413621,5.608150409421022
111,235,5.607379437251711,5.694122519289662
111,236,5.625505396397916,5.713710602243235
111,237,5.697086417752839,5.705067183771595
111,238,5.5704623502228525,5.687704027050245
111,239,5.600380009853979,5.547700835859689
111,240,5.7329358749939185,5.5012272244558424
111,241,5.790975825633203,5.5931699006775
111,242,5.507952960309428,5.591749934437525
111,243,5.705458318031179,5.6776603765358695
111,244,5.594597767181344,5.663822882016865
111,245,5.622552205887216,5.787798215076266
111,246,5.773010025287139,5.555737934762347
111,247,5.752580854620905,5.590530122015606
111,248,5.596764801453907,5.584085157271227
111,249,5.601534254793593,5.542115761419898
111,250,5.611231817273812,5.66437553958064
111,251,5.734901442780115,5.592583670714355
111,252,5.5727224733347365,5.599480780589897
111,253,5.642632236909757,5.669911348557587
111,254,5.697093848247643,5.694122519289662
111,255,5.557401710595826,5.616050757747099
111,256,5.705883016837197,5.623713578909144
111,257,5.753904126857846,5.642086539074808
111,258,5.637277159979043,5.6165593577737365
111,259,5.573848663409157,5.52758063985056
111,260,5.750668512256385,5.630429640382948
111,261,5.727380756903523,5.590530122015606
111,262,5.571151413944452,5.676368374929628
111,263,5.6719169614090665,5.693982338338344
111,264,5.524885703708884,5.7281774107228856
111,265,5.635288410465704,5.580246962557608
111,266,5.637856991790937,5.680754878931545
111,267,5.440734370274861,5.508550306719469
111,268,5.582139179535242,5.75279218282316
111,269,5.795386155084205,5.596399469505222
111,270,5.68911330391403,5.58060907126796
111,271,5.549965734367665,5.546227942478185
111,272,5.65698744370086,5.564687477421011
111,273,5.686509025856947,5.5832117484918005
111,274,5.617035271946034,5.758853680178807
111,275,5.629450530868391,5.5381669609014414
111,276,5.480358241788103,5.528513609178875
111,277,5.635687304417058,5.524921255413095
111,278,5.586620395500495,5.568381159828263
111,279,5.665272648821365,5.60783921038482
111,280,5.5961293169380655,5.700301072085464
111,281,5.6390524620209925,5.623412865167095
111,282,5.757257252964274,5.583768799552347
111,283,5.679017616377687,5.519541451213644
111,284,5.667485735578584,5.623412865167095
111,285,5.661207536582966,5.447182518325465
111,286,5.591763324286101,5.647189639804384
111,287,5.641187647385274,5.634753973174678
111,288,5.688999812890404,5.519541451213644
111,289,5.639150103227579,5.612003102013446
111,290,5.616041637456632,5.610223947624951
111,291,5.6966259368873,5.629749631799666
111,292,5.556506935510238,5.580487082668844
111,293,5.620516277368042,5.67847796406736
111,294,5.685981627538703,5.73014667508129
111,295,5.75197940760862,5.532034832482189
111,296,5.668694021788252,5.634302225468719
111,297,5.584457708466343,5.623913928165215
111,298,5.734670287009514,5.653500736328752
111,299,5.592980922376789,5.586864077729974
111,300,5.774391062225285,5.594249303147885
111,301,5.6231186777901545,5.6259089071715405
111,302,5.549587256655897,5.633633173250348
111,303,5.461321343253002,5.548041236744643
111,304,5.571123246737233,5.472314572572539
111,305,5.728156995767463,5.525936727001741
111,306,5.74454543342048,5.555761435168991
111,307,5.696838373278297,5.657284048158049
111,308,5.521082538627325,5.729219130358529
111,309,5.595007162187112,5.602313138245398
111,310,5.614125793876168,5.620612791658647
111,311,5.721901541710045,5.587746035688679
111,312,5.686178283566364,5.543162815279437
111,313,5.554044711611617,5.557060247541108
111,314,5.587376536626549,5.563375830581208
111,315,5.696327219797387,5.608916747160338
111,316,5.750634312074692,5.634304587277317
111,317,5.663715384734466,5.615887642983647
111,318,5.5818581046093225,5.6218983260671
111,319,5.528720967166493,5.658391615499862
111,320,5.5695511673255504,5.708547017160348
111,321,5.716746983990667,5.700295013371249
111,322,5.740736802136878,5.7508565481002005
111,323,5.570715433980017,5.731661814631108
111,324,5.579882155705377,5.6894288134734845
111,325,5.630526480644393,5.700497981546574
111,326,5.632026184226397,5.60678065117172
111,327,5.4268290686841345,5.691709464795067
111,328,5.682961387149805,5.790100597153525
111,329,5.6010104114788,5.713988893849773
111,330,5.552456377194246,5.661840177828873
111,331,5.612037700952224,5.604583546352475
111,332,5.45748331670491,5.565014458654025
111,333,5.643037667333028,5.625537690996936
111,334,5.797597894193139,5.548041236744643
111,335,5.7154321655691955,5.637152131824474
111,336,5.688677236257727,5.644009609763107
111,337,5.677316253909183,5.558702343145785
111,338,5.621351895107204,5.551113869902475
111,339,5.64869453377785,5.646422707898594
111,340,5.578225620027155,5.547700835859689
111,341,5.683450458305546,5.6295976380865005
111,342,5.610173496033266,5.604022709118075
111,343,5.535491487408804,5.493836702853654
111,344,5.778335358722536,5.6069509878205315
111,345,5.663431310046785,5.671125857143867
111,346,5.674563149577684,5.691709464795067
111,347,5.530208085839345,5.58256406423895
111,348,5.681529103765101,5.52798606645022
111,349,5.653964773651667,5.6664557242370135
111,350,5.659128348919823,5.716939637580798
111,351,5.730882468092245,5.6571728378075505
111,352,5.541345107784898,5.5831807048383455
111,353,5.57920941393916,5.628196935366486
111,354,5.597762099676603,5.660237498696304
111,355,5.656738751421432,5.679239471682134
111,356,5.587245180069191,5.596399469505222
111,357,5.577005932432229,5.6718891203439785
111,358,5.5677615632667505,5.536740478206249
111,359,5.576475836572343,5.65976611332014
111,360,5.644754706446135,5.594249303147885
111,361,5.505503174104822,5.621823754748209
111,362,5.625719975386918,5.711959258762759
111,363,5.550749633778734,5.538122800072723
111,364,5.568154215268139,5.683377322700828
111,365,5.523569194155462,5.564919322500383
111,366,5.5454428694697055,5.594249303147885
111,367,5.498313743888484,5.594047945757299
111,368,5.728523978061831,5.596097135116212
111,369,5.737837849019809,5.7248459917580705
111,370,5.656658131233256,5.714213037764412
111,371,5.413050253548117,5.607310512760057
111,372,5.593864011173217,5.631878370223776
111,373,5.510961560711593,5.648293281244168
111,374,5.6259945098321325,5.620631913296188
111,375,5.612160671203778,5.61855118549477
111,376,5.653097562918721,5.63090954334947
111,377,5.572002726750396,5.823412897837814
111,378,5.7152407636390565,5.7397402577682195
111,379,5.594779092797672,5.713199099656257
111,380,5.733357948264133,5.595727280482176
111,381,5.757773694665171,5.661395614728687
111,382,5.696865529320678,5.657490989597049
111,383,5.6073264861469605,5.565085417937092
111,384,5.625617308032247,5.566691308364532
111,385,5.523598344535741,5.629618704790054
111,386,5.637955293302174,5.678320989427497
111,387,5.561296888871765,5.569659829445722
111,388,5.538406816792863,5.760024288333077
111,389,5.7294408863035065,5.767615615154964
111,390,5.588450085522124,5.563879843509562
111,391,5.731130607929768,5.579945759956745
111,392,5.6351626744646826,5.693437768730122
111,393,5.660284973381521,5.521850875421189
111,394,5.604453381062022,5.769269805426842
111,395,5.653317711526944,5.667437440680119
111,396,5.6825300627300495,5.691634527264109
111,397,5.591861323868354,5.648673338931642
111,398,5.671635932844457,5.573893903878927
111,399,5.519386659407933,5.614718438161274
111,400,5.567308533466529,5.525626906980385
111,401,5.683357266989459,5.539826099568951
111,402,5.623906423194898,5.63139128380512
111,403,5.560388156822936,5.5521452271575535
111,404,5.705042837266422,5.672025932158013
111,405,5.653424941916944,5.637104521183048
111,406,5.527900264785473,5.671495193822891
111,407,5.4604085678434116,5.642086539074808
111,408,5.584341324134863,5.670099647687875
111,409,5.620228168431258,5.624776576456082
111,410,5.566783714009577,5.532034832482189
111,411,5.539029930779481,5.625618356711692
111,412,5.601129368572677,5.527408207434461
111,413,5.699202152314562,5.647642952808445
111,414,5.697678087858949,5.679423842385916
111,415,5.73360661079029,5.548912706105067
111,416,5.643896554973045,5.650971758936676
111,417,5.7021689412832846,5.705225201255595
111,418,5.683638061141505,5.663027129892031
111,419,5.449206968057513,5.733195049601144
111,420,5.43257210064452,5.599166174433432
111,421,5.573817927808871,5.7696486992661855
111,422,5.671726717964119,5.658902150153482
111,423,5.622947557799348,5.667907780717965
111,424,5.7098980970572235,5.69651336708611
111,425,5.548786996287531,5.569659829445722
111,426,5.607782682851283,5.6776603765358695
111,427,5.569182920829869,5.611145026959765
111,428,5.538769039691969,5.540411973145775
111,429,5.5936182927095786,5.703694432424773
111,430,5.542321937492947,5.635850719297564
111,431,5.56446362392449,5.572788453100733
111,432,5.605922014566213,5.619419138408858
111,433,5.635434258651155,5.60919728773333
111,434,5.79907386773781,5.493755647020729
111,435,5.46362132181408,5.68286883336818
111,436,5.7317855974031,5.615767484357665
111,437,5.5201915781868305,5.670099647687875
111,438,5.658731456385223,5.661840177828873
111,439,5.7481690381132236,5.65341687018577
111,440,5.619800076671154,5.629749631799666
111,441,5.661089479961354,5.660136260096865
111,442,5.61606535584292,5.710147698445263
111,443,5.55373711364965,5.537172442631907
111,444,5.553631862180075,5.639921779112613
111,445,5.66374231155055,5.638557509435111
111,446,5.715379601477439,5.52798606645022
111,447,5.706654268616174,5.583632072544985
111,448,5.721057966561333,5.505252326930307
111,449,5.625650961719091,5.71240885341246
111,450,5.702205608557877,5.796392383194276
111,451,5.634450357685248,5.655442897967857
111,452,5.37573613539258,5.6738225870012
111,453,5.554738903024844,5.489306505712659
111,454,5.629688233506756,5.682565020723778
111,455,5.631769453401351,5.583594623502091
111,456,5.635479837607948,5.6046216493012695
111,457,5.51943861279032,5.64876346737185
111,458,5.6764183257012135,5.648105890553479
111,459,5.718809749590501,5.692201586275053
111,460,5.815857465437033,5.707745436842681
111,461,5.716472715726873,5.614774772392892
111,462,5.626270716330975,5.526548918890119
111,463,5.566117346602439,5.699986991382803
111,464,5.455889426865516,5.753286115968865
111,465,5.728561399340897,5.6574318073844925
111,466,5.678438310196159,5.699069668566038
111,467,5.500227623266477,5.588144705941676
111,468,5.676833511410647,5.703735136100494
111,469,5.625041551457232,5.666289583955303
111,470,5.655885340442055,5.569641875892994
111,471,5.740927488053171,5.60919728773333
111,472,5.7213016082870425,5.648653917691764
111,473,5.662756948125889,5.670940368230921
111,474,5.547819924612337,5.682760399708691
111,475,5.695969671341394,5.6349653049299055
111,476,5.577918205838556,5.616836007974593
111,477,5.541452032100297,5.718106374095588
111,478,5.7716480938057595,5.466145876177635
111,479,5.593469903035447,5.636530611279512
111,480,5.566477028850592,5.756977363581526
111,481,5.694355034994392,5.649637587000389
111,482,5.664707973800936,5.710325623528392
111,483,5.776589834262848,5.548782608883603
111,484,5.693968629342305,5.547385200891508
111,485,5.505510494104665,5.7429252178840695
111,486,5.708848820820511,5.65976611332014
111,487,5.672686477989888,5.564919322500383
111,488,5.584466009863556,5.670799237684468
111,489,5.72016695239008,5.555737934762347
111,490,5.570400002440004,5.5767006121408516
111,491,5.7694237279678,5.627728885502014
111,492,5.564882215078505,5.7260610962321286
111,493,5.586157534409895,5.81386798752293
111,494,5.709338015037349,5.674885129032175
111,495,5.69612425839738,5.674885129032175
111,496,5.762160867371564,5.697985708705507
111,497,5.865625036405251,5.657185407242589
111,498,5.733493189526486,5.561248361022708
111,499,5.606371414029523,5.73194429429612
166,0,5.838323437544782,5.874332325815039
166,1,5.86057427583866,5.944306922946865
166,2,5.84412768538878,5.971071078861893
166,3,5.893227505128041,5.98787119965372
166,4,5.797511741766864,5.9511653216096425
166,5,5.892774485078656,5.849657623800941
166,6,5.823778401979232,5.904520984018483
166,7,5.796642829029968,5.913499654145171
166,8,5.920201047959831,5.938226577665576
166,9,5.831565419526427,6.002596322680871
166,10,5.949466677135696,5.872387433403224
166,11,5.809321303166935,5.913255430419454
166,12,5.874920582920828,5.901518782706931
166,13,5.892931898209281,5.895106085251269
166,14,5.816814919524715,5.909018738479147
166,15,5.808520202837592,6.002644326079391
166,16,5.7276200800909995,5.906260619923564
166,17,5.894087214376279,5.894014722683904
166,18,5.775249025201506,5.910325259924611
166,19,5.888651254565467,5.984323080687674
166,20,5.907501363822986,5.910229156444589
166,21,5.84928818177622,5.938557198801902
166,22,5.857310346634571,5.956518475777314
166,23,5.8240155130899876,5.926490702158397
166,24,5.816917114003292,5.9750706518424455
166,25,5.843462202910509,5.975065481315677
166,26,5.813198783012928,5.9427137828880205
166,27,5.760943584924206,5.96782921733779
166,28,5.946371047645521,5.94918874029515
166,29,5.917495077886408,5.928856719106624
166,30,5.827308521673635,5.884247852638021
166,31,5.865189640809704,5.853847100881554
166,32,5.839904104915924,5.9520959705310545
166,33,5.830762486504051,5.92016056491399
166,34,5.859077528959179,5.993684100409882
166,35,5.848568219082324,5.960515812745678
166,36,5.896019892731619,5.828050243573153
166,37,5.785977821654991,5.905686281757087
166,38,5.8179659462881546,5.836786606529234
166,39,5.954338668632361,5.9061903243318294
166,40,5.850300421877223,5.793846558425198
166,41,5.932504678219021,5.9355081771863905
166,42,5.898429171023303,5.891356091291754
166,43,5.832196784428617,5.871112312401296
166,44,5.805768885193659,5.807762350554845
166,45,5.702304939856104,5.905982654618451
166,46,5.86740746467208,5.956764262168996
166,47,5.834502533395142,5.978058934297234
166,48,5.879858878202626,5.989391803273102
166,49,5.898180505300919,5.9015611862229935
166,50,5.853234560735389,5.8950386978040665
166,51,5.831579543079989,5.940724262665719
166,52,5.860628388042152,5.859210744368388
166,53,5.86199980470715,5.92472829887054
166,54,5.803872129705332,5.934707891212282
166,55,5.886507633174037,5.841122717368443
166,56,5.782591498663962,6.041052054280995
166,57,5.822150717617365,5.867016282911207
166,58,5.859763365695536,5.852664127145095
166,59,5.882797298566799,5.887036752628051
166,60,5.792638777496093,5.898063474131499
166,61,5.86084693638451,5.8607363803929555
166,62,5.876863517434228,5.915770148397577
166,63,6.010300842421609,5.913235345409723
166,64,5.927976774644456,5.956421222785636
166,65,5.880664177080979,5.88984936879971
166,66,5.797951403397336,5.955749468648643
166,67,5.800591189719591,5.984798629946048
166,68,5.787944793044245,5.962754511725851
166,69,5.826732537762902,5.851506059983744
166,70,5.863483649027598,5.9403444136782975
166,71,5.877497169771492,5.944071869619545
166,72,5.814779494528189,5.931066760020992
166,73,5.771880207214521,5.9702418754398066
166,74,5.747083871934738,6.058943407077094
166,75,5.7917166475110955,5.886485620810536
166,76,5.898941380621601,5.837599502715187
166,77,5.8892005988056635,6.00381606934974
166,78,5.850412436049117,5.869513034259147
166,79,5.87123801511198,5.875113162479535
166,80,5.8296096975714295,5.858434090558693
166,81,5.985053840571677,5.848353075578971
166,82,5.7337642394892026,5.98441690763239
166,83,5.853138307433383,5.988717521594203
166,84,5.903290083978538,5.874268841519074
166,85,5.869663370076492,5.835249608659544
166,86,5.8469395117734475,5.9631898060479
166,87,5.82576941202259,5.98787119965372
166,88,5.848576578822937,5.962754511725851
166,89,5.945078236114057,5.903959958147736
166,90,5.914569930942911,6.0239849386807975
166,91,5.839889973945751,5.856914114116834
166,92,5.872313334216752,5.888368410842234
166,93,5.890517019310735,5.894014722683904
166,94,5.855787790782217,5.958202988493816
166,95,5.859302838574147,5.856024879473803
166,96,5.849150590313631,5.866230031691308
166,97,5.754504181251871,5.9275679883791
166,98,5.774423439802551,5.920594069175315
166,99,5.772338387409565,5.949467892518976
166,100,5.84664882008347,5.8293738135634445
166,101,5.922203196203032,5.865037396999763
166,102,5.758684756894266,5.893238245890406
166,103,5.882924489136319,5.868940020698858
166,104,5.76817395810918,6.00124379902948
166,105,5.844558084539624,5.920423063842844
166,106,5.846804068145642,5.929562531994717
166,107,5.930510143996897,5.855945806240776
166,108,5.746750151899618,5.960734271556408
166,109,5.8391627065721705,5.959984417624401
166,110,5.9620375456120005,5.8827005264192485
166,111,5.836765346186221,5.882156884087576
166,112,5.881640944505707,5.971071078861893
166,113,5.830352531685839,5.904157736770498
166,114,5.841289445520351,5.944409503085207
166,115,5.833913004105438,5.973354202406662
166,116,5.839171700635806,5.8588204520629
166,117,5.851776047144823,5.932509259030526
166,118,5.86271449182023,5.970339152869163
166,119,5.895784799057287,5.917308982636196
166,120,5.806629780038656,5.998402336400421
166,121,5.801237063601751,5.986312359594704
166,122,5.905586583570442,5.877985027244149
166,123,5.7316677007134835,5.896543493437192
166,124,5.85974595239869,5.913813174254854
166,125,5.90601611693777,5.933327734228946
166,126,5.754952967232635,5.865716583472542
166,127,5.9787389180519375,5.960208202329614
166,128,5.874049112492351,5.968536935194917
166,129,5.870718364349468,5.962587972602584
166,130,5.897261306229093,5.886402121290909
166,131,5.762126445747326,5.948041938829445
166,132,5.824803484047427,5.983920327471953
166,133,5.878162829980327,5.870533288373001
166,134,5.855261170659251,5.8753649198719575
166,135,5.789848523269066,5.92180895333641
166,136,5.8416041053422685,5.954557848376943
166,137,5.807221487526212,5.933279832307354
166,138,5.80472202649398,5.959507287203443
166,139,5.872059014342161,5.955953616824765
166,140,5.788509281237251,5.981594798058673
166,141,5.8830499576134665,5.940724262665719
166,142,5.8551554545753515,5.971071078861893
166,143,5.89406440195067,5.992540220024775
166,144,5.913641647080971,6.003549196098853
166,145,5.821620712020232,5.896661784442363
166,146,5.934958029427267,5.928311948450255
166,147,5.783365372909412,5.943699767884461
166,148,5.903571850569138,5.966409754284861
166,149,5.810716581956963,6.029926030192316
166,150,5.912900931379568,5.965939535134518
166,151,5.91039762955974,5.857240510694708
166,152,5.9303611241931975,5.994451179137065
166,153,5.955576309424103,5.9038009797465145
166,154,5.943584107242335,5.947173249623782
166,155,5.8136207589438715,5.967002888857637
166,156,5.871798956127283,5.9445855886917185
166,157,5.790254846670019,5.929371994524147
166,158,5.7874823691377895,5.8317682350476945
166,159,5.848291640552618,5.987268053063002
166,160,5.886518680678651,5.974532979205275
166,161,5.803717395064965,5.952165564266926
166,162,5.878559395989702,6.0258338437153185
166,163,5.871399169268525,5.959227549329776
166,164,5.897308679793742,5.9779064371966255
166,165,5.722801815865107,5.911622748456648
166,166,5.826023135311389,5.931309123579173
166,167,5.885688185378357,5.90236547066032
166,168,5.765757653057205,5.967117936681889
166,169,5.901854944109791,5.818337957430468
166,170,5.81466214637521,5.970422676253481
166,171,5.932046888394575,5.869478087233378
166,172,5.865277117459401,6.053199748910527
166,173,5.818727491647318,5.982753401195194
166,174,5.759248683398219,5.945005694085855
166,175,5.843675458097835,5.9313285738976
166,176,5.779081918680714,5.90670142094149
166,177,5.841486256086232,5.967117936681889
166,178,5.820241186276743,5.817769973341846
166,179,5.811876874162599,5.786893407325229
166,180,5.74438299543297,5.960618206258497
166,181,5.824101790615623,5.89430177691266
166,182,5.857439671191352,5.888187392693319
166,183,5.888901131608669,5.965306085237516
166,184,5.8039577672485,5.958024993487965
166,185,5.994697485790218,5.8607363803929555
166,186,5.887489552950308,5.997681769740879
166,187,5.793834128005414,5.9275679883791
166,188,5.9559129531028265,5.933360273492618
166,189,5.762608645488908,5.886172838799288
166,190,5.938852617357735,5.938226577665576
166,191,5.937111969698489,5.974453249523964
166,192,5.759078381853263,5.7980309426247345
166,193,5.886265410880967,5.8642594294306996
166,194,5.826659184846824,5.907744703912342
166,195,5.831224118431923,5.8642594294306996
166,196,5.88899360832514,5.897741695646085
166,197,5.732492618417387,5.955953616824765
166,198,5.781675278897389,5.844541400169957
166,199,5.813184723355514,5.846011349445194
166,200,5.858162452944514,5.810539090101921
166,201,5.917712422625876,5.909111245922262
166,202,5.829877328906367,5.934277961840548
166,203,5.8610645545295235,5.848744401931874
166,204,5.8813192597824235,5.939488785545837
166,205,5.795725343974896,5.880963788726821
166,206,5.925019449019996,5.995663690235307
166,207,5.868649710928152,5.975066098367566
166,208,5.7831107589812705,5.931066760020992
166,209,5.877949987047135,5.969741533628425
166,210,5.961696768524455,5.990526372234965
166,211,5.819779128093468,5.733832217784065
166,212,5.780192794023822,5.892547585164642
166,213,5.847354958225952,5.948247715697667
166,214,5.873306548450605,5.92885576891758
166,215,5.767942454550686,5.887567073415371
166,216,5.914318435174235,6.0312260260561965
166,217,5.8765859685567925,5.8833917886396785
166,218,5.932721591398828,5.970891549469883
166,219,5.754123027989714,5.934993985501699
166,220,5.931581703014335,5.9045584541189235
166,221,5.937803487295139,5.888032248568711
166,222,5.859503460438343,5.898121710503644
166,223,5.787742752512855,5.905686281757087
166,224,5.859076117487243,5.818556722331929
166,225,5.908210819651111,5.967445017262256
166,226,5.831708562131851,5.79544765591979
166,227,5.8206518949946044,5.819516210317101
166,228,5.783153514862376,5.953169492996428
166,229,5.802833567656697,5.930114623588154
166,230,5.837908541194256,5.9053861307238
166,231,5.9879561874233636,5.892539641591427
166,232,5.744474559929136,5.864089479210565
166,233,5.844735467236187,6.0016281003658065
166,234,5.76142589693832,5.924329536272329
166,235,5.835182480513029,5.8753649198719575
166,236,5.910389890075776,5.95132477881191
166,237,5.878442880372371,5.8838884174433534
166,238,5.829328067252743,5.979430806357047
166,239,5.848590038335199,5.904586484915112
166,240,5.847993248722997,5.948721449795504
166,241,5.812877135524725,5.949467892518976
166,242,5.9797494288520685,5.867376706122099
166,243,5.963689092583279,6.041406209928897
166,244,5.849286883737314,5.920603716224111
166,245,5.782409165065105,5.889765392147822
166,246,5.77014646727404,5.978058934297234
166,247,5.808503612292727,5.907751955067774
166,248,5.915504214999588,5.962227443781944
166,249,5.962271182685671,5.960630917499416
166,250,5.938064225365068,5.853847100881554
166,251,5.815280613335976,5.91744463311251
166,252,5.827379841240483,5.917963507710248
166,253,5.896272102082301,5.897513146865393
166,254,5.90080610396961,5.909018738479147
166,255,5.875509041094328,5.903031028470581
166,256,5.781736401318702,5.840708430593501
166,257,5.880816404032988,5.916747368270399
166,258,5.9383786982790925,5.8998538411629635
166,259,5.937116655281362,5.925200146170523
166,260,5.765278666959143,5.939678726848606
166,261,5.877694379969514,5.971064186575535
166,262,5.841000093429679,5.867508578972783
166,263,5.89075164090193,5.865597187269407
166,264,5.930902217614221,5.896353104292166
166,265,5.7871735901232855,5.853661253831155
166,266,5.818315534635044,5.979430806357047
166,267,5.883060452820653,6.022157298477559
166,268,5.836773065505406,5.891356091291754
166,269,5.862324707613138,5.931066760020992
166,270,5.880125304563611,5.960734271556408
166,271,5.844399280297593,5.955296394732539
166,272,5.828869039227329,5.895733538157643
166,273,5.877650331340224,5.953570246922188
166,274,5.800373677758201,5.766854881112655
166,275,5.932854627590298,5.98883150071252
166,276,5.888936670524702,5.8838884174433534
166,277,5.869974827786427,5.938408774687007
166,278,5.848083480561054,5.896626264893143
166,279,5.9590113187746026,5.910325259924611
166,280,5.77999500366833,5.886485620810536
166,281,5.806086635610216,5.864860083953494
166,282,5.8883616899137055,6.001199595100949
166,283,5.899286608231495,5.948041938829445
166,284,5.784309148305894,5.949680982143148
166,285,5.878041146774381,5.849570539317545
166,286,5.929910357794476,5.900849946439279
166,287,5.861561614342383,5.94237530274113
166,288,5.828405692468733,5.9224020184079675
166,289,5.921360884361743,5.911622748456648
166,290,5.8808424236666985,5.9561594710688635
166,291,5.791127527049781,5.988197427716036
166,292,5.884843179886048,5.934679899588863
166,293,5.8061003431798905,5.810539090101921
166,294,5.967802407371865,5.958096255549167
166,295,5.829429514978711,5.914612105408686
166,296,5.828258433586648,5.919824692323655
166,297,5.828426649362485,5.833534794110933
166,298,5.884889681621272,5.926880089334696
166,299,5.845128471154091,5.962227443781944
166,300,5.820009956017518,5.930507259611548
166,301,5.914063004168399,5.834220015872113
166,302,5.830909310056659,5.913286793160909
166,303,5.929006449874778,5.938074349486057
166,304,5.868066560270696,5.941626320371253
166,305,5.833969801242196,5.994609985303344
166,306,5.79045924449594,5.980054420257651
166,307,5.789327138177852,5.936777097389586
166,308,5.89637889086744,5.892224853476815
166,309,5.765668739084327,5.869576220986638
166,310,5.825896816143027,5.869122612623704
166,311,5.774786346497118,5.919665111428249
166,312,5.742189648970995,5.969182003936206
166,313,5.908245900955287,5.940203547527015
166,314,5.850383965704999,5.987569773889286
166,315,5.958597468847726,5.963485555641513
166,316,5.865338686443632,5.947213913572147
166,317,5.855761998465929,5.814733194113696
166,318,5.855441325194765,5.869995445907018
166,319,5.865356653250859,5.900749146148916
166,320,5.852394040818001,5.932521010912554
166,321,5.952343421634731,5.938408774687007
166,322,5.848541199942399,5.887480726793672
166,323,5.7859358358301405,5.894847076092495
166,324,5.878798558917274,5.907069045995851
166,325,5.84268174880687,5.91965039480537
166,326,5.809415148065497,5.770444657233463
166,327,5.881456147739605,5.951566089221661
166,328,5.8268867269822024,5.832903325308555
166,329,5.87671828399935,5.926715129527844
166,330,5.76215649762985,5.772494009382059
166,331,5.813752605553106,5.8983744454974065
166,332,5.848551574005946,5.907267995480699
166,333,5.812243532211567,5.982308778594792
166,334,5.856233406184821,5.900991580556225
166,335,5.994486224635184,5.93596937881436
166,336,5.941347564656143,5.94237530274113
166,337,5.83807022084976,5.944063106013775
166,338,5.782556863210687,5.893032515232557
166,339,5.870395488841364,5.890296999929374
166,340,5.855414255668501,5.858434090558693
166,341,5.878119172001914,5.950047366075257
166,342,5.900874434364846,5.846864635725622
166,343,5.849793498647113,5.919693521665151
166,344,5.951131455533569,5.994609985303344
166,345,5.905636930542283,5.917299017514772
166,346,5.842084657874394,5.930285059422628
166,347,5.779398519587092,5.924312172525871
166,348,5.685078625125288,6.00476121150046
166,349,5.952557115232819,5.997681769740879
166,350,5.936560564136745,6.040507065932803
166,351,5.831928062794475,5.945034557434946
166,352,5.879504730341377,5.883757086834488
166,353,5.809282219630758,5.861665704948327
166,354,5.742198985927731,5.909507494607991
166,355,5.831613246156177,5.92145559764139
166,356,5.936253320489896,5.931309123579173
166,357,5.807513844071346,5.926235326434675
166,358,5.825434676654376,5.963564622676839
166,359,5.7625287924183795,5.9197323408187925
166,360,5.686973834168104,5.872387433403224
166,361,5.82087653554853,5.857240510694708
166,362,5.9781595958152485,5.89430177691266
166,363,5.937876551550478,5.939678726848606
166,364,5.893551745493038,6.0239849386807975
166,365,5.965124484651259,5.8953004466273216
166,366,5.964457506334359,5.893463852159856
166,367,5.808018277419263,5.8588204520629
166,368,5.847442889530359,5.979430806357047
166,369,5.858519210705687,5.883400738635078
166,370,5.809568358337841,5.957099891224812
166,371,5.864958285316794,5.915263775122091
166,372,5.915525613942505,5.9625681506681705
166,373,5.844842818961257,5.886761159256461
166,374,5.863859550655513,5.947809334967873
166,375,5.851365004124786,5.964368406843067
166,376,5.768531715537676,5.986864752796348
166,377,5.849308456566189,5.890197669444988
166,378,5.705319888112955,5.907751955067774
166,379,5.868778623931356,5.820146402339391
166,380,5.8458219606112936,5.9795805649471845
166,381,5.879963341054662,5.944306922946865
166,382,5.858137605486096,5.933783550764521
166,383,5.799537159801627,5.913191726743207
166,384,5.830717974202096,5.830618745865697
166,385,5.8074900826071465,5.914969242238949
166,386,5.954932639249555,5.8808041551105745
166,387,5.984005502150119,5.874268841519074
166,388,5.816015518855133,5.904474366071869
166,389,5.9523232402135,6.033516742927733
166,390,5.885817690633561,5.82283411909678
166,391,5.954377724517001,5.939143654815884
166,392,5.896590854518833,5.894742158602647
166,393,5.817281661221127,5.980497880291179
166,394,5.934165543023905,5.959984417624401
166,395,5.82349479035044,5.943027874253273
166,396,5.948249913890995,5.854705227632959
166,397,5.774177842951522,5.912696573206024
166,398,5.866735201403734,5.8841330134412635
166,399,5.85852536544721,5.915371944298974
166,400,5.799828438690555,5.906044659606426
166,401,5.897528365073088,5.875692633214495
166,402,5.875530882940066,5.8695295986486355
166,403,5.810360087699103,5.829555160458453
166,404,5.794900971572145,5.941626320371253
166,405,5.845921049628361,5.936383396834529
166,406,5.928972109752977,5.933773136244453
166,407,5.9282486224518225,6.029926030192316
166,408,5.837222707628631,5.816125764363279
166,409,5.955032038903733,5.887032398858908
166,410,5.928882082144302,5.9561185255010445
166,411,5.897384930385933,5.999005955205245
166,412,5.893306826307991,5.975065481315677
166,413,5.780116739767836,5.780753840170129
166,414,5.872970736106479,5.84788575830161
166,415,5.846705106345939,5.841958858737299
166,416,5.725930239151271,5.917308982636196
166,417,5.958482780440161,6.017710460827072
166,418,5.935467343451296,5.851506059983744
166,419,5.831945369072989,5.839610370119567
166,420,5.931236216007916,5.969019821607663
166,421,5.89129446839732,5.90610737699582
166,422,5.9276236448267285,5.981733801515014
166,423,5.923269042996577,5.92858577273598
166,424,5.826422395096372,6.001199595100949
166,425,5.790882818869333,5.89659063640327
166,426,5.794441448281364,5.947464221832758
166,427,5.840911796869682,5.822232544881152
166,428,5.830576259705614,5.87183069243477
166,429,5.9328413990955315,5.874268841519074
166,430,5.831836169663341,5.884706012911189
166,431,5.814891997774264,5.835961321346073
166,432,5.8709401910087315,5.9561594710688635
166,433,5.876040701424921,5.964352147261269
166,434,5.867413172570696,5.9702418754398066
166,435,5.78493537178152,5.941413814330038
166,436,5.888971934332527,5.90670142094149
166,437,5.8429824752691015,5.971071078861893
166,438,5.883217161166554,5.958996509960408
166,439,5.851240498600123,5.929690674270091
166,440,5.952871133957854,5.856023550052525
166,441,5.864325911098213,5.972823560510344
166,442,5.840107601237158,5.941413814330038
166,443,5.775356472477986,5.971527710136172
166,444,5.889088104081348,5.997681769740879
166,445,5.851319064287587,5.890760853785416
166,446,5.861601696365565,5.871084197558091
166,447,5.85059626815583,5.940251452261687
166,448,5.8634885663058,5.943337374139147
166,449,5.86354593852797,5.927360037617037
166,450,5.796635571367129,6.010487584979213
166,451,5.859454135001666,5.905462218128474
166,452,5.931046207207158,5.941390288242449
166,453,5.892076456816572,5.8580141046774585
166,454,5.815649308595428,5.963594370263133
166,455,5.852524373775676,5.846864635725622
166,456,5.861267103541808,5.786934651743434
166,457,5.879312353895306,5.935484888442365
166,458,5.932711102358905,5.837308166301791
166,459,5.838218185353284,5.9288086647717275
166,460,5.797451373745684,5.885396233959796
166,461,5.833363395522661,5.859320933734351
166,462,5.859153316691417,5.88346569498197
166,463,5.889409533609348,5.961577131313731
166,464,5.7712783324503665,5.91387563646784
166,465,5.857793117262481,5.910834728664735
166,466,5.70390308493039,5.9210066209315615
166,467,5.787126972047393,6.003549196098853
166,468,5.99671450889766,5.898301217443523
166,469,5.833647389520377,5.833340934875047
166,470,5.777132803550674,6.008416971309642
166,471,5.764480994955789,5.907644101669079
166,472,5.874946382103061,5.934707891212282
166,473,5.896232374068574,5.92424215796542
166,474,5.785561197562404,5.979369785264049
166,475,5.84140941071226,5.866503069147739
166,476,5.8659608246151,5.8826691739626416
166,477,5.878600327466726,5.914612105408686
166,478,5.879115646313454,5.932441472991016
166,479,5.780637238720908,5.842456307154123
166,480,5.832039649905081,5.975066098367566
166,481,5.964794387264648,5.857926829104632
166,482,5.886306684236847,6.0194139750707585
166,483,5.904449249395692,5.951566089221661
166,484,5.9124843736124815,5.998313643555117
166,485,5.788191639072018,5.88867337740183
166,486,5.826020636502452,5.891716544112142
166,487,5.805239485445083,5.877985027244149
166,488,5.925393496036198,5.934697631150057
166,489,5.944619952337814,5.906069163955267
166,490,5.898192962514932,5.970592501127807
166,491,5.831979437219974,5.933525174477221
166,492,5.893299855283685,6.00381606934974
166,493,5.850339465910255,5.921317635902657
166,494,5.829182860143616,5.873754449977965
166,495,5.805113308797682,5.887036752628051
166,496,5.807025037199322,5.8567587813777795
166,497,5.810176765299888,5.891320705921323
166,498,5.8851207017516085,5.8509116683259
166,499,5.885551353166846,5.975701798230253
222,0,5.899085287779141,6.05017866737188
222,1,5.976830543704418,5.998454980783527
222,2,6.027489482993849,5.912880089348217
222,3,5.936309926698863,5.951747537164927
222,4,5.921084716950879,5.911101122442241
222,5,5.952431173276624,5.9967656609201985
222,6,5.968980308467223,5.917611782094781
222,7,5.937996115896976,5.970357869309501
222,8,5.956454831928365,5.970107475337217
222,9,6.015797183709526,5.900191926125972
222,10,6.03515819552975,5.958042909164721
222,11,5.920958500214735,6.0164593075369215
222,12,5.905774792693758,5.965410029446757
222,13,5.975085420248768,5.988283906799664
222,14,5.910164538887562,6.0043396895707835
222,15,5.884874070888742,5.966774165300382
222,16,6.042045023153216,5.893200327991268
222,17,5.944989187265737,6.029700125189346
222,18,6.010570104685432,5.971530003373574
222,19,5.968220675179636,5.984450499014124
222,20,5.973758732898939,6.004524167090518
222,21,5.953198701301275,5.908197557808693
222,22,5.946061673791863,5.882351383709828
222,23,5.967560440347504,6.001508191749268
222,24,5.966019826025228,5.959547755367968
222,25,5.865277350997032,5.975332237716768
222,26,5.992305250284944,5.9454961384344625
222,27,5.940060796172017,6.004254375444468
222,28,5.977138029837556,5.9756013330995765
222,29,5.984873136724318,6.024788307856746
222,30,5.958855733681274,5.951433698883306
222,31,5.920789070969968,5.97643803001638
222,32,5.971205803726308,5.937809157364149
222,33,5.883596643419396,6.001955727997251
222,34,5.966014718284176,5.930948836740496
222,35,5.938765719226097,6.004691466523088
222,36,5.978249955718013,5.953254229875059
222,37,5.951086992756874,6.0017060933533495
222,38,5.990404327565472,5.9682453942456855
222,39,5.932869085917978,5.970357869309501
222,40,5.913090119418363,5.979566032304013
222,41,5.904321609657007,5.970344538817662
222,42,5.867855786304609,5.958476639089812
222,43,5.94000105528296,5.960332729304473
222,44,5.983970850757458,5.969429053176458
222,45,5.95903463463837,5.9895762500948
222,46,6.0099882709938095,6.022032941745198
222,47,6.024660929063441,5.960223920027503
222,48,5.935856663934789,6.046855904127043
222,49,5.966032545526722,5.92207361393016
222,50,5.967818267693913,5.9933763949885295
222,51,5.9688655213954105,5.968605454541151
222,52,6.01598433091088,5.930296444421567
222,53,5.949360085130574,5.997380204430933
222,54,5.99657408341145,5.914430151513721
222,55,5.87576559026267,6.002822375457413
222,56,6.010166673355905,5.992327166927553
222,57,6.05502136257696,6.011206367292806
222,58,5.943810014065071,5.908622086361214
222,59,6.026300750126325,5.92676871226649
222,60,5.897606263131738,6.00356180247531
222,61,5.945145176597804,5.9025473792323595
222,62,5.889352856917242,5.908197557808693
222,63,5.89316506800575,5.9041629468978
222,64,5.935908064606645,5.931885100687382
222,65,5.875616272188402,5.963793284124404
222,66,6.01622560421408,5.953888067043839
222,67,5.962553468750592,5.9822002057472705
222,68,6.008351892975971,5.948117745175981
222,69,6.000406529691116,5.944345142681155
222,70,5.919341660624339,5.94811522035172
222,71,5.928382003858859,5.984644625517048
222,72,5.95447465630895,5.973333333927728
222,73,5.966821902195342,5.9041629468978
222,74,5.974946366561362,6.006281255762086
222,75,5.944298447419632,5.925999322513006
222,76,5.918210253143968,5.996688187261576
222,77,5.9512667738936225,5.969617857336928
222,78,5.945711914043123,5.964228359567885
222,79,5.94059024606927,5.951160378753019
222,80,6.028639638339581,5.984881431616375
222,81,5.9599548615111475,5.920531042981719
222,82,6.016130363909255,5.910971491249836
222,83,5.938227625925185,5.9369046467212305
222,84,6.003883882232042,5.966000978397649
222,85,5.893642176991886,6.0242040683812075
222,86,5.960058391237024,5.965227538203425
222,87,5.931751049179942,6.003728095659084
222,88,5.92739344436573,5.998882973875596
222,89,5.915634792321391,5.919416155475938
222,90,5.970192622857162,5.961659507441309
222,91,5.997972593322134,6.008357645137561
222,92,5.896286894018858,5.998650943553343
222,93,5.8766438863182415,6.009733267655186
222,94,5.873004443113538,6.008489985294441
222,95,5.987671718182102,6.017892468388527
222,96,5.982731390135985,5.946183052846739
222,97,6.009577517326903,5.910360903026212
222,98,5.985609542287042,5.983808628553087
222,99,6.03225699560818,5.984411170525288
222,100,5.974726208341553,5.979566032304013
222,101,5.966024768636802,5.961914149517172
222,102,5.968794756924019,5.950826941330373
222,103,6.004900868174566,5.938312617554434
222,104,5.969085724847306,5.949829719215804
222,105,5.9870478446993305,6.0060533935757885
222,106,5.925431587146659,5.966378244707196
222,107,5.92848499872687,5.92676871226649
222,108,6.02136936751293,5.96949195779376
222,109,5.9350229680238,5.932338338964903
222,110,5.878299114466841,5.951160378753019
222,111,5.948929823502958,5.926768995705753
222,112,6.00467495681615,5.989232630433882
222,113,5.912392919888117,6.0261570993220035
222,114,5.957952226096356,5.912970722577593
222,115,5.931660069855344,5.89354142644055
222,116,5.993735248386774,5.934271366855081
222,117,5.916649772460439,6.046855904127043
222,118,6.0132813492293335,5.939308384237593
222,119,5.988109559669051,6.0051007922932635
222,120,5.94208685717285,5.938848295349248
222,121,5.953811841771798,5.895640159475282
222,122,5.866144757799869,5.955754800341449
222,123,6.0649717441061854,6.010886075678716
222,124,6.103782979197992,6.000079899966368
222,125,5.960184445228563,5.993519173030341
222,126,5.942216233933472,5.984450499014124
222,127,5.9190053080788125,5.963292382935716
222,128,6.047869072878112,5.927619550686008
222,129,5.900579295086972,5.980527912836025
222,130,5.932926907140206,6.03962636392194
222,131,6.0417923659863515,5.902386984965611
222,132,5.94608061292623,5.891945234001268
222,133,6.016860658749481,5.938312617554434
222,134,5.915297202767839,5.968812003210886
222,135,5.936601123338336,5.926651149747962
222,136,5.96705997170671,5.920367045691137
222,137,5.937475098807736,5.959681621124373
222,138,5.947284966263611,5.9756013330995765
222,139,5.936310172118485,5.970963422066841
222,140,5.979185384755122,5.9853329554134875
222,141,5.974212941561629,5.930355411233355
222,142,6.007096163145303,5.958429951950147
222,143,5.841510180844461,5.998308959662165
222,144,5.989712537583433,5.950747689876221
222,145,5.9748015914526045,5.961275484859283
222,146,5.990900503761595,6.0177608741026045
222,147,6.034989805591212,6.000005762479356
222,148,5.979942187139664,5.969658074429907
222,149,5.9846617383581,6.000079899966368
222,150,5.9065887333896825,5.955576135895721
222,151,5.9528669413050155,5.9834111631127085
222,152,5.987410608641111,5.964319728861936
222,153,5.956365385274936,5.997506901067169
222,154,6.016299147059096,5.932094000214127
222,155,5.905536113459646,5.9747107454727315
222,156,5.9505788426298,5.946100547288503
222,157,5.895809056893063,5.906284993908505
222,158,6.04768017860679,6.006281255762086
222,159,5.932224927902368,5.9777997051665945
222,160,5.995938015832821,5.916884611699558
222,161,6.051221624166962,5.944276644667517
222,162,5.939199624685721,5.9717280460758655
222,163,5.93217405768266,5.917794736549473
222,164,5.8480520337742385,5.914390338222613
222,165,5.887337867166438,5.90566353732346
222,166,5.927646455241295,6.00598606143503
222,167,6.040021104465441,5.925999322513006
222,168,5.903841649311277,5.935756056903037
222,169,6.020068160902592,5.939133044519019
222,170,5.9578359266250205,5.961936761006589
222,171,5.874805727324758,5.867984706489116
222,172,5.917308007849858,5.9150400514203625
222,173,5.966653336073695,5.960351177702917
222,174,5.953841847519123,5.990052838151993
222,175,5.951100395259004,6.02448371355614
222,176,5.946989629266293,5.958042909164721
222,177,5.945458697870778,5.942324688826429
222,178,5.959416418112477,5.892803695930954
222,179,5.9641634603544285,5.971710950638546
222,180,5.961582558813505,5.98141556576383
222,181,6.038380883940591,5.91287708821631
222,182,5.934275576255951,5.965465906944325
222,183,6.000221793280535,6.033272824149746
222,184,5.9988483974315185,5.933983864287635
222,185,5.926662077913201,5.989698121385294
222,186,5.895658500385412,5.928281008641285
222,187,6.0074422618992385,5.935438649130133
222,188,6.035953217034052,5.9675991240917226
222,189,5.978168862474925,5.930590213697748
222,190,6.003677853760438,5.928304666738764
222,191,6.018221622729706,5.943168475462801
222,192,5.99932729578059,5.922770318664403
222,193,6.003830389854222,5.9828690334662475
222,194,5.989224712623439,5.956535890358751
222,195,5.867715745911584,6.04416366808387
222,196,5.9490103064991064,5.938117195767875
222,197,5.914238187269802,5.918316967898378
222,198,5.993055097465421,5.95269335715429
222,199,5.991493550824051,5.984691376866027
222,200,5.914356458861776,5.917611782094781
222,201,5.936414465420815,5.936897969588263
222,202,6.029246176905404,5.941771566766068
222,203,5.8790013547646724,5.926046412905841
222,204,6.008826043758801,5.946983318834843
222,205,6.043314974181923,5.998101616793649
222,206,5.852867538105539,5.861619082436108
222,207,5.874611228429568,6.025511817177189
222,208,5.93114789373745,5.945911736859804
222,209,5.957869449640869,5.968757152782502
222,210,5.9637692671782645,5.949093845471935
222,211,5.943144843694497,5.906711329937735
222,212,5.93615103980262,5.936705699107208
222,213,5.938124835146763,5.952282462594938
222,214,5.893031189882402,5.9853329554134875
222,215,5.96846560099011,5.969778148002857
222,216,5.987724968267854,5.872102937241345
222,217,6.02816374367144,5.911300762978498
222,218,6.00746385473589,5.8973431113705255
222,219,6.00920986481415,5.902386984965611
222,220,5.926355906158569,5.971870336935216
222,221,5.91894503759232,6.007230270825054
222,222,5.91833256332459,5.9905032439055175
222,223,5.95290369255243,5.972543381357129
222,224,6.008928819087522,5.978416122749145
222,225,5.914586666303342,5.967409380350575
222,226,5.899621078702815,5.898031766479669
222,227,6.038507587208559,5.98151161634356
222,228,5.94780447545827,5.940072161368777
222,229,5.886584808571059,5.9727358461251985
222,230,6.026380118441963,6.001298174291146
222,231,5.963263062942263,5.908682110088819
222,232,5.927690668975505,5.961659507441309
222,233,5.999896217600717,5.982563757132113
222,234,6.040742780906517,5.946446320481087
222,235,5.96683653508795,5.978374435626526
222,236,5.928352953426463,6.011206367292806
222,237,5.939599300002355,6.009898937246596
222,238,6.003189166412475,5.9670798859913825
222,239,5.982407635645522,6.038376716800895
222,240,5.9753346208186855,5.96854050073963
222,241,6.007187634385553,5.9029612499491515
222,242,5.974813230978402,5.9438143630209845
222,243,5.916106488677324,5.9948111420373085
222,244,5.953819562300798,5.927479406889555
222,245,5.960817355861795,6.009956922638677
222,246,5.961957186882185,5.961468237124963
222,247,5.9084075703844015,5.960900761124456
222,248,5.986542783895304,5.984691376866027
222,249,5.977673909921296,5.970523643095206
222,250,6.007916540418161,5.960314083988916
222,251,6.035121049884734,5.941550325686776
222,252,5.957545192640706,5.9777997051665945
222,253,5.97622361692978,5.982119729549365
222,254,5.8660898937438395,6.022032941745198
222,255,5.885845492341966,5.963755047963573
222,256,5.891952847359139,5.992275662618166
222,257,5.971158576819146,5.932412433965737
222,258,5.947658428109,5.905394015827295
222,259,5.99346089059082,5.959654969864932
222,260,6.026624567103183,5.996928416968057
222,261,6.00994044107855,5.967287095095083
222,262,5.830245239002196,5.996576661532454
222,263,5.977841852044277,5.876110195319146
222,264,5.95943794579838,5.952514399296768
222,265,5.982999913832252,6.012683807591492
222,266,6.011043503077405,5.966889611409966
222,267,5.9547702804557625,5.96949195779376
222,268,6.0108158814132215,5.993080151190747
222,269,5.93948463468696,5.964493917466848
222,270,5.913125149236161,5.9670798859913825
222,271,5.8605838512111905,6.032880147578643
222,272,5.905690129070287,5.94657482886382
222,273,5.986465597534641,5.945872920978877
222,274,5.947015305495036,5.910778991100545
222,275,5.9708436507728635,5.988378531045337
222,276,6.015049680701403,6.013088293270136
222,277,5.9268315243835294,5.970803154283229
222,278,5.944115846735311,5.9767620910861945
222,279,6.022281356575299,5.988283906799664
222,280,5.99002808734257,5.96291146163753
222,281,5.921093844892592,6.004558938536747
222,282,5.960536663401879,5.97500748374444
222,283,5.876951269570466,5.911583269447379
222,284,5.936859052887452,5.938117195767875
222,285,6.018771462651901,5.89354142644055
222,286,5.940828038371552,5.953022493939833
222,287,5.995856420629681,5.9752157991081205
222,288,5.950204952984763,6.0707505478183466
222,289,5.977063637911602,5.965465906944325
222,290,6.036706330750683,5.952852556136805
222,291,5.958683397371411,5.961501642908732
222,292,5.939146123794673,5.987979674912172
222,293,5.961758247772929,5.9777997051665945
222,294,5.981464876927069,5.950041814961753
222,295,5.970132621093217,5.973868778018918
222,296,5.888304752853191,5.996579420362763
222,297,5.984729177647484,5.9876754031394155
222,298,5.905555218017238,5.932065216944091
222,299,5.957751582200507,5.938382762960597
222,300,5.945307987699748,5.9895762500948
222,301,5.963218183232138,5.923448244121251
222,302,5.9246802275516455,5.9448883503857886
222,303,5.897660598039237,5.948722407345211
222,304,5.9262216235818945,6.013008471322984
222,305,5.9566442639305865,5.963201979572153
222,306,5.938632832424176,5.976154018086119
222,307,5.888508483116792,5.949093845471935
222,308,5.985955017512722,5.971710950638546
222,309,5.8977230243464644,5.979915993087286
222,310,5.928321562083274,5.90566353732346
222,311,5.9999387634498484,5.959139332612723
222,312,5.991870006124008,5.977242190571308
222,313,5.933849108573483,6.0032709436730265
222,314,5.973142786736107,5.936105620236188
222,315,5.9967429238160355,5.935769834521538
222,316,5.848055604834102,5.9149810936736165
222,317,5.963108404217167,5.96803284228851
222,318,5.916571936367411,5.895530098434568
222,319,5.963445492111726,5.995739599081881
222,320,5.937898708302427,5.918271250394461
222,321,5.876079660371688,5.9794661548856
222,322,5.984808862884642,5.923448244121251
222,323,5.934909564268835,5.990784270645228
222,324,6.047300162857723,5.976054507480925
222,325,5.980447776505615,5.935057550034623
222,326,6.034387314369927,5.956535890358751
222,327,5.999470136668216,5.905340024995397
222,328,5.972933014910054,5.957891654624887
222,329,6.009511062333258,5.949346888012686
222,330,5.962895032585706,5.970598480291995
222,331,5.927824879890517,5.978416122749145
222,332,6.024816491254445,5.986117758862942
222,333,5.976471619062123,5.986887195019223
222,334,5.960897893332405,6.007995813066452
222,335,5.889189811935827,6.075053888381721
222,336,6.034095499284101,5.939873878970193
222,337,5.899661039670644,6.023291742355879
222,338,5.949542627003351,5.910778991100545
222,339,5.9440474301146065,5.995307906895637
222,340,5.904815168978619,5.94617351318568
222,341,5.970055906635849,5.9532504264925254
222,342,6.057807802198987,6.000312045535401
222,343,6.051387990795777,6.011927097803745
222,344,5.917779667644767,5.967287095095083
222,345,5.9958835806783055,5.996576661532454
222,346,5.920920963016196,6.061292938807298
222,347,5.999817677729354,6.012683807591492
222,348,5.987576034021176,5.968045203923228
222,349,5.977149451829544,5.971614564435329
222,350,6.002049271892895,5.94657482886382
222,351,5.936594757454116,5.988799421587099
222,352,5.985055394105476,5.922201347933969
222,353,5.967276759068592,6.021024383610337
222,354,5.913784122890678,6.000079899966368
222,355,6.001927829419144,5.988104119335294
222,356,5.936282453172214,5.920367045691137
222,357,5.907822062601335,6.02668756990123
222,358,5.9026685077095475,5.942549596406014
222,359,5.9353411593760175,6.005387643230429
222,360,5.95603362254286,5.958195418393154
222,361,5.932035427471784,5.927547799639743
222,362,5.949010754600007,5.950811058737261
222,363,5.964248797204281,5.97203309368506
222,364,5.9703377449227695,6.00099243567938
222,365,5.978714531413388,5.944739390441797
222,366,5.929718128113828,5.950747689876221
222,367,5.893693070386148,5.931363245711883
222,368,5.948608562857715,5.919716467213401
222,369,5.878496533337067,5.954748096980984
222,370,5.886563136064038,5.8987939129686096
222,371,5.949704935637442,5.9395930148369125
222,372,5.9894642945149865,6.034857657310385
222,373,5.995810346684857,5.962130817026109
222,374,5.93426348667471,5.900150610101704
222,375,5.972405255533906,5.936259633613122
222,376,5.907748665918354,5.891341045595983
222,377,6.020305040365408,5.951439795656035
222,378,5.99144301337813,5.891945234001268
222,379,5.991938659487694,6.061910016304757
222,380,5.923884521272966,5.91305936341893
222,381,5.946570059085269,6.013088293270136
222,382,5.943236759008,6.022032941745198
222,383,5.983495379191221,5.948678831872822
222,384,5.969139209728989,5.979357791168706
222,385,5.9476169154138905,5.97891358799618
222,386,5.984555805462009,5.931056611246513
222,387,5.995596191359419,5.928437528676148
222,388,5.960266839895523,6.002991953212927
222,389,5.942198677992396,5.8752507115455685
222,390,5.9835229706281785,5.994358374221544
222,391,6.005467401537839,6.0017060933533495
222,392,6.010331982210359,5.969429053176458
222,393,6.108644994235903,5.96783778507406
222,394,5.943035260867155,6.001700703370432
222,395,5.999249153745961,6.012831176508054
222,396,5.95321003068217,6.000702237511763
222,397,5.969538541583374,5.874410050581441
222,398,5.8961290154163075,5.928631517425139
222,399,5.995898676702457,5.959654969864932
222,400,5.9402454353705,5.9209684303031604
222,401,5.982505736139365,5.935058413720068
222,402,6.001912422797119,5.996228849892645
222,403,5.943914165836814,5.998454980783527
222,404,5.981145191159093,5.9564039252012035
222,405,6.032010695613779,5.932137592537477
222,406,5.947658361735143,5.97466701423222
222,407,5.95927584063337,5.931799822505386
222,408,6.0428952269540215,6.032899546115123
222,409,5.9151422258496344,6.001298174291146
222,410,6.04759247192446,5.973296742717175
222,411,5.877776435923352,5.928632787280982
222,412,6.000692488847452,6.0078629429597825
222,413,5.955089718529288,6.010886075678716
222,414,6.013837414225303,5.974010980343505
222,415,5.949958342908426,5.955415687086651
222,416,5.891950218075133,5.943712896769263
222,417,6.049856462653893,6.030476844371691
222,418,5.971471365047734,5.987743463711081
222,419,5.995561071380585,5.920689579058944
222,420,5.996758572404672,5.943467799459101
222,421,5.969199135733156,5.984069571008938
222,422,6.048765407876888,5.900169110153526
222,423,5.947222231979154,5.989232630433882
222,424,5.981698802682946,5.966439567148955
222,425,5.947233593655488,5.935769834521538
222,426,5.963855990069359,5.996688187261576
222,427,6.0050462718659245,5.971044596513094
222,428,5.975115213668199,5.980234126162092
222,429,6.051849492627642,6.05017866737188
222,430,5.974863427972484,5.919325532125899
222,431,5.989918401127146,5.905896728129181
222,432,6.0539761280899365,5.913948295989357
222,433,6.010713500397073,5.991433964618762
222,434,5.899806927943565,5.999468741761198
222,435,5.953745369964642,5.971044596513094
222,436,6.021143906765417,6.00598606143503
222,437,5.87538416663438,5.982119729549365
222,438,5.936564081930361,6.015370656888595
222,439,5.8931161800819725,5.904731254921342
222,440,5.936675277803322,5.913372543306806
222,441,5.988634036928052,5.969949039135707
222,442,5.948933619287085,5.966439567148955
222,443,5.930591325166578,5.92331937614151
222,444,5.958607224573635,5.942480732930903
222,445,6.0180472328189305,5.959316342821846
222,446,5.9373936153708655,5.984260785622134
222,447,5.862977838326791,5.963292382935716
222,448,6.011378669609857,5.963674033015903
222,449,5.938021672525415,5.957010789759739
222,450,6.010975131331287,5.955415687086651
222,451,5.944027853257866,5.995752989882316
222,452,5.945096107238626,5.97931768114886
222,453,5.901669145944984,5.989022181653145
222,454,5.839078235465791,5.947443327059849
222,455,5.997238114280091,5.963568686503031
222,456,5.9363411952751335,5.975211739104803
222,457,5.9357764057501825,5.884568176647169
222,458,5.920803730802227,5.961659507441309
222,459,5.993664081326332,5.904101667779116
222,460,5.944412502587099,5.91035096427278
222,461,6.019909331338975,5.970523643095206
222,462,5.9547645704080425,5.946183052846739
222,463,5.901084305720206,5.985326490589745
222,464,5.97523225348591,6.0013207887063
222,465,5.966115723252983,5.94928117134747
222,466,5.858829145974359,5.967038851016325
222,467,6.022820653776591,5.949350065171745
222,468,5.953044422079255,5.8973431113705255
222,469,5.917542292804314,5.984450499014124
222,470,6.016355957115951,6.007936832362319
222,471,5.965022532024152,5.9738134670931435
222,472,6.010731731288185,5.876627672758592
222,473,5.902192303084793,5.905482825625943
222,474,5.9141522263596675,5.996233392363859
222,475,5.922689793988573,5.971417397297704
222,476,5.968847286527919,5.962209182368356
222,477,5.887162416265228,5.9742847688103975
222,478,5.995191097296104,5.9149810936736165
222,479,5.985474512867327,5.98799800206638
222,480,5.9575321719598255,5.875743181285331
222,481,5.984960969813172,6.0078629429597825
222,482,5.949440969228278,6.0043396895707835
222,483,5.891120986343881,5.951218482958074
222,484,5.95385560813757,5.968215482559265
222,485,5.9764785905691244,5.976616304728981
222,486,5.939212495828135,6.013008471322984
222,487,5.956777104867455,5.993951649914744
222,488,5.917809927541526,5.941408042441681
222,489,5.981378837496655,5.982178580968379
222,490,5.925139009639516,5.984411170525288
222,491,6.026771993720919,5.932373500907329
222,492,5.947749553864626,5.953226547493356
222,493,5.991432356355116,5.951261619751547
222,494,5.938972314928738,5.943449900346905
222,495,5.969705234918745,5.951261619751547
222,496,5.9825342066375455,5.944039152772156
222,497,5.897709073985071,5.900054074044705
222,498,5.879712677314866,5.951218482958074
222,499,5.977548521136057,5.942365178799827
277,0,5.942291393256572,5.980752775249473
277,1,5.912988007072782,5.99781005286614
277,2,6.070410462759592,6.0546485635041
277,3,6.079844258084185,6.010412501072663
277,4,6.011644619495417,6.09117322861538
277,5,5.963740866167383,6.085444018531854
277,6,6.017724734721238,6.056397725136247
277,7,6.097587151411054,6.030329538878834
277,8,6.041629776480009,6.004120451621076
277,9,6.0076530607539285,5.94514810916517
277,10,6.008911721026318,6.05474592571171
277,11,6.037559473041957,5.966708518339896
277,12,6.007356426522409,5.96287780645803
277,13,6.028857875601808,6.0654443563037574
277,14,6.089277639817124,5.9870607068140345
277,15,6.052741561396748,6.005239740290299
277,16,6.004677442435137,6.049301039434221
277,17,6.017160519827564,5.997306607390058
277,18,6.080679949028354,5.999718788515075
277,19,6.014673123566665,6.023527879982436
277,20,6.018744475907556,6.045591334049146
277,21,6.067871331602323,5.965491356948582
277,22,5.992839265793731,5.949412641826656
277,23,5.971064724586925,5.985839040859852
277,24,6.059450706504166,5.9984328246327525
277,25,6.1074091009696705,6.001894681618884
277,26,5.994624954569546,6.050731027330113
277,27,6.05850188225611,6.075802817093683
277,28,6.099616264272279,5.997306607390058
277,29,6.050725093017249,5.964345519822721
277,30,5.972993630830896,6.054728661055078
277,31,6.055633858093935,6.012819073702428
277,32,6.054824041837061,6.036369838661633
277,33,6.021096600804464,6.0516248675139845
277,34,6.005204192356974,6.047314682607631
277,35,6.033760303052946,5.99083506685626
277,36,6.01140221494222,6.026130438227845
277,37,5.983380667468722,6.0260868370201175
277,38,6.0417076111116845,5.988435013829189
277,39,6.035079869906876,6.020636229794516
277,40,6.02991314522354,6.015303450916614
277,41,6.010821251754979,6.020285982208631
277,42,6.039538244157219,6.088256900193406
277,43,6.045972653692812,6.022936279328056
277,44,5.966411462642348,6.062449284892059
277,45,6.015437620690727,5.94049387154349
277,46,5.938245936601825,5.9931053764535
277,47,6.051231651841033,6.079195795450823
277,48,6.034163286381997,6.021598810531951
277,49,6.035857962767526,6.01452287537267
277,50,5.997055409675141,6.05415014176027
277,51,6.045154305324748,6.0379439564216355
277,52,6.093866946410862,6.00567442211168
277,53,6.074199575944588,6.024984871472749
277,54,6.033769297752522,5.901551544139304
277,55,6.085881258427651,6.075452688689795
277,56,6.053901750828173,5.914524013558138
277,57,6.045576065403191,6.004765307830377
277,58,6.027340003296755,6.01619485089507
277,59,6.0115012266019185,5.9784989034662
277,60,5.977709319248126,6.007498216556247
277,61,6.053113532073594,5.999718788515075
277,62,6.051108826888307,6.029079567976393
277,63,5.93001602232014,5.996677723308229
277,64,6.064981101262162,6.018105058693089
277,65,5.9834784385303665,5.9928394312149855
277,66,6.064329855652992,5.977354975413998
277,67,6.021867788504865,6.026310549468372
277,68,5.966871434689971,6.00394761727287
277,69,6.0253663394443215,6.033000162401091
277,70,6.006800316356278,6.029008048755722
277,71,5.949223624767444,6.021641691405548
277,72,6.03811357081689,6.003102665814667
277,73,5.977155796850095,5.967596741063551
277,74,6.023679555006752,6.077084139646111
277,75,6.082927357232808,5.9575910402678875
277,76,5.9658036548745175,5.925024081066494
277,77,6.0224837879255,5.914524013558138
277,78,6.01980531167577,5.921200787857951
277,79,6.017140885240555,5.991037792752927
277,80,6.024361681834602,5.9933193641599365
277,81,6.0177989376967,6.071736641650221
277,82,6.007862110628051,6.040170637291039
277,83,5.991476811187388,6.000132556464748
277,84,6.074884516132774,6.06200989963661
277,85,5.998910510792401,6.03118395069926
277,86,6.001185760770955,5.986704806255107
277,87,6.051747463887289,5.995566080474257
277,88,6.024000014017644,6.031197933622992
277,89,6.078971076332263,5.992737837615426
277,90,6.073172889923068,6.041332487918588
277,91,5.971161403857994,5.9952475452204705
277,92,6.03861404870309,6.041759062158752
277,93,6.016773098834708,6.047509503258674
277,94,6.050095899990074,6.0294556919967315
277,95,6.054117849290748,6.004487852625173
277,96,6.055110000091915,6.016539112348411
277,97,6.023623328262831,6.06543918187291
277,98,6.0829664105682575,5.977635511759554
277,99,6.00636389712244,6.016356462227637
277,100,6.07370230748526,6.026310549468372
277,101,6.03145438070536,5.9817826318798355
277,102,6.0513507501309896,5.970689784517338
277,103,6.009573962614494,5.983646280839587
277,104,5.948809518358153,5.964978502122221
277,105,6.053965549917421,6.015721241125066
277,106,6.077675558850317,5.9290218517500755
277,107,6.034573719464291,6.032104138968182
277,108,6.092595703452441,5.957131704093852
277,109,6.091516685744685,5.985578225523137
277,110,6.1076534250538135,6.013084222263931
277,111,5.930416289527938,5.956178306947646
277,112,5.984913035522277,6.075452688689795
277,113,6.040049451935807,6.003416065624956
277,114,5.991088317681353,6.009938350050461
277,115,6.019742038288105,5.987931004088508
277,116,6.015955852793526,6.0045327581857935
277,117,6.074654816305739,6.035132562998441
277,118,6.055590763767441,6.04447378520139
277,119,5.953106798448501,5.99872799793169
277,120,6.027916279776174,6.036767295475482
277,121,6.076176108988298,6.020690841590124
277,122,6.0453161130829525,6.09275065038747
277,123,6.083093190548862,5.968241351971253
277,124,6.080224525558429,6.0606669854415935
277,125,5.963892146755648,5.918225770907744
277,126,6.025916159944594,5.979664265942847
277,127,5.972308036040707,5.958869869943723
277,128,6.01819373006962,6.03118395069926
277,129,6.119969299134674,5.98011726266047
277,130,5.992364593623851,6.0268501127338086
277,131,6.061504798372766,6.0123782047999486
277,132,6.009304928428438,6.021476969609952
277,133,6.039023451332621,6.085444018531854
277,134,6.0159745376917595,5.923515849714053
277,135,5.983565979860335,6.0364542478103695
277,136,6.0056053136242165,5.948653273231995
277,137,6.033298961360023,5.987123455401858
277,138,6.061988548442776,6.02494473712993
277,139,6.000282383551282,6.125148229252212
277,140,6.073459291136351,6.006329356863635
277,141,6.026585116066216,6.059025149097309
277,142,6.046720738989355,5.943668045192038
277,143,5.985389859478047,5.8898991245898635
277,144,6.080984466417893,6.040425679232287
277,145,6.0672280650384804,5.988946518336166
277,146,6.0500174796749,6.080344734874304
277,147,5.998290818558174,6.068616254575305
277,148,5.992959659164423,5.945285459434142
277,149,6.063938048294742,5.987785932232211
277,150,5.9719315063205,6.0148247403474455
277,151,6.096178080568708,6.0078495074092135
277,152,6.074111170097794,5.968857776961584
277,153,6.0281630338566,6.075489348391514
277,154,5.9629583173681695,5.9860304888003535
277,155,5.982676091979673,6.056322920916179
277,156,6.006556475268894,6.023364433131994
277,157,5.976998288223342,6.011768452993853
277,158,5.956534394163889,6.002854287709394
277,159,6.035791032101271,5.997293637865203
277,160,6.02249987508382,6.0094493070466815
277,161,6.0481007023311735,5.952391216216156
277,162,6.054252114162608,6.006304276647149
277,163,5.973018425502176,5.968766023666376
277,164,6.059745156211033,5.989293678017974
277,165,5.99822538368363,6.006474051508677
277,166,6.0315809862832195,6.004120451621076
277,167,6.055742125986396,6.022420724678543
277,168,6.011519416850267,6.023633667138924
277,169,6.078685573451127,6.0711770654427575
277,170,6.046238800949507,6.009714940609182
277,171,6.04270510354437,6.05196304323666
277,172,5.981582865505326,5.9725692910530785
277,173,6.012863766071548,6.021379062723688
277,174,6.036954916475681,6.019908164607475
277,175,6.028016792796894,6.022920346326901
277,176,6.01750903673219,6.048013698326266
277,177,6.010742779213108,6.071736641650221
277,178,6.105109718094651,5.9997458834837
277,179,6.070480734562887,6.03517911201818
277,180,6.090546459368155,6.020992764846016
277,181,6.073222603466555,6.012137203161024
277,182,6.017220373404176,5.974383959011177
277,183,6.028396523707274,6.055982770511035
277,184,6.038692622278817,5.94049387154349
277,185,6.04314583053047,6.075452688689795
277,186,6.018216796159783,5.888863280168016
277,187,6.015517897212471,6.030445794071363
277,188,6.041187349603735,6.037122497900736
277,189,6.048995229894172,6.055088990284088
277,190,5.978549478322486,6.016708527250481
277,191,6.070932303280101,6.0285817497048155
277,192,6.029200784996573,5.976344047921549
277,193,5.985144334119591,6.003267206927012
277,194,5.98646480305249,5.994948356734711
277,195,6.030916844072876,5.974942574024191
277,196,6.131916520438553,6.0294556919967315
277,197,5.928336512734224,6.068616254575305
277,198,6.006635456101804,5.975528022590184
277,199,5.985299365584876,6.04174738901389
277,200,6.011303871810772,6.044067838843161
277,201,5.978109868392085,6.050344981136448
277,202,6.020335450929924,6.021526540323735
277,203,5.998473689048071,6.0407812520577675
277,204,5.995299301727867,6.022466279042542
277,205,5.939839038118747,5.952837577312382
277,206,6.127495308094245,5.989396118828084
277,207,6.017066933825287,6.016925136766431
277,208,6.071638183081509,6.047664784504832
277,209,6.036753077702633,6.047764730479511
277,210,6.075807063778829,5.971753445608237
277,211,6.017804604478352,5.981682930554314
277,212,5.992266847667137,5.946467236056814
277,213,6.074429097644941,5.987123455401858
277,214,6.006525035571744,6.0148247403474455
277,215,6.096963116058191,6.015353601913915
277,216,6.046783494504579,5.925024081066494
277,217,6.093896774590183,6.030187961289573
277,218,6.063183621999568,5.964415776677053
277,219,6.049212756730399,5.998403016392135
277,220,6.033646116751652,5.934513317228784
277,221,5.974856247599695,5.997262403192172
277,222,6.04762792291508,6.077481190664939
277,223,6.050710392319574,5.94832998478807
277,224,6.000820209135097,6.017944097089117
277,225,6.093163636408456,6.010145128440032
277,226,6.09135645042094,6.064540593674569
277,227,6.02692818264171,5.954777174218121
277,228,6.027979665785268,5.99945063188222
277,229,6.096698692587731,5.97601043614129
277,230,5.936452421731058,6.060981918042432
277,231,5.9666002666137015,5.977499124894867
277,232,6.02167705788795,5.987123455401858
277,233,5.986979642643056,6.0586480452662785
277,234,6.074204883385556,6.021553106008285
277,235,6.045383111664964,6.0143014573262334
277,236,6.070429907793775,5.940382128619539
277,237,6.056671149673046,6.0215296421090185
277,238,6.11991753476437,6.020658813541228
277,239,6.054998643591339,6.028617361505722
277,240,6.038758937212636,6.014889066356313
277,241,6.040099484390087,6.05466852503243
277,242,6.051585470564229,6.088256900193406
277,243,6.055573775002313,6.052950024808038
277,244,6.008817410775727,6.0114504505740225
277,245,6.031369845119896,6.00956032223378
277,246,6.047356452113574,6.054973983535958
277,247,6.031287530265167,6.065754274361103
277,248,6.067798179924993,6.026329354482329
277,249,6.009574356930045,6.052091027372113
277,250,6.036971552016927,6.058167494204791
277,251,6.031845334808928,6.043094183591325
277,252,5.955794616491146,6.0260868370201175
277,253,6.028692587961823,5.977532032323153
277,254,5.990082592183858,6.017687418116467
277,255,6.08927259339975,6.000132556464748
277,256,6.0489299975449775,6.045243602271348
277,257,6.05486107051137,6.004410792165458
277,258,6.041846213640439,6.046566257101274
277,259,6.09015525423686,5.99595977010627
277,260,6.035090336574039,6.071426994717355
277,261,5.966569715003682,6.046566257101274
277,262,6.021877843052413,5.95674717894027
277,263,6.0286136610078565,5.9290218517500755
277,264,6.060843194426841,5.999433828546596
277,265,5.99791776103237,6.007935342139914
277,266,6.06989640017508,5.918225770907744
277,267,6.012776710320714,6.013211781890218
277,268,6.043146796583517,5.9957052646938624
277,269,6.010922860322939,6.064727099679608
277,270,6.102325839399792,6.059042309605459
277,271,6.0290509918264945,6.041430484096714
277,272,6.101745076950242,6.004891955189211
277,273,5.998347855576932,6.003841800787009
277,274,5.934002038381145,6.036648525873304
277,275,5.990648003676331,6.078641654666937
277,276,6.04103037546358,5.986913196606582
277,277,5.9761821533059045,5.984473811545831
277,278,6.034647502391419,6.001643204275469
277,279,6.087854380340273,5.976606196915553
277,280,6.064084881031603,5.98998089389555
277,281,6.024985934543755,6.042297597461465
277,282,6.0092300263654215,6.032022019237822
277,283,6.038718323953365,5.950618042301565
277,284,5.99620985359524,5.942099888255461
277,285,6.019821207228673,6.048306381906419
277,286,6.014906681486655,6.014323423811716
277,287,6.078214948347225,6.024799677393569
277,288,6.026842662965427,5.958869869943723
277,289,6.082005968493014,6.089877299991196
277,290,6.071897784086602,5.984394741804066
277,291,5.953020770717595,6.090140917335169
277,292,6.096686426168898,5.983595887329418
277,293,6.037637194612141,6.000736145174581
277,294,6.013823690379794,6.030312672414521
277,295,5.942586052713085,6.061960649101193
277,296,6.023155540068245,6.01619485089507
277,297,6.023721922523945,6.090734240291336
277,298,6.089732221710634,6.065290735773806
277,299,6.021769857301496,5.979923697307079
277,300,6.04897486918713,6.044658449993497
277,301,6.063027084522886,5.949720458386711
277,302,6.071974251186692,6.000397810906485
277,303,5.996783419694497,6.026256062569541
277,304,5.989534057099234,6.01619485089507
277,305,6.033944012213988,6.050889366438359
277,306,6.082410902251487,6.058556456598327
277,307,5.996935202167157,5.998729912900201
277,308,6.080721114440608,6.038956167020387
277,309,6.015995913254205,6.080768246019923
277,310,5.930952330303637,5.956175152905097
277,311,5.961242749874996,5.984104534577384
277,312,6.052392111155236,6.078749853985427
277,313,6.0666075921847415,6.0019145159126515
277,314,6.0236547921646375,5.956673793723455
277,315,6.0608779634844,6.005280915561289
277,316,6.02138931734479,5.99083506685626
277,317,5.965972942313643,6.020992764846016
277,318,5.97623484149423,6.030900405457689
277,319,6.052434519724363,6.034947527611975
277,320,6.030874968230358,5.959462829979656
277,321,5.991108264124266,5.957094787674991
277,322,6.029265476772349,5.988223324817393
277,323,6.10152726823314,6.054728661055078
277,324,6.060334546729166,6.009531469963166
277,325,5.9866170836734,6.029500114386958
277,326,6.1142021912602695,6.048919035165031
277,327,6.063110372787439,6.073880681164572
277,328,6.0082787458651685,5.9840609818159045
277,329,6.050124974295409,5.994343931245983
277,330,6.0794129557047345,5.967777274321473
277,331,6.024570451981021,6.016925136766431
277,332,6.0205406271274855,6.038130949589041
277,333,6.011757148062902,5.979102238227473
277,334,6.084636071057307,6.077508389043672
277,335,5.957208868710781,6.013771794913482
277,336,5.989539136836187,6.014229433862948
277,337,6.011329738650341,5.978230078123787
277,338,6.047636932702279,6.098572070398794
277,339,6.046676055394682,5.964978502122221
277,340,6.069093410143425,6.001894681618884
277,341,6.061423513939612,5.9885689560175575
277,342,6.05485231664181,5.965772195630578
277,343,6.057504042674087,5.971011398640963
277,344,6.0590001782635605,5.994559975585986
277,345,6.002503766858731,6.033225858733925
277,346,6.011500359698603,6.03707818921159
277,347,6.088616544352432,6.0263866093286325
277,348,6.006945336776821,6.02624121341422
277,349,6.090829388630614,6.0516248675139845
277,350,6.038724492337363,5.9793889730841725
277,351,6.023348379887451,6.067344541955745
277,352,6.017525174555259,5.999358356408108
277,353,6.080559733774366,5.98013363034808
277,354,6.0679597496556825,6.04943515986682
277,355,6.0977230952527925,6.003459535551733
277,356,6.072053982361497,5.995226881978256
277,357,6.048591290089058,6.09275065038747
277,358,6.0154648770101815,6.015721241125066
277,359,6.0798074270622555,5.962967785706859
277,360,6.050669862059581,6.045266745233399
277,361,6.032527081290146,6.022147054770958
277,362,6.001968328239624,5.949089882885601
277,363,6.070916532473377,5.926275518718919
277,364,6.008349818869328,6.0339951140666885
277,365,5.980924514658234,6.030329538878834
277,366,6.040975475495335,6.0349904616841465
277,367,6.029793382492981,5.998942106336832
277,368,6.037595588069873,6.028557665564271
277,369,6.048958279782559,6.020856906607482
277,370,6.067442363669477,6.077508389043672
277,371,6.011011147359625,6.032544267989538
277,372,6.041201866690375,6.0251427020583055
277,373,6.073535594097705,5.987835495385135
277,374,6.015125723822152,6.054973983535958
277,375,6.0789336332850965,6.055237660618162
277,376,5.990704653834987,5.969706995021111
277,377,6.0201101074865,5.943668045192038
277,378,6.06414534622731,5.9410147284664
277,379,5.981061232049712,6.023880344543255
277,380,5.9935809247285174,5.996828955329666
277,381,6.049810892952214,5.988352766430267
277,382,6.096376196859844,6.0384118846388555
277,383,6.028130838383005,5.98998089389555
277,384,5.971325054721601,6.041477203187197
277,385,6.034956618812652,6.055767743459003
277,386,6.036553497133824,6.01927153486263
277,387,5.980887872485175,5.981589903339136
277,388,6.007296508700303,5.985705359854255
277,389,5.998372688705206,5.988435013829189
277,390,6.121460929790967,6.055184919529345
277,391,6.055766551312671,6.010038942386699
277,392,6.096436433215087,5.950703559307771
277,393,5.973906515423481,5.979664265942847
277,394,6.0009660921236305,5.98577843674594
277,395,6.017785805841917,6.0110407159915775
277,396,6.010844247986447,5.989802764873322
277,397,6.059032115116032,6.001641446995121
277,398,6.002812942961471,6.013735853957725
277,399,5.9743502247855265,6.043094183591325
277,400,5.981597537538827,5.947642982175193
277,401,6.021095059175353,6.047426719517915
277,402,5.996344143662786,5.975908771917783
277,403,6.070309840098509,5.918968578188849
277,404,6.051535478210179,6.037555534814047
277,405,6.013081313873952,6.051407378649269
277,406,5.973255455212658,5.901551544139304
277,407,5.99270154870557,5.989677110016462
277,408,6.077287676607483,6.036830505758494
277,409,6.009777949042529,6.084427115373766
277,410,6.038463239967685,5.920564629253632
277,411,5.942818138755091,6.037569077419023
277,412,6.068334909664302,5.942099888255461
277,413,6.04542921176653,5.999134079173431
277,414,6.034684268110266,6.03707818921159
277,415,6.008173915706662,6.037808347870339
277,416,5.983822738354721,6.003246727321784
277,417,6.061590379362353,6.007786904929953
277,418,6.044000165246629,6.044067838843161
277,419,6.144794486392723,6.01836375929394
277,420,6.048998333724695,6.021598810531951
277,421,6.057292972957235,5.908745340401582
277,422,6.009923958339666,5.929067878551141
277,423,6.007249997583928,6.067507564574108
277,424,6.032120408925521,5.989802764873322
277,425,6.021743868635574,5.920564629253632
277,426,6.01096598584366,6.016199544752668
277,427,5.990157408157213,5.971191224875509
277,428,6.071764766831924,5.961429552051004
277,429,6.077158588992158,6.021379062723688
277,430,6.028857953812925,5.968857776961584
277,431,6.038559900708211,6.017019851369106
277,432,6.051550192313442,5.952391216216156
277,433,6.015678971074435,6.017752045506499
277,434,6.005740028223276,5.9725692910530785
277,435,6.020709572759924,6.0239135459500455
277,436,6.012103883757875,5.9656772796279425
277,437,6.001326875894482,6.053164077440109
277,438,6.043252819170582,6.042511223807707
277,439,5.980170393003117,6.01452287537267
277,440,6.03064727636486,5.9825352039824145
277,441,6.097576287024491,6.024655148512111
277,442,6.037229980986753,6.057727859279741
277,443,6.049651023021449,5.971228932122453
277,444,6.0519593735512816,6.062437626304651
277,445,6.0162880392128315,5.987785932232211
277,446,5.9962412125977105,6.067344541955745
277,447,5.992403527236111,5.998942106336832
277,448,6.016431676328539,6.009383255215273
277,449,6.027406840063241,6.015994239075517
277,450,6.030653271678876,6.0073653825063085
277,451,6.012262887810413,5.991251144218556
277,452,5.95858727536609,5.994849282940126
277,453,5.994822785899534,5.98945838358697
277,454,6.055509819213399,5.955211540516484
277,455,5.984262835383226,5.997293637865203
277,456,6.034630934952677,6.08109954677955
277,457,6.059327445288486,6.057027644685814
277,458,6.0067372840365465,6.010038942386699
277,459,5.985257356514298,6.03007224152064
277,460,5.977665446260001,6.006521095730739
277,461,6.01146647635727,6.03229014509481
277,462,6.035956350157435,5.9666531373960945
277,463,6.045026783960612,6.054124622205141
277,464,6.08181697426129,6.028319186932733
277,465,5.987526200449415,6.083002665136255
277,466,5.990767408006257,6.078641654666937
277,467,6.035701440759462,6.077508389043672
277,468,6.0696171940641515,5.9666531373960945
277,469,6.009920925235144,5.96287780645803
277,470,6.05776627961412,6.052139567448485
277,471,6.014494551205402,5.9963337586314625
277,472,5.967327898406082,6.021598810531951
277,473,5.988126810518599,5.956502694433518
277,474,6.053759226328309,6.0890250216599675
277,475,5.953579042586807,6.054973983535958
277,476,6.022197680208324,5.986931846180597
277,477,6.050898493415809,5.934779267132973
277,478,6.027088772805406,5.9960790800573145
277,479,5.999886833563218,5.98712769599991
277,480,5.992806520311734,5.985461261825505
277,481,6.018989001985148,6.028032151160668
277,482,6.032034880444618,6.009820612460527
277,483,6.027482232693439,6.040628004189209
277,484,5.992656308648434,6.061833211088068
277,485,5.931977239971388,6.037746458785275
277,486,6.029225350402172,6.080418243012154
277,487,6.040370093992165,6.0603980748590764
277,488,6.071787565096452,6.001822950009639
277,489,6.03008037880512,6.0324683166949455
277,490,6.03574346556841,6.019320677109073
277,491,5.979429828814176,6.054232147402403
277,492,6.072457590442177,5.982565505987473
277,493,5.962310836200014,6.041617531682087
277,494,6.013258379699321,5.945285459434142
277,495,5.970256324930605,5.965654656051043
277,496,5.98141932913137,6.040170637291039
277,497,6.044830461296995,6.014507153500126
277,498,6.027528372332396,6.0114504505740225
277,499,6.02033321686943,6.08952642162584
332,0,6.078237852102926,6.057212894948932
332,1,6.100325949646019,6.051180280354508
332,2,6.0520305652757305,6.116115914399546
332,3,6.069976504887109,6.082852615127264
332,4,6.067556356727722,6.054431414171591
332,5,6.0419798957501785,6.0724170597344
332,6,6.071793117957607,6.033428584865097
332,7,6.0707898970156124,6.1070318933867735
332,8,6.024551161052561,6.090327676281432
332,9,6.053225742630665,6.070325815810857
332,10,6.173665628323021,6.124001113635006
332,11,5.996061773526311,6.019433342712233
332,12,6.065007593835338,6.118675303359777
332,13,6.031091260368595,6.101463284047076
332,14,6.131500110945819,6.103837084305294
332,15,6.050728480286238,6.082979508252742
332,16,6.034349872695692,6.023656387220922
332,17,6.092734277850764,6.1006318070245085
332,18,6.087535841289884,6.098840452485215
332,19,6.0425731867911825,6.093666674842977
332,20,6.127950856395969,6.061789519714862
332,21,6.070855481112048,6.125588307616117
332,22,6.072099723749353,6.120729357219101
332,23,6.055783126525574,6.0984740288021975
332,24,6.0752301230461745,6.034941147966908
332,25,6.1188452468619285,6.057289496373604
332,26,6.068358739520421,6.076001652624779
332,27,6.075361822810138,6.145837159058334
332,28,6.101352614753955,6.103745110808173
332,29,6.01668104372507,6.065585627703323
332,30,6.044277710687805,6.0606683741838605
332,31,6.049025053230464,6.078423665650494
332,32,6.0020865955992875,6.095576470977933
332,33,6.07280100410963,6.0757751478400985
332,34,6.074085324188996,6.11009736667906
332,35,6.0602621911148145,6.040828993936232
332,36,6.00317063563637,6.064651855931905
332,37,6.1093463748782275,6.06026117199883
332,38,6.1273403202469305,6.035610479883802
332,39,5.977330461952144,5.999493500362172
332,40,6.0700690157398185,6.0722093683999026
332,41,6.057070874200333,6.086859164385334
332,42,6.054064447928873,6.1232443458817825
332,43,6.048868324625436,6.072632265477744
332,44,5.977916362729342,6.080562303453624
332,45,6.066838321569864,6.060884820919369
332,46,6.063210275316857,6.080807578357501
332,47,6.05892718918068,6.1072754682141435
332,48,6.079555176447471,6.161248050668001
332,49,6.078570020762838,6.076879830504177
332,50,6.073735282461665,6.104409714970956
332,51,6.072701988827302,6.046943617113652
332,52,6.111005611633864,6.1019847137852405
332,53,6.067332148524232,6.121835415919088
332,54,5.996868560350544,6.079195046155175
332,55,6.125476944999857,6.1399057903006655
332,56,6.089170393496605,6.030982217883125
332,57,6.099165481801128,6.083852349557803
332,58,6.11197503115344,6.044597579180032
332,59,6.076724752950163,6.107403489994989
332,60,6.083412079676747,6.101863392976671
332,61,6.0407901137030064,6.146026924934302
332,62,6.059157806795893,6.054810116849905
332,63,6.075761863357333,6.0932921970629055
332,64,6.039967836388316,6.0454283828632285
332,65,6.040847065013551,6.101541999939002
332,66,6.06722601463422,6.144075065954664
332,67,6.149225570046486,6.099533736498389
332,68,6.092919977706334,6.076153432503018
332,69,6.087259109989944,6.069450597922839
332,70,6.07965085079865,6.090148640585948
332,71,6.086788517438934,6.058168725982594
332,72,6.006457828271347,6.05974035025044
332,73,6.129341959791926,6.070978903572789
332,74,6.1489230128025065,6.025482345463145
332,75,6.102218087535368,6.018888827203955
332,76,6.091575904813295,6.045551890634604
332,77,6.023685922845182,6.030047558498061
332,78,6.052665704053216,6.079269047877569
332,79,6.068579176278647,6.073025532436913
332,80,6.115943075349812,6.0110056559000595
332,81,6.145987431918765,6.093083208964164
332,82,6.0613279819627115,6.021757011394056
332,83,6.126408347240615,6.021757011394056
332,84,6.01178657929071,6.11843114465354
332,85,6.082716079399668,6.0770498298644755
332,86,6.021335325929577,6.063462292812649
332,87,6.03196805545707,6.011733195279468
332,88,6.072046295553495,6.09838259413691
332,89,6.074323545262016,6.032783537097028
332,90,6.0679126217525905,6.115225888949932
332,91,6.020965135060486,6.150652673304925
332,92,6.098947426832494,6.053177599563942
332,93,6.063343954919688,6.074616435917619
332,94,6.03115539579221,6.0720896013548495
332,95,6.044645013761012,6.136982082654864
332,96,6.036904153604644,6.096373784655099
332,97,6.078855753363954,6.119000636147361
332,98,6.0948617310225535,6.076408886786572
332,99,6.072111312242191,6.093212151553023
332,100,6.043821234053998,6.067588274832571
332,101,6.0982416551096605,6.087050602877225
332,102,6.019488696021227,6.063366603242239
332,103,6.1013050993722375,6.063465355002294
332,104,6.133206072219145,6.121835415919088
332,105,6.002980997074746,6.070943652635803
332,106,6.019731605909355,6.12654530179698
332,107,6.133158160635597,6.0962585580111215
332,108,6.037768253210489,6.064014350602192
332,109,6.046633867946639,6.0981449296467
332,110,6.093738953338918,6.15008522243495
332,111,6.024092278356031,6.067321788195537
332,112,6.06227476314758,6.059063202336829
332,113,6.015937530343489,6.03501819415495
332,114,6.105038892283626,6.070212099635905
332,115,6.110178139287885,6.095851116369165
332,116,6.069465620808092,6.085203968912228
332,117,6.084433564914955,6.104101030845359
332,118,6.0299930234651615,6.0501689190640775
332,119,6.102760970222745,6.081485124430756
332,120,6.060209963042369,6.027348262038409
332,121,6.082852042289332,6.0651055587588045
332,122,6.049788636253906,6.036575003466872
332,123,6.114666333187687,6.089786630137806
332,124,6.081829635317303,5.996650775814781
332,125,6.116058008063017,6.098610583973293
332,126,6.105822899128657,6.129555938307596
332,127,6.146762420370103,6.049868942478597
332,128,6.054451693348629,6.086930085485106
332,129,6.020185684817775,6.070786464546365
332,130,6.0628518664222835,6.05975572900366
332,131,6.090304520754279,6.007964253720708
332,132,6.074192636580815,6.0848985081377975
332,133,6.074140761275033,6.071529517456579
332,134,6.138688507092072,6.007978920110951
332,135,6.062280736548426,6.086316987720508
332,136,6.080330541785246,6.139969569408908
332,137,6.079863962538715,6.085219561581878
332,138,6.075316999696008,6.081530162535566
332,139,6.035924355399835,6.069450597922839
332,140,6.074052930404816,6.110647447638115
332,141,6.065691430967529,6.102016781130551
332,142,6.106505668032648,6.072307555441549
332,143,6.070382243558487,6.04137888789136
332,144,6.081208210425827,6.094273606886691
332,145,6.0752189784588095,6.073025532436913
332,146,6.029393275532752,6.031453997075394
332,147,6.071531256898084,6.095983956434046
332,148,6.09853618462668,6.025350419962603
332,149,6.130048843897653,6.057681658596702
332,150,6.099170302165351,6.129788552977412
332,151,6.101853440581494,6.033811666709329
332,152,6.0088873974820265,6.038694569445383
332,153,6.076959846271897,6.047987792287569
332,154,6.059067704868291,6.045575684913645
332,155,6.110313034021723,6.089034523833482
332,156,6.01535322956817,6.08183063768677
332,157,6.1284549644852575,6.103420411825734
332,158,6.01693429179076,6.088128791266377
332,159,6.109727121921787,6.032579798075505
332,160,6.108605389301059,6.103549892943917
332,161,6.066527197466366,6.060579602564804
332,162,6.02574685779222,6.112784564757779
332,163,6.061026144820015,6.072307488410313
332,164,6.13427996571557,6.106526971923052
332,165,6.0106525906158925,6.083424283951066
332,166,6.066321816485795,6.0467769829017675
332,167,6.093453169452553,6.0845253461643996
332,168,6.096628289280806,6.060321671228342
332,169,6.060399173872014,6.128581607881382
332,170,6.091640289207484,6.08290266792108
332,171,6.1168177928192815,6.070961365702506
332,172,5.994393168637976,6.059683342536289
332,173,6.122730033683557,6.041827326914378
332,174,6.053223793688749,6.144499622236345
332,175,6.076141606948725,6.062121445133054
332,176,6.080953411916717,6.127535245183369
332,177,6.068959842547331,6.115042796018365
332,178,6.008618088535344,6.08183063768677
332,179,6.108788230444145,6.0888921587942955
332,180,6.017757725100757,6.0443439691463325
332,181,6.054807313768698,6.090288474828205
332,182,6.070825579156445,6.115312510400445
332,183,6.103107461582066,6.075475726740332
332,184,6.021135898254605,6.0454283828632285
332,185,6.154496110465756,6.048570771917906
332,186,6.053874432009682,6.047271162813793
332,187,6.079576415796781,6.072748343106445
332,188,6.064162321286263,6.0800832613895945
332,189,6.046268308963666,6.110174372948592
332,190,6.040838671799104,6.113823600139859
332,191,6.054060531457479,6.105122924101798
332,192,6.056611464037524,6.089289263926372
332,193,6.03313983998038,6.076770981238426
332,194,6.0502971862571755,6.064014350602192
332,195,6.055383651412454,6.120229345776097
332,196,6.106158800210635,6.075544046012934
332,197,6.069902984881459,6.077352597307687
332,198,6.0792245013434165,6.021993689712576
332,199,6.069321240023981,6.075450901728266
332,200,6.038170368314986,6.050109438440667
332,201,6.105919506236106,6.004538689993821
332,202,6.1075494022922765,6.104748846363598
332,203,6.052080922675188,6.067083338096695
332,204,6.116555067593019,6.076862193413888
332,205,6.080336722545733,6.108889372010538
332,206,6.097605417514891,6.056497168876653
332,207,6.128418506114083,6.068045981406579
332,208,6.022535455769682,6.076001652624779
332,209,6.060272543535852,6.067118074700246
332,210,6.048599207048153,6.064510896687813
332,211,6.006074768459579,6.057027087884665
332,212,6.073783143354501,6.046476527351403
332,213,6.035547267030328,6.042912487100579
332,214,6.098719029529186,6.095535189817157
332,215,6.097797562545656,6.106526971923052
332,216,6.131074442527384,6.085844840092731
332,217,6.113863284472199,6.111385013979454
332,218,6.17309962807614,6.0005434031272555
332,219,6.083752163863439,6.02657707455477
332,220,6.046489201205927,6.046091926493003
332,221,6.12134331177454,6.036007046139831
332,222,6.041687336640171,6.056495950471471
332,223,6.083397294238961,6.123959611256216
332,224,6.0915052667465615,6.082024077556119
332,225,6.077091977221613,6.105796981764255
332,226,6.034068354593242,6.085127957781517
332,227,6.023962131861961,6.115867596513673
332,228,6.009199240099982,6.0948509486720495
332,229,6.019006204741627,6.074744416204423
332,230,6.123968180849495,6.103419217438034
332,231,6.0963258228558255,6.053727986419033
332,232,6.042370241601781,6.060908729669147
332,233,6.085251955155769,6.105057477859809
332,234,6.132941062753542,6.053008402004709
332,235,6.022119429691366,6.106526971923052
332,236,6.084866998120243,6.082143918571363
332,237,6.012348350535459,6.09511540161901
332,238,6.138626842019297,6.036457213410349
332,239,6.1060424070569725,6.1227921099614955
332,240,6.018051193875959,6.067276764909471
332,241,6.067147633583905,6.082320874829696
332,242,6.046078255247076,6.029301866105916
332,243,6.07422649444614,6.055883258662708
332,244,6.052618902408196,6.08183063768677
332,245,6.087618094533737,6.029126217367463
332,246,6.090503450728867,6.065677845756881
332,247,6.146766871767442,6.066417443676812
332,248,6.077851511611499,6.068084910852762
332,249,6.082735880181552,6.10164976351479
332,250,5.995254184464216,6.087153679263744
332,251,6.035672628312628,6.110352056038039
332,252,6.046486384131681,6.0394855930448985
332,253,5.975739894402195,6.144204366738471
332,254,6.067666970698081,6.08858185256995
332,255,6.079327011442884,6.107353333049714
332,256,6.0559019518961295,6.075581796321413
332,257,6.070354884690124,6.0809625574376645
332,258,6.047371712772245,6.085186341281337
332,259,6.044237887856432,6.038687709193764
332,260,6.034518767001149,6.105122924101798
332,261,6.103308977980808,6.083559353075749
332,262,6.10628223370489,6.074642763438991
332,263,6.122358053787582,6.121059418803063
332,264,6.0027804608128355,6.1147470055719095
332,265,6.05291670070359,6.107994166528781
332,266,6.1090101401292465,6.073697534579608
332,267,6.073831966477623,6.049363086208992
332,268,6.041770916977499,6.1190868282004445
332,269,6.062599673190391,6.113460300223584
332,270,6.032388349064291,6.082281975362254
332,271,6.024439390732063,6.070443283476645
332,272,6.032279715448773,6.078978264767248
332,273,6.011976673365154,6.083604849811824
332,274,6.078331832929819,6.062036191950269
332,275,6.077447368439359,6.107597100195118
332,276,6.061910969117828,6.095538860045211
332,277,6.055307468685962,6.126360467488162
332,278,6.0762137863833825,6.143730536703786
332,279,6.027591230128183,6.083827758328593
332,280,6.038006738270975,6.082568324312784
332,281,6.056468403134559,6.063366603242239
332,282,6.035612991292357,6.078154083717508
332,283,6.053987656340584,6.09992967219108
332,284,6.066492706632631,6.078919288089984
332,285,6.059571830780637,6.11009736667906
332,286,6.046709464618499,6.038445037968205
332,287,6.116729215220104,6.089747864206166
332,288,6.1071599361399,6.118626799019708
332,289,6.064664392440937,6.063919005218788
332,290,6.0678448357057615,6.0511417997533945
332,291,6.082736812624331,6.100460473620802
332,292,6.035722325908464,6.078935449451366
332,293,6.018781634721899,6.041827326914378
332,294,6.041933632347198,6.104671990782074
332,295,6.055373776923825,6.141139090568927
332,296,6.073441614162093,6.098374597033228
332,297,6.020923162107769,6.099189169951046
332,298,6.0826051318353525,6.094192690373723
332,299,6.031729875368307,6.067276764909471
332,300,6.08813432091709,6.047977159816367
332,301,6.0496678186260855,6.117590259805323
332,302,6.091683835485485,6.129387413246486
332,303,6.082641034557251,6.073616032979124
332,304,6.074782890020597,6.064948672617277
332,305,6.06090383482498,6.0952233224991845
332,306,6.110643864173447,6.047679919242615
332,307,6.051526294704039,6.042489210295128
332,308,6.136099611320854,6.073616032979124
332,309,6.075944750781851,6.078423665650494
332,310,6.115221502277558,6.106602528670874
332,311,6.04034791199765,6.124273690948376
332,312,6.070989625030904,6.070256386489498
332,313,6.073011143474959,6.115727756187926
332,314,6.048630901776103,6.12035901239118
332,315,6.127997598792873,6.125588307616117
332,316,6.0684657617876105,6.1107093685718965
332,317,6.011139218032809,6.067677520916846
332,318,5.992461135876637,6.047242242956774
332,319,6.073222796148471,6.087669897327558
332,320,6.105354228824585,6.0800832613895945
332,321,6.129104141070248,6.097162179446917
332,322,6.092275860203687,6.112780323322667
332,323,6.095783674119646,6.060579602564804
332,324,6.077227649327548,6.033811666709329
332,325,6.0542327054631695,6.1147470055719095
332,326,6.079256504474639,6.0567889211979615
332,327,6.063004116544239,6.020338883173882
332,328,6.0851271397297575,6.091190973653875
332,329,6.08200392670711,6.070959144299518
332,330,6.054187430935348,6.07883224656073
332,331,6.071854826809719,6.05755458279885
332,332,6.018825973926352,6.092774321597161
332,333,6.08285771905002,6.0651055587588045
332,334,6.077098100538575,6.097162179446917
332,335,6.0399318541118046,6.116216599749904
332,336,6.053938595533422,6.114782628500561
332,337,6.110436335374915,6.102454264943191
332,338,6.0868905020630075,6.071543464489578
332,339,6.0807468945595415,6.066180894129826
332,340,6.117020779682417,6.048629999708264
332,341,6.155794147250964,6.011012538108631
332,342,5.976562738730113,6.103928879911656
332,343,6.05417419554476,6.117415873475405
332,344,6.0805910581754095,6.159204936943313
332,345,6.082920036572078,6.066266593679623
332,346,6.100601577554912,6.062789460283136
332,347,6.150702929774352,6.023656387220922
332,348,6.066299315933516,6.079988613997695
332,349,6.064365884411234,6.053702073062821
332,350,6.090846967750698,6.103137360133721
332,351,6.1204117227099495,6.090288474828205
332,352,6.008978029666532,6.103420411825734
332,353,6.041118933039493,6.089298911873633
332,354,6.086743862345905,6.055476414801325
332,355,6.043435483193474,6.112311938631281
332,356,6.018935999642193,6.026673627662796
332,357,6.0190983047131414,6.06640568441791
332,358,6.088729871496868,6.0063812256318965
332,359,6.028074059547616,6.080091538591044
332,360,5.971158043183888,6.141443720446255
332,361,6.108321518994776,6.06313014008915
332,362,6.080407419250593,6.0865477242461905
332,363,6.105209342431811,6.111614012810214
332,364,6.075881476135689,6.049119476392169
332,365,6.043315431737933,6.045757542547198
332,366,6.113540996791966,6.122541702769199
332,367,6.138365495086502,6.061628017768656
332,368,6.062916688114321,6.073405561308261
332,369,6.0660594720137135,6.0460471748723466
332,370,6.124309760591512,6.083540610307364
332,371,6.008957356970553,6.02657707455477
332,372,6.098520800117613,6.089977897809249
332,373,6.036591995417932,6.06092164100395
332,374,6.0966286695047955,6.042485686662323
332,375,6.0997451099258075,6.105675662027122
332,376,6.046127932113444,6.074360403616324
332,377,6.1281602810292854,6.082593869440442
332,378,6.052519714316677,6.050440899982595
332,379,6.0819957723687255,6.080817164240283
332,380,6.042336730092173,6.125306640418702
332,381,5.999110608168985,6.111349368787966
332,382,6.076996559707351,6.104101030845359
332,383,6.061945318562667,6.108892360585208
332,384,5.987403104118378,6.120665577472063
332,385,6.070160228667201,6.03733639895515
332,386,6.089473086875919,6.097741061008795
332,387,6.067672753788027,6.0847162686713165
332,388,6.082633087872821,6.115191532857752
332,389,6.073584389410851,6.085203968912228
332,390,5.999669307948917,6.068842317852721
332,391,6.104325924228961,6.085186341281337
332,392,6.053122753136573,6.053907939424521
332,393,6.06290936256921,6.105162778735546
332,394,6.037794913316371,6.0872648864499475
332,395,6.028782440074211,6.043224390485455
332,396,6.1467648081341695,6.094191216541199
332,397,6.081724650554897,6.141626527945379
332,398,6.11302523267795,6.0685203825641105
332,399,6.050701571722757,6.078257814694452
332,400,6.017702388905996,6.113354158768026
332,401,6.029569860577998,6.05762406172367
332,402,6.104277649193312,6.055919591252961
332,403,6.146049541016787,6.083851319123301
332,404,6.085570851525624,6.116976504309141
332,405,6.131182364423021,6.033897065154117
332,406,6.019139395823376,6.103420411825734
332,407,6.071274367066209,6.04620776681733
332,408,6.002070069939475,6.082791299918423
332,409,6.055466340900026,6.095880338415605
332,410,5.987025494301203,6.087776112488343
332,411,6.088794001622959,6.086301081952738
332,412,6.072845506601665,6.057803287636006
332,413,6.089217490962772,6.0326895414937605
332,414,6.069757355197576,6.032501043557199
332,415,6.069132388350878,6.045575684913645
332,416,6.1150371670876975,6.0575307621676515
332,417,6.07994567989963,6.118203700055317
332,418,6.020314722744879,6.06893498911058
332,419,6.078910273497176,6.05226386944722
332,420,6.059935183077448,6.0843278726920405
332,421,6.063839276839047,6.082593869440442
332,422,6.096142542331452,6.057609685300512
332,423,6.043681268824329,6.123080715597693
332,424,6.032846857453379,6.079928845648199
332,425,6.114503901171605,6.043627347339923
332,426,6.0875538071271365,6.071714931704159
332,427,6.085663422394489,6.0916941038609504
332,428,6.111753436772808,6.113354158768026
332,429,6.126850456145492,6.04288662208476
332,430,6.013616519236856,6.034800449915001
332,431,6.065581695901527,6.089505136101934
332,432,6.020992368013848,6.080015875367066
332,433,6.006311117009164,6.082024077556119
332,434,5.998942399104622,6.0993637168465655
332,435,6.067286747357735,6.044174694623439
332,436,6.080352150131675,6.050931038089908
332,437,6.087256523307236,6.137871244926338
332,438,6.009628554262917,6.102454264943191
332,439,6.046565911013512,6.046117819783393
332,440,6.043482658749681,6.0927029375565205
332,441,6.078437549042148,6.033428584865097
332,442,6.058766828172151,6.08840352574596
332,443,6.0807703405525615,6.0063812256318965
332,444,6.109401071036896,6.029301866105916
332,445,6.078862452268219,6.096476468112091
332,446,6.096837977249156,6.070695682861997
332,447,6.093372008736825,6.073749266654204
332,448,6.010606502166499,6.0845253461643996
332,449,6.114424679846688,6.063919005218788
332,450,6.107640763663502,6.100755404359116
332,451,6.024286349794008,6.0345927285008365
332,452,6.022852574077164,6.0234317989650865
332,453,6.085229779350395,6.0005434031272555
332,454,6.061904733153714,6.138335220159164
332,455,6.057011504728749,6.095535189817157
332,456,6.031437749315067,6.082531637694273
332,457,6.0530754273398735,6.117252150965711
332,458,6.058855541581135,6.081562759368324
332,459,6.083709513313458,6.034800449915001
332,460,6.03516805357815,6.062762224072244
332,461,6.069540654172391,6.089851637435168
332,462,6.030119521877526,6.049065984372986
332,463,6.085724425829921,6.072340900672235
332,464,6.130118476556079,6.091074226464047
332,465,6.148560819319439,6.070959144299518
332,466,6.112186036583186,6.106530716435302
332,467,6.1268229143611235,6.050747425148262
332,468,6.047259803936995,6.038445037968205
332,469,6.064909811143335,6.054281971102764
332,470,6.106913785210375,6.073517222980556
332,471,6.038386751174084,6.076285773973395
332,472,6.065207423346992,6.093454922781773
332,473,6.06239937475612,6.071195083108759
332,474,6.068090044184077,6.111649296991204
332,475,6.052934360396764,6.1478126959924575
332,476,6.054726098422033,6.098683381219861
332,477,6.0679982559295205,6.108041611625311
332,478,6.067529018938983,6.076770981238426
332,479,6.043354010549904,6.085962133938615
332,480,6.043841708025089,6.035068087174547
332,481,6.030646912517321,6.083827758328593
332,482,6.050262260449887,6.019433342712233
332,483,6.032723069441084,6.084102871139344
332,484,6.064185521015546,6.1070318933867735
332,485,6.126952111790353,6.050493438197711
332,486,6.130980599144327,6.096476468112091
332,487,6.040091680060902,6.1403231023928795
332,488,6.064364997113462,6.133799860990697
332,489,6.127791080243217,6.103011605641553
332,490,6.066749291957427,6.1403231023928795
332,491,6.021064544636899,6.068755680666763
332,492,6.105497575387129,6.083540610307364
332,493,6.0932039137158585,6.083953909976519
332,494,6.080978668574303,6.073926483196776
332,495,6.052214575206524,6.10164976351479
332,496,6.140528606010947,6.060404812386535
332,497,6.080241333786495,6.060804667516819
332,498,6.130658491221179,6.089353955764599
332,499,6.056506532119285,6.062680788330261
387,0,6.098168032194404,6.006777938014886
387,1,6.063985630903347,6.045857038997859
387,2,6.085219368436684,6.056287424996132
387,3,6.084535327588262,6.063776120772484
387,4,6.101317044141472,6.026885317081325
387,5,6.096455191130803,6.097028594740941
387,6,6.058127994462661,6.046657646735123
387,7,6.068949683141304,6.076048082207638
387,8,6.142050607104437,6.090180006020704
387,9,6.01512896833027,6.101188837168706
387,10,6.1211820516407665,6.054050582330211
387,11,6.08381498436274,6.115656872207398
387,12,6.111776989448521,6.034645222857972
387,13,6.077585295204772,6.120833478337994
387,14,6.069908109244578,6.078859495589848
387,15,6.106109532240783,6.062668550168076
387,16,6.11912931725243,6.0717341470954524
387,17,6.11120017056124,6.023247272715311
387,18,6.075793750422317,6.058492697711264
387,19,6.131417950714828,6.083849614877612
387,20,6.083591970251262,6.051044764779376
387,21,6.1301697452444115,6.064252609264511
387,22,6.084103035782782,6.034203348263195
387,23,6.143405915095594,5.999843508074957
387,24,6.0474095869520825,6.054004254359905
387,25,6.113272302706581,6.10568503235977
387,26,6.1053089686182895,6.0800936929379965
387,27,6.0971140235133,6.056027476655633
387,28,6.082731975127112,6.080193292425203
387,29,6.127111483345396,6.073522238517151
387,30,6.131877433676501,6.046411004234719
387,31,6.079209278773045,6.066816012366988
387,32,6.067375863617551,6.086049406965636
387,33,6.086536992582129,6.098592530057157
387,34,6.151433320684989,5.996123150646336
387,35,6.076956265612249,6.056637950170847
387,36,6.094614631738998,6.0409453728464335
387,37,6.070030127975629,6.099514399129944
387,38,6.130265044042043,6.067200626906379
387,39,6.126045902453322,6.048444836188759
387,40,6.122417852459705,6.117146638780319
387,41,6.085030573335383,6.09087494401952
387,42,6.090209436496643,6.105609905777105
387,43,6.1124698046584935,6.0819421979665185
387,44,6.085874061768854,6.06919615744015
387,45,6.118830127546666,6.041825806658671
387,46,6.104835880133288,6.099131036772483
387,47,6.118855100143203,6.067220734294238
387,48,6.098624953667607,6.092839481438557
387,49,6.070085962435193,6.05722979251419
387,50,6.085959772785813,6.107541841742427
387,51,6.049176600897332,6.028641632379232
387,52,6.069942298799925,6.053976551585251
387,53,6.1091628009408865,6.010544291113332
387,54,6.076240405316489,6.008234523670158
387,55,6.112516412431753,6.094733717034357
387,56,6.0306680163968975,6.056287424996132
387,57,6.048946161886472,6.04853562018195
387,58,6.1374033938459975,6.104896092231294
387,59,6.088848864836521,6.022336554823815
387,60,6.094347655777259,6.068007791834712
387,61,6.104845772231898,6.060596651000383
387,62,6.143332111081947,6.053172141151434
387,63,6.062083110812509,6.060596651000383
387,64,6.101728593301752,6.039990206659075
387,65,6.113540874852373,6.05883230578597
387,66,6.130629956205519,6.100461565337047
387,67,6.051238478019482,6.074701285286079
387,68,6.091482669834263,6.0443018754426845
387,69,6.069455506249789,6.049737400284135
387,70,6.121283163960714,6.081864905190215
387,71,6.113936930700633,6.041382397606127
387,72,6.134880039090057,6.04109342560297
387,73,6.100511731011627,6.069820750860406
387,74,6.056446729246778,6.092985885090934
387,75,6.113401634879213,6.056332250537407
387,76,6.112130077058868,6.035943877013105
387,77,6.156684343950908,6.077560486440038
387,78,6.128572933398224,6.077454287323514
387,79,6.109439138027361,6.093829769283893
387,80,6.082328346248402,6.074344968984406
387,81,6.075091736341352,6.110486918615613
387,82,6.13554923545063,6.035313310230778
387,83,6.053447260852492,6.081073006738906
387,84,6.088910418680329,6.086042777952496
387,85,6.100654071819472,6.042551711708629
387,86,6.058073645085238,6.104327285252443
387,87,6.018631134945411,6.010985649172303
387,88,6.045360185601946,6.052769191962377
387,89,6.041762026101354,6.070373368059587
387,90,6.110929957806706,6.066621160825931
387,91,6.135231224433909,6.0819982662277186
387,92,6.077598930149438,6.098253992784644
387,93,6.126597205917379,6.089137903268207
387,94,6.084638626096258,6.111852525667831
387,95,6.13175858283435,6.111715329604501
387,96,6.136492938653318,6.116199614417417
387,97,6.058070810021489,6.047473564836229
387,98,6.090995632401906,6.049295740111163
387,99,6.057328659623406,6.065456177473195
387,100,6.117443063412211,6.048856475700604
387,101,6.029025142094224,6.079212599927488
387,102,6.086780724207257,6.116199614417417
387,103,6.069469736126851,6.124977934645584
387,104,6.070771644150379,6.122378049297982
387,105,6.116271506927905,6.055204907206261
387,106,6.086126120585738,6.072044384799608
387,107,6.091466291063856,6.061565312951118
387,108,6.099328105001573,6.102603904778777
387,109,6.068748442957618,6.101043352678773
387,110,6.084271652277749,6.054712164483114
387,111,6.059676478084597,6.060029507595523
387,112,6.046322542321087,6.082075579256805
387,113,6.133863330385484,6.078389347893964
387,114,6.017290888419878,6.0668048802039385
387,115,6.046724733967893,6.112093275566724
387,116,6.128750530999675,6.044665120941349
387,117,6.113512860637512,6.0634553576768795
387,118,6.126245386454445,6.105222895026828
387,119,6.114726044963561,6.111925255103388
387,120,6.100927829476007,6.0452250996548464
387,121,6.083312897751446,6.1231375265236405
387,122,6.132073946455232,6.0949436926542075
387,123,6.12055012098902,6.086406728506956
387,124,6.144961587577971,6.046273310460062
387,125,6.10735606059682,6.076513750963803
387,126,6.0649320776365645,6.060217943437069
387,127,6.0966978006587,6.076699130789513
387,128,6.100382525772201,6.089472668975693
387,129,6.105897297418872,6.063093196099769
387,130,6.104551636902779,6.046779893258318
387,131,6.003612304200543,6.022228197878817
387,132,6.147884278828293,6.128565192881137
387,133,6.163789133471365,6.082075579256805
387,134,6.092530682157151,6.096218063261693
387,135,6.122966423637229,6.084101115307622
387,136,6.115785300557668,6.058816008078046
387,137,6.133863065585982,6.1193930645114225
387,138,6.083537447570722,6.068023360038094
387,139,6.089108230629464,6.09136916902866
387,140,6.1550819485471875,6.108302180786778
387,141,6.087117985072888,6.02473654728525
387,142,6.142505647777404,6.072938038797267
387,143,6.076239379196976,6.050558956341232
387,144,6.110121957312984,6.068524681405394
387,145,6.116947895150589,6.065360302476364
387,146,6.077181708418738,6.069626702674492
387,147,6.09232741987343,6.0708210993302565
387,148,6.083841102480092,6.097579264507306
387,149,6.085118366070321,6.084625907545228
387,150,6.050944868842989,6.045471891869725
387,151,6.153195283518373,6.093205032357398
387,152,6.046766373366315,6.097028594740941
387,153,6.072234306355519,6.102450886162575
387,154,6.025051165347391,6.09958767355954
387,155,6.101904680838002,6.061190457282211
387,156,6.122651218471404,6.0956378055935865
387,157,6.0690757048044075,6.0819982662277186
387,158,6.0870550933304415,6.076048082207638
387,159,6.110158735281236,6.0722626312190355
387,160,6.1028949861288195,6.093682376196411
387,161,6.117628081054255,6.075950700355423
387,162,6.09922763505733,6.108802196766408
387,163,6.093511840600275,6.018870398758317
387,164,6.150043272610988,6.098599000884903
387,165,6.060377676384661,6.083848863369518
387,166,6.151348742517326,6.041946301433792
387,167,6.104989678634241,6.02902331465844
387,168,6.103685722836372,6.079648284125386
387,169,6.042269064998288,6.047114457977856
387,170,6.124328812588085,6.025683428982053
387,171,6.117081303616449,6.108299614277062
387,172,6.066152517131882,6.026182547530926
387,173,6.108265398025756,6.0606686109010095
387,174,6.09136247804933,6.073662019990927
387,175,6.059553544100666,6.0661765887670125
387,176,6.098630058947051,6.056194871196135
387,177,6.129843281437421,6.066402901387908
387,178,6.108835111357575,6.112144715105992
387,179,6.096762715175956,6.083108367118695
387,180,6.117068187599932,6.079326099167655
387,181,6.11671378193737,6.038687397212778
387,182,6.107584174384923,6.081353799509315
387,183,6.073874412115855,6.070373368059587
387,184,6.110987940142309,6.052341942781758
387,185,6.158183307591597,6.072858367863295
387,186,6.086472904615097,6.136156511681014
387,187,6.139470522155297,6.076268717408463
387,188,6.1188869027157535,6.040207092982347
387,189,6.0820890089927895,6.096359628084775
387,190,6.112662169374292,6.073730197858919
387,191,6.133125365972174,6.059147378324802
387,192,6.08748284585206,6.0424650103844915
387,193,6.111752427427641,6.091580647452744
387,194,6.101631341616003,6.052875873541949
387,195,6.135880134534642,6.074718848888865
387,196,6.107808351741333,6.077098238828283
387,197,6.1502174960040445,6.073153788795524
387,198,6.0921485814910055,6.058845621884699
387,199,6.051713955469539,6.10185834746987
387,200,6.05675547006527,6.076810240388263
387,201,6.151361663314651,6.030898346937471
387,202,6.058259274613882,6.047930773413362
387,203,6.106857797521586,6.053341987228486
387,204,6.123240281626421,6.106752492180389
387,205,6.069083759442894,6.060893510828203
387,206,6.0848647884163585,6.0899560044018894
387,207,6.1398361627869,6.0531296980714675
387,208,6.029720071867946,6.055332411666515
387,209,6.11446914767618,6.076001855691608
387,210,6.06494214972986,6.041697926586892
387,211,6.097383531542717,6.096046653633397
387,212,6.094792140619992,6.011087346542494
387,213,6.0919611766190505,6.120833478337994
387,214,6.1054070956628586,6.042551711708629
387,215,6.086681272176426,6.094967642460362
387,216,6.081201127624375,6.082075579256805
387,217,6.077380266036555,6.0428597940485425
387,218,6.072271596618296,6.061188511187397
387,219,6.132070487766714,6.096947206343999
387,220,6.133061454889314,6.1046450466793685
387,221,6.077400671425197,6.058577421732159
387,222,6.07930117325606,6.0556457422238426
387,223,6.093397442142769,6.056989476584378
387,224,6.15025690993971,6.06288081220983
387,225,6.123695628725232,6.064155717050908
387,226,6.096084981906604,6.044015092685981
387,227,6.064472292592628,6.057374205476233
387,228,6.072052425891277,6.071075200645198
387,229,6.099392096125315,6.098770151618272
387,230,6.110588483802307,6.07066909038454
387,231,6.108601416193744,6.076152822788846
387,232,6.1404257973970395,6.088011064699743
387,233,6.086936289095659,6.071176235963192
387,234,6.133119726393157,6.077554773692958
387,235,6.097276489546066,6.073766371129493
387,236,6.1171607878047825,6.085804491689416
387,237,6.095305252926613,6.052552507393211
387,238,6.049123167488012,6.069032944676205
387,239,6.096269695369016,5.996123150646336
387,240,6.060407405682891,6.039924870165597
387,241,6.114621677969251,6.0170348695115985
387,242,6.083675743132288,6.078429649277193
387,243,6.0445045967812066,6.042124035011233
387,244,6.095014154138961,6.062425004857207
387,245,6.0610677013636565,6.107058583300138
387,246,6.064989749789816,6.0939474212517935
387,247,6.032814705246165,6.050796729224165
387,248,6.076927232503769,6.1237852945951525
387,249,6.081945910252386,6.117477989260957
387,250,6.102718052914119,6.095505605755523
387,251,6.083776560475033,6.037485610953603
387,252,6.102258211365808,6.056287424996132
387,253,6.060317222740877,6.026992569359483
387,254,6.071504283423035,6.081073006738906
387,255,6.102191902872063,6.101877713989061
387,256,6.121638547015762,6.056835174753736
387,257,6.13949325313669,6.07797336390258
387,258,6.111300717592907,6.134453353966591
387,259,6.080767937006093,6.09325890280761
387,260,6.076894397188234,6.0736192267535145
387,261,6.074102605356786,6.041697926586892
387,262,6.067165812713376,6.060095774264566
387,263,6.1277787220480295,6.064626264089398
387,264,6.076709835410034,6.108559018498255
387,265,6.091518604342003,6.108090791969691
387,266,6.128436374709272,6.0606686109010095
387,267,6.1422486821800355,6.0502190100516895
387,268,6.134019830361168,6.024336912333341
387,269,6.108970905696794,6.101685142292004
387,270,6.063000855666568,6.071107538256758
387,271,6.103951189025186,6.03972026386177
387,272,6.101271566446915,6.064586972052061
387,273,6.058030778327098,6.056775319889672
387,274,6.056195547474208,6.129265587289028
387,275,6.113396206994746,6.079415906411361
387,276,6.126119867432968,6.065457368755395
387,277,6.135691697815455,6.0472926623894665
387,278,6.083987438667123,6.071114794478994
387,279,6.093319159981382,6.062499915275149
387,280,6.051408000352272,6.057579542894099
387,281,6.104864918816144,6.080063120740474
387,282,6.052008531775952,6.079647883760527
387,283,6.054888674302956,6.116526064606623
387,284,6.070666640208285,6.0563786443452265
387,285,6.083982889882197,6.058972777857524
387,286,6.103433047864942,6.093149845299941
387,287,6.125609749256365,6.088984217195993
387,288,6.116083557272298,6.075712095384767
387,289,6.111947659805042,6.053820729093796
387,290,6.020043054329983,6.067764608252165
387,291,6.096960455316015,6.057196021771916
387,292,6.033738487272956,6.0843284162901945
387,293,6.153746831373247,6.10147207760386
387,294,6.093193105644171,6.088952263994068
387,295,6.103790687172144,6.061565312951118
387,296,6.092250263139623,6.0680824955741635
387,297,6.1153645485819315,6.0900317678331115
387,298,6.043279607593183,6.077419025737206
387,299,6.044350204243209,6.08917658862371
387,300,6.132032987513108,6.076268717408463
387,301,6.0832071032077595,6.074482395077283
387,302,6.109854271235805,6.117903006954355
387,303,6.006108591641869,6.026992569359483
387,304,6.065607245131388,6.067088527245008
387,305,6.117222126322092,6.063093196099769
387,306,6.1433875542449385,6.085349547458066
387,307,6.124981715795974,6.067180013278926
387,308,6.143278095631363,6.035193224522481
387,309,6.094574883421778,6.0488011052859685
387,310,6.12134497694102,6.083709915818999
387,311,6.158083912126421,6.041319227990761
387,312,6.0891538074254195,6.01581299289205
387,313,6.078836440079089,6.07132376980688
387,314,6.041410564586881,6.058845621884699
387,315,6.160424494607754,6.11852322417467
387,316,6.140346006447046,6.103780360814471
387,317,6.097334035801748,6.041599624156544
387,318,6.10737018792507,6.0956686384630485
387,319,6.075849714601483,6.075629804762778
387,320,6.109008170280473,6.030566587567677
387,321,6.092579871080664,6.064626264089398
387,322,6.018754466501654,6.073259046870574
387,323,6.090324357784044,6.074102074914202
387,324,6.02882255680788,6.07092393483121
387,325,6.094136650962959,6.076221852813804
387,326,6.093762719296937,6.082398058983167
387,327,6.137613634621424,6.108909430946552
387,328,6.097474013537163,6.12229546689292
387,329,6.058957357938749,6.083709915818999
387,330,6.121057411857707,6.067671903892858
387,331,6.087184741213926,6.077554773692958
387,332,6.083410780590391,6.084174498552384
387,333,6.080918643263955,6.085986000532863
387,334,6.1089713734833655,6.031784948279872
387,335,6.087894708614561,6.059607590530544
387,336,6.112700048389186,6.050796729224165
387,337,6.080861492030304,6.0633917402665665
387,338,6.020389748908364,6.068934831971856
387,339,6.119573311220936,6.1067686392928815
387,340,6.079946457055645,6.056678430139582
387,341,6.085832550192363,6.05291536581388
387,342,6.037126185910697,6.047063264629505
387,343,6.1098201773988885,6.06723719059645
387,344,6.136189919390113,6.067200626906379
387,345,6.037232088993809,6.068023360038094
387,346,6.084925941734529,6.061633864336658
387,347,6.129739822906541,6.0879172628702936
387,348,6.107335974976894,6.097398470517145
387,349,6.071877006564504,6.1071812494958815
387,350,6.102606047351246,6.06165747863464
387,351,6.107474135180927,6.09595584435298
387,352,6.05918456617878,6.04574993614382
387,353,6.050819114980992,6.12229546689292
387,354,6.0967764456055225,6.0452964535971585
387,355,6.130795198358961,6.045199028283852
387,356,6.099731417779627,6.023470414384909
387,357,6.120664381075822,6.010544291113332
387,358,6.062729129455154,6.0457212286639805
387,359,6.136928401570703,6.072677554933084
387,360,6.092845884999657,6.0561495600723765
387,361,6.144860144232898,6.064586972052061
387,362,6.067916149463935,6.046813069294809
387,363,6.105185888189018,6.0762042084333325
387,364,6.0660534007654805,6.12473327540152
387,365,6.097574278304111,6.136156511681014
387,366,6.079469984613118,6.054473304604404
387,367,6.057880954981097,6.0474455559868066
387,368,6.152566457682005,6.0292965078349035
387,369,6.0824310200001115,6.109160355411863
387,370,6.074014145631058,6.135633685704999
387,371,6.131424349504713,6.0502190100516895
387,372,6.118095171861656,6.04109342560297
387,373,6.101135279275856,6.101930693351015
387,374,6.074489754990056,6.0682332903850495
387,375,6.108389345914713,6.0819421979665185
387,376,6.09457687153698,6.062310767803223
387,377,6.091516788548294,6.114335621409242
387,378,6.075707135399409,6.100452807427134
387,379,6.142071192664282,6.101517658766692
387,380,6.13785666910368,6.040025280951984
387,381,6.133861518470672,6.026301771140071
387,382,6.0920448077472775,6.027885432076683
387,383,6.1340675764508905,6.10104585117321
387,384,6.062461259189758,6.069383299218865
387,385,6.147190757133156,6.09511880868299
387,386,6.033464730535423,6.08795587559094
387,387,6.131703216870151,6.039970749969643
387,388,6.084532889749523,6.111852525667831
387,389,6.02518639983152,6.087489674070171
387,390,6.086667840820234,6.050953809070985
387,391,6.142393968316836,6.090304725595816
387,392,6.096560105119873,6.064252609264511
387,393,6.0964938255933925,6.056750399852463
387,394,6.077208850713426,6.1056378308127846
387,395,6.08497950009007,6.110486918615613
387,396,6.075924149550163,6.060054035650342
387,397,6.076581147575665,6.061096902803429
387,398,6.114160092933514,6.045713097716689
387,399,6.086539062674304,6.0587424929293965
387,400,6.104410411543462,6.053903124680034
387,401,6.045828246429042,6.090826146260313
387,402,6.05380280670569,6.1139285731952215
387,403,6.1224037527604604,6.0632641450136475
387,404,6.0719787832561485,6.049295740111163
387,405,6.065892152562286,6.070572905542647
387,406,6.074715101040078,6.097689465035803
387,407,6.045553800612297,6.098048189509394
387,408,6.044190823885072,6.088653754812762
387,409,6.094036240262668,6.152498998437272
387,410,6.103668798711472,6.10104585117321
387,411,6.072160518889109,6.061165386791092
387,412,6.107501131560908,5.997849761693947
387,413,6.0843505022510165,6.0869732242508165
387,414,6.087147872335905,6.0585559195668965
387,415,6.045770844761626,6.098010405787715
387,416,6.084603577230735,6.096947206343999
387,417,6.0676319066671205,6.0949436926542075
387,418,6.126183719431576,6.056332250537407
387,419,6.071601133028062,6.061008863565718
387,420,6.0402515495457365,6.07797336390258
387,421,6.0795130904210675,6.030827192277049
387,422,6.06328537278129,6.020435937861264
387,423,6.081830993743695,6.037804663913993
387,424,6.064820629477769,6.064626264089398
387,425,6.049410332597132,6.050219924141378
387,426,6.094153480158162,6.061466773958424
387,427,6.105678878911565,6.104619171407358
387,428,6.110624522375731,6.056677997622739
387,429,6.117668435130907,6.01581299289205
387,430,6.027776451337177,6.080141373772098
387,431,6.078551130176239,6.130446723473766
387,432,6.0726885473242405,5.997169586104767
387,433,6.1044022808601905,6.034438582508519
387,434,6.110238814366161,6.101517658766692
387,435,6.09621156067651,6.0599272711379015
387,436,6.081499194399608,6.097309227039466
387,437,6.115941775299281,6.003586046366983
387,438,6.081519381300414,6.078448507473602
387,439,6.0590313091864125,6.100334774001071
387,440,6.125561370812665,6.0478467825697075
387,441,6.112037776235688,6.058457864007592
387,442,6.084169594719547,6.096947206343999
387,443,6.114761444919616,6.049035315795835
387,444,6.076040246897006,6.09087494401952
387,445,6.097303381544686,6.0538680606987665
387,446,6.153488818322966,6.0899560044018894
387,447,6.061409045474797,6.083108367118695
387,448,6.044029934026017,6.037643202680617
387,449,6.059116521171425,6.043462878780236
387,450,6.120685285280868,6.072858367863295
387,451,6.168641664688804,6.025146372931247
387,452,6.0960033303452095,6.061865733334848
387,453,6.120140745402586,6.0593414197324265
387,454,6.1137966732511115,6.088011064699743
387,455,6.029448496063667,6.047169691142631
387,456,6.121330947221507,6.0702434877115445
387,457,6.1350428883658905,6.054684272050763
387,458,6.059574205307759,6.035627170748162
387,459,6.073841762032041,6.092500184465386
387,460,6.128514496280054,6.058957186278785
387,461,6.115880145725947,6.063573658507766
387,462,6.039804848296028,6.09325890280761
387,463,6.072396884860455,6.068928740729827
387,464,6.134469997364931,6.040416155026352
387,465,6.077919961373493,6.034579191630341
387,466,6.085027461889153,6.079665659634317
387,467,6.030956751447884,6.079632541584222
387,468,6.086699942622982,6.061008863565718
387,469,6.125062940075705,6.048856475700604
387,470,6.124864376137713,6.060399609497174
387,471,6.067545696674685,6.0980587899487615
387,472,6.1155871858109,6.088437053566847
387,473,6.073098540171082,6.076513750963803
387,474,6.110088139665961,6.103100332353016
387,475,6.105246003914615,6.046657646735123
387,476,6.091718911752107,6.076095210582675
387,477,6.077217482003662,6.081073006738906
387,478,6.091059711879353,6.07046018473698
387,479,6.0852246848895755,6.056637950170847
387,480,6.084285062035881,6.030467183314467
387,481,6.100673198938504,6.072402968035562
387,482,6.112395646377023,6.011087346542494
387,483,6.138606098953523,6.072298086831141
387,484,6.1369233604874855,6.069144222813376
387,485,6.094320022394397,6.096181890762821
387,486,6.109066992580065,6.089767116006343
387,487,6.084685920127762,6.028641632379232
387,488,6.076570982951489,6.074525093675698
387,489,6.086653988171556,6.071229463596233
387,490,6.096964290830132,6.0691266030323945
387,491,6.1184233744190255,6.1194403053074975
387,492,6.089541742553561,6.084974379933676
387,493,6.130231052061991,6.138980926756882
387,494,6.085690177807963,6.0393148588346905
387,495,6.123136362260375,6.072402968035562
387,496,6.113175334569305,6.063112421645908
387,497,6.123201372779767,6.093578241285831
387,498,6.093815658664099,6.069211037446957
387,499,6.129030543408914,6.078859495589848
442,0,6.0920762313678605,6.143260670265271
442,1,6.1046161796749265,6.079608258990766
442,2,6.108122939294531,6.113141125444391
442,3,6.1355588568023105,6.0993327294416995
442,4,6.091064123137555,6.10777997677919
442,5,6.138117298057191,6.078203584060893
442,6,6.093285728379494,6.13431125601851
442,7,6.144730067110468,6.11470174420145
442,8,6.136170018665199,6.117027787900421
442,9,6.131146775672462,6.127468874945204
442,10,6.15165636287753,6.115158448140201
442,11,6.115327713684943,6.151051911800358
442,12,6.1513505256661904,6.13345863056765
442,13,6.154663552257753,6.144094089159757
442,14,6.091807717556886,6.109054972621842
442,15,6.132430876124517,6.142167903977406
442,16,6.1018783912564585,6.126307086916813
442,17,6.130172295085903,6.099479479140193
442,18,6.103477418899283,6.072481433782383
442,19,6.126285607316804,6.103800146110596
442,20,6.132682934048222,6.14886214330632
442,21,6.107112767558628,6.122784140308218
442,22,6.100982675924511,6.117644369011061
442,23,6.1286704861655,6.1449688960620374
442,24,6.080197248183084,6.109035033252858
442,25,6.1069775066495415,6.111529445925809
442,26,6.153374961098261,6.117458699361495
442,27,6.150033669614237,6.136620420817694
442,28,6.089196865389522,6.133774021454779
442,29,6.0894016747038355,6.115933320950871
442,30,6.117048625903834,6.103024089412739
442,31,6.079423210991588,6.131988175568056
442,32,6.133716946510245,6.105000596035857
442,33,6.103646012590752,6.108953953825257
442,34,6.134099399890003,6.13723613584509
442,35,6.084890644283464,6.137127213019752
442,36,6.137808993426561,6.088878167401553
442,37,6.135924454453939,6.152363645476897
442,38,6.114901857106286,6.097195186583631
442,39,6.086963301543397,6.108859577501626
442,40,6.130279342005535,6.117863981135212
442,41,6.074456686432719,6.17141707105229
442,42,6.116088387933904,6.115032946334267
442,43,6.158484621270921,6.10019964706309
442,44,6.0988430665575715,6.081966794149957
442,45,6.140605577722201,6.134492158361064
442,46,6.09632032090422,6.135081150197874
442,47,6.10320716746514,6.1007921607818565
442,48,6.138412353257166,6.108028052219248
442,49,6.107132806291861,6.134622557812809
442,50,6.123548785971876,6.120806606572283
442,51,6.112233267445264,6.163532825444087
442,52,6.128384436504716,6.177008124877869
442,53,6.112494058998371,6.1604895903008225
442,54,6.155595689902402,6.165887120470996
442,55,6.1390391492598635,6.083617705389413
442,56,6.099561922187245,6.156296925277993
442,57,6.064324399960905,6.158087575043108
442,58,6.0863851785908905,6.141754636038261
442,59,6.10371432900133,6.150514535623639
442,60,6.088459930744217,6.124784938248379
442,61,6.091200985007162,6.116145697360306
442,62,6.075114696330942,6.122393243571924
442,63,6.114118367927836,6.108052969043162
442,64,6.1106024876403575,6.0791805346406935
442,65,6.139005859589792,6.150348643981122
442,66,6.119250689681222,6.090281260142027
442,67,6.10886987569014,6.100858123681899
442,68,6.141623416461372,6.117557464910434
442,69,6.1338392612561226,6.134738664526769
442,70,6.155668684149662,6.102142707956542
442,71,6.0790410673486415,6.084158344017824
442,72,6.0997910469988685,6.123733466133436
442,73,6.124816218361433,6.12896802092123
442,74,6.154785993926505,6.103183711297103
442,75,6.093131231733412,6.091892710868991
442,76,6.124898247121211,6.1532003692490544
442,77,6.125020441163845,6.119009141891071
442,78,6.110738197772029,6.101475197177457
442,79,6.0612870995116435,6.134936294757901
442,80,6.092962841954575,6.095032727039887
442,81,6.154866221130291,6.115206970057021
442,82,6.138806954923999,6.108591694445285
442,83,6.1309941793932055,6.123724146410633
442,84,6.122722476870031,6.095524496050496
442,85,6.114091117985028,6.131649157982126
442,86,6.142970143510633,6.154469724512212
442,87,6.110283832927901,6.13267370270505
442,88,6.069153849730845,6.082126457676428
442,89,6.118202872652428,6.152696867902714
442,90,6.121456696023542,6.12802532304249
442,91,6.078827559682161,6.123311163133751
442,92,6.082338707922182,6.1205592428854345
442,93,6.087333116963532,6.108272577204313
442,94,6.100675223283403,6.114946994536957
442,95,6.128149392910807,6.124386708029302
442,96,6.065107599819227,6.091597092891166
442,97,6.1304454507084785,6.1052964534056136
442,98,6.079517992787699,6.144824166396585
442,99,6.083743001191724,6.128962211868245
442,100,6.157354266359151,6.0750905713421055
442,101,6.1066814527883135,6.128984798161615
442,102,6.121181460167547,6.125636570601357
442,103,6.133380497419869,6.116257783997825
442,104,6.1488695076505815,6.109860339088072
442,105,6.115227787639786,6.125452594555546
442,106,6.1061839309502774,6.140022105925893
442,107,6.073560094165536,6.122696927705544
442,108,6.1132840192178195,6.123590657766896
442,109,6.131662714161157,6.144223961752772
442,110,6.082035838604051,6.1128183062551935
442,111,6.082198388778396,6.0923236807508845
442,112,6.134159020884666,6.128389164707721
442,113,6.125113356188388,6.117620644066536
442,114,6.059248235720658,6.148649846722114
442,115,6.108525588565004,6.164568933141366
442,116,6.099141035261091,6.112636219162588
442,117,6.111765837056009,6.133886129360084
442,118,6.099717725302986,6.138618292136414
442,119,6.121757553160294,6.131917884526143
442,120,6.153674718972246,6.108028052219248
442,121,6.141817148056999,6.13523603131263
442,122,6.079008951957056,6.129313426940907
442,123,6.128804401629063,6.099367908539794
442,124,6.113939664850196,6.152048684377865
442,125,6.13884123483056,6.138037019664645
442,126,6.129607333755365,6.108526901628051
442,127,6.1149589686984065,6.125028420324756
442,128,6.087194238605286,6.128189045663161
442,129,6.083363507273176,6.156659250574303
442,130,6.118735544723206,6.122630149354321
442,131,6.08834849314495,6.096105057563059
442,132,6.095693853463161,6.1426811409167055
442,133,6.065107845588717,6.108192622355056
442,134,6.10635949804897,6.14036690175939
442,135,6.139309135528349,6.139318603553504
442,136,6.113164424935511,6.086245239820507
442,137,6.093791069360747,6.165887120470996
442,138,6.1238418582275616,6.098964220536251
442,139,6.135264936120029,6.158549249572187
442,140,6.142486407213774,6.074398380020647
442,141,6.1402845303738065,6.12647378729901
442,142,6.131959045187434,6.089041920173072
442,143,6.143764538008767,6.067905426067732
442,144,6.120722651264626,6.097624239263432
442,145,6.1062526745401,6.116650329449268
442,146,6.132057952710789,6.141718576371877
442,147,6.088698388150582,6.163669590158233
442,148,6.059716225421022,6.160175666956411
442,149,6.107223916493326,6.12749735366631
442,150,6.133955996579854,6.128984798161615
442,151,6.1475728855928375,6.120503377178115
442,152,6.114131467957209,6.140592432811897
442,153,6.150706946278468,6.0973075202862725
442,154,6.146070594335418,6.105835658790012
442,155,6.042849171304277,6.149674789774763
442,156,6.135532847181852,6.154736542222784
442,157,6.066731818752066,6.118549523565289
442,158,6.096341177284712,6.080489569853309
442,159,6.105915127062406,6.144157679233904
442,160,6.141776493541856,6.114390072921637
442,161,6.111580812758516,6.095639393909881
442,162,6.114213456386183,6.139966340518325
442,163,6.068422890363927,6.09388376014041
442,164,6.103519586535854,6.118807830717647
442,165,6.140587477325912,6.130119796330057
442,166,6.107533087214725,6.131581980223894
442,167,6.126469889595976,6.0991038845842915
442,168,6.147309575920709,6.153930963927925
442,169,6.131231064443443,6.13856196164606
442,170,6.099765703351102,6.132338609250795
442,171,6.089060751125926,6.130109905559801
442,172,6.135134561543763,6.109238809163508
442,173,6.114440093497574,6.120987510785818
442,174,6.1139134733137634,6.146248680658821
442,175,6.117892632912852,6.159316605846602
442,176,6.108559309159443,6.093105488792609
442,177,6.096477126115573,6.140355493989878
442,178,6.127197448222131,6.1662665789981865
442,179,6.098588350421457,6.126869875753623
442,180,6.1319383123789635,6.144976319025279
442,181,6.087675593913262,6.054226026218216
442,182,6.10691457708568,6.085736140014639
442,183,6.086734471236481,6.126372753958887
442,184,6.132932137370656,6.1449688960620374
442,185,6.109767607474239,6.156887263694722
442,186,6.064618776736767,6.057697146050071
442,187,6.0979462011337935,6.145135934948196
442,188,6.120363780206286,6.114739135516371
442,189,6.134584213459424,6.134038226088155
442,190,6.1331840627686995,6.084158344017824
442,191,6.104936567504141,6.111046842001145
442,192,6.134461419037706,6.135087062629726
442,193,6.129642667719786,6.159286641039664
442,194,6.1375255039659224,6.097624239263432
442,195,6.033420846014087,6.109015444873533
442,196,6.13434152400456,6.144085900387313
442,197,6.102009111728023,6.150433310419941
442,198,6.147504347776154,6.082754110797995
442,199,6.094020264932579,6.143531608305818
442,200,6.071307880308432,6.074215806622584
442,201,6.0589402448168,6.10876148226159
442,202,6.145003286103333,6.156130729939662
442,203,6.118836234669774,6.104322833746064
442,204,6.098430496937903,6.145257290246237
442,205,6.130818163042318,6.137800089399326
442,206,6.140708552025295,6.106028532933509
442,207,6.07267107736424,6.116850195461259
442,208,6.105877012419384,6.128094231771271
442,209,6.082725920521898,6.142360609204036
442,210,6.123783245819003,6.148353562001112
442,211,6.132344465176869,6.147962480279919
442,212,6.106730825928607,6.098436809933925
442,213,6.121962266935781,6.134949090707083
442,214,6.149699375231474,6.121934724398671
442,215,6.0955771884055645,6.116650329449268
442,216,6.1395203222504495,6.140782804843491
442,217,6.148342414990432,6.106099124618869
442,218,6.089119574434625,6.120536655291743
442,219,6.104296630490473,6.160308464131258
442,220,6.134578994335362,6.1200904069293385
442,221,6.130617933552398,6.101145795175524
442,222,6.120994713992588,6.102935256239534
442,223,6.146868883930159,6.156712307567945
442,224,6.0851017945199075,6.12896802092123
442,225,6.165437182931534,6.133774021454779
442,226,6.113023667610495,6.189447354242985
442,227,6.093375609538296,6.083277764059525
442,228,6.149642588373858,6.138677816129543
442,229,6.1169808966338755,6.1518410014442955
442,230,6.116476279580852,6.077377974193324
442,231,6.102157624165778,6.1101808452404605
442,232,6.065451267603159,6.094933836657396
442,233,6.156727465676568,6.126022375701614
442,234,6.131404571011858,6.093262006418518
442,235,6.120138082828539,6.13177944460389
442,236,6.106164204409163,6.175037345379303
442,237,6.090580808927279,6.111967490980459
442,238,6.073444024070061,6.091264788837768
442,239,6.0687973255451855,6.148840493546429
442,240,6.122439772822315,6.117557464910434
442,241,6.110231564358243,6.127906372043306
442,242,6.119650632414738,6.086774316918855
442,243,6.114555231689425,6.135456035447147
442,244,6.136146399123812,6.122696927705544
442,245,6.138803128459542,6.140275962501524
442,246,6.07479062119167,6.108947119425052
442,247,6.132629990910499,6.099271890931529
442,248,6.126518596600372,6.110810694042316
442,249,6.1027795613871305,6.113729538702836
442,250,6.125309173099636,6.09405937941284
442,251,6.09600112349396,6.148721754530564
442,252,6.072292841871112,6.152282219315613
442,253,6.165671476261594,6.13891253573377
442,254,6.08172623899508,6.134059308046045
442,255,6.07636021002916,6.157802571204859
442,256,6.127493107171058,6.106333816549063
442,257,6.127495110398666,6.091412796295423
442,258,6.103918493016027,6.142167903977406
442,259,6.125822886112108,6.138396163595591
442,260,6.094442871457877,6.117165137323001
442,261,6.126869905984089,6.103552521475372
442,262,6.081298823220465,6.111827746311635
442,263,6.091697824914608,6.151348018402239
442,264,6.159545551650675,6.087394170076718
442,265,6.132998520257955,6.121934724398671
442,266,6.063778587476554,6.13133238433663
442,267,6.116351861411127,6.094933836657396
442,268,6.103334319455364,6.09970061130082
442,269,6.189438545654824,6.116157391848178
442,270,6.180161394445286,6.117134407875013
442,271,6.115790337023609,6.071467517013852
442,272,6.055702756457549,6.105305785110916
442,273,6.151749241522663,6.118078646522231
442,274,6.135888147202429,6.135072513073771
442,275,6.137412321774098,6.0930077791059265
442,276,6.098389911648219,6.103548067325892
442,277,6.0841050210001795,6.111185818887764
442,278,6.083638898141429,6.077753464607766
442,279,6.102529348643341,6.122819417076804
442,280,6.071990431550474,6.1639181851902
442,281,6.152955586294955,6.097054117538808
442,282,6.104382389267163,6.114618608346975
442,283,6.143200367456345,6.105277872079434
442,284,6.093650168581015,6.122393243571924
442,285,6.135728424831292,6.098770062453399
442,286,6.143756963434639,6.0928690167696224
442,287,6.119303578335058,6.121828628881105
442,288,6.126828444223353,6.11538375813629
442,289,6.109906993879512,6.136323963222043
442,290,6.103547729185428,6.119121880585126
442,291,6.129227374080721,6.077927515698322
442,292,6.137107247704157,6.089166248981736
442,293,6.0992547922531335,6.118450946179241
442,294,6.131745191431988,6.115764912023017
442,295,6.07814344007685,6.101167811955391
442,296,6.136280631946237,6.051021130769619
442,297,6.125927367750615,6.116937092434519
442,298,6.138745423041876,6.123642594411108
442,299,6.078258933019534,6.1136093594916465
442,300,6.108091883268744,6.108192622355056
442,301,6.120957959264046,6.090018543557192
442,302,6.02704093718813,6.110403598960982
442,303,6.104075472712613,6.125995971583607
442,304,6.127837666011192,6.114687004499968
442,305,6.092082149285837,6.1076993783491185
442,306,6.134311285141505,6.165882086420249
442,307,6.131981998569445,6.06188816767484
442,308,6.1459446997879486,6.1345451709928716
442,309,6.151749724744505,6.148267426378203
442,310,6.053224479065323,6.144824784447903
442,311,6.100853066400369,6.070697635787012
442,312,6.1106676732619345,6.1021646682005075
442,313,6.0897913618528134,6.1418128994155055
442,314,6.062489255254994,6.126329352556172
442,315,6.127328955463066,6.149887577132001
442,316,6.104402937284042,6.148649846722114
442,317,6.150804548310008,6.087408855078867
442,318,6.094318638698461,6.125995658525521
442,319,6.11850697311516,6.105188321188492
442,320,6.079122347082472,6.118381287347242
442,321,6.137072383972677,6.089393999011844
442,322,6.183214413909064,6.104340221228596
442,323,6.06928583827858,6.133332250323213
442,324,6.078435239165906,6.1120240631418845
442,325,6.103168230985976,6.1097569446478746
442,326,6.1045451926772385,6.11851338635883
442,327,6.125562244363141,6.121828628881105
442,328,6.0832434635700885,6.0882623730384156
442,329,6.119211333905209,6.11470174420145
442,330,6.112717244309997,6.126996130121581
442,331,6.144445194168656,6.134892051206439
442,332,6.049994208619281,6.118078646522231
442,333,6.070138061939283,6.09872503692198
442,334,6.089441389885755,6.141974417259899
442,335,6.09990534147581,6.141362136933966
442,336,6.114506374445453,6.1581834997062845
442,337,6.115864827503603,6.101475197177457
442,338,6.146451277435263,6.082277720428239
442,339,6.09777033315509,6.105392768546965
442,340,6.133718678513714,6.083617705389413
442,341,6.088696728891348,6.132292712715897
442,342,6.122472865158252,6.1639181851902
442,343,6.161988024491665,6.1521453894910305
442,344,6.112438637928018,6.142030031382318
442,345,6.123424412049496,6.122448192057878
442,346,6.097542446261031,6.0923236807508845
442,347,6.128941514093637,6.127434736841316
442,348,6.107632065085943,6.122630149354321
442,349,6.139288734428403,6.130109905559801
442,350,6.108018993576995,6.133910509454021
442,351,6.118402839055394,6.129726471159325
442,352,6.109717124020786,6.127317079346627
442,353,6.102186963466782,6.176471937984167
442,354,6.1007835175172564,6.113688192442777
442,355,6.118877815671732,6.147520755886545
442,356,6.171571907543163,6.1532003692490544
442,357,6.125092609291945,6.107430687062062
442,358,6.09797462376448,6.11125013406337
442,359,6.099682630948426,6.105200685654848
442,360,6.1125558161682525,6.13177944460389
442,361,6.126129048264889,6.122464119608667
442,362,6.121923381170338,6.15752817743311
442,363,6.112786225085508,6.0828485453623165
442,364,6.116604996758025,6.138596323149576
442,365,6.091779623052919,6.067319634171086
442,366,6.127263939722131,6.138341492411567
442,367,6.166845609698282,6.104757257226948
442,368,6.099275072451481,6.137756915656057
442,369,6.149606557509109,6.160099118459247
442,370,6.091083117483755,6.102327966411431
442,371,6.125909534902834,6.134062394305779
442,372,6.10569656804534,6.0898965277574275
442,373,6.128219456709201,6.106799657419969
442,374,6.11054538566649,6.121828628881105
442,375,6.114787762884001,6.121005435990219
442,376,6.113428465813666,6.112966136767181
442,377,6.08707068034682,6.109054972621842
442,378,6.114785061131293,6.082782358843368
442,379,6.114384149572684,6.075606854222089
442,380,6.1224012979164435,6.1374315821728835
442,381,6.11582249906173,6.123936316724776
442,382,6.098771098630354,6.137127213019752
442,383,6.084446156045283,6.142162152618161
442,384,6.119228763033262,6.121598636793406
442,385,6.1851459257378645,6.136786175958837
442,386,6.058650981776872,6.18300235977461
442,387,6.119423487074882,6.123219049243113
442,388,6.110118285308258,6.111858402370672
442,389,6.134625351821813,6.070803417001781
442,390,6.093819055659867,6.147647428080867
442,391,6.160049325919368,6.139513476688441
442,392,6.088277228300793,6.152696867902714
442,393,6.087244758603499,6.113829578619792
442,394,6.122308312166064,6.146503002013189
442,395,6.059771096394457,6.107250613659228
442,396,6.102512599642511,6.1541818053151545
442,397,6.131711970674536,6.153834650309794
442,398,6.067071442588529,6.090535099305078
442,399,6.070816212183608,6.160631041433022
442,400,6.112813423686064,6.154710544572647
442,401,6.079648704920691,6.11291270526374
442,402,6.0873403571232245,6.104388805449789
442,403,6.102914509808744,6.11125013406337
442,404,6.072560063235866,6.121847793508432
442,405,6.089490385569195,6.109054972621842
442,406,6.095464929495312,6.152117578498839
442,407,6.092934593891895,6.099612800964899
442,408,6.0983279365771565,6.119401468174848
442,409,6.102147832058346,6.110430712252825
442,410,6.085584087104066,6.092866564241794
442,411,6.127594978710598,6.157404652659612
442,412,6.093747781066813,6.0751278341122
442,413,6.139074120645992,6.123970785235233
442,414,6.128540172051527,6.09872503692198
442,415,6.117109283723347,6.087753636104341
442,416,6.125343395081939,6.121380084611936
442,417,6.14235489858089,6.105305785110916
442,418,6.117077156901708,6.144090335676297
442,419,6.092048824806175,6.113794049090297
442,420,6.094949210328138,6.150468110498501
442,421,6.0960430815895705,6.1044519352026745
442,422,6.132303358019981,6.079608258990766
442,423,6.117573567194268,6.133937518446149
442,424,6.087645630366704,6.147048425573287
442,425,6.099492430738145,6.102871327942621
442,426,6.108518190051939,6.11589732403321
442,427,6.125066056303661,6.103200172242935
442,428,6.118806190611618,6.146135610326662
442,429,6.125754639297268,6.080656394879627
442,430,6.0983527152382315,6.125671553948286
442,431,6.131142268286942,6.142476460162275
442,432,6.140282254285273,6.139966340518325
442,433,6.157020678130082,6.139513476688441
442,434,6.121292062538902,6.12582870960557
442,435,6.1446703968371805,6.11955230540079
442,436,6.110364966688145,6.087753636104341
442,437,6.105668942953243,6.158282608606031
442,438,6.108663483112568,6.142162152618161
442,439,6.112698181796581,6.147520755886545
442,440,6.145501410786722,6.140370918999005
442,441,6.107324154804697,6.099972145168698
442,442,6.126415203738343,6.147962480279919
442,443,6.097231765703715,6.142162152618161
442,444,6.126139348738534,6.127251047058374
442,445,6.07257592691133,6.063164437839023
442,446,6.080853783903567,6.101240704953366
442,447,6.149289387012292,6.152117578498839
442,448,6.134817049662134,6.137178101381138
442,449,6.141541690329155,6.104057165007847
442,450,6.149152821179619,6.1253248183361535
442,451,6.161235074918137,6.127488592447263
442,452,6.132264610887086,6.157606134636936
442,453,6.104019782264599,6.133348656368063
442,454,6.09431541339389,6.1646961838833345
442,455,6.090602013339216,6.09970061130082
442,456,6.108667704256662,6.142238908928478
442,457,6.12907874125438,6.122394553296732
442,458,6.127294289847397,6.125348265300781
442,459,6.1291311953787755,6.143479301054513
442,460,6.113679572577465,6.12802532304249
442,461,6.100230963721833,6.1646961838833345
442,462,6.093174801817536,6.117570417636593
442,463,6.088456246616021,6.134111764996945
442,464,6.094541971818907,6.072246891972309
442,465,6.085285762127803,6.131917884526143
442,466,6.121193424862734,6.145334101078154
442,467,6.1136175685914065,6.095204194176462
442,468,6.095880463270096,6.091597092891166
442,469,6.097751879949156,6.103200172242935
442,470,6.128218383571335,6.120853080638628
442,471,6.11032040433555,6.130182929426731
442,472,6.102672068075231,6.099136750080248
442,473,6.092801158773343,6.132292712715897
442,474,6.08067510467563,6.086671739904973
442,475,6.105381309352569,6.142167903977406
442,476,6.099236522377695,6.0973075202862725
442,477,6.1573151648794795,6.1518791622462325
442,478,6.143959043120716,6.112540613232139
442,479,6.116089779528553,6.175013331056541
442,480,6.158391067243587,6.132357928067869
442,481,6.08654858571138,6.096623892056814
442,482,6.084660994044592,6.123590657766896
442,483,6.10121759353043,6.158549249572187
442,484,6.125435084809192,6.125702614867176
442,485,6.1481184465675405,6.1226945466561125
442,486,6.131438110763406,6.108775362297627
442,487,6.151842721744397,6.11851338635883
442,488,6.084604183959051,6.158739495384478
442,489,6.149766085420196,6.057697146050071
442,490,6.1066708314117975,6.073010424288624
442,491,6.156158240231005,6.085736140014639
442,492,6.178852274493803,6.188800382961643
442,493,6.1334736879018505,6.115032946334267
442,494,6.119820949056331,6.136869219536667
442,495,6.113120821575314,6.132830221617282
442,496,6.129172583467758,6.126930519872802
442,497,6.07803328520864,6.099136750080248
442,498,6.1148010882881705,6.099832010143671
442,499,6.145328165453774,6.155506172866079
497,0,6.145983484860892,6.162105359642157
497,1,6.125057000700598,6.132747256484486
497,2,6.138030026539043,6.09408775838476
497,3,6.139561336229691,6.1209743574595725
497,4,6.12323294531213,6.104805533222924
497,5,6.106652828424213,6.094193512129383
497,6,6.149867050046499,6.136368507636804
497,7,6.0837993417333935,6.1132186490185605
497,8,6.126489301983767,6.059698305332981
497,9,6.15024125578003,6.114574523828172
497,10,6.112303362126209,6.13052565047106
497,11,6.152572246703252,6.098967498678784
497,12,6.1703685525055905,6.100909045437586
497,13,6.111740602476326,6.088049900305224
497,14,6.08314869436098,6.062365716511447
497,15,6.1196127281001935,6.144473456414944
497,16,6.089935947228394,6.1166075448996855
497,17,6.128330993638466,6.094552381616602
497,18,6.157032043082719,6.15963111593219
497,19,6.170327104259959,6.167645162925974
497,20,6.148888029764654,6.0689106751788
497,21,6.136936564846342,6.086620264276458
497,22,6.124413324444683,6.147620920748579
497,23,6.134871344935282,6.123272668930781
497,24,6.1664732343961095,6.093356533829665
497,25,6.058970349502638,6.11788177926054
497,26,6.131585608867881,6.081357162875203
497,27,6.093979296671966,6.122518798555066
497,28,6.134193885263294,6.124019135116858
497,29,6.111244159892493,6.121828445876365
497,30,6.1180406552646955,6.086620264276458
497,31,6.118874684223903,6.071384579803501
497,32,6.138476158810306,6.126514238405804
497,33,6.174005689695082,6.093863533795844
497,34,6.119688155392049,6.11472588794787
497,35,6.0796397532763224,6.117754154950388
497,36,6.154090300201458,6.1110854346753865
497,37,6.12378301930517,6.107478140027474
497,38,6.148138662211793,6.099946945122648
497,39,6.139031939720747,6.086628715554194
497,40,6.071032185914445,6.119031550772827
497,41,6.153922780767849,6.1354927040720915
497,42,6.149213128837368,6.117548459180029
497,43,6.1331399915134295,6.163202303136451
497,44,6.13077795724817,6.128152191132484
497,45,6.178263124616369,6.08933033795503
497,46,6.136267188674657,6.119109922913141
497,47,6.1106014881714765,6.124447753259519
497,48,6.127451249156991,6.135098303436403
497,49,6.120521498694904,6.1125030362490955
497,50,6.117956352775938,6.086124151747293
497,51,6.120998361757971,6.103826503457101
497,52,6.118735103912498,6.142781096360452
497,53,6.094973543763943,6.053748489892317
497,54,6.151985476885407,6.114632969789461
497,55,6.1805226789091785,6.135779107798158
497,56,6.0825226747526,6.132791842273644
497,57,6.160277511444413,6.081558277192967
497,58,6.122212902915071,6.096342335906083
497,59,6.149927681430268,6.103205375699121
497,60,6.134521384320779,6.107236614173946
497,61,6.072859132363877,6.139964108843168
497,62,6.1150644665946,6.116407767718814
497,63,6.151758219203149,6.140041036482896
497,64,6.147733833272164,6.069187681882641
497,65,6.141850356756359,6.132032329416882
497,66,6.1451592153742345,6.094193512129383
497,67,6.122616424684427,6.108903522087885
497,68,6.096863364839133,6.10242210272817
497,69,6.070782284058293,6.1229110595307175
497,70,6.086428252635822,6.113075397750721
497,71,6.095287663499708,6.114659473949864
497,72,6.10644402537511,6.154348247690764
497,73,6.114753785064302,6.112458832960648
497,74,6.1166627981599255,6.149750894469894
497,75,6.148997684796312,6.119428904327791
497,76,6.091873302248609,6.145969197623867
497,77,6.095976541939457,6.106700683810208
497,78,6.160144971258271,6.135290577061449
497,79,6.111880677349141,6.164021583556775
497,80,6.130907183148655,6.070074026241
497,81,6.128957389978824,6.094860197778537
497,82,6.110168847348293,6.155893578376311
497,83,6.0977018981529385,6.0738862267600915
497,84,6.090130437627681,6.127133755234943
497,85,6.117982585118388,6.1473062844224575
497,86,6.119483064585028,6.127354256561773
497,87,6.126209384578524,6.122518798555066
497,88,6.087642618004768,6.101263373294816
497,89,6.130787774933197,6.099946945122648
497,90,6.134930997989253,6.111326246734382
497,91,6.155992631657982,6.092476164817034
497,92,6.111110728217456,6.11794673490663
497,93,6.132390649892534,6.120901516105133
497,94,6.131777089815449,6.0974532737461296
497,95,6.114472442026187,6.176067992874528
497,96,6.109254394225469,6.118278464356704
497,97,6.145041366930284,6.108262262646421
497,98,6.105008910845804,6.108757369782059
497,99,6.111913999529229,6.1023999240511335
497,100,6.117907725334854,6.123839804673791
497,101,6.094306248277241,6.069187681882641
497,102,6.127799423309228,6.101517216629587
497,103,6.161083315904929,6.095350104921698
497,104,6.119232445905017,6.096270028862429
497,105,6.143429335243577,6.115954326963257
497,106,6.115166802893234,6.164431681612739
497,107,6.111411450552932,6.1510704832722345
497,108,6.150476047882149,6.092190489940286
497,109,6.09589836661917,6.147620920748579
497,110,6.121331235549016,6.123641634907956
497,111,6.139344679089711,6.120737767457773
497,112,6.1190173375441805,6.130101259555237
497,113,6.097291183401901,6.08795623570442
497,114,6.168904544778806,6.091665292226656
497,115,6.1193003839106215,6.140418944213783
497,116,6.138465548266717,6.093061579647471
497,117,6.149655416841339,6.154461189495525
497,118,6.119048665797244,6.121642589560419
497,119,6.132229541107543,6.123215072913821
497,120,6.140638205453455,6.1556980906725345
497,121,6.129905256633971,6.116377303067765
497,122,6.139172979829643,6.117723313219303
497,123,6.132101207844887,6.105360769551475
497,124,6.128545455904444,6.106188459896929
497,125,6.145028747145316,6.106632437238333
497,126,6.139932113313136,6.1197594443822725
497,127,6.154009783091442,6.115621366105385
497,128,6.095772803001982,6.101329332948466
497,129,6.150782462048044,6.139108434295993
497,130,6.132534212204185,6.1137207202100665
497,131,6.145664156831669,6.086256581211432
497,132,6.118810708485306,6.157034062361546
497,133,6.120263341197194,6.127790701892856
497,134,6.124182326380947,6.0999531150354755
497,135,6.144388475479856,6.096677766790742
497,136,6.137692953106679,6.079668079674754
497,137,6.120439243623229,6.096665082740922
497,138,6.183678549412022,6.110330807487955
497,139,6.109591820717647,6.118336933117535
497,140,6.124374629573098,6.11970530684988
497,141,6.1594368402711,6.1375690289730835
497,142,6.112866974639496,6.128117196032578
497,143,6.102432018441987,6.115729862921621
497,144,6.107178073994096,6.166943153758986
497,145,6.11554292978486,6.082909532767976
497,146,6.152687607214272,6.096231472311089
497,147,6.14990821761681,6.073826490520465
497,148,6.128257731438505,6.120097513002996
497,149,6.155394649428248,6.13320501097465
497,150,6.081645879695178,6.099995646993436
497,151,6.100314411745727,6.114632969789461
497,152,6.1605023435196005,6.118919963333183
497,153,6.149945521737864,6.153597416289764
497,154,6.112318516812019,6.104368361511921
497,155,6.104517958195405,6.109694901617411
497,156,6.140421384989558,6.1352383495728295
497,157,6.135257916219066,6.125611413592459
497,158,6.114133399902766,6.1053112512746095
497,159,6.099306304234247,6.066126942149278
497,160,6.101807274689683,6.115224164442278
497,161,6.141364674838919,6.096677766790742
497,162,6.116710850554731,6.063598315532433
497,163,6.125999189619988,6.141118154526341
497,164,6.136360816303257,6.110819520331251
497,165,6.06239887280914,6.107786659421807
497,166,6.116179053637285,6.108148600484215
497,167,6.139087067588663,6.122072749424361
497,168,6.122158817371141,6.141428703139894
497,169,6.105375502684388,6.062528464847079
497,170,6.134665138664963,6.130853062456008
497,171,6.086818065037997,6.111277910604958
497,172,6.11037530730097,6.097378664556224
497,173,6.132754717840079,6.118102761538966
497,174,6.129061711104324,6.104992661855874
497,175,6.088885272899615,6.140418944213783
497,176,6.163158581549064,6.084310092585152
497,177,6.108940329518746,6.142243424699844
497,178,6.117938910834439,6.104422943596115
497,179,6.084965417214405,6.119901397877373
497,180,6.120832367943846,6.123095707988833
497,181,6.1210133985003825,6.124792193969569
497,182,6.112211720169545,6.134161042520253
497,183,6.147465998238794,6.096948893210844
497,184,6.1199762737856265,6.121862554508468
497,185,6.114236218981207,6.112708052549882
497,186,6.13535026586701,6.114552079146115
497,187,6.115779389904802,6.133431538048119
497,188,6.143934512268808,6.089084698482037
497,189,6.13791438621298,6.131962940043172
497,190,6.137439105585207,6.105360769551475
497,191,6.123654346466382,6.104005219856759
497,192,6.112282288553487,6.102391966156156
497,193,6.098919020801058,6.115852336108603
497,194,6.093229972692308,6.147096613600397
497,195,6.110333641248013,6.100043728631727
497,196,6.1453418460261755,6.115238096120028
497,197,6.159501280039611,6.130853062456008
497,198,6.136929460561206,6.091101608694222
497,199,6.145381129616191,6.154586850125291
497,200,6.121192631635572,6.122810230661092
497,201,6.150489546634963,6.120097513002996
497,202,6.130894550947012,6.101762538514424
497,203,6.099184160993966,6.140404045970007
497,204,6.11490566465775,6.099846585809076
497,205,6.090670629388946,6.062528464847079
497,206,6.128759802809266,6.13405559236206
497,207,6.167687782167647,6.12223189587368
497,208,6.106212806763604,6.128261672907479
497,209,6.164054217797758,6.139098307724241
497,210,6.082088310983525,6.109998737897571
497,211,6.105805334816273,6.089084698482037
497,212,6.1387797612947494,6.1478528489870605
497,213,6.1432115587281535,6.137408362978704
497,214,6.05137520181933,6.09901549578365
497,215,6.108884059753575,6.108951271426098
497,216,6.088103553222361,6.144750979820253
497,217,6.14158666282018,6.127732867843252
497,218,6.1584597162203965,6.104334712964026
497,219,6.152628372036973,6.121781506600142
497,220,6.128830327499218,6.11738707509675
497,221,6.111936537798546,6.100148027182661
497,222,6.14139196501634,6.1216203597779195
497,223,6.079754616667714,6.161716949595223
497,224,6.091399696280161,6.115998126723853
497,225,6.136398782125696,6.123095707988833
497,226,6.132830512027703,6.121642589560419
497,227,6.084472545667002,6.132864947916956
497,228,6.1706908229327295,6.1030177307591105
497,229,6.140360281745053,6.091385798515044
497,230,6.124054425498956,6.0978945111461424
497,231,6.1014387586448855,6.102598675502006
497,232,6.125923571459935,6.111797619841419
497,233,6.097379915734885,6.102295215608205
497,234,6.1484265345120335,6.063655758469934
497,235,6.1244160838356105,6.135330875773982
497,236,6.09629007087274,6.127133755234943
497,237,6.161442899159925,6.130207486106554
497,238,6.122614928891324,6.102678941203693
497,239,6.162096047846583,6.104005219856759
497,240,6.118329179396943,6.121042550449681
497,241,6.128809129215254,6.133252785694483
497,242,6.096306428505378,6.0603812179285725
497,243,6.112073556325162,6.113392158209331
497,244,6.091704458197861,6.083216965359585
497,245,6.100387411960865,6.105347571531995
497,246,6.137285421885565,6.101116799489773
497,247,6.161048854873913,6.120297973302699
497,248,6.1337803746323845,6.0890543410102165
497,249,6.133171205448084,6.14854635781357
497,250,6.121753801019129,6.104422943596115
497,251,6.155312280990027,6.143690755339795
497,252,6.117813886349574,6.095457246962929
497,253,6.105544006206544,6.1214976767780795
497,254,6.11699104425926,6.108065397244957
497,255,6.155354833150044,6.11472588794787
497,256,6.150826703031911,6.132029650531151
497,257,6.10797702545278,6.063598315532433
497,258,6.07714380744126,6.116676900186607
497,259,6.102808901125227,6.136864392806677
497,260,6.1217829747043275,6.165243278427622
497,261,6.092320801276802,6.077209914574629
497,262,6.151244129856869,6.13184311729373
497,263,6.118281619957096,6.151300285315197
497,264,6.101090986379816,6.06170605752794
497,265,6.115322893106569,6.1156489339125315
497,266,6.117357733265322,6.125907795748934
497,267,6.112138392820708,6.12170284225315
497,268,6.126124673334992,6.081644436808008
497,269,6.105822038013775,6.1406790291161295
497,270,6.0952686508685705,6.172604011800884
497,271,6.115884648982071,6.083225740832402
497,272,6.138973107759322,6.128417770525822
497,273,6.049883229521234,6.13648009377514
497,274,6.117700654112123,6.11788177926054
497,275,6.095406817096061,6.1406790291161295
497,276,6.137254206140452,6.081644436808008
497,277,6.1443677111016095,6.063512077841237
497,278,6.11094200835632,6.128117196032578
497,279,6.143618499652086,6.1528526453684504
497,280,6.104591493665885,6.1175048956387235
497,281,6.111538812681897,6.069570537756497
497,282,6.103008655020206,6.122889483330971
497,283,6.123829463327188,6.082331500095928
497,284,6.132630044139334,6.096555938422542
497,285,6.121698605960881,6.11570898682803
497,286,6.130095861352605,6.095470375059339
497,287,6.079297786266384,6.108947198440856
497,288,6.128919099031593,6.0913200351384615
497,289,6.121715099798625,6.1357076496525575
497,290,6.116388357790075,6.123840598533155
497,291,6.175052372339762,6.140306246597993
497,292,6.1054633058505905,6.112209680317719
497,293,6.109790459126527,6.134454897268073
497,294,6.089632602482991,6.096662996515179
497,295,6.120465089441115,6.139108434295993
497,296,6.116703202456686,6.127450534010999
497,297,6.126424537891671,6.1090930977134486
497,298,6.130339061964047,6.125884137771913
497,299,6.1443650001109456,6.108408598557281
497,300,6.133472599670047,6.115621366105385
497,301,6.131668339235154,6.1527406631445425
497,302,6.133826913194532,6.123839804673791
497,303,6.0710965989570544,6.094521468005619
497,304,6.141176606113501,6.136358869054172
497,305,6.102710477763384,6.114340703377413
497,306,6.141963840221476,6.1086380546362316
497,307,6.165586640359793,6.108106021277501
497,308,6.099658781476534,6.126008034963694
497,309,6.133405561731313,6.098306606936487
497,310,6.092575766128519,6.127940181932163
497,311,6.101860607665425,6.135733780321795
497,312,6.099430313395923,6.118664409717846
497,313,6.110538048122208,6.102135554287176
497,314,6.148608746683849,6.0962198941038945
497,315,6.11935910353091,6.076491218472325
497,316,6.093073456034912,6.09423308054174
497,317,6.0793000019863985,6.153031650572992
497,318,6.1242194729761374,6.128591199840144
497,319,6.1258398143897,6.160334626965543
497,320,6.141936365092871,6.142541775384707
497,321,6.142237235644019,6.101582517488524
497,322,6.131072331421327,6.101242833250543
497,323,6.134606430794233,6.094058284017183
497,324,6.15670228468108,6.121498684963345
497,325,6.123827767419736,6.105252147232524
497,326,6.066626991795709,6.134914908101011
497,327,6.135196514118658,6.102649471880574
497,328,6.140285431807407,6.0845554757292915
497,329,6.113687054155624,6.114113395284464
497,330,6.122977236255555,6.127511793637828
497,331,6.151657180246381,6.142275632882261
497,332,6.17305285222815,6.121350044294419
497,333,6.097869959539706,6.12577035535728
497,334,6.099038066230193,6.069187681882641
497,335,6.158120080401412,6.106922211859429
497,336,6.099631463166967,6.094737958716938
497,337,6.119183445283716,6.142214611011743
497,338,6.120139348318486,6.117072039002576
497,339,6.100817010869039,6.102682493100877
497,340,6.139433765403953,6.096568478344045
497,341,6.116051021904643,6.116793924691272
497,342,6.095750731365299,6.119479086024223
497,343,6.063670682514001,6.147305427358003
497,344,6.1337971352772325,6.1105108927262055
497,345,6.147374811240075,6.1105108927262055
497,346,6.127946649239025,6.093485479322078
497,347,6.105160344644075,6.111358381592665
497,348,6.126766077254736,6.152496056784944
497,349,6.142315956252071,6.09865670212065
497,350,6.141569883528806,6.128909251515231
497,351,6.0949939378953255,6.105319749239535
497,352,6.116242692987183,6.137399178435192
497,353,6.131272568890501,6.077517399499796
497,354,6.1514140693506905,6.112941200753851
497,355,6.120124686483759,6.061291887860301
497,356,6.096953569129447,6.129668037910522
497,357,6.1276930212839105,6.121862554508468
497,358,6.141558677880667,6.124599968563113
497,359,6.146662549554356,6.095350104921698
497,360,6.125833753853471,6.087070598564944
497,361,6.156083553712071,6.112513116986538
497,362,6.128998940071892,6.1473062844224575
497,363,6.147146720177997,6.12223189587368
497,364,6.116280699800561,6.101762538514424
497,365,6.147658696764718,6.102123787441761
497,366,6.095714592495245,6.115477424920035
497,367,6.128890101728548,6.112209680317719
497,368,6.1368209457429,6.1600158604243385
497,369,6.162204396611878,6.100148027182661
497,370,6.119245735339951,6.087275130078818
497,371,6.109800262058121,6.167054307396137
497,372,6.116233603828407,6.100424925870864
497,373,6.1280960787152825,6.071715803225946
497,374,6.120530318945662,6.137104499595958
497,375,6.1448710193257865,6.097170937886743
497,376,6.132395335530661,6.091710789158074
497,377,6.084308037234474,6.094604255645037
497,378,6.093878677975615,6.121642589560419
497,379,6.11314700528075,6.1434021640499745
497,380,6.147360198847544,6.094073690275605
497,381,6.162275780670894,6.13073821827884
497,382,6.140784153733453,6.1216203597779195
497,383,6.115683341371364,6.160721078349965
497,384,6.087640418008181,6.1528526453684504
497,385,6.137028587465296,6.097517143440255
497,386,6.180708371032958,6.096777404664205
497,387,6.179462215397317,6.130937414351927
497,388,6.169808180315344,6.093769907033729
497,389,6.121983937064826,6.13405559236206
497,390,6.122306435607858,6.113731930560189
497,391,6.141019289314621,6.107206365775372
497,392,6.1266534649238364,6.118132529603333
497,393,6.149928922439631,6.11038088248033
497,394,6.101048304782466,6.1527406631445425
497,395,6.107709614547534,6.121781506600142
497,396,6.159886330036013,6.138467112359398
497,397,6.117260689717252,6.121339698921363
497,398,6.128118612284737,6.105360769551475
497,399,6.1209009700882815,6.134454897268073
497,400,6.116758551229262,6.110962657528865
497,401,6.130739379971882,6.09963335710384
497,402,6.138735910317073,6.096153914134753
497,403,6.1073566473577685,6.094280799300308
497,404,6.090762442475788,6.108502900361835
497,405,6.164711847986755,6.128862009680007
497,406,6.127511871709192,6.117072039002576
497,407,6.095271749195794,6.1448640877542795
497,408,6.09732747070929,6.14438501351972
497,409,6.108346257935384,6.107650960595965
497,410,6.127078447262166,6.1174404748709055
497,411,6.167651532699278,6.11738707509675
497,412,6.1053510122296855,6.132929192699193
497,413,6.129699339058837,6.128417770525822
497,414,6.133776520936155,6.119031550772827
497,415,6.126109187567962,6.106190801298714
497,416,6.092614741344826,6.086620264276458
497,417,6.080567172540541,6.121498684963345
497,418,6.110935526516339,6.1189862035337805
497,419,6.163956702456824,6.132975187744882
497,420,6.126024012513113,6.107171098080995
497,421,6.156599796351461,6.1252236169133045
497,422,6.136733064411381,6.094046863883593
497,423,6.178655718157379,6.1385249835218785
497,424,6.154197326884804,6.133700782722506
497,425,6.160907569518449,6.144447376293549
497,426,6.122165594070557,6.099233963384868
497,427,6.1202186220190065,6.0738939719078635
497,428,6.097186731053332,6.114113395284464
497,429,6.105653827143817,6.085281318944737
497,430,6.1010820088496525,6.15963111593219
497,431,6.1416491261384465,6.123965357408772
497,432,6.143086828567386,6.117957027855997
497,433,6.141892574417241,6.1029124275305335
497,434,6.149115129642172,6.117682357852415
497,435,6.123271792452066,6.131803420851578
497,436,6.129562094467498,6.0978489721709215
497,437,6.135081479873898,6.114838861997769
497,438,6.123427366458525,6.110469906792813
497,439,6.153483106895731,6.127732867843252
497,440,6.112421694667312,6.107041556012502
497,441,6.124135712610986,6.104368361511921
497,442,6.08843756830207,6.105572061313624
497,443,6.110141686323807,6.103453636825919
497,444,6.150800496044405,6.127555646991341
497,445,6.099353838759078,6.122494340859003
497,446,6.120545232214369,6.109412595325848
497,447,6.132299086238558,6.1048165323600925
497,448,6.100983902838426,6.1134739732205885
497,449,6.119519024528597,6.081119759624427
497,450,6.128364642561011,6.087275130078818
497,451,6.118807444653751,6.086203870789539
497,452,6.127084870096529,6.116388364885729
497,453,6.129703099931625,6.1056206220496705
497,454,6.100668844440115,6.148600704040512
497,455,6.116392814200734,6.09230043901857
497,456,6.133010598160309,6.142702616887595
497,457,6.1224113092269725,6.132764283937791
497,458,6.131981689880822,6.100986811000165
497,459,6.094208159187554,6.11205067917864
497,460,6.082629272732708,6.110962657528865
497,461,6.080016552529331,6.135332575982745
497,462,6.136159263900163,6.115742467211553
497,463,6.108260914159574,6.118075893887534
497,464,6.121802713800051,6.068989895023794
497,465,6.123212669936821,6.09963335710384
497,466,6.058791872518721,6.096578432857893
497,467,6.138549404075542,6.122652102935498
497,468,6.098912411050513,6.115621366105385
497,469,6.174013038623849,6.141696719230586
497,470,6.092626266571427,6.114776191104746
497,471,6.125439505680781,6.131427749217365
497,472,6.1287256908568315,6.127785023852927
497,473,6.105079556727408,6.152287946086684
497,474,6.1131078671617,6.07686383404555
497,475,6.133860245902237,6.10911039521939
497,476,6.127614728065347,6.112052432868885
497,477,6.101995400205505,6.149621009143653
497,478,6.156932195703134,6.1478528489870605
497,479,6.138126126015858,6.12344804037269
497,480,6.137027727256925,6.1287923865469685
497,481,6.147933575755402,6.066126942149278
497,482,6.126108896348592,6.1193247926294365
497,483,6.155062829259057,6.09584274587902
497,484,6.11012871140921,6.107268156140572
497,485,6.120128949227285,6.122415863329582
497,486,6.110089004701532,6.099846585809076
497,487,6.134579114986228,6.119479086024223
497,488,6.153548468279414,6.08578716578537
497,489,6.165055298810873,6.102295215608205
497,490,6.112228970522963,6.123965357408772
497,491,6.157876512451712,6.146020089493915
497,492,6.12757042141118,6.112674629843322
497,493,6.108685322216885,6.0437080000063546
497,494,6.155750229822655,6.121862554508468
497,495,6.128455496179256,6.109764782299562
497,496,6.125718835624722,6.142275632882261
497,497,6.153775207452728,6.125884137771913
497,498,6.155199111498077,6.094906846636355
497,499,6.117698053259578,6.076411901330435
552,0,6.143790540176446,6.085284558150301
552,1,6.168418053166793,6.1342019820073945
552,2,6.151744797159395,6.127671079160989
552,3,6.13364863312385,6.134372611841781
552,4,6.114594019000198,6.124738345856032
552,5,6.096475054635005,6.1497175939593
552,6,6.114716716370532,6.123051236716159
552,7,6.176266742671663,6.148808961838284
552,8,6.114122989353266,6.122109600707911
552,9,6.118058163678635,6.132414287454716
552,10,6.0833552588564475,6.133334001738451
552,11,6.15682679463168,6.1494749692906865
552,12,6.118941346991393,6.105302202459114
552,13,6.1308119805372545,6.118760071444981
552,14,6.15765800737851,6.12034239089804
552,15,6.094225246517498,6.13333059971575
552,16,6.1323460758360575,6.146675221165901
552,17,6.114735797988196,6.151818062502771
552,18,6.106268120919657,6.134108743918871
552,19,6.1480107550850205,6.140499235354184
552,20,6.149400174726097,6.110942892679747
552,21,6.1533618504276815,6.1560199503070265
552,22,6.138553284080744,6.121803640213273
552,23,6.129787326575982,6.1361781513141045
552,24,6.115601631956653,6.103676409089683
552,25,6.113961727966919,6.106995301802373
552,26,6.131962785631064,6.140189001882759
552,27,6.1110059051845615,6.123653572792764
552,28,6.129263473592391,6.163156210071064
552,29,6.1101424382877365,6.122418642420086
552,30,6.10235235762518,6.145900340010468
552,31,6.1510231161009985,6.118101327325212
552,32,6.107855139776415,6.160661982118009
552,33,6.113478429850733,6.140257357141452
552,34,6.091026160980625,6.132138936039221
552,35,6.127860109073441,6.154130054000075
552,36,6.147184918458892,6.144087063357106
552,37,6.124671923812028,6.137337679978569
552,38,6.119983381036053,6.145532989449093
552,39,6.131047678613039,6.0823759757847675
552,40,6.114717319580867,6.120974655550387
552,41,6.100760167326811,6.159528238625271
552,42,6.145356651398012,6.11722907709441
552,43,6.117496542850866,6.077162267431208
552,44,6.1433570924622325,6.141166484881121
552,45,6.143331746873886,6.102334934878886
552,46,6.073546458872849,6.1354469636215745
552,47,6.133488875102785,6.113111284394679
552,48,6.07739511830818,6.117920415574396
552,49,6.1688848432240455,6.135035011784246
552,50,6.152377456080712,6.164942821386286
552,51,6.137785462395925,6.147515374072275
552,52,6.1135382136161835,6.143455908462077
552,53,6.131024041883688,6.155273584922865
552,54,6.139979831749993,6.158920679381667
552,55,6.152096924348819,6.142711035206859
552,56,6.1297029172348045,6.118705846666149
552,57,6.147017094579443,6.1570075316894535
552,58,6.164175422081889,6.1379916189697585
552,59,6.12976040945993,6.105718703197001
552,60,6.137383998870991,6.124798490806888
552,61,6.133127330202459,6.163384741406219
552,62,6.126578641549167,6.143823588102237
552,63,6.114034663005852,6.156786007242087
552,64,6.167452418108509,6.123573822617608
552,65,6.0837773706358025,6.1606661206318325
552,66,6.120259562647875,6.120607914430838
552,67,6.138462300230398,6.120863736682924
552,68,6.149377789103506,6.090101535038978
552,69,6.139723374304364,6.150162080342284
552,70,6.107552073164492,6.151757001395323
552,71,6.148928814784424,6.1482211535432025
552,72,6.147456120968262,6.146969240851789
552,73,6.130148833943305,6.157536723582729
552,74,6.155554158924565,6.144484770202341
552,75,6.129913575220377,6.124743422984104
552,76,6.125900626553263,6.136217319398626
552,77,6.148637022546681,6.138095863036344
552,78,6.10033828884192,6.11492970732546
552,79,6.157041292993131,6.1129399485443585
552,80,6.158493571890979,6.135035011784246
552,81,6.141147356345039,6.1560199503070265
552,82,6.135354990751751,6.154683449058749
552,83,6.100036380969758,6.132655100402048
552,84,6.13758834543915,6.117905913574914
552,85,6.160728434039477,6.13333059971575
552,86,6.168645389008951,6.126831484450819
552,87,6.137854680257844,6.168104205528055
552,88,6.163305351343047,6.126837635999193
552,89,6.14144224480171,6.153579290602261
552,90,6.109797960405914,6.139613787097832
552,91,6.1456399574137155,6.185649615834039
552,92,6.14274437237207,6.155341404491374
552,93,6.14703449678418,6.143469836355516
552,94,6.1244978244500174,6.136704608648569
552,95,6.145366966657574,6.191462061115325
552,96,6.151393915697109,6.143145605445678
552,97,6.123538759683212,6.135061104009583
552,98,6.136788177465199,6.110942892679747
552,99,6.121765722238403,6.102347965760183
552,100,6.143471784394061,6.128595685508629
552,101,6.136573532509953,6.1043568678622915
552,102,6.161496261829891,6.1361781513141045
552,103,6.14919039188107,6.122767116417819
552,104,6.098120836213034,6.117648768878544
552,105,6.139862555647974,6.1532210538467496
552,106,6.107011332395177,6.104041579504955
552,107,6.133252346175203,6.1232700106646885
552,108,6.165798364186777,6.130986014189762
552,109,6.0986964066646125,6.1375238853841125
552,110,6.154274428888323,6.138511922624766
552,111,6.1353828849709595,6.114607972223681
552,112,6.102734794615485,6.094407784511156
552,113,6.136416313386208,6.1079737722462655
552,114,6.121544606532282,6.141400595569248
552,115,6.118584208836565,6.149888463399892
552,116,6.119630174751867,6.120998755882836
552,117,6.105578421389533,6.145900340010468
552,118,6.148022601210892,6.15895563170454
552,119,6.121443117377747,6.160105436333098
552,120,6.120946187140851,6.132683689185356
552,121,6.087298336932898,6.087471574860725
552,122,6.1427136522318415,6.136699524544287
552,123,6.14670160940438,6.144135506953537
552,124,6.120648087680955,6.143145605445678
552,125,6.156788389948606,6.146878738977127
552,126,6.145659771915435,6.137207789276072
552,127,6.109799178432242,6.138565128214818
552,128,6.129355110760867,6.142210091452393
552,129,6.107710308333897,6.108136718284512
552,130,6.143800483414388,6.133135411940349
552,131,6.1064180984034575,6.138308156552057
552,132,6.149788408374849,6.117380423137986
552,133,6.160851633850826,6.112935364157132
552,134,6.095682904552721,6.161604824893684
552,135,6.13422735993613,6.146781349828137
552,136,6.12758949524527,6.106098764513834
552,137,6.152107606208291,6.096594562136576
552,138,6.098335724186402,6.086363316440857
552,139,6.117695929659105,6.114313388267993
552,140,6.097750328907158,6.15016215624075
552,141,6.155492555636981,6.132414287454716
552,142,6.168111056089368,6.142833085610742
552,143,6.119104535280301,6.165588006011126
552,144,6.1298935986210275,6.144516328220923
552,145,6.140996610273569,6.13263624766911
552,146,6.172516211325941,6.154762407136789
552,147,6.108485962145422,6.146652106236136
552,148,6.174497440967641,6.1425687034450505
552,149,6.127702441543151,6.129088505358727
552,150,6.112371056964764,6.161405960815534
552,151,6.130780149637515,6.139145901320129
552,152,6.133387941427619,6.146653795324059
552,153,6.110785193636216,6.140835393647375
552,154,6.100102980573996,6.137433593863379
552,155,6.139334940370492,6.135167689380918
552,156,6.183843159359999,6.12173277538995
552,157,6.145512613074291,6.1000258156694205
552,158,6.12057233720745,6.12338549443632
552,159,6.143978536638119,6.1367153978947995
552,160,6.129287099312363,6.081353417142461
552,161,6.134478642345132,6.131607037477637
552,162,6.165426061949637,6.147712903731574
552,163,6.154164642980917,6.113365032166189
552,164,6.13788800873002,6.151678540268332
552,165,6.125660435596004,6.130141631506192
552,166,6.137017380270978,6.0951386352936225
552,167,6.124109818664284,6.127480601306234
552,168,6.118719066040967,6.148133361290561
552,169,6.138023252906548,6.128217602228942
552,170,6.134091803997181,6.142927950876636
552,171,6.125502302144683,6.138316411443623
552,172,6.13957458724901,6.142927950876636
552,173,6.119913531582373,6.141372777307953
552,174,6.116909870631201,6.144145293613477
552,175,6.10834222205531,6.127949368114968
552,176,6.15293380849629,6.143465272343287
552,177,6.154781634955259,6.1095421665666505
552,178,6.11292013844651,6.1277982892095855
552,179,6.137877034610112,6.137639561383708
552,180,6.10630374343331,6.11735930177852
552,181,6.117446853795098,6.128217602228942
552,182,6.121301183900222,6.141459106673252
552,183,6.117053971463583,6.127938675558714
552,184,6.146834401590813,6.163156210071064
552,185,6.102055805183096,6.15808735277662
552,186,6.113924830594972,6.120454551142564
552,187,6.178005746636116,6.1353770864721575
552,188,6.10287705720041,6.142803005940331
552,189,6.182461200414309,6.138701303870577
552,190,6.139450636165274,6.114318952783939
552,191,6.146394231152454,6.1048748491640055
552,192,6.137803610460076,6.108001750044804
552,193,6.139135295147896,6.161179217227214
552,194,6.155658651099664,6.158110598473837
552,195,6.1462246170694055,6.127938675558714
552,196,6.143726805977507,6.191462061115325
552,197,6.144632765407806,6.140189001882759
552,198,6.1380453772487815,6.136420231218509
552,199,6.145865860687535,6.133073658803632
552,200,6.0755091161076,6.109079902108075
552,201,6.140434047542563,6.114122624384246
552,202,6.151181461809761,6.136883387766749
552,203,6.123191042253306,6.105313629496163
552,204,6.165686759109539,6.0823759757847675
552,205,6.123658611251373,6.123624351952312
552,206,6.141585760889215,6.121312716358839
552,207,6.1245696983222535,6.135178853179323
552,208,6.124878261962306,6.149980772476677
552,209,6.08470655450108,6.154762407136789
552,210,6.167738144007275,6.1325350574139
552,211,6.129805177707604,6.108136718284512
552,212,6.121717149716646,6.119074960197109
552,213,6.120687245754389,6.142766497091064
552,214,6.140583590356554,6.11158417105297
552,215,6.1120536873378155,6.119002597647869
552,216,6.1463254526539846,6.137337679978569
552,217,6.122505987482622,6.139182105056195
552,218,6.162919799220015,6.14309931976906
552,219,6.114934387592382,6.12173277538995
552,220,6.151542586367145,6.1320560205193795
552,221,6.169935994792778,6.088162166852169
552,222,6.164426393854778,6.138308156552057
552,223,6.092503346236508,6.128126527636959
552,224,6.157103040758061,6.10522928706268
552,225,6.107524604988165,6.16396075108956
552,226,6.130348760535146,6.116159556095778
552,227,6.1141121426362295,6.115975125080918
552,228,6.18054924909167,6.0900368113839
552,229,6.1064419615727115,6.154130054000075
552,230,6.131729836332234,6.127785077800052
552,231,6.159171476554195,6.093684623132446
552,232,6.143741207249732,6.17139668904382
552,233,6.1540832746097465,6.121792532078143
552,234,6.177217514700831,6.133334001738451
552,235,6.157573517939497,6.159887216202253
552,236,6.121287848595791,6.082026782881402
552,237,6.1527820464962595,6.110778552312668
552,238,6.1353120164815715,6.151040489103442
552,239,6.093907334972604,6.134668580333271
552,240,6.129236737652231,6.146652106236136
552,241,6.146615551282775,6.115439557780534
552,242,6.155208229961967,6.15016215624075
552,243,6.118730416861467,6.1413124550645435
552,244,6.105074512515431,6.124738345856032
552,245,6.135811587670119,6.113939597567225
552,246,6.132490010131084,6.134007606101879
552,247,6.097939582600489,6.132222977863874
552,248,6.149900954852757,6.147372041764577
552,249,6.167852171216803,6.137337679978569
552,250,6.142239753260003,6.1485638535470155
552,251,6.147561207188681,6.154130054000075
552,252,6.128165371450917,6.134985365075584
552,253,6.135717039796963,6.108646802527555
552,254,6.151214681824219,6.137616017526542
552,255,6.11797799939748,6.114542803517644
552,256,6.155552728825625,6.110770318164479
552,257,6.157240327410558,6.124617220995105
552,258,6.116559067608108,6.120626531131963
552,259,6.162101470505012,6.131406602200873
552,260,6.13331979390898,6.129555789858333
552,261,6.133214816413666,6.155874769863619
552,262,6.161282396113277,6.128602726518766
552,263,6.148836426792539,6.1441144260795255
552,264,6.147289512201877,6.096355486825743
552,265,6.138223004312633,6.127403715732572
552,266,6.1733219792891525,6.097700632418854
552,267,6.110123552588993,6.102347965760183
552,268,6.063435955965415,6.106015378780403
552,269,6.108388546041117,6.146990911008076
552,270,6.149922565103102,6.149839948058057
552,271,6.164797478731255,6.127182798154415
552,272,6.161031714295221,6.108429717798634
552,273,6.123910151921067,6.128617280944464
552,274,6.145406923177234,6.109998587581106
552,275,6.1600502792713305,6.135329863214505
552,276,6.131318829093069,6.10733269216436
552,277,6.156714893437323,6.124743422984104
552,278,6.115475557039263,6.130034013013574
552,279,6.159479409391972,6.122596699433798
552,280,6.157526505847703,6.152519329254641
552,281,6.144392850157147,6.141166484881121
552,282,6.127780973999588,6.106804591175092
552,283,6.11337407255791,6.1375238853841125
552,284,6.131915585822616,6.143893759981307
552,285,6.16670154041595,6.134398676385811
552,286,6.158949077283448,6.137264254268266
552,287,6.126310440963692,6.158479551548862
552,288,6.118308456548331,6.155061618231319
552,289,6.158578674163928,6.110122909207217
552,290,6.138324528204217,6.114129375600106
552,291,6.1253449723538305,6.159771253913451
552,292,6.139592760292356,6.102334934878886
552,293,6.150147142195894,6.153910758546247
552,294,6.122994222363391,6.148028361658094
552,295,6.131028689982846,6.1527457862434165
552,296,6.137775065124313,6.092611827602861
552,297,6.132653696522472,6.1125846050121995
552,298,6.115495699573238,6.151678540268332
552,299,6.141494958205403,6.165799526316043
552,300,6.150591246555147,6.124873980427994
552,301,6.1676640311090525,6.135015166402439
552,302,6.096894794081554,6.105718703197001
552,303,6.129835664050813,6.148907021857399
552,304,6.1464795604166165,6.128073820866468
552,305,6.146707462494688,6.121413603184607
552,306,6.131952177906393,6.119001158615283
552,307,6.1740823212667655,6.117666122988501
552,308,6.150729900611066,6.139646389737136
552,309,6.15586247347199,6.136076466603036
552,310,6.155123233381902,6.121397826663328
552,311,6.152330625843863,6.14309931976906
552,312,6.1138424877384,6.131406602200873
552,313,6.123257454008703,6.105313629496163
552,314,6.153009476395568,6.167698589097619
552,315,6.121550218429459,6.1580536939021435
552,316,6.133434298896743,6.1712316587038325
552,317,6.161032013094378,6.130410659779355
552,318,6.174953835163267,6.106585186896856
552,319,6.14356090939688,6.1212973026458855
552,320,6.091221990675843,6.128473956953606
552,321,6.156302014715997,6.13049146570828
552,322,6.141269888042868,6.105689396240301
552,323,6.101578283018108,6.141921019160704
552,324,6.146119552841095,6.1228281503064075
552,325,6.112653020614235,6.111478578746069
552,326,6.130061650959419,6.143660503703013
552,327,6.101619215658518,6.145486556346096
552,328,6.173962989788969,6.152079270241873
552,329,6.106645345407472,6.120607914430838
552,330,6.141156954047436,6.127441555928829
552,331,6.108296945973887,6.090632101157443
552,332,6.1391695085377345,6.147778967525006
552,333,6.152195081553558,6.115673072855239
552,334,6.160651294035119,6.141372777307953
552,335,6.138136838092636,6.150442741150999
552,336,6.135316965955306,6.137992186102996
552,337,6.157348530218675,6.126991604246168
552,338,6.1218475044550775,6.144161772500077
552,339,6.178742590095824,6.139764324414313
552,340,6.155713256445868,6.129852945711598
552,341,6.1321159630399045,6.100776744837963
552,342,6.12734102912258,6.153910758546247
552,343,6.164772929888367,6.143855160932661
552,344,6.118502764321705,6.149214079682353
552,345,6.0965271839709905,6.162720372293377
552,346,6.131213847136615,6.106890420671096
552,347,6.129308578533234,6.122932946017217
552,348,6.104613010727381,6.145520182647699
552,349,6.164790367787649,6.142711035206859
552,350,6.141665142572482,6.11606586261196
552,351,6.139275931521682,6.097459576067532
552,352,6.120532821021448,6.113624232326706
552,353,6.129339876573164,6.157904776347355
552,354,6.105947938571476,6.1330699801995125
552,355,6.135212994228941,6.15387523690454
552,356,6.153692610842532,6.1416317750474745
552,357,6.102037498899074,6.130630615602652
552,358,6.116226708937926,6.1712316587038325
552,359,6.153874367036766,6.128443445361719
552,360,6.138573735182466,6.129791887726518
552,361,6.10933056127377,6.167809235801047
552,362,6.168877621448007,6.154241457012331
552,363,6.162654614989878,6.097332530049922
552,364,6.123729788226779,6.13263624766911
552,365,6.135189757749022,6.17139668904382
552,366,6.158935534631096,6.142935579210302
552,367,6.137587527114226,6.149822888839148
552,368,6.136996445261707,6.1127885284822
552,369,6.129301742609822,6.116885671136559
552,370,6.132958501222269,6.1127885284822
552,371,6.15212863543189,6.108945865034876
552,372,6.118796990179704,6.124873980427994
552,373,6.122997190537014,6.157119684431297
552,374,6.15721331626386,6.132737396406563
552,375,6.164820877014081,6.1228281503064075
552,376,6.145018800780787,6.140189001882759
552,377,6.115739721060088,6.12149949034077
552,378,6.141821416966027,6.146407173822007
552,379,6.127393465956859,6.121246244043207
552,380,6.148652807259807,6.104927344794381
552,381,6.1415248230291075,6.136217319398626
552,382,6.098457019578476,6.1279121743433285
552,383,6.152704107749335,6.155187308930719
552,384,6.112964688085653,6.143123869593237
552,385,6.148383153807631,6.109079902108075
552,386,6.1193993688833,6.087471574860725
552,387,6.144613481884932,6.131037268959865
552,388,6.116566046049682,6.100747458569534
552,389,6.178106830737289,6.147712903731574
552,390,6.137441121228916,6.094407784511156
552,391,6.165513221241351,6.153230178844011
552,392,6.1523582020831205,6.123422973693761
552,393,6.099601398063411,6.126592672320854
552,394,6.152719711830969,6.086363316440857
552,395,6.156312329608669,6.150015503750109
552,396,6.192242766927369,6.140189001882759
552,397,6.127065577435966,6.1397162805986305
552,398,6.1161948458990985,6.13349644480178
552,399,6.180688656331885,6.146415705068071
552,400,6.108034530407795,6.119359220144537
552,401,6.1292825016737025,6.10438860016371
552,402,6.130478345563109,6.127441555928829
552,403,6.158016832775117,6.164848522077916
552,404,6.096665964149243,6.119998068560614
552,405,6.150322370147862,6.164942821386286
552,406,6.137699834109071,6.103633426583164
552,407,6.102018354915887,6.151207054408517
552,408,6.11230801302607,6.10364793927385
552,409,6.154636246266659,6.109346007903669
552,410,6.1507567109777215,6.147411482972889
552,411,6.196183461582714,6.1257041733242525
552,412,6.1117288525515026,6.119437043433982
552,413,6.17687661741922,6.152492107212949
552,414,6.110923679127909,6.114067219822115
552,415,6.148789963742033,6.15350230747169
552,416,6.132915551271108,6.158606434230192
552,417,6.1056010577811985,6.1432917981353485
552,418,6.14492934855416,6.113280101710973
552,419,6.135211006226322,6.13114964103265
552,420,6.144437232380834,6.149249558479701
552,421,6.156910647440836,6.1623604380664325
552,422,6.130823273032997,6.135700847338074
552,423,6.125974280427227,6.140958305937417
552,424,6.14660521818233,6.123783981887186
552,425,6.114458636638299,6.113135180064661
552,426,6.100609518661788,6.1367717299125095
552,427,6.1288949095383085,6.129390466126463
552,428,6.165497447327397,6.129940146203194
552,429,6.142958449237741,6.166160271118541
552,430,6.149389906056098,6.127441555928829
552,431,6.136048458451554,6.136042592833595
552,432,6.118999884472798,6.077102193154524
552,433,6.146193631278543,6.151757001395323
552,434,6.133904189820104,6.116919357563467
552,435,6.123499408529425,6.102807063623557
552,436,6.151837763171614,6.136909627152125
552,437,6.074894925698672,6.110122909207217
552,438,6.137373929105409,6.144265874144148
552,439,6.141703919082994,6.131113730460456
552,440,6.131201422734019,6.154205446626919
552,441,6.127844868952712,6.147699548962522
552,442,6.13083671071759,6.149696040523693
552,443,6.129227419528837,6.119838183901979
552,444,6.126451886137212,6.099068887346624
552,445,6.133079206478838,6.155206477494075
552,446,6.142569339140138,6.142803005940331
552,447,6.13370638920196,6.144180111839275
552,448,6.118928365091085,6.124666749558245
552,449,6.161538667853055,6.117921731299513
552,450,6.138223119575615,6.118497452261822
552,451,6.109577229183095,6.113280101710973
552,452,6.119665640073332,6.106995301802373
552,453,6.125438039950789,6.153230178844011
552,454,6.114127592380518,6.142527036181684
552,455,6.13879663380663,6.161457337253736
552,456,6.104656543309018,6.1521222421451265
552,457,6.138834126229572,6.1243703720315645
552,458,6.126625161232357,6.112572980096703
552,459,6.117230179089255,6.135015166402439
552,460,6.114823801089473,6.153615525009386
552,461,6.167462786033499,6.1095421665666505
552,462,6.137266307477886,6.129318970516307
552,463,6.1683425684927045,6.127601403342481
552,464,6.117870679677509,6.11800682633122
552,465,6.1152163125473695,6.141352336744085
552,466,6.156161682871155,6.151207054408517
552,467,6.148894876497922,6.1000258156694205
552,468,6.137761071132426,6.143855160932661
552,469,6.148508792964894,6.155154103694671
552,470,6.169888901397874,6.103633426583164
552,471,6.152069043676131,6.115419372658276
552,472,6.19784210829609,6.117987484996529
552,473,6.122330183575502,6.134193634557543
552,474,6.153778703393124,6.1117017581189375
552,475,6.12109321188167,6.129851167518463
552,476,6.116244426393979,6.119122801353139
552,477,6.099416494092534,6.15950082805109
552,478,6.084136903447744,6.107960807739893
552,479,6.138463949545502,6.118760071444981
552,480,6.112168781823168,6.117921731299513
552,481,6.120876800562215,6.096077404100247
552,482,6.153457299008723,6.1434564915652095
552,483,6.14569714062815,6.110977111215449
552,484,6.112460824504672,6.11480821491317
552,485,6.155200098779455,6.1493567682400965
552,486,6.1407431126177805,6.165947495746421
552,487,6.136106870760184,6.1213656380817
552,488,6.140593262714983,6.073980119298492
552,489,6.127511310811319,6.148038714223886
552,490,6.160457471580001,6.127476187027446
552,491,6.117106398328446,6.103653112884169
552,492,6.141578626941285,6.134372611841781
552,493,6.162426097146944,6.1050013145780255
552,494,6.134659191880352,6.135167689380918
552,495,6.133468205701621,6.1296575956660435
552,496,6.09824969905266,6.159887216202253
552,497,6.1067095485580385,6.124738345856032
552,498,6.132330388713982,6.113277350824794
552,499,6.158779622827607,6.124939573258073
608,0,6.173244153228577,6.1322379673682885
608,1,6.10101444978219,6.116082809749222
608,2,6.166639839382465,6.143167506638979
608,3,6.136975675775798,6.128712406768362
608,4,6.1923471415545155,6.164426331698197
608,5,6.126812405712019,6.123017086777581
608,6,6.134413025228374,6.120823055747219
608,7,6.1569364828819495,6.132516280116442
608,8,6.138661365846964,6.144319724725847
608,9,6.164020764837279,6.118132601506008
608,10,6.123172361152073,6.174565778880244
608,11,6.119617570464873,6.171630261905383
608,12,6.105203451126583,6.133040752321313
608,13,6.134161456959618,6.141581244807309
608,14,6.152215053293632,6.137238552452971
608,15,6.139830230103291,6.139423747613968
608,16,6.160402031985303,6.140041354772496
608,17,6.116902287027107,6.150356267789158
608,18,6.157112479289612,6.132121695970473
608,19,6.132681349152853,6.138390743757371
608,20,6.122935731380633,6.134830645022865
608,21,6.156690607881286,6.129123718452602
608,22,6.128446338850855,6.112060512455315
608,23,6.080240366999034,6.1227951843930555
608,24,6.146665205901297,6.13143292115449
608,25,6.164133782666016,6.133090390135806
608,26,6.140214132832561,6.135016542450327
608,27,6.126213914746373,6.095802251849501
608,28,6.156835812820357,6.13747997455183
608,29,6.135265379800772,6.119407348359115
608,30,6.135489599267384,6.123574326319277
608,31,6.1174368488194055,6.134862604834061
608,32,6.153284512066395,6.153967008513133
608,33,6.10537609615765,6.1340764631415485
608,34,6.149944813138806,6.139015599490875
608,35,6.14997755187073,6.1516360366922
608,36,6.132200093648262,6.121733742396249
608,37,6.144402460411796,6.1341046290212775
608,38,6.166308465292313,6.142992812857735
608,39,6.170768070103315,6.129344227860971
608,40,6.135284861368635,6.166108279952516
608,41,6.172063883229833,6.129842730774515
608,42,6.108627412497953,6.116023475888211
608,43,6.1132473532126,6.127847198887645
608,44,6.118039164324383,6.097235243761865
608,45,6.101137896264326,6.084311049410498
608,46,6.123040375471952,6.144164918478833
608,47,6.133439647217177,6.127906107912814
608,48,6.146908630466547,6.096689950797106
608,49,6.113374622494624,6.156833204011335
608,50,6.154390938885738,6.127709570311844
608,51,6.14519086164112,6.1388795537502165
608,52,6.14629292223077,6.118399566085393
608,53,6.128443813368932,6.137911856640738
608,54,6.123704729762667,6.124127001820728
608,55,6.126754463162177,6.10944646165041
608,56,6.128380268011411,6.140007571654735
608,57,6.117847128765671,6.144737102185744
608,58,6.119062207141353,6.110628555710192
608,59,6.15379962803637,6.120516518087094
608,60,6.126618278938158,6.116650429781753
608,61,6.100769549998313,6.149728309036252
608,62,6.134869858452283,6.1449768749349545
608,63,6.144048462287977,6.132423473176182
608,64,6.139456368909959,6.118126411691794
608,65,6.163137469525994,6.108155757926155
608,66,6.1592067733802605,6.1376322263935545
608,67,6.132365571703699,6.143164834620851
608,68,6.154010155495634,6.125806587255112
608,69,6.121476998064349,6.11454535499575
608,70,6.159846055012615,6.142085516582593
608,71,6.129384554414185,6.12615009659685
608,72,6.162013283127972,6.14067630302107
608,73,6.143252614305316,6.151023589145844
608,74,6.149599526292159,6.13516714626394
608,75,6.127067485192628,6.096689950797106
608,76,6.147123408880429,6.143455859654031
608,77,6.159480609826207,6.125806587255112
608,78,6.161757954451693,6.159022569761026
608,79,6.168873744516243,6.149595748706902
608,80,6.132647482739574,6.137247374079064
608,81,6.147834170433142,6.1449599678471625
608,82,6.1379332835473575,6.114212126062804
608,83,6.13116427497061,6.163697696609952
608,84,6.129909866212476,6.109748187977145
608,85,6.133254813482927,6.127951022035688
608,86,6.1354192798350295,6.168684135320633
608,87,6.1451707256089385,6.132594833668876
608,88,6.123495189455314,6.140224346561382
608,89,6.1523396349212955,6.123590181811621
608,90,6.098635436483593,6.15565534683211
608,91,6.112487528660677,6.114970277583485
608,92,6.168489029380629,6.130801402832346
608,93,6.153492807087279,6.12994399639789
608,94,6.115768224023572,6.142637326464094
608,95,6.124369921527948,6.148874075982371
608,96,6.135758586769003,6.137836028154918
608,97,6.1237355936590845,6.130313230104343
608,98,6.085652923801039,6.1308324077562
608,99,6.145338904120349,6.122947294154951
608,100,6.142057417460941,6.163790151342494
608,101,6.142943496643594,6.124111457616004
608,102,6.117752156967085,6.142662965042721
608,103,6.149183613163502,6.149038563689966
608,104,6.124373719737041,6.134648329697126
608,105,6.144531108916704,6.094950835629494
608,106,6.096060946364746,6.117161151253064
608,107,6.172765947435608,6.138637978101145
608,108,6.138683663853562,6.142648250576004
608,109,6.152555891742136,6.13516714626394
608,110,6.113540912991078,6.129813992093726
608,111,6.110518218647457,6.112115945049148
608,112,6.137078293066367,6.137439772530273
608,113,6.131517227104117,6.129671490640347
608,114,6.145824083294401,6.153967008513133
608,115,6.147628322381157,6.1288352882915245
608,116,6.132534745004995,6.120699185519459
608,117,6.150582890743135,6.119131238101437
608,118,6.120612644606603,6.125806587255112
608,119,6.138669270761583,6.147739642836254
608,120,6.161934941375409,6.133090390135806
608,121,6.117291567293565,6.160287633379159
608,122,6.118950252508427,6.114850910877604
608,123,6.149894173398776,6.138640234525496
608,124,6.14193087760038,6.127763689313925
608,125,6.15086500706821,6.164719548575295
608,126,6.137143306518695,6.103875136877746
608,127,6.110606730259171,6.117124382363797
608,128,6.110057895787687,6.116650429781753
608,129,6.094433445123826,6.140596607035161
608,130,6.1338780609192565,6.163790151342494
608,131,6.112825127868023,6.145467503902787
608,132,6.159890495083761,6.147787949096762
608,133,6.147378202535736,6.138353231347374
608,134,6.136079322679932,6.132645232847272
608,135,6.155589279385303,6.136907857737126
608,136,6.145825606403961,6.127839055314386
608,137,6.119086880417118,6.1166154953747665
608,138,6.145330676399663,6.120706021700864
608,139,6.153290235790352,6.141225040903835
608,140,6.0876422426679575,6.135838071468115
608,141,6.146295223210464,6.100635847157495
608,142,6.134046587449283,6.157608929696809
608,143,6.155086326350677,6.1270771839119496
608,144,6.127287365552177,6.129215569175768
608,145,6.154585782623439,6.137921482913356
608,146,6.118030992059007,6.154149340423994
608,147,6.128343353472414,6.115025902287963
608,148,6.136815362610134,6.16043990695528
608,149,6.1657099150658645,6.131938236579391
608,150,6.136222419171596,6.134431131397477
608,151,6.122602760142102,6.151668762207762
608,152,6.1505241180058565,6.129934975364365
608,153,6.1346523524294545,6.159101747706407
608,154,6.144181369134422,6.138390743757371
608,155,6.1374339383032215,6.118991469064584
608,156,6.142724739654306,6.136737093384096
608,157,6.114867132860236,6.129488255386671
608,158,6.123806927672103,6.147946933421454
608,159,6.1316087963363275,6.154332463334005
608,160,6.145198388419018,6.143478222501998
608,161,6.112633597761339,6.1449599678471625
608,162,6.131531847383295,6.145765349773269
608,163,6.153884671162424,6.133135228580077
608,164,6.121766988277679,6.108126794864147
608,165,6.113361332384603,6.120564796117575
608,166,6.139562289688045,6.117161151253064
608,167,6.115851422438819,6.111450639692185
608,168,6.1740306181543865,6.134719421923683
608,169,6.127102064195293,6.136207969270951
608,170,6.151982781244676,6.125983420785
608,171,6.1740364986772285,6.117980348899669
608,172,6.101888267971783,6.115647391903437
608,173,6.117743875800228,6.109185290999097
608,174,6.17798263000963,6.162259897888243
608,175,6.104902512589653,6.151615081942106
608,176,6.172374769774529,6.1553843274013005
608,177,6.164600043356066,6.1266488061757105
608,178,6.136611880458097,6.138802297389118
608,179,6.131183135420586,6.138024971303126
608,180,6.163388189551933,6.151801424965061
608,181,6.104084005392799,6.153216969627481
608,182,6.082712403861685,6.126738981856187
608,183,6.1399155367786165,6.122336557993767
608,184,6.111535628340127,6.122370502415346
608,185,6.1128461675195975,6.1419730044689596
608,186,6.124187967292545,6.173707129458158
608,187,6.112706503291372,6.1325964193891815
608,188,6.153969658761965,6.114543490077428
608,189,6.146195414588733,6.113988782982234
608,190,6.146391009951981,6.117980348899669
608,191,6.14283478388373,6.130758085538857
608,192,6.160573962069661,6.121857071631938
608,193,6.126791350403072,6.1294482307528595
608,194,6.111988111788866,6.101702174875119
608,195,6.128860644777711,6.139887456012744
608,196,6.160058615717619,6.127025632482136
608,197,6.125878773249141,6.139821805995774
608,198,6.131693507164113,6.125652671454065
608,199,6.1824695512205015,6.1105136607349095
608,200,6.136249196222921,6.150612442651907
608,201,6.144188094648532,6.144758923309221
608,202,6.177292274359566,6.121652538434831
608,203,6.128472075738,6.1381156270689035
608,204,6.117074776184706,6.139444342597134
608,205,6.136385446266561,6.145199407090198
608,206,6.145555638176722,6.13935404600753
608,207,6.152551933847816,6.142001944533627
608,208,6.132702521820596,6.11489507968793
608,209,6.140183434159566,6.131946875235889
608,210,6.111174732370942,6.136327440572777
608,211,6.160086785016339,6.088185884427574
608,212,6.152322866211927,6.1092541088923875
608,213,6.148034371936789,6.135854204820804
608,214,6.13395980653555,6.096689950797106
608,215,6.162623274465774,6.110420080524191
608,216,6.120775737555938,6.152432361829325
608,217,6.139826794699761,6.134943704949387
608,218,6.1464691435594165,6.124422542086904
608,219,6.1442081039560135,6.153661226532578
608,220,6.118525260763193,6.157328428542017
608,221,6.112304383504054,6.18226272993558
608,222,6.145281282094056,6.138718651596206
608,223,6.139005799019389,6.12548921481439
608,224,6.164232411230923,6.143799881201447
608,225,6.087245102955062,6.132176751112713
608,226,6.10813368563232,6.110052727200439
608,227,6.181257998749538,6.142553488291152
608,228,6.159598787492914,6.128712406768362
608,229,6.126301802147053,6.137071413037477
608,230,6.147041542668402,6.13973792090582
608,231,6.159358248337936,6.148786344729577
608,232,6.146054101050862,6.137435772321018
608,233,6.141453617972938,6.112322761962321
608,234,6.137247100385005,6.137627704278444
608,235,6.131413675661568,6.0983261662990484
608,236,6.156879831493219,6.102637882488155
608,237,6.144225303357752,6.138850011747921
608,238,6.140173893142127,6.113610334152738
608,239,6.130376508870662,6.124387669472306
608,240,6.173840543256138,6.132932348591671
608,241,6.129675227994206,6.101647474155926
608,242,6.140029602509011,6.141596650712146
608,243,6.138210922947605,6.124701097803342
608,244,6.134737996559723,6.122054368511703
608,245,6.138588145789675,6.163393645503393
608,246,6.145619057741699,6.129934975364365
608,247,6.140889951651962,6.14133565906494
608,248,6.171434701594171,6.127763689313925
608,249,6.161090516558456,6.131945494638515
608,250,6.125829425458862,6.13973792090582
608,251,6.16092448522148,6.1166154953747665
608,252,6.141674447181834,6.118410636980438
608,253,6.141218627815256,6.142992812857735
608,254,6.1254002358665325,6.121878634875321
608,255,6.151678315609943,6.135678854878064
608,256,6.138878387888068,6.114564181483072
608,257,6.134633918823132,6.132423473176182
608,258,6.123787849284377,6.115733272544086
608,259,6.14907515317625,6.1102890934418514
608,260,6.155718713326299,6.137130210568651
608,261,6.133455582434476,6.133517980710053
608,262,6.152634895914397,6.133979047607326
608,263,6.159965303806526,6.151668762207762
608,264,6.145402291819627,6.1406835248724105
608,265,6.149310670233212,6.131495427213494
608,266,6.138568795357815,6.151985902867466
608,267,6.162292634552823,6.1308324077562
608,268,6.144576332573011,6.124820467477499
608,269,6.144058362113635,6.129809729913472
608,270,6.136265341127755,6.102582537339642
608,271,6.144330887284968,6.107125468859414
608,272,6.119976543963812,6.106582599299037
608,273,6.128109980555218,6.1454971998799435
608,274,6.1685186344674054,6.154922763312745
608,275,6.1114686899703745,6.115647391903437
608,276,6.159630860842016,6.113839262071094
608,277,6.163674250142441,6.1182460089729815
608,278,6.1419498542284865,6.151020655732709
608,279,6.147499993779662,6.112322761962321
608,280,6.119365967601821,6.145384784687776
608,281,6.137350593932275,6.114836540037056
608,282,6.111592236380868,6.127871803615014
608,283,6.149178739328352,6.132814166201742
608,284,6.148714058000607,6.134431131397477
608,285,6.129426670516891,6.169809518078123
608,286,6.113798545343635,6.137435772321018
608,287,6.176952191663767,6.114730670392296
608,288,6.1594084916850615,6.140959378683366
608,289,6.10231472143076,6.159538469295987
608,290,6.108469970112661,6.168053319485465
608,291,6.113919742775741,6.135270597279507
608,292,6.164742930613739,6.137449153898202
608,293,6.177762383880284,6.132121695970473
608,294,6.167154502516895,6.130610852781228
608,295,6.141704290406508,6.149852923253766
608,296,6.133813412150495,6.119199165875731
608,297,6.1310334086479275,6.098520673156497
608,298,6.11944511915861,6.1591679963231964
608,299,6.143968778782744,6.111984909330386
608,300,6.122998711742315,6.121288739851006
608,301,6.210557996721026,6.121709588700769
608,302,6.13503935209277,6.145709048199338
608,303,6.153255355307629,6.151159999393542
608,304,6.099297116524091,6.128712406768362
608,305,6.14326945104073,6.114476942212109
608,306,6.138925119503012,6.146753177370157
608,307,6.12724501562125,6.133363938939584
608,308,6.1515744541469255,6.125219476284472
608,309,6.081059389855056,6.109185290999097
608,310,6.1720983886469165,6.154922763312745
608,311,6.1756337505880685,6.114476942212109
608,312,6.118813268862592,6.133943699598144
608,313,6.1102783479179985,6.139776725236547
608,314,6.134564512463989,6.173140734451259
608,315,6.126723595869481,6.142001944533627
608,316,6.1498318377362216,6.111782980615026
608,317,6.144568401882923,6.115767138502179
608,318,6.149799068598153,6.118925255006913
608,319,6.131716919573015,6.170008558075968
608,320,6.1712954561360895,6.1482195705932705
608,321,6.078339099645856,6.124904591564675
608,322,6.126699548520754,6.152597596489714
608,323,6.1202777084065,6.135100179143711
608,324,6.1261910610040875,6.139041454371504
608,325,6.147493046098181,6.139866197019892
608,326,6.173655231485801,6.153805649012107
608,327,6.150119873118078,6.137195054138574
608,328,6.146952577177156,6.117562053620984
608,329,6.1488078864970594,6.132121695970473
608,330,6.111079935964125,6.133943699598144
608,331,6.159774405729576,6.119689060261512
608,332,6.149836959555641,6.133882989182426
608,333,6.132291208861826,6.140189478247569
608,334,6.128280530722129,6.130685668711129
608,335,6.1595818318084214,6.136561229088595
608,336,6.137980725377298,6.140610781326992
608,337,6.14243751843082,6.133051966647164
608,338,6.142435502560871,6.125502975848983
608,339,6.137379824871678,6.134514725335114
608,340,6.137263912152645,6.172303565125465
608,341,6.100797618340733,6.1495778881487055
608,342,6.161849445045033,6.163393645503393
608,343,6.155379604419703,6.139391127038531
608,344,6.128285021327392,6.11681574188782
608,345,6.135874560800871,6.141729170370328
608,346,6.1481949111600285,6.134830645022865
608,347,6.161394327325678,6.11787834504581
608,348,6.171285735311048,6.1182460089729815
608,349,6.103335177380436,6.126874479110329
608,350,6.177980553557193,6.133596187451311
608,351,6.171604306391663,6.129215569175768
608,352,6.1395490057356845,6.170042990770459
608,353,6.129549230861078,6.151801424965061
608,354,6.110897903711042,6.1445871540024335
608,355,6.147663898481571,6.112834060662312
608,356,6.139648045412679,6.113756491293532
608,357,6.137932970358526,6.139681303608014
608,358,6.143285728433594,6.13739474426952
608,359,6.172700078546694,6.1450188333251745
608,360,6.147376861338936,6.140019663024784
608,361,6.172664406243283,6.12458361244701
608,362,6.141316619265697,6.1458844932130186
608,363,6.157296555988203,6.146277592970088
608,364,6.129354373973792,6.107490429891913
608,365,6.092521293936406,6.152414230979144
608,366,6.148308635895609,6.154682060525218
608,367,6.173460195485888,6.135838071468115
608,368,6.148227749721042,6.135678854878064
608,369,6.145835354473853,6.135678854878064
608,370,6.13864536035507,6.141596650712146
608,371,6.0830891130918525,6.1486965803685765
608,372,6.141975725701689,6.109977065943882
608,373,6.1631300319121065,6.115550832336457
608,374,6.12949062357043,6.118925255006913
608,375,6.159783325418972,6.12524277321803
608,376,6.1322469493406775,6.131114450140241
608,377,6.189599312132887,6.106593130698987
608,378,6.120909515519117,6.1133547326537965
608,379,6.124266930649595,6.134600815811358
608,380,6.152248081907363,6.136613739666746
608,381,6.150253387125872,6.110509153713519
608,382,6.1432347339628866,6.110934066871798
608,383,6.1207622790776375,6.147840633446652
608,384,6.150899314067304,6.153330130770434
608,385,6.139155733683705,6.150270601899568
608,386,6.113139181575957,6.115915623995203
608,387,6.126472665821072,6.129921107625509
608,388,6.156775122089092,6.111570426648979
608,389,6.111927677078084,6.107051079964905
608,390,6.145320547410489,6.122775096005051
608,391,6.102471366006326,6.130098760514049
608,392,6.173507770924675,6.124928486729074
608,393,6.145190303731758,6.148378807847329
608,394,6.157552996691078,6.163790151342494
608,395,6.140121007671202,6.131030825577343
608,396,6.10102594589398,6.158314354921117
608,397,6.16015198073247,6.119860571425588
608,398,6.13544835281775,6.142766657360356
608,399,6.1325295660099925,6.135270597279507
608,400,6.107647127557644,6.144567220947445
608,401,6.163610173934862,6.1486965803685765
608,402,6.146989024573649,6.11219027185188
608,403,6.144120593161694,6.130244569989855
608,404,6.10110924791526,6.141898742983658
608,405,6.13127730236113,6.130629453825522
608,406,6.1438355730544,6.112115945049148
608,407,6.136469793902093,6.138802297389118
608,408,6.113853674008425,6.128460241680715
608,409,6.144809476316754,6.113351853289451
608,410,6.154362659206338,6.104651879245304
608,411,6.1368378306143905,6.127078164168947
608,412,6.159943801112197,6.131938867177414
608,413,6.132116456245626,6.153179524543044
608,414,6.103796130210107,6.141722913468286
608,415,6.138224168982736,6.11219027185188
608,416,6.151665140013638,6.166108279952516
608,417,6.125157058550347,6.13787766414458
608,418,6.141577287990263,6.151668762207762
608,419,6.116891711305436,6.1380519056770035
608,420,6.130640056064512,6.1577889422985725
608,421,6.112408574002299,6.108956119127591
608,422,6.170573655692662,6.147479608493826
608,423,6.125211064118298,6.144839678610595
608,424,6.174368003457683,6.108608637235932
608,425,6.1503954306210655,6.113351853289451
608,426,6.148097450773051,6.1476428825623906
608,427,6.12872662612791,6.141435251459089
608,428,6.181120087776042,6.124943068937585
608,429,6.136413476545066,6.1673582983988595
608,430,6.125751802486568,6.133040752321313
608,431,6.146406270305558,6.152085288291722
608,432,6.167372071328288,6.123574326319277
608,433,6.160054786553777,6.136160673729144
608,434,6.16660993235349,6.100650838765565
608,435,6.149772745860591,6.129329279739513
608,436,6.13595823637317,6.136213763549093
608,437,6.168435058903357,6.114739097010016
608,438,6.1410633308616225,6.142615710014835
608,439,6.142014416407187,6.141577363581653
608,440,6.156198382662915,6.153216969627481
608,441,6.166224202523049,6.121518447733681
608,442,6.153003211489306,6.150810972579095
608,443,6.128067420434969,6.126738981856187
608,444,6.154094067723351,6.1452531207900964
608,445,6.126701883706078,6.113438755251402
608,446,6.130534609918113,6.10566774036855
608,447,6.166291722760115,6.152380381883394
608,448,6.164879213834467,6.125252105497792
608,449,6.150976239030106,6.13063701031426
608,450,6.138587519176746,6.122771696132242
608,451,6.114223965741281,6.129488255386671
608,452,6.16239404151128,6.148962439881893
608,453,6.15374959642586,6.133127050866415
608,454,6.1252044843224525,6.153405312670133
608,455,6.116892409553815,6.147652686215407
608,456,6.115108724102375,6.108867944453188
608,457,6.143688684958375,6.140806664243142
608,458,6.136428382422517,6.135386212873659
608,459,6.146693579877355,6.112024179777254
608,460,6.125444201718266,6.096429483792272
608,461,6.143467089126515,6.142478611115736
608,462,6.144189924433628,6.142529476796027
608,463,6.149719283608145,6.109748187977145
608,464,6.148057266154156,6.126900032656796
608,465,6.141439065912699,6.137921482913356
608,466,6.0965391329763605,6.128855583346951
608,467,6.133640096146416,6.117689850958259
608,468,6.126552025714447,6.123887796194652
608,469,6.154256129023378,6.097671478652592
608,470,6.109496508211828,6.087803118801597
608,471,6.1281629047427,6.129344227860971
608,472,6.148217545529887,6.138451092577746
608,473,6.1497877783679105,6.133051966647164
608,474,6.144661367106699,6.153033353926046
608,475,6.161624355639809,6.143965661143754
608,476,6.0765804486501604,6.133882989182426
608,477,6.1430861773507495,6.115365244299377
608,478,6.132723011970468,6.168684135320633
608,479,6.1438192173611155,6.134636116500132
608,480,6.146304448296782,6.129060821374474
608,481,6.14566172704658,6.110420080524191
608,482,6.1209677510276785,6.149728309036252
608,483,6.13830716483729,6.127404386032368
608,484,6.1548674809054225,6.102737034196139
608,485,6.146604891898824,6.145199407090198
608,486,6.185812061212132,6.13787766414458
608,487,6.156906068775178,6.1182207666228345
608,488,6.1360504655457175,6.1575850410445545
608,489,6.138012995814424,6.153010059788799
608,490,6.141674628790084,6.111163648363203
608,491,6.145350989266979,6.133478718283775
608,492,6.150735661801812,6.136788226275378
608,493,6.109692245537537,6.128162259398264
608,494,6.143932241484861,6.115846043652574
608,495,6.097563863572462,6.1449768749349545
608,496,6.162863575958693,6.1418641243859495
608,497,6.15852772249146,6.102964131475267
608,498,6.124076877924275,6.133040752321313
608,499,6.1706360393039645,6.107125468859414
663,0,6.172865270722635,6.140438322568256
663,1,6.137976119161966,6.161202373468425
663,2,6.134390542898054,6.140684042301037
663,3,6.144476565934023,6.149961622452456
663,4,6.14374761773141,6.1406648805189255
663,5,6.117903078110423,6.143930201917966
663,6,6.15216074816061,6.134245462487591
663,7,6.162113641815751,6.1505184262155765
663,8,6.127178726408749,6.1389186669497695
663,9,6.13421916935817,6.132974422864305
663,10,6.130198172684095,6.14511654754092
663,11,6.1476470678362425,6.146802179906348
663,12,6.135268056184642,6.157517063085995
663,13,6.140148904963624,6.120295583685576
663,14,6.123288186550454,6.13278243379033
663,15,6.150817193801524,6.136672777474425
663,16,6.120596202429366,6.144063232185695
663,17,6.123449431760266,6.140236767292984
663,18,6.123712798266046,6.179014200889377
663,19,6.14847684363629,6.144955026896006
663,20,6.154054912284161,6.146243755783207
663,21,6.169683189788622,6.151898537432726
663,22,6.151692245472551,6.173716838647134
663,23,6.173274721003052,6.137722507223196
663,24,6.117621712683143,6.157525001463039
663,25,6.137669390011976,6.151838311887232
663,26,6.15138415155998,6.180127386020378
663,27,6.1090271731686085,6.110760689696951
663,28,6.135178214055977,6.166858209205154
663,29,6.12618367701585,6.158782139925758
663,30,6.153952226849382,6.181725069904341
663,31,6.139070610547995,6.1483320584439545
663,32,6.170225449412195,6.123599987918915
663,33,6.141049135958898,6.17441712519939
663,34,6.155310696556524,6.150032994303021
663,35,6.1305384786580746,6.132714102881079
663,36,6.124226348103861,6.124916329658892
663,37,6.155431272055351,6.114717708932627
663,38,6.11907831659676,6.140088369232764
663,39,6.126876381042091,6.11744767650173
663,40,6.170774390367847,6.151989225022948
663,41,6.117005604868892,6.123384026214976
663,42,6.112110485133583,6.171342316541426
663,43,6.144817198078779,6.135128709695365
663,44,6.146600716147045,6.138395465190426
663,45,6.107527409166347,6.161527030598895
663,46,6.13929605557219,6.124198782092298
663,47,6.138149769483647,6.127132350385736
663,48,6.134394965657708,6.130842980373601
663,49,6.180438551124345,6.136924431066897
663,50,6.138514311208792,6.124033741275963
663,51,6.148977042748019,6.127860639607011
663,52,6.147484412014247,6.133017122504291
663,53,6.115983007654424,6.144351983465108
663,54,6.161010421659073,6.152770877063193
663,55,6.132557308785401,6.140088369232764
663,56,6.1411141829690425,6.139211940854562
663,57,6.139733320009922,6.141324910660448
663,58,6.171957268240644,6.159012097472075
663,59,6.137932387432977,6.143369703857305
663,60,6.145079631793703,6.1532692010789365
663,61,6.155114266842153,6.134515650758835
663,62,6.134802052809609,6.156187619382133
663,63,6.143990086009639,6.119988744131799
663,64,6.143320163685418,6.11427306263008
663,65,6.131405239510268,6.140718619711247
663,66,6.1372631350899995,6.133345624841904
663,67,6.1374207087636155,6.165833704742318
663,68,6.1258281710509115,6.151496642800743
663,69,6.167950534511643,6.1435662516004985
663,70,6.141746940965133,6.151547216182997
663,71,6.174880296508086,6.134283659025306
663,72,6.138553589262274,6.144210379054762
663,73,6.145175050055869,6.145464246983088
663,74,6.134845583059336,6.14511654754092
663,75,6.175514633307193,6.166351726368769
663,76,6.1043101800606046,6.132735585412282
663,77,6.143068855244252,6.140273760185284
663,78,6.165520963744233,6.129237486431786
663,79,6.131667290233928,6.18929323336106
663,80,6.1356291303611075,6.158016757981104
663,81,6.116266795888021,6.140956539801169
663,82,6.148803231531954,6.163879195496039
663,83,6.169529182228921,6.106993538115597
663,84,6.146299648748129,6.12941272720358
663,85,6.133867303326005,6.1341228202175735
663,86,6.14389537829703,6.12620229205836
663,87,6.155637718755004,6.139353468015411
663,88,6.095762337617746,6.1389685553396856
663,89,6.147923875011443,6.151183975833527
663,90,6.135149432153678,6.14597496716023
663,91,6.1269942711561,6.136811561324785
663,92,6.144597081317663,6.124647459866093
663,93,6.107380000502137,6.119554232249424
663,94,6.134011264275772,6.151686539722979
663,95,6.150464604349692,6.1232618045974005
663,96,6.134625748351827,6.102589394891205
663,97,6.147141339843969,6.131425952943472
663,98,6.172804796629326,6.1126862743456725
663,99,6.1527015001350875,6.136900943635461
663,100,6.122268450844716,6.1495373064592584
663,101,6.1362585061680495,6.150566276075905
663,102,6.156211068996405,6.166654595887717
663,103,6.154295366599639,6.1821386821413125
663,104,6.130706559494453,6.120967976582278
663,105,6.147900519129052,6.167927692763528
663,106,6.14790105080932,6.151681131670968
663,107,6.147063680223401,6.147742612226308
663,108,6.153117038484034,6.12882701153659
663,109,6.136714297580112,6.1549245478718255
663,110,6.15433925888595,6.128997499002564
663,111,6.140821857340264,6.145099954314298
663,112,6.138659226511047,6.128448111380143
663,113,6.13797152694927,6.148096495379679
663,114,6.147124788330686,6.143185696845308
663,115,6.1523795491021955,6.150252934703945
663,116,6.127248941389913,6.134587723791966
663,117,6.153002151411333,6.149545002511841
663,118,6.175734996904083,6.150129828971398
663,119,6.138778634420052,6.105475583163989
663,120,6.14362338742432,6.106894243229969
663,121,6.153809735166963,6.152619986219021
663,122,6.141277873046226,6.126176187584154
663,123,6.145076025938617,6.169315145683492
663,124,6.111864080994523,6.145349519427141
663,125,6.160557601421303,6.157517063085995
663,126,6.155789020806204,6.110859945745682
663,127,6.143568248573196,6.140438322568256
663,128,6.177132907087543,6.138222561210465
663,129,6.16753701495488,6.142753440321987
663,130,6.137851705502214,6.144397096864689
663,131,6.096385461891301,6.145844154588429
663,132,6.138705477256716,6.1252363168038295
663,133,6.145645636482658,6.126890644816419
663,134,6.160124934153868,6.128765137525471
663,135,6.153759419199741,6.136581147754603
663,136,6.160038180728365,6.154918324180388
663,137,6.155282268291778,6.151183975833527
663,138,6.160124836428094,6.158782139925758
663,139,6.1528583615984775,6.1583597604862605
663,140,6.129613728961694,6.157140357038503
663,141,6.136335010321862,6.138293859441003
663,142,6.1459245735221675,6.137299468204828
663,143,6.142747347885879,6.156351280806294
663,144,6.163543996250221,6.14465711882452
663,145,6.154979436707348,6.133004818270021
663,146,6.148555814540056,6.168278457344119
663,147,6.1246865762998155,6.144981579257162
663,148,6.123284149486619,6.141592270134899
663,149,6.1057855637204,6.1377462033564365
663,150,6.138774856672388,6.129448072967188
663,151,6.146165777648973,6.12004082390518
663,152,6.106814508128185,6.129227863610394
663,153,6.126596331335909,6.120919607385113
663,154,6.120785049982117,6.150964096409974
663,155,6.131576948167128,6.114722755070919
663,156,6.13583072983577,6.140246321670785
663,157,6.147442413326566,6.14395210397872
663,158,6.134289454231866,6.151250806268429
663,159,6.130162640851706,6.1131418221014275
663,160,6.140104878293384,6.137577464859795
663,161,6.147725392572042,6.147742612226308
663,162,6.103263289172418,6.143850078200044
663,163,6.142643404945106,6.148422730630338
663,164,6.172948488826802,6.122315260762657
663,165,6.154799878123305,6.151323086937501
663,166,6.134651607367928,6.136542165281423
663,167,6.142558567623356,6.113592421725611
663,168,6.1668477837158635,6.110223491663578
663,169,6.1519928713675185,6.15842336905757
663,170,6.146946717302929,6.125955106747096
663,171,6.130104443098167,6.137577464859795
663,172,6.157429288783464,6.167997254271525
663,173,6.145225426569537,6.163124147892414
663,174,6.104187358041777,6.126448198898573
663,175,6.158490780547928,6.171636995245062
663,176,6.141563650548297,6.145248832645426
663,177,6.153312323492118,6.132714102881079
663,178,6.1456551941567525,6.147034118781127
663,179,6.1605583229745475,6.144474724402391
663,180,6.167734164059964,6.134659899595602
663,181,6.164193021459575,6.150962400797683
663,182,6.126771523034312,6.13604287693857
663,183,6.1396992437506706,6.156173471244949
663,184,6.106017195207348,6.137608619053482
663,185,6.119728385331225,6.158176084844744
663,186,6.161530807382932,6.132060298461464
663,187,6.158272774787497,6.148161764562048
663,188,6.131888923179292,6.136384931288517
663,189,6.148336329790873,6.131360677031613
663,190,6.121492879513761,6.125985652595297
663,191,6.16868523071966,6.151594920437447
663,192,6.142286528292505,6.145447228700595
663,193,6.155160709760094,6.114722755070919
663,194,6.134208472097259,6.143359543953673
663,195,6.154760536956772,6.155201877268058
663,196,6.168003971919017,6.1252363168038295
663,197,6.124254664505499,6.155605559903023
663,198,6.1317635252007285,6.097536117252412
663,199,6.151515762736267,6.1385360142824785
663,200,6.131697166412423,6.156173471244949
663,201,6.137221869160074,6.152770877063193
663,202,6.174368766071248,6.156080230584284
663,203,6.165934700453852,6.143851889294379
663,204,6.107929390880916,6.148248716454041
663,205,6.184323542426793,6.140051780607293
663,206,6.156467171792588,6.145828312720176
663,207,6.121650354980508,6.131789177118831
663,208,6.162129631409651,6.158045665311282
663,209,6.1445289966411964,6.118713120369455
663,210,6.1518731732103085,6.145447228700595
663,211,6.1383578657861575,6.106894243229969
663,212,6.190785958964744,6.152551797904866
663,213,6.142129015818305,6.142930962376603
663,214,6.163733059634799,6.1479432561905405
663,215,6.128624953042793,6.1694226945265624
663,216,6.124075542756175,6.136249080739451
663,217,6.130449697977477,6.150215771014905
663,218,6.1556282801105295,6.139977353420202
663,219,6.1565286011179445,6.147262406189918
663,220,6.134222957409374,6.138222561210465
663,221,6.153674531786137,6.137074723276688
663,222,6.131045024139209,6.137718443249548
663,223,6.128885598867096,6.118915580453652
663,224,6.162765830208497,6.149883900901868
663,225,6.144842042074837,6.135286611054426
663,226,6.122846315059058,6.178623912489905
663,227,6.115822582129984,6.168731820540356
663,228,6.168389137133081,6.156025342072205
663,229,6.174243273419735,6.16479206080754
663,230,6.136238027511157,6.151268606955172
663,231,6.124079718511553,6.126176187584154
663,232,6.127645290429296,6.136811561324785
663,233,6.148921054005019,6.169394156895982
663,234,6.1458031404826485,6.154032072638242
663,235,6.170945814150221,6.134587723791966
663,236,6.145492628154031,6.158744310821708
663,237,6.153686079031001,6.173365593916782
663,238,6.149260369513774,6.12283211780011
663,239,6.134758341960859,6.115926358224075
663,240,6.149291960728898,6.127820826573444
663,241,6.1469209237091444,6.097284775351965
663,242,6.160988223413442,6.125872813082051
663,243,6.139704512055805,6.147219676569245
663,244,6.160009914086973,6.1349864655647774
663,245,6.136348805037248,6.12435143222999
663,246,6.153334957647266,6.126558403056165
663,247,6.122885212796461,6.1574399559524595
663,248,6.1388364561269855,6.151189272135263
663,249,6.122726490222846,6.1512550725989925
663,250,6.144405695074391,6.1412203626820725
663,251,6.16580992056345,6.163180201792549
663,252,6.149258057901835,6.139929908822686
663,253,6.148098614952877,6.139816632525111
663,254,6.1238582055811905,6.146361637111661
663,255,6.1369142552347595,6.13600473782122
663,256,6.155728251679752,6.132291212110879
663,257,6.127757764281651,6.141464129471394
663,258,6.1597108932914155,6.11550038842928
663,259,6.163575281545732,6.134515650758835
663,260,6.129819029428779,6.143587855928767
663,261,6.138137571051125,6.128382769602525
663,262,6.143599184071214,6.154681860325821
663,263,6.145572694862816,6.1344568277868
663,264,6.140430353693819,6.136563581321089
663,265,6.146453411377215,6.120892842911104
663,266,6.100786206479335,6.155605559903023
663,267,6.187010699136407,6.141138624291267
663,268,6.1364957579519706,6.139694535942261
663,269,6.138949897356839,6.143850078200044
663,270,6.125533033648547,6.157140357038503
663,271,6.1408247581605835,6.1231349800808434
663,272,6.1669628773278085,6.146243755783207
663,273,6.179300149314792,6.143678395230079
663,274,6.1341130418508305,6.141950663484439
663,275,6.114486514983821,6.126448198898573
663,276,6.141398977944027,6.141733672163145
663,277,6.141443199751313,6.152477624831119
663,278,6.151231456681938,6.124916329658892
663,279,6.145309756095416,6.163333908361044
663,280,6.120800232157465,6.137328410673162
663,281,6.155201181287869,6.163287252290968
663,282,6.1305291907258646,6.150272179596141
663,283,6.124415056468725,6.1571608333570325
663,284,6.140113319894002,6.124933317782017
663,285,6.094477363229361,6.134068859126595
663,286,6.145335699452127,6.152321737838208
663,287,6.160466397000356,6.144720270418234
663,288,6.1624055160278495,6.116150491954755
663,289,6.174286308639665,6.127680669880709
663,290,6.158913757233719,6.118329351516961
663,291,6.10552004371706,6.1496592577952525
663,292,6.141892155022718,6.1455335227254455
663,293,6.133231565128456,6.12683455139542
663,294,6.137699401717653,6.127724605860194
663,295,6.165792482163001,6.114857692077242
663,296,6.155786204907497,6.145828312720176
663,297,6.13702393084291,6.1267872487972115
663,298,6.166435076705786,6.145003799967065
663,299,6.157509774052025,6.137746814018923
663,300,6.142748080407179,6.155662564267664
663,301,6.142058717872757,6.154221345922497
663,302,6.135492692801162,6.145897144591495
663,303,6.173839976240987,6.14049637495066
663,304,6.149228694132859,6.110866558749633
663,305,6.120621981918374,6.144063232185695
663,306,6.174366119918457,6.114599293648118
663,307,6.108975189165123,6.146384609873175
663,308,6.132668550869399,6.150809740188365
663,309,6.142338799856021,6.131010517765683
663,310,6.119720688279004,6.131249207599034
663,311,6.168948413495083,6.158836593781302
663,312,6.148938768536828,6.1404006405079254
663,313,6.167267811175615,6.185612776986844
663,314,6.128114343147534,6.152416986981614
663,315,6.180190023941746,6.165745399166725
663,316,6.1263283906658454,6.140635102284526
663,317,6.158624570077043,6.161952218749059
663,318,6.12916704269559,6.146367486483904
663,319,6.120405859559168,6.127018192325441
663,320,6.1434506925735874,6.142580184274564
663,321,6.147043323062542,6.157424750327516
663,322,6.164839502164883,6.163817388158669
663,323,6.15483963843887,6.1077100735263965
663,324,6.154152158615545,6.154734843767984
663,325,6.160882616557089,6.156752833025436
663,326,6.174774529857533,6.138910290287403
663,327,6.160636873128981,6.126138303664238
663,328,6.164824682583694,6.147517824208613
663,329,6.128264660036606,6.136067967101185
663,330,6.129256427305062,6.139687964994085
663,331,6.145651873712821,6.144351983465108
663,332,6.1874760860477105,6.1395731410237255
663,333,6.139553764960965,6.140718619711247
663,334,6.110639685175379,6.129923317373991
663,335,6.131075876477532,6.117521528815428
663,336,6.122010056861557,6.169771250474399
663,337,6.143790425261645,6.1694226945265624
663,338,6.114607606709844,6.137577464859795
663,339,6.137330703298453,6.138222561210465
663,340,6.138718736096373,6.144250063436583
663,341,6.159610823691943,6.128043807886506
663,342,6.146449983600922,6.110132010034193
663,343,6.142583933430806,6.145828312720176
663,344,6.134399233628734,6.117681327790659
663,345,6.176705302219348,6.141961503286659
663,346,6.118160796081999,6.138956929302826
663,347,6.139168923993468,6.125074801158215
663,348,6.094448718965642,6.158140581036509
663,349,6.120915291399344,6.144202413904371
663,350,6.14088318614304,6.131645215467818
663,351,6.16139016752049,6.134236994514307
663,352,6.135175860353949,6.137319589380102
663,353,6.138169499032148,6.129500172959716
663,354,6.162306249027244,6.138535216341696
663,355,6.126451437094444,6.131638116646261
663,356,6.145001018340585,6.1343896536105245
663,357,6.138698061163363,6.126637255591364
663,358,6.1693807646734875,6.1616509115540525
663,359,6.163809379248755,6.146367486483904
663,360,6.1370658331343115,6.117714334646619
663,361,6.146499365401476,6.153348540929249
663,362,6.102756328688618,6.1401956897611605
663,363,6.124628921710615,6.16397865346229
663,364,6.159061933912992,6.129129659859613
663,365,6.148296313069667,6.117314892099976
663,366,6.164531419046041,6.165833704742318
663,367,6.167099736799442,6.1241575617914545
663,368,6.167211231298327,6.155469238267441
663,369,6.150486619050953,6.128950286691322
663,370,6.119974221902715,6.175178711483489
663,371,6.146925761713699,6.154485427764192
663,372,6.106062243417884,6.132924710405688
663,373,6.128112696122762,6.103618517268762
663,374,6.094187459146355,6.147566852447101
663,375,6.1513853349844965,6.150155080981133
663,376,6.15570139703803,6.148311323403196
663,377,6.144838228100517,6.128360974292568
663,378,6.149908821917018,6.134746938234387
663,379,6.1512657995358895,6.16859119623953
663,380,6.140697093026672,6.135018627137942
663,381,6.14516847838523,6.152503524291624
663,382,6.150220430997814,6.142293866814931
663,383,6.131960694037412,6.147774342054722
663,384,6.135434138979877,6.165723344165025
663,385,6.112068497808271,6.157534803489423
663,386,6.159617652320323,6.151323086937501
663,387,6.135584127639796,6.147366015367216
663,388,6.144502093384467,6.136424743379788
663,389,6.1507346538633785,6.120162551810974
663,390,6.15152974193016,6.139029866357637
663,391,6.123008445980258,6.14275575440632
663,392,6.161913560023165,6.148161764562048
663,393,6.1734244798672195,6.1353416365363875
663,394,6.136428433252876,6.129089090321251
663,395,6.164569304506498,6.133113801369808
663,396,6.134031870508492,6.1471667670282075
663,397,6.124415075500145,6.150778256445643
663,398,6.1419546441830795,6.170012723584547
663,399,6.126075730978495,6.146145472313504
663,400,6.141035127249039,6.1553118917173695
663,401,6.085805711133067,6.144937288729354
663,402,6.13491023272949,6.155662564267664
663,403,6.146802729278571,6.151574089011015
663,404,6.144758324401453,6.131723984144788
663,405,6.097826484577602,6.128997499002564
663,406,6.113046846014466,6.142745383819937
663,407,6.115833011168664,6.158815742237184
663,408,6.167929923006179,6.152796582911032
663,409,6.172690318315375,6.155605559903023
663,410,6.141389150932979,6.1438983061097066
663,411,6.160475937388032,6.117001339602809
663,412,6.1524794900988855,6.142718437553982
663,413,6.176593070004266,6.148248716454041
663,414,6.152776702535043,6.133113801369808
663,415,6.150098430794141,6.149786893626916
663,416,6.17027473504044,6.143995054285151
663,417,6.119063872564733,6.1549245478718255
663,418,6.134064043741019,6.139816632525111
663,419,6.102184930619509,6.156398367247641
663,420,6.137095931766782,6.165614330672228
663,421,6.176443049574403,6.166607842447896
663,422,6.139074648665562,6.146285707246035
663,423,6.141580858239372,6.153897354715033
663,424,6.13190552107075,6.151092801714037
663,425,6.147222524085036,6.149786893626916
663,426,6.167862066422907,6.134236994514307
663,427,6.191293223459724,6.136202794380233
663,428,6.172751428803759,6.16148144528618
663,429,6.144334685018888,6.146573546092301
663,430,6.148901174276347,6.170672760881483
663,431,6.132717646144581,6.144202413904371
663,432,6.095628012799419,6.159406905341235
663,433,6.128978016831592,6.134202284708582
663,434,6.096028144967438,6.137962600598863
663,435,6.164482123561991,6.120580449515466
663,436,6.1428399343413,6.169515471286543
663,437,6.135485457183385,6.151496642800743
663,438,6.125752558155314,6.157883229728188
663,439,6.156861334995649,6.159944378000683
663,440,6.157942839914741,6.113592421725611
663,441,6.1098173193267025,6.153412431335333
663,442,6.128121063164301,6.140194839198227
663,443,6.138253471160025,6.149643050073486
663,444,6.144502383038985,6.17408859871839
663,445,6.1363440139323675,6.137328410673162
663,446,6.156436651822246,6.145884887570157
663,447,6.13806735544039,6.180127386020378
663,448,6.189381324237928,6.1652232948814225
663,449,6.120330611542748,6.161357639658678
663,450,6.149774255361497,6.143995054285151
663,451,6.152106093014284,6.120010613746896
663,452,6.132917375979501,6.160568184564905
663,453,6.171516362516169,6.131405700342259
663,454,6.142964798347606,6.155667656173977
663,455,6.142113985954339,6.166607842447896
663,456,6.139923985971032,6.139994874005959
663,457,6.155138571481622,6.150965447208858
663,458,6.152931476030618,6.154226261899959
663,459,6.123871033457732,6.145447228700595
663,460,6.137582129687333,6.175646781869646
663,461,6.110628360337407,6.131789177118831
663,462,6.148101792129053,6.146367486483904
663,463,6.140629830892078,6.151515997406205
663,464,6.15535833171239,6.109748628094216
663,465,6.161467094075587,6.122631237935149
663,466,6.156035722855548,6.132997944476515
663,467,6.128480768804341,6.154032072638242
663,468,6.111826695008595,6.137962600598863
663,469,6.16442847680724,6.155486058046296
663,470,6.152852852486388,6.13018121039311
663,471,6.135037257829021,6.131010517765683
663,472,6.162255414225138,6.166654595887717
663,473,6.146591531256146,6.124461432968479
663,474,6.163211429034703,6.143587855928767
663,475,6.14920229889514,6.1175461126417465
663,476,6.176253315620949,6.117962950202246
663,477,6.167552344514853,6.133346887275992
663,478,6.140247075854,6.1620846245856065
663,479,6.1683908515136014,6.14932900639375
663,480,6.129587157304521,6.1495373064592584
663,481,6.179763610219464,6.132725029568879
663,482,6.1512092127498414,6.151967797831232
663,483,6.108966953515803,6.190199978955678
663,484,6.148224769553594,6.158371904940619
663,485,6.157505182855927,6.154032072638242
663,486,6.155855094127403,6.139595448392523
663,487,6.163995061615473,6.141464129471394
663,488,6.135361262961068,6.153937905037314
663,489,6.163618798290448,6.149613417489527
663,490,6.149674974827691,6.128966214097808
663,491,6.123656340124709,6.157963040587395
663,492,6.123660456244507,6.157356429792816
663,493,6.116951305830992,6.137714556578484
663,494,6.125275567109625,6.158140581036509
663,495,6.130506428988905,6.155507097224287
663,496,6.152184576888176,6.124309483782058
663,497,6.148196760431678,6.1569236128747615
663,498,6.165005765376655,6.139977353420202
663,499,6.142787039093471,6.166654595887717
718,0,6.122287773098805,6.130811304298875
718,1,6.10287086938724,6.1372135561889305
718,2,6.156372735257256,6.161598626317398
718,3,6.146813517829504,6.154875972041089
718,4,6.140964969688547,6.163519296185117
718,5,6.137265453761435,6.131387128971174
718,6,6.1534152601794965,6.142791563680372
718,7,6.141367367916652,6.144532730445215
718,8,6.130755858236373,6.13035378793726
718,9,6.1410244018018245,6.137680246612161
718,10,6.163707163227414,6.147330563990773
718,11,6.117100048668131,6.138161609777732
718,12,6.152408383335148,6.154372683155763
718,13,6.12437961798412,6.149855463753278
718,14,6.158764457142851,6.147438469902595
718,15,6.159705345776472,6.166750412102764
718,16,6.139462778615854,6.138323868159956
718,17,6.147421204263448,6.152036840616939
718,18,6.175881461134739,6.151616788189483
718,19,6.129267251533933,6.114647125701443
718,20,6.15791409211381,6.1190343226114585
718,21,6.15866117858679,6.151204244366591
718,22,6.1452266393153,6.142379587813384
718,23,6.13547307791347,6.1387963056983335
718,24,6.1612521575739185,6.151375632977508
718,25,6.14596648668275,6.112290905405654
718,26,6.1479064771296725,6.117376148626242
718,27,6.1369549144832805,6.12925058662127
718,28,6.132851484254484,6.133218932376403
718,29,6.121352449963504,6.14447001026186
718,30,6.1502966260262095,6.155737699837828
718,31,6.140758736748647,6.144290568552047
718,32,6.126665711312415,6.145499245576743
718,33,6.1546273716766,6.124183405017967
718,34,6.155983671737886,6.169453198517663
718,35,6.14974120855939,6.129595729939719
718,36,6.146276401751897,6.139637649160239
718,37,6.133085502966037,6.142519181818869
718,38,6.136198067763025,6.157119232367255
718,39,6.153905993521962,6.127619881522737
718,40,6.169774689829252,6.116887269585558
718,41,6.1387346475249,6.175098537977755
718,42,6.177345452312996,6.1304510840741
718,43,6.127787936815338,6.172580778054101
718,44,6.152824291496243,6.160559407967169
718,45,6.157807306339333,6.143954226315157
718,46,6.120626379928261,6.123679318674154
718,47,6.14494246478734,6.121611184487353
718,48,6.11995797776755,6.156020386715365
718,49,6.139691431728893,6.133352322665836
718,50,6.138317809062947,6.166120806985565
718,51,6.188602057598891,6.162527241882481
718,52,6.162376959428281,6.137943110058399
718,53,6.13224002709067,6.142519181818869
718,54,6.131808190608735,6.1436142551706014
718,55,6.099031084540378,6.159553147182065
718,56,6.142918568730822,6.169434719334265
718,57,6.156846424010907,6.1247006785808065
718,58,6.149542801675407,6.165017867629041
718,59,6.1557979997420516,6.113649331338111
718,60,6.11870055942465,6.1403199524645045
718,61,6.14142344678678,6.151180957118172
718,62,6.132653646956622,6.140923486031829
718,63,6.158968900654519,6.16791667953622
718,64,6.1333116525738625,6.138478829003707
718,65,6.123045405804976,6.144596795135034
718,66,6.109634660386876,6.137831180828564
718,67,6.1545104657501275,6.130638452201491
718,68,6.119339024810915,6.1425025847580885
718,69,6.132791256954769,6.144334651600494
718,70,6.14946230930842,6.1304510840741
718,71,6.121268895527933,6.127365616625664
718,72,6.110426650201113,6.148396546864836
718,73,6.1104758688184955,6.155737699837828
718,74,6.163585698886119,6.140664607084616
718,75,6.1281246894286046,6.137063666333601
718,76,6.144198308953691,6.112791015805851
718,77,6.152406768938236,6.15553956556735
718,78,6.129834659930812,6.149266547533154
718,79,6.110531435519628,6.136571147713284
718,80,6.151501180277286,6.147898878704705
718,81,6.14725434725478,6.145392375880204
718,82,6.142986950813705,6.117401307915497
718,83,6.150822332360557,6.156696946570418
718,84,6.160850787173858,6.137959768352592
718,85,6.113774307027545,6.14454566109148
718,86,6.135042862353578,6.127907630259687
718,87,6.160273485962339,6.125473881322806
718,88,6.152303911661643,6.134630061045905
718,89,6.157632308096928,6.129967078207486
718,90,6.139319203842699,6.1420440182989955
718,91,6.1720771100516325,6.141491931405232
718,92,6.134429914123363,6.139245339433258
718,93,6.156146478403524,6.174383191979152
718,94,6.118404741847578,6.128451338602636
718,95,6.165889807014618,6.150598328925604
718,96,6.144325829945035,6.15760886696494
718,97,6.142208310711615,6.120119296614625
718,98,6.124248542009295,6.135310868376377
718,99,6.144822077441798,6.132923840325159
718,100,6.125270823542053,6.1373234730789985
718,101,6.158141368233411,6.1373355859760705
718,102,6.128330003665638,6.13073642940043
718,103,6.124732293676951,6.124189426867016
718,104,6.140219815967125,6.150926171068097
718,105,6.147189395381878,6.156036833428136
718,106,6.110988504308362,6.122070316225146
718,107,6.141724132227927,6.1387963056983335
718,108,6.158749623399605,6.160041752562534
718,109,6.133485249319877,6.140349679423033
718,110,6.135447454083362,6.134381509859596
718,111,6.155098896679948,6.144910298886755
718,112,6.146273676408528,6.149761858134572
718,113,6.145439645697336,6.126382156557444
718,114,6.143789728273756,6.132287065952042
718,115,6.150981752294539,6.132123368605243
718,116,6.137959271892421,6.136572583873922
718,117,6.1365936175134275,6.139369417905776
718,118,6.120243786136298,6.132021787573842
718,119,6.15710137480966,6.138316913472846
718,120,6.149770737903656,6.1224726777976395
718,121,6.165583316019577,6.169095240243446
718,122,6.126643713327599,6.147612885815153
718,123,6.167588603782922,6.143019708274636
718,124,6.139100321757429,6.136555467231421
718,125,6.142910658449888,6.152319120515873
718,126,6.133585063957644,6.152550315964536
718,127,6.148984217689616,6.1604473699310835
718,128,6.131684614255222,6.139480042844016
718,129,6.14514131587727,6.136698630535789
718,130,6.174793346574633,6.1632114916047165
718,131,6.1489531963044355,6.141429420897142
718,132,6.142177830634767,6.1297958159692145
718,133,6.1392825701263956,6.144910298886755
718,134,6.157386669023477,6.146384278776039
718,135,6.132757445208853,6.135805367757268
718,136,6.1360669838945086,6.146704847918656
718,137,6.119267062295046,6.153440973596459
718,138,6.13061491836453,6.133551336002307
718,139,6.151406614695024,6.163025350331391
718,140,6.130105664768617,6.158579799128702
718,141,6.186588302034523,6.14480533041535
718,142,6.144194783271786,6.131030446336835
718,143,6.137361483195571,6.135668737471084
718,144,6.1221339592080275,6.153253839935731
718,145,6.137150078701075,6.114495696750912
718,146,6.1616856953472405,6.13073642940043
718,147,6.118744438957472,6.140143132387104
718,148,6.163404556076918,6.125496471811466
718,149,6.148864603067033,6.137011866316329
718,150,6.116983569335153,6.133652319662609
718,151,6.14167419653203,6.154747395103155
718,152,6.113566911822686,6.160559407967169
718,153,6.128098918260928,6.169453198517663
718,154,6.137157334539757,6.169032429711734
718,155,6.148512050750925,6.1465865014409315
718,156,6.145595346654025,6.1297958159692145
718,157,6.129704494237247,6.117401307915497
718,158,6.142272270946438,6.147880280670693
718,159,6.154760816961845,6.168806333458288
718,160,6.128304462363711,6.170275343218181
718,161,6.150491085106798,6.1567010229537935
718,162,6.162010256176048,6.134193308808431
718,163,6.162230902793929,6.136782420892639
718,164,6.128223505819254,6.1331581047560375
718,165,6.1408988652757985,6.13073642940043
718,166,6.1131472725335225,6.109179869303314
718,167,6.135681780995942,6.141189414095617
718,168,6.161644880732963,6.1433532463513885
718,169,6.144133105013522,6.1425025847580885
718,170,6.167203040094924,6.137847180511211
718,171,6.1395568450267595,6.157457534769038
718,172,6.138784884686005,6.144532730445215
718,173,6.157393795350004,6.148543336028054
718,174,6.124769397233422,6.1454125820474985
718,175,6.15738572436919,6.131022235198947
718,176,6.141334525762077,6.134923357197358
718,177,6.14407787414845,6.168806333458288
718,178,6.139976867274961,6.129238287676876
718,179,6.138184059415337,6.1292705584062785
718,180,6.1322839983427,6.145467818952128
718,181,6.138451898861158,6.124095923279061
718,182,6.155355231524205,6.125066184446182
718,183,6.099707747113403,6.156719016676901
718,184,6.15514550426317,6.148547573826649
718,185,6.157267268604397,6.165556861885559
718,186,6.149482591375158,6.131504254762267
718,187,6.168482663073751,6.128850522536745
718,188,6.14713447828829,6.118624985219368
718,189,6.129739915477633,6.126588785239788
718,190,6.148243294924841,6.150467790530798
718,191,6.123924514653273,6.14228433106575
718,192,6.151198730469163,6.128776256131739
718,193,6.13066603260608,6.127017216790705
718,194,6.135302843224488,6.1188279652022315
718,195,6.161681569442038,6.1427914309005995
718,196,6.118796098173872,6.148543764662112
718,197,6.163243209652195,6.148396546864836
718,198,6.144231293281191,6.0996716931976565
718,199,6.154638001559963,6.144910298886755
718,200,6.115759056756075,6.109392410838527
718,201,6.09234464114739,6.130562707610187
718,202,6.173929538092064,6.150740370588793
718,203,6.151447125316404,6.147422092257865
718,204,6.155228774650594,6.134944288901794
718,205,6.134821212171068,6.137735914902708
718,206,6.1457978965701985,6.113907208976527
718,207,6.1557227501483895,6.152181394688022
718,208,6.141733290364179,6.109014946176885
718,209,6.17095669489835,6.161054406664157
718,210,6.12233940387248,6.149164777838338
718,211,6.145324338914571,6.110016018272971
718,212,6.117775256407281,6.154073480957615
718,213,6.136412640846009,6.164038594722332
718,214,6.12859937098968,6.150413510870574
718,215,6.152720766257623,6.129434188728652
718,216,6.123678984965185,6.140057788680637
718,217,6.170662654667818,6.124971082360946
718,218,6.143847342667515,6.143301088059962
718,219,6.151065428983908,6.156856326750373
718,220,6.163262700879576,6.124709933375806
718,221,6.135347305541408,6.137162594587531
718,222,6.1552670953097275,6.1403199524645045
718,223,6.163018234450634,6.145134340620273
718,224,6.159878931016248,6.131408242915543
718,225,6.152491716585034,6.146737363210358
718,226,6.151920986612761,6.138454429144877
718,227,6.146433638878322,6.120932076964555
718,228,6.133147948894974,6.172580778054101
718,229,6.156563668002515,6.1394936342332675
718,230,6.129935160858929,6.141725538442126
718,231,6.158151685225793,6.133795425164695
718,232,6.128019773988864,6.168035378930163
718,233,6.151955064948434,6.152382728977791
718,234,6.110898346944208,6.16007860013516
718,235,6.128765538038104,6.1537156937935675
718,236,6.09759762307391,6.136973952177854
718,237,6.140261768588236,6.135216083643211
718,238,6.155389874355756,6.149520363839662
718,239,6.1328811338694615,6.139156903770666
718,240,6.163605813618343,6.156829121736741
718,241,6.148485102679947,6.096787735555105
718,242,6.126804222027286,6.1372135561889305
718,243,6.139170308177001,6.133285328244251
718,244,6.141485878219616,6.159558986296265
718,245,6.156536147583397,6.167142388696729
718,246,6.143301909003557,6.158100956771155
718,247,6.132243904328707,6.169212910103721
718,248,6.166806082348745,6.162947330313771
718,249,6.146629705361716,6.155162708070276
718,250,6.145931346415835,6.125361853164349
718,251,6.1147125283662405,6.144538088884906
718,252,6.176175971821674,6.123233455776467
718,253,6.129647445112546,6.142092749210366
718,254,6.154209876215656,6.108092096171176
718,255,6.181886787166569,6.135291883859762
718,256,6.140385649945363,6.170946103775151
718,257,6.146523383010868,6.138059639176332
718,258,6.135083497261844,6.132435440832541
718,259,6.166494227073475,6.159553147182065
718,260,6.147602095557936,6.123043979727916
718,261,6.151205132697971,6.142894362685012
718,262,6.134293616934997,6.137687346396737
718,263,6.132160746151547,6.104471869367106
718,264,6.122753350198531,6.104494395681537
718,265,6.136079182149231,6.144651629100452
718,266,6.136537349423813,6.157409631216056
718,267,6.152789509313904,6.13504352789392
718,268,6.122923073323998,6.156036833428136
718,269,6.1509371730921565,6.158761728633559
718,270,6.138826790169656,6.171018735694342
718,271,6.122136808021691,6.159945619330602
718,272,6.176341754703763,6.161054406664157
718,273,6.134036452892463,6.148855120712059
718,274,6.158290794040771,6.143371810399708
718,275,6.164523186938791,6.120776069730593
718,276,6.144228352131325,6.118269024892237
718,277,6.17356779908563,6.125141462820755
718,278,6.132121221387114,6.175287436537098
718,279,6.14170039055403,6.159161160048033
718,280,6.142559761959402,6.146149884516434
718,281,6.126917877014246,6.142716298553686
718,282,6.142757371482007,6.156719016676901
718,283,6.1617477124096105,6.141036362231987
718,284,6.143578840823584,6.142791563680372
718,285,6.169302535861566,6.154194654306513
718,286,6.1461602954460215,6.144536188014599
718,287,6.142601845211822,6.16471423591623
718,288,6.135021020408879,6.121161999029371
718,289,6.108586070588647,6.157771564335008
718,290,6.1388596035485214,6.1304510840741
718,291,6.153307159595995,6.113978337552284
718,292,6.128704009751575,6.145419377453854
718,293,6.148915358474772,6.139979655596374
718,294,6.147503821376696,6.118808311592341
718,295,6.157549562261157,6.146157503352246
718,296,6.153404167421976,6.115207743517202
718,297,6.122918660133355,6.129218698589013
718,298,6.1410602108911165,6.1297568188858085
718,299,6.1271129999025264,6.120932076964555
718,300,6.153028837925942,6.1304510840741
718,301,6.144931408586857,6.1297888485525185
718,302,6.123293825729099,6.154638070362775
718,303,6.104624812979343,6.152123411334106
718,304,6.155541305773129,6.160268218004394
718,305,6.15433525858267,6.125692956364498
718,306,6.12852647756178,6.1433907189664945
718,307,6.159904643104546,6.113766892466846
718,308,6.171788814933548,6.142106673802074
718,309,6.148082852323147,6.156895790402861
718,310,6.151639778658431,6.151204244366591
718,311,6.138548714403396,6.135241033451382
718,312,6.122102947443817,6.138161609777732
718,313,6.142837818202776,6.143531281934939
718,314,6.135810995048931,6.117401307915497
718,315,6.167097140808305,6.099088893213737
718,316,6.1466162314984745,6.105358689040983
718,317,6.143167933601567,6.149811199950353
718,318,6.120904740233455,6.138998508803094
718,319,6.122460318134867,6.156719016676901
718,320,6.142516555466884,6.143682697870345
718,321,6.151620843198919,6.13025837913676
718,322,6.13761402519342,6.186032917708835
718,323,6.165679580295043,6.159558986296265
718,324,6.16040798192005,6.121843255202966
718,325,6.138925862514633,6.146735366074304
718,326,6.156107015218889,6.174383191979152
718,327,6.138451650864573,6.119905991576821
718,328,6.137659844148719,6.1570949578121565
718,329,6.16095772338394,6.142013557151136
718,330,6.137654794839945,6.115622591725196
718,331,6.151925571598423,6.1239763696400615
718,332,6.115064962999052,6.1068872564124295
718,333,6.131535345547334,6.116664318903512
718,334,6.110830626499315,6.144743904489364
718,335,6.129423030041958,6.139115842564276
718,336,6.164980491350099,6.118370434823491
718,337,6.141490408143653,6.136976707155378
718,338,6.12808472288941,6.163922109747885
718,339,6.15991268134425,6.131020888023575
718,340,6.1345623914349305,6.142743434965878
718,341,6.129448256196548,6.151204244366591
718,342,6.128263475973588,6.126945247726447
718,343,6.148408204607014,6.142379587813384
718,344,6.137579779606334,6.14655124675064
718,345,6.118608874942676,6.1381714709779835
718,346,6.148598376769289,6.164602840125267
718,347,6.141535436532438,6.145874400380234
718,348,6.144900271407746,6.14040264319041
718,349,6.130602605834622,6.138959403847626
718,350,6.127213877546744,6.136492321730673
718,351,6.134710245924661,6.14413623434054
718,352,6.152429461504728,6.120932076964555
718,353,6.146784564165896,6.143371810399708
718,354,6.108026723696698,6.142894362685012
718,355,6.12492480103322,6.153111693633895
718,356,6.1572338892287375,6.159161160048033
718,357,6.166386670994805,6.123461332223976
718,358,6.117452676242921,6.11560092501158
718,359,6.120929503380285,6.164359189767285
718,360,6.124734489780577,6.16339045330432
718,361,6.16119599956763,6.1563391549601105
718,362,6.153963889796656,6.13035378793726
718,363,6.149010635001533,6.143534185035806
718,364,6.122931200008684,6.164650593510368
718,365,6.1592692810888465,6.126175868201993
718,366,6.130490868858122,6.173406152155156
718,367,6.161171429893585,6.128451338602636
718,368,6.167354533839036,6.155855258061618
718,369,6.145423370671078,6.144596795135034
718,370,6.174014818839569,6.125799707733118
718,371,6.124129858680962,6.1427914309005995
718,372,6.149184742494346,6.131504254762267
718,373,6.144910599674917,6.1516250104247545
718,374,6.13438432533641,6.148647793435791
718,375,6.142147202084188,6.145134340620273
718,376,6.137806668908638,6.157416118953345
718,377,6.151672453381646,6.144651629100452
718,378,6.151271695677452,6.139708351487623
718,379,6.1382146495084084,6.1550299040855645
718,380,6.144238273029197,6.1229557637879815
718,381,6.180249590129621,6.1228809459365525
718,382,6.15151531076312,6.119905991576821
718,383,6.15383930882118,6.135166940387373
718,384,6.148975124374882,6.1635805886787205
718,385,6.120159405155476,6.145223560636963
718,386,6.146366570591618,6.128209031946523
718,387,6.15160742707523,6.140378190049818
718,388,6.134445674504953,6.126393327025142
718,389,6.1534225180378135,6.1231734656963885
718,390,6.100050824348295,6.121879798642572
718,391,6.1399876970772205,6.1212476069411395
718,392,6.138839658533059,6.113094925631329
718,393,6.152594315780688,6.143615308554285
718,394,6.154318264199399,6.156817205978309
718,395,6.127977109761152,6.156817205978309
718,396,6.118246500905482,6.129444739928053
718,397,6.130217510746052,6.148855120712059
718,398,6.15348422889296,6.136395587084426
718,399,6.11905794157304,6.131844847848004
718,400,6.138203747456016,6.121251922050609
718,401,6.136324680840599,6.145628866804503
718,402,6.166265348788208,6.171343936822202
718,403,6.117630840612566,6.131015996822015
718,404,6.162129518285757,6.124281345290297
718,405,6.1612875374236715,6.155207001818753
718,406,6.149362321809037,6.141882783995988
718,407,6.127983849698917,6.121768733918269
718,408,6.136010699186457,6.117506620833555
718,409,6.157281539965043,6.1449886361438235
718,410,6.151401808750796,6.160793960975461
718,411,6.146529343049848,6.146514639200595
718,412,6.1471798034344625,6.140923486031829
718,413,6.171926799780185,6.136241985933081
718,414,6.147092571738873,6.120757522875625
718,415,6.12712338014894,6.175590510675627
718,416,6.157235686019971,6.167010199928858
718,417,6.152122137626122,6.13407112011326
718,418,6.135811578973024,6.149439299576857
718,419,6.157446441732067,6.14368283597694
718,420,6.122089230487588,6.158478483804301
718,421,6.1757855203485,6.142716298553686
718,422,6.154423115099279,6.139979655596374
718,423,6.151378408420847,6.1169311554933525
718,424,6.146196603037057,6.128465504949007
718,425,6.160804207633311,6.1321426819611515
718,426,6.139068512544073,6.143376753014544
718,427,6.139680434418256,6.14005842261931
718,428,6.127868230816554,6.123233455776467
718,429,6.170632242223213,6.137088703374019
718,430,6.099235361398787,6.134193308808431
718,431,6.137609041762029,6.127801436529936
718,432,6.141928457493753,6.162729840599387
718,433,6.103449260240724,6.132287065952042
718,434,6.134026501918977,6.139992519325456
718,435,6.133977660415543,6.124132865257844
718,436,6.164952425513978,6.149081227197354
718,437,6.131857086015119,6.120757522875625
718,438,6.153969413752525,6.1509190419914965
718,439,6.161095996992774,6.137933283042068
718,440,6.128476319382071,6.135166940387373
718,441,6.1282145780125195,6.1339842469991845
718,442,6.17689258275494,6.159047708102765
718,443,6.13807801458207,6.0989305260325555
718,444,6.113437485711007,6.143211473058252
718,445,6.14760126510235,6.138053670006857
718,446,6.167124340744496,6.153573565674161
718,447,6.102325164929129,6.167510949140036
718,448,6.133535308038065,6.113246315585534
718,449,6.160912167166679,6.146710732452615
718,450,6.1460604057390515,6.175590510675627
718,451,6.149748726681308,6.113689703716087
718,452,6.104514923624885,6.12876785868717
718,453,6.132696389764447,6.128850522536745
718,454,6.161272882901808,6.167436636910527
718,455,6.150535289323488,6.141752900310287
718,456,6.181046597015402,6.140082228551567
718,457,6.143373410155325,6.157570163679469
718,458,6.1195180870913495,6.1548830941093815
718,459,6.108983344313621,6.155526239779752
718,460,6.1277545597836145,6.14806771910203
718,461,6.111888160475869,6.124095923279061
718,462,6.154854186495001,6.147552778429857
718,463,6.155268188490926,6.151180957118172
718,464,6.139895202564256,6.093094792578319
718,465,6.119983951387263,6.145973433255615
718,466,6.126008591142602,6.139030200586232
718,467,6.15121146296217,6.1548830941093815
718,468,6.140831330145023,6.117039358679441
718,469,6.156573175777663,6.138959403847626
718,470,6.131047402924934,6.16402856676078
718,471,6.135022131312571,6.146737363210358
718,472,6.15633666021115,6.150236432048508
718,473,6.154662114372022,6.117039358679441
718,474,6.150348333913998,6.172720355899663
718,475,6.136029895304078,6.149520363839662
718,476,6.107333031891157,6.137421437062288
718,477,6.160424463730413,6.126945247726447
718,478,6.152830284189309,6.121435546809113
718,479,6.172115638577775,6.167023925446402
718,480,6.148125902418464,6.147122055613275
718,481,6.1360182811114,6.152319120515873
718,482,6.120624058042486,6.125860104111984
718,483,6.163192549951986,6.140446059939845
718,484,6.139973622020539,6.149811199950353
718,485,6.182397613926335,6.172337356781479
718,486,6.118597962061517,6.139270294229592
718,487,6.148879987023375,6.151501939671427
718,488,6.170755451256012,6.130727078047417
718,489,6.147358740593546,6.137278651602833
718,490,6.142150143089273,6.142498913217582
718,491,6.173279387963408,6.148990061885983
718,492,6.1263440716055495,6.145218527003088
718,493,6.135593778073443,6.124971082360946
718,494,6.144268916966379,6.159837444427719
718,495,6.133767013894319,6.14005842261931
718,496,6.1438213224666285,6.119480552521037
718,497,6.1335261960315925,6.140349679423033
718,498,6.158618562899298,6.111812845210309
718,499,6.144206537607665,6.1522626953290445
773,0,6.125012957325749,6.123824318004374
773,1,6.119598735647423,6.145115710423709
773,2,6.149635323911601,6.149469337508332
773,3,6.1355602073824125,6.143287366089585
773,4,6.14298596416562,6.133377282062796
773,5,6.134968659867049,6.145785733763471
773,6,6.151764883915551,6.127268169384221
773,7,6.138650419947983,6.1407414664640525
773,8,6.145169647162222,6.105111433007028
773,9,6.124542791179937,6.147235503424387
773,10,6.11626851445925,6.144091783544382
773,11,6.09428132830947,6.119164694703856
773,12,6.145388360964846,6.116851483240234
773,13,6.170996480605054,6.140838850325519
773,14,6.169520003778919,6.130538881676601
773,15,6.1465295407944245,6.157273670091823
773,16,6.128375058090036,6.157273670091823
773,17,6.158006254760866,6.12547872880876
773,18,6.126931189924189,6.151549950368534
773,19,6.15251217174366,6.154372580953421
773,20,6.150422625723534,6.147358286351856
773,21,6.144922439246337,6.135186346531169
773,22,6.153249188056396,6.153438074837971
773,23,6.135447757049424,6.135386875514445
773,24,6.1233082432728425,6.157597959357271
773,25,6.146639386460232,6.164918309963546
773,26,6.150037533457594,6.151592691498311
773,27,6.127734177423599,6.14166990355474
773,28,6.138939750340324,6.139904541734934
773,29,6.1583809385541946,6.109094697080982
773,30,6.141609106416463,6.1592960612593926
773,31,6.153464856567707,6.142876417204903
773,32,6.167494980599394,6.165697217767077
773,33,6.1266273497528365,6.1770883134350125
773,34,6.122715196188984,6.112183433931282
773,35,6.136395785079189,6.176053088566167
773,36,6.135946547591708,6.154231362884509
773,37,6.185239161157544,6.15442590152202
773,38,6.157128483008734,6.167261965340467
773,39,6.122457845397369,6.165189544893265
773,40,6.154214372287684,6.128843542032732
773,41,6.127842106864881,6.1437469639087
773,42,6.163708563513532,6.147697527785478
773,43,6.1217310773807565,6.162506026977439
773,44,6.1468655055348815,6.141301571830136
773,45,6.136396613442361,6.149872012999957
773,46,6.157451597157083,6.138175329398972
773,47,6.153608642699137,6.120759679321872
773,48,6.129937984359792,6.113701009599073
773,49,6.131873248573997,6.1138161761249945
773,50,6.173080414843582,6.158565320684398
773,51,6.129234416907762,6.142524871216916
773,52,6.143699201177114,6.149460458850278
773,53,6.142294544904229,6.136657557307351
773,54,6.1480919292688165,6.122382572165738
773,55,6.165173475841523,6.124828082336881
773,56,6.1420299722392775,6.1681598298608495
773,57,6.127576414317973,6.129155978034124
773,58,6.109306093140668,6.156327802326213
773,59,6.13939289157613,6.137631923758977
773,60,6.122501739270352,6.126646155913786
773,61,6.138347507629878,6.144392900408454
773,62,6.1476060978803995,6.162810470894615
773,63,6.161953682693893,6.170326832311746
773,64,6.1502810642287375,6.1435836035002875
773,65,6.123426395707952,6.1452007100028645
773,66,6.170856841267461,6.107929264468968
773,67,6.1566817528145,6.1294576241920735
773,68,6.15539495906648,6.136803671483383
773,69,6.137383818760885,6.161372546593185
773,70,6.149533696979256,6.129594562748751
773,71,6.118148302973779,6.150844954840806
773,72,6.162715691000218,6.14166990355474
773,73,6.12353515638831,6.175843936182985
773,74,6.154957599301911,6.140105709564827
773,75,6.171039252327926,6.123807149822754
773,76,6.158562031822569,6.125964715151452
773,77,6.175626401633083,6.135491944503062
773,78,6.126655768228103,6.1388493622806966
773,79,6.156423928012284,6.148450551656118
773,80,6.137700639653862,6.159731334228314
773,81,6.152006772952565,6.151316977955975
773,82,6.140335289746073,6.131944174879732
773,83,6.137030814028346,6.146910437767294
773,84,6.120537361995017,6.151202691677866
773,85,6.167817823834817,6.139886800723894
773,86,6.159273074648588,6.124385803643776
773,87,6.149867617362543,6.146089979108458
773,88,6.1580431327391425,6.1289166280668885
773,89,6.156466992641925,6.148372261097413
773,90,6.13756380476352,6.168730502818704
773,91,6.1492863046813,6.15573184381632
773,92,6.153783597719422,6.134285514030006
773,93,6.156342467502207,6.142945392430404
773,94,6.155114532445877,6.163248393233117
773,95,6.134564540949668,6.141453975254675
773,96,6.131996019419867,6.169026545608477
773,97,6.140523475294477,6.167811500126401
773,98,6.1585042773448135,6.156915740089885
773,99,6.146033262885713,6.159601920748264
773,100,6.138968963745527,6.150844954840806
773,101,6.11898706584365,6.122050291694146
773,102,6.1253076144833924,6.170646994137594
773,103,6.174309998246304,6.13729609552978
773,104,6.121305894926295,6.154889071674383
773,105,6.156833633641452,6.135014882597164
773,106,6.184884295283356,6.107702474562377
773,107,6.153819767633467,6.163687713300562
773,108,6.122426170034573,6.1662221059097275
773,109,6.114876310656459,6.137123074398436
773,110,6.13183289532928,6.119577088968111
773,111,6.162125375265291,6.155250473505976
773,112,6.13241950737686,6.136645087963715
773,113,6.160115886743088,6.165189544893265
773,114,6.1335136476650876,6.150683015944092
773,115,6.120236277295869,6.153676679703939
773,116,6.154740939502949,6.13141421297889
773,117,6.108725815890078,6.137831851445689
773,118,6.174433749391265,6.124442305327891
773,119,6.140609076436943,6.1413768437057
773,120,6.118282561204076,6.129536953112998
773,121,6.140721444879826,6.115572812454616
773,122,6.148727993788704,6.164684882340559
773,123,6.151179875630111,6.17890430899832
773,124,6.137175608485796,6.155924506997789
773,125,6.176748719911896,6.16554604033305
773,126,6.140673181519179,6.137921756517979
773,127,6.149668342391403,6.137213950639954
773,128,6.140158412485076,6.125933415404074
773,129,6.1359371730997765,6.142901694109527
773,130,6.162567739897827,6.137631923758977
773,131,6.150784005300788,6.153694656487203
773,132,6.128706596033052,6.113209338569543
773,133,6.159930181297613,6.163029451654228
773,134,6.142936401990486,6.128998118352525
773,135,6.128204842679117,6.127268169384221
773,136,6.16398519500397,6.15228792118338
773,137,6.148451752154304,6.134781093098538
773,138,6.127711444134508,6.153803554738577
773,139,6.167932140247516,6.169388556419011
773,140,6.127966552401257,6.135699845380416
773,141,6.147892601299442,6.139201427694585
773,142,6.143244202558037,6.155924506997789
773,143,6.143014432548041,6.161479446567302
773,144,6.151265679501568,6.128608341218433
773,145,6.1316238410254265,6.1315314710232105
773,146,6.087639232760506,6.129899293493952
773,147,6.145516813450783,6.122044598023862
773,148,6.152183955094174,6.137631923758977
773,149,6.133262316330021,6.135639965964394
773,150,6.145872738152088,6.158644576642151
773,151,6.1038018210767735,6.1592960612593926
773,152,6.156191013512253,6.128158979001074
773,153,6.144414474091051,6.160260989244101
773,154,6.144834886460076,6.148372261097413
773,155,6.166296113718098,6.124738053507929
773,156,6.149042144134008,6.146430651825627
773,157,6.122762141679145,6.155613302685364
773,158,6.18299854739402,6.144780474250105
773,159,6.143598844919767,6.17452013434966
773,160,6.154157047079528,6.149858204723364
773,161,6.163929817041281,6.118395256139213
773,162,6.14652156371027,6.14433714134833
773,163,6.143072926088372,6.137960584345577
773,164,6.140390858952661,6.154173319251128
773,165,6.142009227475953,6.173412901174895
773,166,6.1370519186441905,6.117998645286725
773,167,6.154939435997576,6.158819084882451
773,168,6.150927086181887,6.150871729077915
773,169,6.138819712968547,6.173904728932962
773,170,6.1429150063101154,6.1328723684776705
773,171,6.159281943170698,6.13715873266907
773,172,6.10814200057074,6.1260704438673015
773,173,6.129545354243201,6.15484150729834
773,174,6.133644175289669,6.140721910587036
773,175,6.142097746131591,6.147497282146702
773,176,6.151353367042905,6.1509242201120395
773,177,6.122950767049458,6.145184208871396
773,178,6.134512218061797,6.146278582512507
773,179,6.141752822993055,6.141167711059944
773,180,6.134838179203435,6.143319880979851
773,181,6.155622037902947,6.153885049809013
773,182,6.1225231374329265,6.1499071123565034
773,183,6.160831497042953,6.145260555132925
773,184,6.157051986154585,6.1372580484323995
773,185,6.182940239716623,6.109094697080982
773,186,6.1627775004482945,6.124535404743876
773,187,6.1348963861193955,6.14658551224019
773,188,6.138721274337142,6.115182260052188
773,189,6.12452766407214,6.15947411255691
773,190,6.138224785948668,6.126832068865504
773,191,6.172745646769282,6.146278582512507
773,192,6.1530044414535645,6.144826301098583
773,193,6.137750661350379,6.1435836035002875
773,194,6.151669655073074,6.125446721203044
773,195,6.143221471500504,6.1338814811194355
773,196,6.145437987327224,6.1534217858905
773,197,6.135081721205683,6.135915288980063
773,198,6.1518946874164016,6.118841866055237
773,199,6.146129892594641,6.1317994914583265
773,200,6.159988652575931,6.124640878982935
773,201,6.1190209537769675,6.171883384411892
773,202,6.149549019219805,6.134931176176905
773,203,6.157192935016059,6.139587607570818
773,204,6.126645214032783,6.141572333513881
773,205,6.174040157978446,6.1350341529626
773,206,6.136749414949838,6.177949072072814
773,207,6.135575000777441,6.1625946976991655
773,208,6.151323359623115,6.138899315926487
773,209,6.14367537214498,6.1527859398568205
773,210,6.154380076320532,6.136764124238736
773,211,6.176756949380404,6.129578919849065
773,212,6.170320848173285,6.115689569704816
773,213,6.128767180535495,6.13480078828476
773,214,6.13742920693974,6.112545022174908
773,215,6.137199970575283,6.136657557307351
773,216,6.1260097699760525,6.122533768418084
773,217,6.169772433173685,6.161897984573379
773,218,6.154313822681103,6.173439515086365
773,219,6.1320594163049,6.145572803169481
773,220,6.171088295326845,6.142217715563386
773,221,6.1594468091385135,6.170934284685082
773,222,6.108877040679565,6.167301922047924
773,223,6.144189726138757,6.12674358262806
773,224,6.1276557863837695,6.162748009681996
773,225,6.146901369207287,6.145163982704299
773,226,6.134724747122967,6.135686953307875
773,227,6.12829182068816,6.16213423100503
773,228,6.145463201521233,6.1384883249606075
773,229,6.139858004325078,6.162748009681996
773,230,6.154110927657331,6.137585060620266
773,231,6.1363823745483606,6.154283231090962
773,232,6.138796040506406,6.129693880792024
773,233,6.117171913299109,6.135565265321871
773,234,6.15524664962721,6.133377282062796
773,235,6.1424463185707,6.140474554958366
773,236,6.136667497802208,6.149429277405334
773,237,6.1289624310924395,6.152950509523616
773,238,6.1403658455280725,6.11941345486228
773,239,6.1427391295674685,6.138437012243945
773,240,6.148563075674078,6.130104808551923
773,241,6.13398917881566,6.170846659654093
773,242,6.1142740032200145,6.152312267592549
773,243,6.151916122312086,6.152498650152598
773,244,6.134041102169883,6.149526103968973
773,245,6.129166849689589,6.119758228572289
773,246,6.130586827491074,6.130315669294315
773,247,6.162931601056325,6.137600942081338
773,248,6.168316401868549,6.149080840341884
773,249,6.12170689978568,6.133278212366528
773,250,6.146034434676861,6.155870794124521
773,251,6.155840900105898,6.179575369202614
773,252,6.148787949489601,6.12558676448262
773,253,6.147800740640971,6.161098885818762
773,254,6.151289120569108,6.134772075511781
773,255,6.16061535154676,6.112250135670442
773,256,6.14827053733912,6.132937509365215
773,257,6.13804750852212,6.1793279543559825
773,258,6.159811730405637,6.156808012991934
773,259,6.182599965382641,6.13925413274889
773,260,6.119345027001401,6.16065943644099
773,261,6.137866491723684,6.136657557307351
773,262,6.15320843730989,6.154731165552019
773,263,6.143656873982247,6.1770883134350125
773,264,6.131414203417864,6.173904728932962
773,265,6.145134522964183,6.144259594025019
773,266,6.158607883708641,6.1309520911714035
773,267,6.127942204882189,6.135271807031104
773,268,6.1522779742530815,6.136777634106644
773,269,6.129927362512431,6.140305921291181
773,270,6.13968590767063,6.165250511291036
773,271,6.147493149265459,6.119934630296883
773,272,6.153420502403282,6.162473550359029
773,273,6.136967236777599,6.137412379809655
773,274,6.125031350076105,6.155870794124521
773,275,6.1291307378129245,6.134674183619183
773,276,6.145553576286551,6.16430189670502
773,277,6.143136326821956,6.130602357008577
773,278,6.119778882661233,6.1499071123565034
773,279,6.133973134920697,6.141736668023521
773,280,6.15051689616776,6.132357527947964
773,281,6.141341843346737,6.144182193662509
773,282,6.146891463782171,6.136182656577502
773,283,6.1641268496229005,6.129594562748751
773,284,6.097718112703137,6.137212007976131
773,285,6.133781604600221,6.167988367833004
773,286,6.15940141290888,6.162748009681996
773,287,6.162891814251804,6.1387320187946095
773,288,6.131876265783667,6.171883384411892
773,289,6.134776420171307,6.156177407127947
773,290,6.137321484520237,6.140181978589184
773,291,6.131777496610735,6.103287498707513
773,292,6.131620295008047,6.13579052987255
773,293,6.138054416367578,6.147303800371525
773,294,6.142750523898918,6.167452002551158
773,295,6.162985748115766,6.158249763484749
773,296,6.12028081071107,6.145758581431743
773,297,6.154023041678366,6.132462622882414
773,298,6.121035975762082,6.142257538022151
773,299,6.144416450070565,6.147202941964318
773,300,6.132547772137145,6.150862542355609
773,301,6.1399083088178354,6.16558595114593
773,302,6.156438542156692,6.135674767183861
773,303,6.106974441538915,6.1315314710232105
773,304,6.143239648227636,6.132262704867408
773,305,6.132029974181161,6.135287219021482
773,306,6.147552734912352,6.1793279543559825
773,307,6.136835889110177,6.135674767183861
773,308,6.15342339488871,6.1386955070685385
773,309,6.164360622365775,6.138965139997841
773,310,6.163218721777127,6.112545022174908
773,311,6.159786010887695,6.136803671483383
773,312,6.110173688719335,6.1330539482384445
773,313,6.112922741658991,6.164558541358095
773,314,6.1576232603765,6.128786473847763
773,315,6.1403802448987195,6.148922599964991
773,316,6.165632016867918,6.15846845805936
773,317,6.1516327004566325,6.160584872706805
773,318,6.15335990758807,6.150844954840806
773,319,6.141952786023263,6.123080934054001
773,320,6.142674091903482,6.1793279543559825
773,321,6.145292565330199,6.127159187953394
773,322,6.133440635666634,6.165697217767077
773,323,6.159524637686354,6.143093269179425
773,324,6.14054985226241,6.154049355427363
773,325,6.158625212295008,6.110476287102083
773,326,6.129159656387192,6.128174743446689
773,327,6.118370901111797,6.154889071674383
773,328,6.134785033495366,6.140838850325519
773,329,6.180229065048699,6.162473550359029
773,330,6.159394006205146,6.163256093865798
773,331,6.140903768454226,6.124442305327891
773,332,6.150790495759746,6.124285359344551
773,333,6.149064286844686,6.161372546593185
773,334,6.153466817579028,6.144392900408454
773,335,6.157949156479204,6.1368223817159695
773,336,6.15107400934614,6.159484578587036
773,337,6.127058594779305,6.1736241193201655
773,338,6.149376203633465,6.145785733763471
773,339,6.152236603423008,6.139085961733743
773,340,6.132940101321944,6.155570682351307
773,341,6.157427476280152,6.150541266904235
773,342,6.136064331649648,6.166234070816082
773,343,6.169223960770907,6.136477251527193
773,344,6.134377340096469,6.151713635982258
773,345,6.124824887284362,6.177962530776633
773,346,6.1479458405941925,6.16554604033305
773,347,6.167367316701863,6.161098885818762
773,348,6.150134757581753,6.128685072979339
773,349,6.165519636009644,6.123824318004374
773,350,6.164276568713647,6.140164755531377
773,351,6.170841193413108,6.1387320187946095
773,352,6.123695054668975,6.130409730017601
773,353,6.1617978529262665,6.147875586642551
773,354,6.1377121822722085,6.14046653216628
773,355,6.136689269448769,6.121723408959735
773,356,6.11711070113143,6.110782506350703
773,357,6.121326281114086,6.149028075018186
773,358,6.16013117624192,6.16430189670502
773,359,6.168149148581987,6.140959742829587
773,360,6.146120149343142,6.1514778570537745
773,361,6.145360414117549,6.143938386016095
773,362,6.142747833621538,6.141453975254675
773,363,6.137239429131387,6.1131714639008665
773,364,6.143769509852925,6.140728446163923
773,365,6.1626213346575565,6.142285352637958
773,366,6.121172373401814,6.1263315453654
773,367,6.136875233738516,6.1473237872473625
773,368,6.168966739586746,6.123655336972904
773,369,6.141982460207938,6.1202225323773725
773,370,6.12609551659369,6.159359729581251
773,371,6.128832232521237,6.121562044333769
773,372,6.153116727153245,6.145324108645784
773,373,6.114854308781213,6.1736241193201655
773,374,6.131022428750918,6.154943745355741
773,375,6.156504688497908,6.144739460796891
773,376,6.1231375938123564,6.135557916787793
773,377,6.110188316641123,6.147490622614516
773,378,6.1232792145147386,6.138059546329868
773,379,6.124200259866486,6.148366302225144
773,380,6.160078158161696,6.176056307487675
773,381,6.102711142193165,6.1271831678468205
773,382,6.165088488983309,6.133720842978743
773,383,6.145911974433846,6.159601920748264
773,384,6.136588185173725,6.146686690657396
773,385,6.120318506399232,6.1469588170825595
773,386,6.136543199645441,6.156657107371479
773,387,6.140527014735388,6.148400299125954
773,388,6.157833264320548,6.143662788211171
773,389,6.1544915890059775,6.145519629080185
773,390,6.1402139445698065,6.131928607352938
773,391,6.126760922928066,6.142491176403954
773,392,6.131410600821028,6.165409657108231
773,393,6.159478328453845,6.1312213677587035
773,394,6.170095402666904,6.154742955929965
773,395,6.1180044901437585,6.1498697710701045
773,396,6.146102267359256,6.159940434775258
773,397,6.141202518935678,6.147304398129186
773,398,6.118889091259137,6.172587741662749
773,399,6.131738930825352,6.169026545608477
773,400,6.149114120835178,6.135033494706479
773,401,6.165336913138933,6.140074607643319
773,402,6.1145060429513745,6.1232658387791234
773,403,6.157411749322535,6.14885027046878
773,404,6.144348814602235,6.148372261097413
773,405,6.146712117420058,6.176369311088732
773,406,6.160545114533841,6.167513353145217
773,407,6.123808055147314,6.13287493050628
773,408,6.1427728541066555,6.130441949705617
773,409,6.121484931389582,6.129382241107376
773,410,6.115374550008752,6.166804830267929
773,411,6.128872339736656,6.1364204873754105
773,412,6.144725306133113,6.167029375912717
773,413,6.148095396100557,6.137481482569954
773,414,6.189953275328643,6.148891997805711
773,415,6.148367913404137,6.167290748996337
773,416,6.159265682338721,6.158423133776997
773,417,6.164731118282459,6.156603680608096
773,418,6.132862144544245,6.150574018737711
773,419,6.137572175256926,6.165887412467622
773,420,6.138211552894693,6.153924675474281
773,421,6.1447487892341295,6.12529178119933
773,422,6.106598982379139,6.124195979091621
773,423,6.160177655966793,6.177812173619667
773,424,6.098620187953949,6.13776945278044
773,425,6.160823060352013,6.144829531112861
773,426,6.157738760237404,6.139575540718332
773,427,6.113192633697919,6.149265338882792
773,428,6.16645146254476,6.154680975404184
773,429,6.155882984552098,6.1565020786941425
773,430,6.133981313031323,6.136936554454735
773,431,6.15735634032696,6.141773723416032
773,432,6.1445980574329075,6.133373482797282
773,433,6.135183301988655,6.119401818455693
773,434,6.137752537413806,6.1311187828407485
773,435,6.14534521843117,6.1364204873754105
773,436,6.132678050822996,6.150887591936634
773,437,6.1534506764442884,6.122921054650923
773,438,6.141877907316204,6.138059546329868
773,439,6.113225464906094,6.162455718162991
773,440,6.15745103527679,6.125704073150437
773,441,6.1543428395324025,6.142425468000893
773,442,6.162409898502982,6.145442579287853
773,443,6.154735826448881,6.149481844798558
773,444,6.157998615524428,6.152295282443754
773,445,6.156366769661557,6.139817309239726
773,446,6.176584502530822,6.15546768053965
773,447,6.103980683785036,6.1336452556687675
773,448,6.1482490255199105,6.144780474250105
773,449,6.1698083200613665,6.114413587370068
773,450,6.179246688668601,6.105627209438143
773,451,6.137014340120551,6.1482036187320555
773,452,6.159299584708002,6.15364418502784
773,453,6.142969843131892,6.135241052600847
773,454,6.105223824636955,6.09637854768733
773,455,6.1514205987629085,6.154988449302534
773,456,6.145840657689817,6.126267349053741
773,457,6.157664900155292,6.150862542355609
773,458,6.171803912068129,6.151075553878806
773,459,6.144438444993178,6.148846696816486
773,460,6.147011281305421,6.151713635982258
773,461,6.164946222228691,6.132143890273244
773,462,6.135753849140361,6.141692111349068
773,463,6.128546161897127,6.132493252738329
773,464,6.139047184318209,6.129717086377341
773,465,6.13301225342828,6.122116903400444
773,466,6.127592394332985,6.148112101910823
773,467,6.161239012342736,6.170329979780538
773,468,6.123727002783332,6.105764121011351
773,469,6.138161279424491,6.162810470894615
773,470,6.1510779195044964,6.138252191929495
773,471,6.129169832694706,6.136629368380492
773,472,6.143719662875499,6.118514536874271
773,473,6.148666171131103,6.135157220960664
773,474,6.107198004796706,6.151347082805772
773,475,6.1412606197197865,6.124640878982935
773,476,6.116432815131456,6.152382866472161
773,477,6.137343237544207,6.130441949705617
773,478,6.132231558603136,6.135990941515135
773,479,6.149851700897942,6.11540491264773
773,480,6.152999365302661,6.17006843787271
773,481,6.1309860616017975,6.145344530629497
773,482,6.1256845512532365,6.138916643170891
773,483,6.128032799181429,6.135157220960664
773,484,6.177639386129089,6.137692477528019
773,485,6.14080439514429,6.1413768437057
773,486,6.12003647730444,6.137022877417273
773,487,6.156806039041573,6.135639965964394
773,488,6.182810989767295,6.15846845805936
773,489,6.133490466873977,6.15012949487831
773,490,6.129997463094111,6.159368208486195
773,491,6.152762539153773,6.17890430899832
773,492,6.158367123738476,6.164645569936448
773,493,6.173141850987484,6.136883388052584
773,494,6.121442638652519,6.131297331108049
773,495,6.151052144521119,6.163029451654228
773,496,6.118553289413319,6.144114097972113
773,497,6.14038168142804,6.177190909531103
773,498,6.124912133436905,6.141746590668741
773,499,6.147933461052262,6.14940499563034
828,0,6.14340778538871,6.160203498201691
828,1,6.149706012080486,6.137694589217616
828,2,6.150499315369454,6.160857871859295
828,3,6.116823267172055,6.151005424587135
828,4,6.134377324405496,6.151624457889996
828,5,6.134826311413809,6.131340673606842
828,6,6.1381293535063906,6.1544942217053915
828,7,6.151440550353703,6.152778675775387
828,8,6.173145156915279,6.110363909131815
828,9,6.12819256094241,6.122910452923951
828,10,6.150973490957095,6.127466929127575
828,11,6.1393999765425,6.122957613497211
828,12,6.139860377852304,6.164376494263338
828,13,6.146544876650388,6.148646108779769
828,14,6.158005840230196,6.157608401627627
828,15,6.148986529837991,6.13772366422293
828,16,6.14302353019155,6.116960808386523
828,17,6.12977704114505,6.148460144278309
828,18,6.130702116502004,6.142589158689215
828,19,6.144154311673542,6.136852728783589
828,20,6.111656894244893,6.140349241991043
828,21,6.130753762778328,6.136705651253047
828,22,6.142008334099288,6.1484888741865396
828,23,6.137637769194566,6.132563917067819
828,24,6.148498686284628,6.147333492531616
828,25,6.137111646417244,6.115214873243206
828,26,6.159131166642649,6.1456008624844
828,27,6.131158862173927,6.139457407703403
828,28,6.135027291253654,6.13908514258849
828,29,6.137587265499464,6.172015814795631
828,30,6.153083153619153,6.150535899132813
828,31,6.155198749149047,6.128062576439926
828,32,6.119192527633037,6.153210304420816
828,33,6.139842573490715,6.133858287223503
828,34,6.116264802264257,6.154408178788575
828,35,6.156916758989663,6.140570151015188
828,36,6.141059694231439,6.107439627589465
828,37,6.161908135216297,6.128490790531413
828,38,6.138120520694608,6.130029302163411
828,39,6.121697618713068,6.117691496918613
828,40,6.145910901857404,6.1434710239640475
828,41,6.119090079564221,6.140689010068573
828,42,6.145923588041392,6.136195425653437
828,43,6.157365058482205,6.149677091473804
828,44,6.147187402832086,6.140618188666514
828,45,6.140420075428045,6.148857653566207
828,46,6.138566765484947,6.118722428396002
828,47,6.116046476697397,6.157138809174552
828,48,6.145015528423599,6.154586131335749
828,49,6.110699896794379,6.140811649968941
828,50,6.154650045817663,6.154642277126623
828,51,6.141657521926741,6.145831733862287
828,52,6.150142773582825,6.1527543386749795
828,53,6.142469258305737,6.12695349578019
828,54,6.131015420870261,6.150143375998014
828,55,6.1511867456620735,6.159405221413997
828,56,6.122829060021291,6.1408930809571105
828,57,6.12217069241974,6.155257166422194
828,58,6.136281703579023,6.150396276693243
828,59,6.133758047729015,6.132485012506896
828,60,6.156610397623437,6.147767356343905
828,61,6.150945363946607,6.147832414885521
828,62,6.11268833118288,6.142243528863103
828,63,6.113808140723379,6.13945281042389
828,64,6.111325831839656,6.138493164923343
828,65,6.139746293115141,6.181065446683229
828,66,6.138729813766652,6.168640992172275
828,67,6.155215003080503,6.131040807791398
828,68,6.140963238761545,6.148612538623194
828,69,6.149979980109842,6.145910802852482
828,70,6.152070052322723,6.130139551873603
828,71,6.149415886973427,6.163313440044119
828,72,6.131337726227454,6.147289806764616
828,73,6.15996999536719,6.1311491226422765
828,74,6.115123535734279,6.118072332687673
828,75,6.121790144408836,6.144704578502108
828,76,6.122643233722272,6.15899776149295
828,77,6.1540144170442295,6.146498138882162
828,78,6.1449206102726635,6.1272350329667455
828,79,6.129873543832971,6.130585126302548
828,80,6.113657827364604,6.132844128079338
828,81,6.135687847556459,6.156551740607211
828,82,6.14324242218822,6.15272254782082
828,83,6.120282605077158,6.128490790531413
828,84,6.151584994064778,6.138891627185023
828,85,6.164793706186997,6.133749470692461
828,86,6.159085537468698,6.132506623962975
828,87,6.147933251415301,6.139496533908642
828,88,6.130269080517836,6.1215902568303315
828,89,6.133596160378169,6.147709453240746
828,90,6.1178228750519885,6.1368589607461415
828,91,6.1569313427471295,6.138269597546798
828,92,6.163618622805371,6.132555732068132
828,93,6.127142070792562,6.147945300411242
828,94,6.1397086645633046,6.139694179592585
828,95,6.141753993790528,6.11145944469928
828,96,6.160597510373175,6.1443074462266365
828,97,6.140732239180914,6.1229051700987185
828,98,6.130734754015717,6.144274894450557
828,99,6.132214952182013,6.12780594579282
828,100,6.185778207000117,6.142078979429097
828,101,6.12057145588422,6.142465257726103
828,102,6.141873556304624,6.141356479499634
828,103,6.146823883913272,6.172530205468487
828,104,6.1209091140999865,6.145023266064133
828,105,6.13495013877845,6.150401078715599
828,106,6.148117477029339,6.141013768428256
828,107,6.170427271162226,6.134435143670945
828,108,6.132658396446181,6.158074205333231
828,109,6.139996368670801,6.115374617958384
828,110,6.157552091441823,6.117691496918613
828,111,6.159478980522793,6.120748623849158
828,112,6.163322293546861,6.1407508933250705
828,113,6.149956466813192,6.130751700006856
828,114,6.146099439125036,6.130469418592307
828,115,6.135247232065584,6.1456008624844
828,116,6.172603165139771,6.141478340524807
828,117,6.160184433253648,6.1086514837499015
828,118,6.112865412493461,6.112102274152678
828,119,6.10156007319577,6.144251410520536
828,120,6.13394261175544,6.134718345721853
828,121,6.16836640163047,6.143007873618029
828,122,6.13151291914992,6.147894977844874
828,123,6.148758416723021,6.134592278605953
828,124,6.118546340765074,6.127652264338498
828,125,6.120588644129101,6.137528081571653
828,126,6.135400647711243,6.125248566307068
828,127,6.1433523204368266,6.156972478765174
828,128,6.134868459567703,6.1293353808475795
828,129,6.1218027414989615,6.162395336176278
828,130,6.155283811458705,6.155887225729207
828,131,6.118178506921921,6.141288815657268
828,132,6.129363871029745,6.154625583715367
828,133,6.152907326920223,6.122910452923951
828,134,6.136917590034383,6.125311297174046
828,135,6.128016693268191,6.138246666508467
828,136,6.147519868114148,6.1457962958801975
828,137,6.100722334065572,6.14905217454368
828,138,6.146312696343868,6.157235763118923
828,139,6.1267059125371395,6.126437580805004
828,140,6.148092665798889,6.164376494263338
828,141,6.122475623731871,6.128802499482599
828,142,6.162181606558701,6.14708376985556
828,143,6.131242005148621,6.118549256503994
828,144,6.144557148761842,6.114337158000634
828,145,6.133845188429988,6.160592051841944
828,146,6.1240794067322195,6.133228470568898
828,147,6.136293793358124,6.120982108379371
828,148,6.146918739186869,6.14708376985556
828,149,6.1153425982666185,6.14646817022566
828,150,6.153460276822583,6.142518315882039
828,151,6.146601745478596,6.134084353981003
828,152,6.166318651246138,6.131085214337136
828,153,6.133684799013445,6.1120117796904
828,154,6.132660196061534,6.142243528863103
828,155,6.151761921728584,6.155110979979872
828,156,6.115331639461768,6.150587834313008
828,157,6.13138379728339,6.140079598763778
828,158,6.171318895404331,6.109673055947413
828,159,6.139717651879038,6.1275305306983086
828,160,6.1466008316201,6.145337648643684
828,161,6.137848691136691,6.136634553014493
828,162,6.135599491630317,6.128299407084615
828,163,6.131237945876215,6.1305271150437814
828,164,6.130851109629784,6.159255156973796
828,165,6.125264520073404,6.145899580060525
828,166,6.1244197753217735,6.14264709039456
828,167,6.128598821772485,6.141307947325138
828,168,6.149668145482835,6.131429380229305
828,169,6.147112541535554,6.160475989766605
828,170,6.156632307536989,6.142281443623559
828,171,6.108462171922675,6.130469418592307
828,172,6.124594101186308,6.1351660755843564
828,173,6.130405489663909,6.132555732068132
828,174,6.144456477785354,6.154308913109053
828,175,6.125189551382599,6.161102666791895
828,176,6.137092403515662,6.15414305764072
828,177,6.149727835896165,6.137494577021279
828,178,6.125438177092421,6.143023951846673
828,179,6.128421081460281,6.146928525755997
828,180,6.143442227269726,6.145372367131114
828,181,6.117526190711145,6.104080849376073
828,182,6.112569775563448,6.131608904867872
828,183,6.152678403590771,6.122136507825108
828,184,6.1721691097235265,6.1353283614446905
828,185,6.165889346320216,6.15665551612124
828,186,6.125473133388565,6.1492626849261836
828,187,6.150427111110878,6.161556124779381
828,188,6.1487301711361395,6.150261624336397
828,189,6.143837480057083,6.131145783612454
828,190,6.166923077907287,6.139294157735631
828,191,6.151474034242134,6.149190677195853
828,192,6.1272635113697005,6.133858287223503
828,193,6.154327710252513,6.146428513929053
828,194,6.17274728822057,6.147416059572874
828,195,6.1488990674144155,6.13945281042389
828,196,6.123051259657596,6.159181905363888
828,197,6.146106451830693,6.158741038924756
828,198,6.149651196766036,6.150289281635305
828,199,6.145105571468353,6.1361624171164255
828,200,6.125399738243131,6.1166360433044344
828,201,6.156244725261846,6.13309324050452
828,202,6.118435621077802,6.149952774100602
828,203,6.119738344962272,6.156411380467475
828,204,6.15341899616317,6.135472505601633
828,205,6.144465267722705,6.149917115644658
828,206,6.170415956480967,6.139733426958747
828,207,6.132678897753111,6.162395336176278
828,208,6.132890917371704,6.159255156973796
828,209,6.137612626498627,6.091018272605915
828,210,6.143556416692009,6.111863147824759
828,211,6.127665285969585,6.144256317761982
828,212,6.135139645576265,6.141372405257947
828,213,6.147798153742072,6.131405861294989
828,214,6.130549074758188,6.141787608142376
828,215,6.1299439977995265,6.122040404900996
828,216,6.1109842836767445,6.155689949581123
828,217,6.1397442912647024,6.133588669816456
828,218,6.127865272862431,6.138656424506326
828,219,6.143244539678095,6.1311491226422765
828,220,6.169428664819409,6.143438077260294
828,221,6.128171619906369,6.105030483730432
828,222,6.148080892854307,6.158398883414391
828,223,6.1303033008753935,6.139835383251023
828,224,6.160673350842763,6.126437580805004
828,225,6.1124097261067085,6.121043856748747
828,226,6.144890770971396,6.1392773465545964
828,227,6.173101323991835,6.135456494510612
828,228,6.139837098807127,6.143007873618029
828,229,6.152509131056771,6.146168817945071
828,230,6.140561547687557,6.133494637561453
828,231,6.123119686987125,6.168640992172275
828,232,6.152027254996451,6.118940623113442
828,233,6.154878154958886,6.146157156872949
828,234,6.133270521006994,6.150626882716264
828,235,6.14680106171526,6.119742907057499
828,236,6.145560865900862,6.151138854096515
828,237,6.1232549336865265,6.157608401627627
828,238,6.1466421927302575,6.166770993672141
828,239,6.126573925100815,6.124975474570581
828,240,6.159312563091357,6.156638480921628
828,241,6.117191152234479,6.134084353981003
828,242,6.151009549859266,6.138194691531495
828,243,6.112132448147273,6.125649688684915
828,244,6.14774491341533,6.143895050007922
828,245,6.136056180742635,6.139871643336477
828,246,6.144242875886645,6.127780745818824
828,247,6.174328763198795,6.17741595388229
828,248,6.114380890188799,6.157385397630964
828,249,6.150729138720909,6.138498667466133
828,250,6.1605076272169965,6.173276600428339
828,251,6.138317998798558,6.147567183352809
828,252,6.115334621968937,6.153000560492103
828,253,6.14920739570368,6.170288180080352
828,254,6.137652157936774,6.104080849376073
828,255,6.114976954026653,6.133048743230954
828,256,6.13732818888592,6.1430083679945024
828,257,6.130470971633357,6.157424058018909
828,258,6.1481166506763625,6.157385397630964
828,259,6.146610987972116,6.140938874644646
828,260,6.1471912324196,6.150587834313008
828,261,6.1700375946738175,6.14747812389929
828,262,6.128441865562613,6.132331616843326
828,263,6.125556575010221,6.144100107090105
828,264,6.154588391299746,6.137623973955191
828,265,6.157625643796722,6.126972538620427
828,266,6.12993969262048,6.101316973846755
828,267,6.130401743977957,6.135721595782632
828,268,6.1421447556386655,6.155830165742001
828,269,6.167771758952346,6.152293125760759
828,270,6.104931974114099,6.128490790531413
828,271,6.135305432598947,6.144445298930484
828,272,6.124577166641434,6.154002346671871
828,273,6.154777505252979,6.111629775519584
828,274,6.138881560707666,6.149952774100602
828,275,6.148238360512245,6.130439618224156
828,276,6.144113915142332,6.13309324050452
828,277,6.154308417047762,6.125569541275196
828,278,6.134359024694793,6.137004850425321
828,279,6.128679973448152,6.13358794565326
828,280,6.128976617159022,6.120592124455143
828,281,6.130290995830054,6.149037729626489
828,282,6.132208886100877,6.146180424156274
828,283,6.143891749350439,6.1561945986963345
828,284,6.126841140096069,6.138455895573575
828,285,6.156418714163359,6.142652624165692
828,286,6.149659102634084,6.1388286423897584
828,287,6.1623168292640225,6.165653867709688
828,288,6.147701792826152,6.1443074462266365
828,289,6.125909834631777,6.158302208468368
828,290,6.123348226484096,6.147988020637369
828,291,6.126671481186773,6.1762894977171126
828,292,6.179320517923493,6.143059088134266
828,293,6.126724107101941,6.144343713117076
828,294,6.142528954785117,6.120389572475743
828,295,6.12911540523324,6.121738537414332
828,296,6.135384371686888,6.123089898036683
828,297,6.159419146762886,6.141405729329484
828,298,6.143466171026314,6.127066916944314
828,299,6.137560755895334,6.136123718145319
828,300,6.182919511782425,6.159659772581544
828,301,6.150473896725356,6.140759393025591
828,302,6.159706808042028,6.143461381288904
828,303,6.126790370194108,6.138793138027596
828,304,6.167135410639758,6.140566268343123
828,305,6.129157907132041,6.139787007187209
828,306,6.154138797528616,6.147137819217471
828,307,6.115642871958815,6.162795012746926
828,308,6.134266548312019,6.1699039954607136
828,309,6.131098466517143,6.134694828115417
828,310,6.14042079298418,6.137642419067492
828,311,6.150919744993339,6.146459059013568
828,312,6.163387090073768,6.149439343968336
828,313,6.124406654633028,6.127886736387556
828,314,6.128768138706885,6.146836147350166
828,315,6.1337145615968485,6.126111358815858
828,316,6.163306829264141,6.152928926110905
828,317,6.161409870034542,6.135324086793982
828,318,6.128168040542574,6.153670206420898
828,319,6.138200483006662,6.136762016114063
828,320,6.136207320612572,6.149987064491041
828,321,6.150434844444201,6.128709713149256
828,322,6.135296817504637,6.171726709535383
828,323,6.158357967952132,6.119619566789872
828,324,6.16121162344928,6.138265199429955
828,325,6.16092594706046,6.1389194404296425
828,326,6.156629694569184,6.136705651253047
828,327,6.133664972815408,6.148138102503447
828,328,6.1597988015901235,6.158335080515078
828,329,6.138665232901997,6.137599886388558
828,330,6.148432648376559,6.151624457889996
828,331,6.142219516663798,6.12101520345868
828,332,6.152799853882628,6.14970044546437
828,333,6.116913533518836,6.1452195571130925
828,334,6.141044323886839,6.122910452923951
828,335,6.167533929255567,6.14542871874286
828,336,6.166484286577912,6.1310300342306645
828,337,6.137077454404844,6.121625130559726
828,338,6.189723890855106,6.150037066009388
828,339,6.160669713085871,6.120748623849158
828,340,6.124900534398948,6.1305271150437814
828,341,6.142218559862256,6.1296078408663295
828,342,6.135833070752445,6.145899580060525
828,343,6.139930422442267,6.1459475482702395
828,344,6.1607129999738985,6.129991854830659
828,345,6.1179397625965235,6.141890465810061
828,346,6.1346493436183955,6.159187672417083
828,347,6.110037953853033,6.138813695207523
828,348,6.138653601696156,6.119742907057499
828,349,6.155495607543175,6.142183023681002
828,350,6.144962037139518,6.125248566307068
828,351,6.183165514383992,6.140079598763778
828,352,6.149714066343637,6.136390273905947
828,353,6.16339922737977,6.158398883414391
828,354,6.113203376078761,6.140637487851427
828,355,6.13854027988118,6.126972538620427
828,356,6.14540649401502,6.135456494510612
828,357,6.115066003229749,6.1453329313383
828,358,6.121826555479804,6.162041650758803
828,359,6.144435056494443,6.151894826228114
828,360,6.131083534182724,6.116069337203842
828,361,6.148328768358028,6.114903776447018
828,362,6.11863375550554,6.137951291419314
828,363,6.152143009491666,6.1275305306983086
828,364,6.112179434403663,6.11903245577627
828,365,6.145041431402733,6.118984172535468
828,366,6.147034334336097,6.153123442853606
828,367,6.161024105973549,6.134360448759421
828,368,6.166047252857297,6.153297833004238
828,369,6.166115820381004,6.146602818315097
828,370,6.148113732370431,6.12099304119988
828,371,6.132434049434548,6.154221884511763
828,372,6.1637262461626445,6.131707060497472
828,373,6.1188279305793944,6.145101431493833
828,374,6.127454814922952,6.169259039345213
828,375,6.170351695045157,6.143397235801023
828,376,6.1338649416651005,6.171726709535383
828,377,6.147890241021128,6.160705773780139
828,378,6.165379061608559,6.131277575151748
828,379,6.137800756366843,6.1253958708306175
828,380,6.136852739275846,6.125889113989997
828,381,6.146551340632092,6.146928525755997
828,382,6.150660164281495,6.146440823509748
828,383,6.163204911335309,6.172530205468487
828,384,6.141471702293934,6.131507826509666
828,385,6.147313675404533,6.137722156293655
828,386,6.15894776613667,6.140011137651194
828,387,6.1505752201623825,6.138719264101367
828,388,6.14371359920477,6.151061130144736
828,389,6.115406682070476,6.146121301653858
828,390,6.10915919743099,6.147672156672446
828,391,6.138366415848617,6.149190677195853
828,392,6.129416442907905,6.160475989766605
828,393,6.122539978948726,6.16657124725564
828,394,6.131822313532722,6.1459475482702395
828,395,6.154555819501354,6.1428024766318625
828,396,6.166327949743133,6.158741038924756
828,397,6.171527091894607,6.138674216392149
828,398,6.153345233638355,6.160867394375607
828,399,6.173880783185147,6.149427238763733
828,400,6.157800179364546,6.1057118459200055
828,401,6.159773245252534,6.150931859709284
828,402,6.1288923869234235,6.108124139346031
828,403,6.141537829676459,6.1485627052627345
828,404,6.116046042702476,6.122818178726756
828,405,6.158914503742549,6.14237328995109
828,406,6.132122891705839,6.1519516780601275
828,407,6.151778324361401,6.140026030187873
828,408,6.115885606643293,6.125031567930202
828,409,6.144373609195409,6.157743758203426
828,410,6.143858252753752,6.165653867709688
828,411,6.171745868504685,6.143711939957191
828,412,6.146568216240617,6.1606957266871225
828,413,6.151301630581488,6.154010372675606
828,414,6.103651952979572,6.147270327193164
828,415,6.1394637476331,6.130581275451381
828,416,6.145269173567824,6.146292138981138
828,417,6.154463324208565,6.123915913112867
828,418,6.1301972879745215,6.120347791092362
828,419,6.133700376220368,6.132288168817675
828,420,6.149632821619495,6.1424973872576
828,421,6.149770235601775,6.140220433155395
828,422,6.151958470153492,6.158736554571694
828,423,6.150766077652517,6.136660325202633
828,424,6.134062275502626,6.1283152728940165
828,425,6.146979700255234,6.11005389534432
828,426,6.129436617763013,6.130870919882497
828,427,6.144445267700821,6.15057446296502
828,428,6.154058177443368,6.144427095036626
828,429,6.126232799256874,6.153148790966529
828,430,6.157356713671726,6.120534182026087
828,431,6.146033016277987,6.152471048532364
828,432,6.122622710411254,6.147856221784413
828,433,6.149075051874549,6.150261624336397
828,434,6.121180897717946,6.1430083679945024
828,435,6.141913446036422,6.132288168817675
828,436,6.164319132446767,6.1662647046361565
828,437,6.1520543075997836,6.146428513929053
828,438,6.15197019179183,6.145229868470579
828,439,6.140713273228818,6.131436069162212
828,440,6.165223084557596,6.140107520567615
828,441,6.156461137416689,6.126577089148307
828,442,6.145560548523076,6.128630985641384
828,443,6.152267949639736,6.122957613497211
828,444,6.121643236380545,6.137131987578074
828,445,6.147968877669407,6.152202032367548
828,446,6.140944541064123,6.153016217827723
828,447,6.127432841092853,6.1392773465545964
828,448,6.127550705108192,6.139294157735631
828,449,6.122294144647582,6.146630385202884
828,450,6.089696143717491,6.151376931149441
828,451,6.1481129343867975,6.149663426644778
828,452,6.130553943130398,6.1303619324783645
828,453,6.154187531677805,6.147464472179668
828,454,6.146973099958499,6.1338468588035235
828,455,6.151302816541188,6.143046530424269
828,456,6.138576900089675,6.128519443744032
828,457,6.13487824688518,6.1146538187158965
828,458,6.119311975566885,6.141250004470537
828,459,6.144403227747374,6.148703868825151
828,460,6.138603698274898,6.145880830134229
828,461,6.1225297353511206,6.12739456975285
828,462,6.126073048458599,6.174144684985706
828,463,6.123114734825271,6.125283767440328
828,464,6.129850211371985,6.155832366728061
828,465,6.142245273267236,6.11145944469928
828,466,6.155593186570274,6.141013768428256
828,467,6.152671194770868,6.14970044546437
828,468,6.147830385199817,6.133125265915586
828,469,6.146906453032995,6.12695349578019
828,470,6.165373349326791,6.139694179592585
828,471,6.121632311231418,6.144362718153446
828,472,6.148510451108318,6.137447289525958
828,473,6.098537446685954,6.1120117796904
828,474,6.127654234191085,6.137615752965657
828,475,6.154730705040244,6.135817895028546
828,476,6.14634715690214,6.1293353808475795
828,477,6.138906932647148,6.147879989561053
828,478,6.126102885819418,6.117718157431976
828,479,6.174077520784638,6.131234528982503
828,480,6.126677559474457,6.152960643139017
828,481,6.139117210515241,6.165657424209545
828,482,6.15519863574273,6.162069069492349
828,483,6.136507967531026,6.141405729329484
828,484,6.151637942253165,6.15927733681904
828,485,6.154027221643159,6.155257166422194
828,486,6.177863521843867,6.1449274746036355
828,487,6.130723035700994,6.128273368746649
828,488,6.148229426329512,6.16780398833202
828,489,6.134044458263016,6.1284948113575695
828,490,6.136407307920488,6.162041650758803
828,491,6.119915986242408,6.164194926709095
828,492,6.1377218476270095,6.140689010068573
828,493,6.150466243496992,6.16490019776632
828,494,6.124236446116959,6.1758484599543175
828,495,6.1557826733789245,6.1217336545150625
828,496,6.141494737186533,6.13479191536782
828,497,6.130729599323907,6.106003509753291
828,498,6.15525527673043,6.1189710168348155
828,499,6.107452257474652,6.132771372592597
883,0,6.121813249083529,6.131621302645748
883,1,6.153426685402757,6.149699768677897
883,2,6.131267074476547,6.135362210843576
883,3,6.145612401293683,6.110146693196496
883,4,6.119992648703305,6.146825043322198
883,5,6.11402080753245,6.130234855486621
883,6,6.1496441443678265,6.136232548441841
883,7,6.133889521719534,6.132559069911323
883,8,6.138518674462099,6.135132824107533
883,9,6.160564995840622,6.142344677769133
883,10,6.137175623778408,6.122166587237174
883,11,6.143683348310633,6.134247325607866
883,12,6.161988641768039,6.1636995529751255
883,13,6.155707580039228,6.144141424526247
883,14,6.134116471849309,6.141626808886607
883,15,6.116744588958432,6.138988236858762
883,16,6.151621962445772,6.142542942639867
883,17,6.126697067069202,6.131879865412028
883,18,6.147760957878572,6.142605792780668
883,19,6.109699144417147,6.146131538891929
883,20,6.141000115943359,6.128887985904824
883,21,6.148558557342959,6.141189356187396
883,22,6.149315950989123,6.135247702260053
883,23,6.129451518347064,6.1080737308417445
883,24,6.126792217976471,6.126304564119334
883,25,6.147180024872993,6.133498606882938
883,26,6.100484956988781,6.118108215082135
883,27,6.126169248768794,6.143265045839486
883,28,6.127246147743073,6.13600856240883
883,29,6.136856673074447,6.131465521067146
883,30,6.1269248602239195,6.158093267572422
883,31,6.14764996859121,6.137879145228911
883,32,6.152165430139541,6.140565899024226
883,33,6.156776077100187,6.145504188131511
883,34,6.153945033423136,6.129259289274191
883,35,6.143162378946186,6.1431400822321915
883,36,6.10758759421265,6.13582462005601
883,37,6.141439316628379,6.1416600971931565
883,38,6.157937120864004,6.130004963764205
883,39,6.125845855733902,6.129472474032954
883,40,6.1109444280638785,6.1384487792414735
883,41,6.1350594438674095,6.132367094527299
883,42,6.134728692080383,6.148414493660419
883,43,6.146966496994539,6.127336805081863
883,44,6.131033958075807,6.141044771470274
883,45,6.124161709419714,6.138899406371263
883,46,6.141024335970803,6.162455902656791
883,47,6.1430587430826264,6.139018914165418
883,48,6.150602586838259,6.148697032648986
883,49,6.120598005049956,6.114902627919044
883,50,6.143276863645292,6.127420043559247
883,51,6.145960769042397,6.131562922352065
883,52,6.148345218806418,6.122660587938349
883,53,6.123918241081501,6.111607735372676
883,54,6.14658793646246,6.1272835194426385
883,55,6.129164242633407,6.1416149969097145
883,56,6.125222037105356,6.12993431482049
883,57,6.120066097813256,6.12129269128862
883,58,6.152654356313914,6.117944871260677
883,59,6.13963243346481,6.1538167837535935
883,60,6.133079309555178,6.1387538899814444
883,61,6.1501878393195355,6.132663535394212
883,62,6.142152139752897,6.132030840344259
883,63,6.163535503078573,6.12904928683706
883,64,6.129645598357754,6.15196815217833
883,65,6.126019412663367,6.123181376726141
883,66,6.119297280848514,6.144578125185321
883,67,6.160760319609523,6.144352142576132
883,68,6.129103580455785,6.142006039951924
883,69,6.1562275531001385,6.14301371233316
883,70,6.123533229159638,6.142430164516232
883,71,6.159559146360053,6.127005619286296
883,72,6.161944521467792,6.10906900951061
883,73,6.138078148846685,6.135920307493677
883,74,6.136946775173996,6.136520164385197
883,75,6.128186987043946,6.133503284071671
883,76,6.138479467593834,6.147075789939255
883,77,6.149211655378995,6.115930925726778
883,78,6.134478457248486,6.142109684854906
883,79,6.139416571892302,6.144802920434214
883,80,6.137401556419696,6.131563185124111
883,81,6.139026589178704,6.12615624483238
883,82,6.134348835624996,6.1215229038478665
883,83,6.106447800676002,6.1395643497103745
883,84,6.137870520786027,6.134287406015679
883,85,6.1534061379425475,6.135177248968769
883,86,6.143816807949148,6.1322427560560815
883,87,6.159330473437879,6.1340661252308
883,88,6.145346172550622,6.132302133314626
883,89,6.121993179155524,6.137483975761427
883,90,6.141814718336337,6.1217735444413215
883,91,6.141694282219569,6.136265882050474
883,92,6.131632849300607,6.13600856240883
883,93,6.131306879887512,6.122943058690172
883,94,6.159326812215627,6.139018914165418
883,95,6.131966737691976,6.125620589521635
883,96,6.123300304624986,6.152124763082685
883,97,6.145730124344073,6.139817025760912
883,98,6.141372542963037,6.139670109542117
883,99,6.15440822134608,6.140434164899508
883,100,6.131466871476675,6.1360447457042655
883,101,6.149107212286149,6.128815839809717
883,102,6.10126551453858,6.133414549183582
883,103,6.124494171574126,6.132302133314626
883,104,6.121997424264519,6.135848360770604
883,105,6.124137389340388,6.140299404567863
883,106,6.139369924451609,6.144638334576514
883,107,6.127715037987168,6.14839753039769
883,108,6.145946715156305,6.1538167837535935
883,109,6.1154376729345845,6.14159136057917
883,110,6.147831927173272,6.107944193071372
883,111,6.152821129255805,6.123582377468532
883,112,6.132391003119372,6.14735852613487
883,113,6.090244067837694,6.109148032738256
883,114,6.144667600779105,6.144576687190766
883,115,6.142203629284298,6.103990918094424
883,116,6.130129855901583,6.128614828054345
883,117,6.119941302126457,6.118710685790145
883,118,6.135055039718923,6.152634601737531
883,119,6.140018769298637,6.131465365472748
883,120,6.113551011120703,6.1577092802988105
883,121,6.100997648627427,6.144170634224403
883,122,6.13010060681406,6.132595131825251
883,123,6.16427884867911,6.125875233946159
883,124,6.136411221074969,6.122870927679647
883,125,6.128682464805676,6.129888050891056
883,126,6.14879642890547,6.147159057652411
883,127,6.1112739752050365,6.113313758087275
883,128,6.15102980849449,6.141349854316965
883,129,6.143499909366023,6.135822719804227
883,130,6.130986879026663,6.1356149325152405
883,131,6.134630538647899,6.1455356512860115
883,132,6.142831116946466,6.12299464016797
883,133,6.152283511634452,6.12725846224361
883,134,6.151985497545941,6.121455526361201
883,135,6.134819782596721,6.122529302988517
883,136,6.173460040484205,6.142058744678256
883,137,6.157761098703748,6.147075789939255
883,138,6.120045268340371,6.1421122082396735
883,139,6.147579338202184,6.13275508089725
883,140,6.12988913426159,6.1398378460357526
883,141,6.145482345520279,6.142501878605469
883,142,6.140371182809318,6.15460333916147
883,143,6.141902963508296,6.148983133043558
883,144,6.109578098243981,6.147343543217139
883,145,6.138330542624935,6.1278390358476384
883,146,6.135639470082094,6.136520164385197
883,147,6.1415398157476355,6.1353095364245505
883,148,6.164669630969319,6.138113827124527
883,149,6.14611787916566,6.129740451900457
883,150,6.118212059800715,6.161798459854059
883,151,6.121456482230926,6.1299485895532975
883,152,6.1343094987046545,6.12260761281699
883,153,6.117972335175158,6.1270370606161535
883,154,6.154715492028035,6.115469501157194
883,155,6.145999401313541,6.155648728615332
883,156,6.154445189506779,6.144170634224403
883,157,6.141467506824469,6.146131538891929
883,158,6.125320550909605,6.134311708915154
883,159,6.11341152847112,6.1242196888758
883,160,6.14840357084822,6.140868232456048
883,161,6.13719925514996,6.146088638346747
883,162,6.137710075579559,6.119339665155238
883,163,6.134787024136794,6.143333884245377
883,164,6.127430431639473,6.14489709882639
883,165,6.102289356359321,6.122887693266883
883,166,6.146097224476766,6.127164605713697
883,167,6.112152562805687,6.163545886830908
883,168,6.145920853556364,6.14564712459989
883,169,6.138691201025292,6.1375150809390995
883,170,6.121625180581912,6.14271215548575
883,171,6.131655256108077,6.1425972619564675
883,172,6.163859339350251,6.14661697947784
883,173,6.115099771659514,6.111889480709075
883,174,6.139624478595158,6.134380401732508
883,175,6.111034657233798,6.132481202296614
883,176,6.162554620078729,6.133064848533525
883,177,6.126763396212063,6.158966511508461
883,178,6.134804251091565,6.100148140522467
883,179,6.122471680221082,6.122482872081064
883,180,6.129025912600066,6.139952330290181
883,181,6.1145023567754215,6.1310121425343915
883,182,6.1542546202622095,6.142547165031719
883,183,6.124832716535363,6.115819529612199
883,184,6.1261980583104485,6.153240185475971
883,185,6.141106989651095,6.124287910448475
883,186,6.133357095915141,6.130100818625197
883,187,6.11172413227568,6.137420670154257
883,188,6.153275456982885,6.143561526125666
883,189,6.1232218844011665,6.127420043559247
883,190,6.157037420456775,6.133396689258738
883,191,6.143849516388163,6.124033900207448
883,192,6.1353154670340775,6.14869651789198
883,193,6.133767337358611,6.123266144681964
883,194,6.168970301968775,6.135786584120129
883,195,6.1305461067518205,6.128623823837883
883,196,6.133239407275773,6.141760225308223
883,197,6.1290452942521645,6.117447748995251
883,198,6.147373375484135,6.135630180896571
883,199,6.138039195300643,6.163545886830908
883,200,6.144961760834841,6.126547778579727
883,201,6.145126647559252,6.129627969098327
883,202,6.13884772802861,6.137636761147968
883,203,6.1524716003421025,6.108273660947323
883,204,6.129446574074462,6.138982408488816
883,205,6.109703659458979,6.133780953582837
883,206,6.130338189937743,6.141700979097226
883,207,6.1445376070568685,6.1585431634227925
883,208,6.139155410065268,6.156904416289595
883,209,6.131667584241235,6.131465521067146
883,210,6.136086686809941,6.142157262437008
883,211,6.1497015869551,6.134094872901992
883,212,6.1550541572189985,6.139880861756473
883,213,6.148428224926297,6.124182889332508
883,214,6.132295051548837,6.141101743982323
883,215,6.152971622171929,6.125326048217256
883,216,6.13722054062472,6.131122601214018
883,217,6.1249624160335925,6.139551927947643
883,218,6.162506317828747,6.1606685030988135
883,219,6.129290881310728,6.137558458714727
883,220,6.134198072046127,6.135614024865518
883,221,6.120753004378142,6.132768926578035
883,222,6.129308029578823,6.127509378172241
883,223,6.143353474331556,6.153506031298134
883,224,6.134653268435165,6.134857289754413
883,225,6.151407158655258,6.133248338694533
883,226,6.133432053857957,6.140348347889006
883,227,6.152563941946507,6.151757304629546
883,228,6.143472486267221,6.128645162794794
883,229,6.150626002739134,6.124386865967072
883,230,6.155247206015146,6.133292317974354
883,231,6.143187788450323,6.161354849882321
883,232,6.124013828033892,6.131669731835727
883,233,6.132651965381512,6.1028882834623825
883,234,6.137379701887232,6.146001035747922
883,235,6.122938137688309,6.133503284071671
883,236,6.1398348390582935,6.147142371396755
883,237,6.111892042915249,6.12657291609885
883,238,6.118269716894769,6.151802126733381
883,239,6.126160213841326,6.1194297193144065
883,240,6.122944983400785,6.149530378226332
883,241,6.118135497312711,6.1275429721447985
883,242,6.1564097887103655,6.131909719186405
883,243,6.135149705780416,6.113181979457442
883,244,6.141184374705168,6.125326048217256
883,245,6.126619289063606,6.1215776319483215
883,246,6.15030712569211,6.121959184234023
883,247,6.1326834215017145,6.1293084347984665
883,248,6.1285728711540575,6.138574620713674
883,249,6.136425532892821,6.136165840353027
883,250,6.139600972656263,6.131534055858272
883,251,6.116179562157847,6.13600856240883
883,252,6.155779192938413,6.112649816751981
883,253,6.1291519557389575,6.1435795774467366
883,254,6.129876930659225,6.131373975027425
883,255,6.139207421244454,6.142859051096016
883,256,6.146892683378473,6.128374430822991
883,257,6.143535901763644,6.135817335641005
883,258,6.152259879895012,6.1452658170408645
883,259,6.1434510105164515,6.1421240619586435
883,260,6.148956388674107,6.155423951844031
883,261,6.149403464542893,6.118135839646181
883,262,6.165221987850691,6.134287406015679
883,263,6.151890211190276,6.133780953582837
883,264,6.1231172420700375,6.116552420457149
883,265,6.1326611983417445,6.141423207947215
883,266,6.145230457088832,6.127296652358305
883,267,6.121896021772798,6.158847826370391
883,268,6.143752033932821,6.13383588540594
883,269,6.140337320920575,6.1325839589245845
883,270,6.1439981126265675,6.126756807427815
883,271,6.156975557659723,6.153974518551282
883,272,6.11465179347175,6.134272199549213
883,273,6.124841275798599,6.1327043651627235
883,274,6.1265538809688165,6.149805067540964
883,275,6.147254432624701,6.141485121902931
883,276,6.116686926163918,6.167271550302982
883,277,6.161203247524821,6.161354849882321
883,278,6.157863755514926,6.121593604626522
883,279,6.128019050450488,6.122818357814165
883,280,6.119782612354992,6.131534055858272
883,281,6.166321490396735,6.142039328969192
883,282,6.15976381076737,6.123941730204984
883,283,6.155008059390916,6.134702988606461
883,284,6.127811021928712,6.136207505457367
883,285,6.1216838238626785,6.153679298558502
883,286,6.11554308484532,6.1310898883888445
883,287,6.166539104478008,6.111607735372676
883,288,6.1489431812928,6.128909782893289
883,289,6.155930405466134,6.134013080217745
883,290,6.137538479768376,6.126064415851173
883,291,6.140830504552091,6.124236821359745
883,292,6.143286539772452,6.129888670953199
883,293,6.13787667936699,6.131139190942901
883,294,6.146969114013787,6.129766269495809
883,295,6.145233178851577,6.136418165254972
883,296,6.1380026929809,6.133984608979655
883,297,6.1280860163695134,6.147604059971514
883,298,6.130146856871848,6.138605464326584
883,299,6.148081198736695,6.113428423934416
883,300,6.132020894374021,6.1070522252670285
883,301,6.152787418575451,6.131563185124111
883,302,6.1255197400232575,6.132941094182277
883,303,6.1535623930707555,6.129517465997503
883,304,6.127872228618149,6.142680533369589
883,305,6.180649314559364,6.128154451172967
883,306,6.138955980439767,6.146565864480034
883,307,6.125463484180163,6.1243899768106385
883,308,6.162708542020003,6.149817869162169
883,309,6.142631370810398,6.136207505457367
883,310,6.122526318508994,6.127265251034631
883,311,6.118023351233991,6.13249025521713
883,312,6.124838143963504,6.11440220213712
883,313,6.141393029482368,6.147885523171113
883,314,6.128422112568439,6.1278390358476384
883,315,6.114013512239936,6.128498059069777
883,316,6.125037109091188,6.143101374516712
883,317,6.121112347897306,6.110230013661895
883,318,6.134393527651277,6.119632708808677
883,319,6.15671087810949,6.1475134236814855
883,320,6.144187342451024,6.115469501157194
883,321,6.174877099123348,6.120175029361438
883,322,6.127948235010519,6.103990918094424
883,323,6.147358690101591,6.134857516812074
883,324,6.127191686497138,6.1336613019722765
883,325,6.15360224785998,6.125172296268305
883,326,6.144857502389347,6.124951392230616
883,327,6.153496803646031,6.114071891476499
883,328,6.124950631776058,6.114404294054003
883,329,6.154570024210088,6.140967003796364
883,330,6.169167458379851,6.129246728932114
883,331,6.136279412581293,6.145013900841776
883,332,6.152146377851632,6.147212197218689
883,333,6.140139171739298,6.118024684127048
883,334,6.137057652969652,6.121769844605906
883,335,6.127676874254199,6.128850651312315
883,336,6.121979278887092,6.126002178250017
883,337,6.1282036084226705,6.143238147426434
883,338,6.112010792825025,6.122307970597165
883,339,6.141273966584136,6.128450913969107
883,340,6.124949334612982,6.11149154734974
883,341,6.142572122016803,6.132469830629093
883,342,6.129408827505387,6.158966511508461
883,343,6.134773255444571,6.132804576738319
883,344,6.136962542886193,6.135552504048029
883,345,6.1609915106352995,6.124730503617329
883,346,6.105242524001247,6.122307970597165
883,347,6.131249899079923,6.136155423963649
883,348,6.125126326012698,6.148161720544484
883,349,6.145075344679179,6.1411061291270075
883,350,6.148915614079145,6.154394190428593
883,351,6.157881797017296,6.146072229409731
883,352,6.150089493094494,6.1478906795142665
883,353,6.145207358549412,6.146131538891929
883,354,6.132896576710484,6.136265882050474
883,355,6.124303693438969,6.14411648650764
883,356,6.109530700458401,6.144246763836619
883,357,6.133235355787455,6.144646801352437
883,358,6.1437755201140405,6.1095219720139795
883,359,6.145340794696258,6.146292522734155
883,360,6.124673607095974,6.158528524670728
883,361,6.14558204086656,6.142192519571543
883,362,6.141844048428585,6.149712464904418
883,363,6.122138137065143,6.136859321819148
883,364,6.129104575182077,6.132929996869603
883,365,6.108070048179662,6.137594630643092
883,366,6.136514451605459,6.1494264963734535
883,367,6.137445937121138,6.130608135346233
883,368,6.15091146089706,6.125070531922187
883,369,6.157607600946865,6.112842160751017
883,370,6.138219570599849,6.1299485895532975
883,371,6.1580891637082695,6.137992586195255
883,372,6.137865495537863,6.149824235947221
883,373,6.149494304934271,6.130182964529894
883,374,6.152600598991251,6.136344926240502
883,375,6.116241674763428,6.129966040741364
883,376,6.139074915458725,6.1299923267869705
883,377,6.171067098637986,6.111197285025071
883,378,6.164357109275029,6.144901706829003
883,379,6.126990909429476,6.140021510433081
883,380,6.123705252774269,6.1232814749457845
883,381,6.140265196139152,6.1635901005659655
883,382,6.127586919454668,6.1311564562228265
883,383,6.107465197163148,6.138518445548826
883,384,6.1228534410875595,6.135090970802634
883,385,6.129536638820008,6.10935422097745
883,386,6.103648878048325,6.139853520754916
883,387,6.1540868860724425,6.138453661409095
883,388,6.137481386132126,6.127884315691531
883,389,6.173893498975513,6.13582462005601
883,390,6.131308619872749,6.132514473085594
883,391,6.15043363860969,6.139866964499322
883,392,6.114631796914821,6.135118993995679
883,393,6.13938418618412,6.135118993995679
883,394,6.147983764105763,6.141831100343102
883,395,6.104022066736673,6.172328915611888
883,396,6.122283366550938,6.1573920158300774
883,397,6.107190527568338,6.127063663842347
883,398,6.137783883255835,6.1291835694323415
883,399,6.138444128362741,6.141831100343102
883,400,6.149146040227559,6.139799830845417
883,401,6.148665808629578,6.123477560553609
883,402,6.142331995096854,6.120175029361438
883,403,6.15599780519935,6.142057108371764
883,404,6.1276949640087075,6.1635901005659655
883,405,6.1409867476000715,6.148983133043558
883,406,6.127415134036806,6.143700131174274
883,407,6.114254058782068,6.1317185397028515
883,408,6.169591901674373,6.1260999297274426
883,409,6.09844247708115,6.145881315335916
883,410,6.1322196977167405,6.157339133725113
883,411,6.1461339452846815,6.1421122082396735
883,412,6.122285596636939,6.125172296268305
883,413,6.140155709384615,6.128275042069264
883,414,6.147734219573565,6.134909258729287
883,415,6.143478740971831,6.12915790880986
883,416,6.136534947713296,6.122482178086243
883,417,6.1347162789596466,6.142128566619997
883,418,6.14006259562943,6.122482872081064
883,419,6.153017880683477,6.114404294054003
883,420,6.13115901404662,6.137645207008681
883,421,6.117700292994578,6.132469830629093
883,422,6.133918798744261,6.149530378226332
883,423,6.130684894545977,6.126520321164474
883,424,6.159179765044912,6.152634601737531
883,425,6.15101311406823,6.144095742624789
883,426,6.150444864709771,6.142128566619997
883,427,6.13927981674445,6.119357501676926
883,428,6.149971782948085,6.14737193469011
883,429,6.1320286264926835,6.125685743533768
883,430,6.135825814710062,6.113891207773676
883,431,6.138589407098722,6.147700581577193
883,432,6.132714838279205,6.126304564119334
883,433,6.118924906868253,6.122827556138861
883,434,6.158574358112533,6.154159372563025
883,435,6.129729630329854,6.131562922352065
883,436,6.16545065589909,6.118135839646181
883,437,6.132032743676319,6.112022093291285
883,438,6.145880297104537,6.133446482599589
883,439,6.0957049739762175,6.152875110799158
883,440,6.112208191665827,6.144662933999204
883,441,6.138779565450979,6.112178357895002
883,442,6.150911934852129,6.113313758087275
883,443,6.151346370703038,6.131373975027425
883,444,6.1647317886967645,6.1252018550157095
883,445,6.135652064300709,6.133084781613986
883,446,6.111687691166685,6.131617547557908
883,447,6.118504452428651,6.1495051234725
883,448,6.1232013543743005,6.138004793308995
883,449,6.140898602772299,6.139817025760912
883,450,6.132352878117585,6.14661697947784
883,451,6.135858242507699,6.131188098057998
883,452,6.117908964302119,6.125852676199107
883,453,6.122419073523131,6.131139190942901
883,454,6.1351800546037225,6.131027170520308
883,455,6.1325064641157505,6.128835856280225
883,456,6.138634831325914,6.140967003796364
883,457,6.145140419031831,6.151757304629546
883,458,6.123327761530825,6.123266144681964
883,459,6.13518787735369,6.133201104812445
883,460,6.1422879315946295,6.116552420457149
883,461,6.122318054483275,6.153842084380677
883,462,6.132682554550249,6.159747977272763
883,463,6.141850901621793,6.1299963915227105
883,464,6.145123429594277,6.133248338694533
883,465,6.141503732421904,6.1399346206026895
883,466,6.135504518840254,6.150036393371859
883,467,6.138931085125946,6.11699622605404
883,468,6.124995713878445,6.134704274961381
883,469,6.138369273315397,6.147604059971514
883,470,6.165020038792854,6.129491857276117
883,471,6.141543425947876,6.137514722443305
883,472,6.1229644641695815,6.140454501742337
883,473,6.136357347619266,6.1281078626811505
883,474,6.1316811348405516,6.11149154734974
883,475,6.153428272461976,6.129888670953199
883,476,6.126174459281372,6.128769539257654
883,477,6.127078160432384,6.1320145445326775
883,478,6.1272947208326425,6.1243899768106385
883,479,6.12917272678626,6.146005703943537
883,480,6.147755320447003,6.136107670281155
883,481,6.115892023200898,6.135863134632061
883,482,6.13987920870452,6.1101352329359795
883,483,6.153236637012582,6.13048291722171
883,484,6.163468194422525,6.14839753039769
883,485,6.151026688126686,6.116816616073762
883,486,6.139961826031476,6.133446759648902
883,487,6.118064788315941,6.1353798071251475
883,488,6.167381516233918,6.145090902093691
883,489,6.136572647225211,6.123679575878455
883,490,6.164743593861546,6.133000428390758
883,491,6.165530570457314,6.153506031298134
883,492,6.099296762228697,6.125229736944439
883,493,6.114521656212245,6.132300497584113
883,494,6.148131917627493,6.156369707962847
883,495,6.1387602049009615,6.129522520272944
883,496,6.158688023543589,6.1360889802765435
883,497,6.135465219477075,6.125801117312144
883,498,6.131546309503523,6.137778848365528
883,499,6.122516713908352,6.132206762427317
938,0,6.136259692340308,6.144891350068956
938,1,6.1221000235061585,6.121305088053368
938,2,6.11618047830418,6.1240166058340355
938,3,6.117359935507239,6.153123628714646
938,4,6.137936404604589,6.152005482354407
938,5,6.152373680365362,6.148464024873901
938,6,6.1193853147924795,6.143739804752646
938,7,6.121206109074368,6.122086145066256
938,8,6.145379114727986,6.136788967629438
938,9,6.1511249080735855,6.149588811867468
938,10,6.138505506369154,6.148096381688637
938,11,6.146241333336568,6.135798877439107
938,12,6.125461648245094,6.135213587580575
938,13,6.14165566022994,6.1344470624927805
938,14,6.1045985224446575,6.150378042954665
938,15,6.115048362309496,6.149102809213347
938,16,6.121574875176313,6.15605174078563
938,17,6.150067357479316,6.140348526500885
938,18,6.125007431509444,6.1056906109964
938,19,6.117303799788834,6.128147384812135
938,20,6.124130745534185,6.123088926485786
938,21,6.128439466045171,6.128147384812135
938,22,6.134864278548623,6.133926339539496
938,23,6.106630993732471,6.163772829164907
938,24,6.112188553835126,6.133969351621464
938,25,6.129365361151012,6.12919654390672
938,26,6.102180444203621,6.14709251888347
938,27,6.124818572936545,6.135251664134978
938,28,6.138264287675697,6.144040231912521
938,29,6.138583325394506,6.143831338767819
938,30,6.1556492282274835,6.154980245382405
938,31,6.124474526371719,6.150855385679356
938,32,6.137717682565764,6.129070932560979
938,33,6.126971325647789,6.150571420097162
938,34,6.136134034145723,6.169915444301891
938,35,6.13517079450006,6.142631965871504
938,36,6.14356220672763,6.139984025907386
938,37,6.121874670917607,6.155426675612812
938,38,6.140880932495719,6.145589550699012
938,39,6.131712715559357,6.145746970433943
938,40,6.138503409141961,6.154850384425379
938,41,6.127747673315057,6.147123362874186
938,42,6.119763253286986,6.152651510241141
938,43,6.129800766070883,6.150802661246121
938,44,6.137523882938731,6.124479734625463
938,45,6.1405427634617675,6.145314219399495
938,46,6.155907015544758,6.100447476162943
938,47,6.086275838899703,6.14156101821751
938,48,6.121195807241547,6.146096652148212
938,49,6.133755867513484,6.157820656739945
938,50,6.115978812052967,6.1556365114396705
938,51,6.131540935181627,6.14230276967173
938,52,6.136383079540064,6.1512846663764975
938,53,6.130288534238992,6.132329476171115
938,54,6.126448624232478,6.1459560664390365
938,55,6.131240235844704,6.127691165879049
938,56,6.101029002056156,6.148206930993298
938,57,6.141022838782356,6.141669373170309
938,58,6.129545504568129,6.139998438577965
938,59,6.133648188394018,6.124777534687093
938,60,6.116643535754016,6.119345635978961
938,61,6.146577434073421,6.142181050796849
938,62,6.137202013410854,6.155414250446536
938,63,6.141334724164301,6.152648861270949
938,64,6.115143816073374,6.154373385561291
938,65,6.129134711644086,6.148199188989961
938,66,6.126579160815691,6.144440696952825
938,67,6.133229895756791,6.138196441514386
938,68,6.1361465027043325,6.152941113842679
938,69,6.120716075808466,6.1330868082062295
938,70,6.126319289900914,6.144754802020636
938,71,6.147707814990689,6.139981738172434
938,72,6.14646797540351,6.140953265445592
938,73,6.139727796156634,6.110328368980059
938,74,6.14244686763589,6.105626434711095
938,75,6.121752672759773,6.113725017223702
938,76,6.101839491459297,6.1344087407113275
938,77,6.122289776456707,6.155219371244919
938,78,6.12406714556584,6.155426675612812
938,79,6.129583113340248,6.1346152075879194
938,80,6.107481323678973,6.115475888835335
938,81,6.11577359561841,6.133676306708024
938,82,6.111488414793683,6.122676677725621
938,83,6.086574379652573,6.1455211699359875
938,84,6.1074167358226505,6.135545611951612
938,85,6.099913932622826,6.155009323250277
938,86,6.11350730102515,6.1176744581421465
938,87,6.117623316858705,6.127488894062578
938,88,6.126841723451889,6.173357807994833
938,89,6.131508301568073,6.149804937169541
938,90,6.12734282817959,6.134207769246603
938,91,6.1166019064755,6.15260189060034
938,92,6.1468153740836335,6.143821827468891
938,93,6.122547522249106,6.150799460419606
938,94,6.123398379378517,6.116182082150816
938,95,6.131189574730129,6.138144379244706
938,96,6.141263385680497,6.115826172149358
938,97,6.12927598499188,6.1158876701522855
938,98,6.141253146552229,6.141217632737973
938,99,6.140301574059755,6.142946007271978
938,100,6.129259459054885,6.130229605501012
938,101,6.143241427798158,6.1316234035618296
938,102,6.127244801586879,6.133968826391642
938,103,6.11950405415964,6.148618335399293
938,104,6.133968918805287,6.160885458042717
938,105,6.136937923439511,6.1330443300235045
938,106,6.135999210155808,6.117880863064461
938,107,6.129549533737645,6.1368439320279835
938,108,6.13357471129602,6.154498266905337
938,109,6.123996288756227,6.143243065703769
938,110,6.1552135536536055,6.138994285050939
938,111,6.1317296517461894,6.153848740414962
938,112,6.121100423841622,6.144992178020277
938,113,6.131772274852691,6.142946007271978
938,114,6.155111034473446,6.134383013965001
938,115,6.119131030674959,6.148567149693687
938,116,6.1260683481754485,6.162101066218896
938,117,6.148939886597325,6.122391231877622
938,118,6.141640331208875,6.14670552154583
938,119,6.133047104476186,6.163764252460778
938,120,6.11050452762639,6.14562553839093
938,121,6.140746891388067,6.135516483062552
938,122,6.151612363987554,6.130892296887232
938,123,6.105770479199203,6.128498912093754
938,124,6.141441638374127,6.117153716881441
938,125,6.142911942479081,6.1647767932299296
938,126,6.117926630047078,6.137152417782371
938,127,6.130120277689383,6.148047753032834
938,128,6.131474342334225,6.141843794063843
938,129,6.117802822630841,6.13986349020825
938,130,6.167269270637096,6.14256050880596
938,131,6.129081789782412,6.140829099401958
938,132,6.128839991850457,6.126518326119164
938,133,6.1430880899657465,6.148175523814002
938,134,6.130030441424076,6.154822470412619
938,135,6.154276778569321,6.119782576070743
938,136,6.150576187131314,6.140829099401958
938,137,6.134185643636591,6.141214212643161
938,138,6.123698291593076,6.160679709103818
938,139,6.117566091137133,6.14193352070687
938,140,6.1463664295193405,6.106053386721595
938,141,6.121453002013846,6.148989187668643
938,142,6.147974399521639,6.141164309977501
938,143,6.103667004885414,6.128098588413926
938,144,6.143157920043862,6.155453420029418
938,145,6.114588448369954,6.16214599082279
938,146,6.101801463190852,6.141535064304766
938,147,6.147893715049214,6.14256050880596
938,148,6.104826651161807,6.15838097145581
938,149,6.123269463841774,6.147707858529796
938,150,6.133033659588293,6.123248931502524
938,151,6.123409838792731,6.124063664118615
938,152,6.143441078304607,6.129149499201787
938,153,6.131982490002914,6.142017646845913
938,154,6.126364601900946,6.138640050309713
938,155,6.126166870997641,6.129030829309556
938,156,6.107013253767595,6.161686158005566
938,157,6.1218791712788265,6.1358515186813545
938,158,6.119301567992917,6.153807307907999
938,159,6.110322104905164,6.1479159120621
938,160,6.144314450075096,6.16317455419287
938,161,6.120575841432449,6.1297842140557375
938,162,6.131485504770756,6.138001998407251
938,163,6.130183502942379,6.121033781097227
938,164,6.1335821560430634,6.142537417450723
938,165,6.132427181852197,6.144419029547164
938,166,6.125982354418047,6.144040231912521
938,167,6.129723496455877,6.147480894185039
938,168,6.129586973992344,6.144347586781015
938,169,6.177857328915978,6.155251320405194
938,170,6.127311065552313,6.141310150963444
938,171,6.108386739501806,6.129663778610006
938,172,6.120178914583344,6.134368493176507
938,173,6.142245967802442,6.1266803721743885
938,174,6.131793982846956,6.122012182699176
938,175,6.118424017847314,6.145514930040482
938,176,6.145944386800901,6.151173649521263
938,177,6.159271066441415,6.145927176351487
938,178,6.139612910321157,6.153398925051169
938,179,6.140524189322454,6.130654224818762
938,180,6.115478694087389,6.152651510241141
938,181,6.126078110662355,6.14155714602347
938,182,6.133584270803553,6.154928281541169
938,183,6.154343169902573,6.1688932195004496
938,184,6.1670812143784834,6.125408731571786
938,185,6.1328246754621105,6.137903712222223
938,186,6.123921323393214,6.135913432006011
938,187,6.137661930138748,6.14269769972651
938,188,6.126072555431186,6.131368398389709
938,189,6.143097356098469,6.13492078814873
938,190,6.1265180599287286,6.15329774389755
938,191,6.131097283572178,6.128894044131952
938,192,6.134212428462977,6.142678190662662
938,193,6.131486245668157,6.1468029882164705
938,194,6.148060982802685,6.130482085654639
938,195,6.145843568008792,6.1501018660957625
938,196,6.120186968884896,6.147186896768259
938,197,6.113763529381639,6.153636100640566
938,198,6.108047182588611,6.135498949419763
938,199,6.146875434432489,6.15430547815377
938,200,6.146913963769848,6.13347615031557
938,201,6.165663189875102,6.143352051331681
938,202,6.132749474034685,6.147186896768259
938,203,6.15152753621542,6.15838097145581
938,204,6.146183713378866,6.150255125822745
938,205,6.15311970719985,6.153073447534768
938,206,6.12264362445118,6.160885458042717
938,207,6.138258129721886,6.12949599618016
938,208,6.115975908105811,6.119285857540722
938,209,6.116773759264148,6.115724529595695
938,210,6.124600164937012,6.111246797327575
938,211,6.143357447653759,6.156052654746656
938,212,6.110544401310917,6.130654224818762
938,213,6.131029631812591,6.132053423237629
938,214,6.136263843674209,6.121873821886859
938,215,6.110356532916986,6.140829099401958
938,216,6.119339125895005,6.137619362903472
938,217,6.141198010668433,6.145703109872436
938,218,6.140895384555708,6.121617590704701
938,219,6.120140789450407,6.145236190235748
938,220,6.147941716415598,6.137792284916134
938,221,6.132877133286931,6.126808494583928
938,222,6.113242386222169,6.136816534253198
938,223,6.125028062049852,6.143942734293186
938,224,6.105841127161895,6.146545000581799
938,225,6.130156409605323,6.121873821886859
938,226,6.143422229224946,6.142021454122358
938,227,6.152783512231964,6.154725778056518
938,228,6.125754808013489,6.124831128021375
938,229,6.122789669291782,6.14110999286753
938,230,6.116631001094965,6.121718068680459
938,231,6.127070545117889,6.139391116750594
938,232,6.134558355298498,6.159664291670721
938,233,6.137313029200152,6.116345864559658
938,234,6.1287455606123205,6.151782812524731
938,235,6.105431377904499,6.149146365856793
938,236,6.130267540514546,6.14385203629415
938,237,6.119168369251119,6.125091487491717
938,238,6.130622398933405,6.161211208158298
938,239,6.122742190186228,6.1688932195004496
938,240,6.158811293019939,6.150739703547796
938,241,6.12447056002849,6.151782812524731
938,242,6.141681573392319,6.145972770145613
938,243,6.122001780442755,6.1210032766610105
938,244,6.167969101523413,6.141676657622803
938,245,6.141738753717256,6.155177300869511
938,246,6.145254036832952,6.122822855194046
938,247,6.1324394342206725,6.1510794676757055
938,248,6.13964501180809,6.135534750061715
938,249,6.137077982784261,6.129108507820762
938,250,6.1394297949699155,6.160885458042717
938,251,6.143733562882953,6.140214249948486
938,252,6.141020184764469,6.144120040665133
938,253,6.125843891598542,6.1370240736730315
938,254,6.131763664837437,6.1378947446081105
938,255,6.1273786191009805,6.109996468392511
938,256,6.133860596296421,6.133575978713256
938,257,6.150785411673253,6.127320237140046
938,258,6.126212407021363,6.136225877031237
938,259,6.129694816721645,6.144684153853337
938,260,6.145710254736522,6.121873821886859
938,261,6.1138531303313295,6.14562553839093
938,262,6.128649685492447,6.122473812798809
938,263,6.124673587272931,6.152872745096406
938,264,6.127368405987475,6.137579719924295
938,265,6.11687795615655,6.139849456588586
938,266,6.124994863855618,6.128877127912825
938,267,6.13259924359434,6.132888770130006
938,268,6.1539464902907985,6.128498912093754
938,269,6.119709901388929,6.137551734119374
938,270,6.1488050605996305,6.100643638986682
938,271,6.13923848587094,6.145514930040482
938,272,6.136889388642803,6.139435024762976
938,273,6.134048586985718,6.141930993212006
938,274,6.117062601012593,6.154424425546829
938,275,6.131838697640472,6.12562719640835
938,276,6.123780973492071,6.144940435420846
938,277,6.1388161187558765,6.152431934218061
938,278,6.139700738475011,6.147142272799439
938,279,6.1498341215467045,6.129016485594483
938,280,6.146305325234744,6.136659620751021
938,281,6.154384747301819,6.1580026505922945
938,282,6.132248172169031,6.136139407629994
938,283,6.119097685762478,6.147480894185039
938,284,6.1108028034224136,6.111836889727257
938,285,6.142396001267507,6.13348732406385
938,286,6.143603184558966,6.1216144512566775
938,287,6.138246710748697,6.131532103399704
938,288,6.135666991006941,6.143716739495343
938,289,6.147911360970387,6.147601083610941
938,290,6.1583432734853245,6.1439872966800335
938,291,6.1410766166439625,6.151748622083478
938,292,6.148725100337309,6.124283540654715
938,293,6.1414743881532186,6.14763518462032
938,294,6.1427215288157395,6.137196267140298
938,295,6.11906021415921,6.143808607907355
938,296,6.1319081548625824,6.1510794676757055
938,297,6.146930586828353,6.149146365856793
938,298,6.139439643490777,6.1390681219563605
938,299,6.131596058369289,6.131139314866669
938,300,6.148699238217381,6.153636100640566
938,301,6.147048807035704,6.1313616706019785
938,302,6.129758058305415,6.134223681684331
938,303,6.147373850509364,6.14202009255962
938,304,6.124235578443368,6.131088219151847
938,305,6.133737230852057,6.131836935951423
938,306,6.098140010395109,6.1439872966800335
938,307,6.113718118472123,6.128670313062248
938,308,6.128809304241607,6.14482897909885
938,309,6.136954544564633,6.137178219745158
938,310,6.122164276607005,6.122676677725621
938,311,6.108724213504824,6.113025160040897
938,312,6.128252152264051,6.158612226853157
938,313,6.1518830985449595,6.093207867992058
938,314,6.1185312043542535,6.124485502688514
938,315,6.130519747327902,6.1330443300235045
938,316,6.141757312427998,6.142176319508827
938,317,6.138950045463025,6.1232632125411905
938,318,6.149640690088061,6.1752704770327815
938,319,6.156130244479384,6.133468738164127
938,320,6.130943772902041,6.142157076175586
938,321,6.093351448402758,6.156324561218278
938,322,6.142470223613844,6.138036865690237
938,323,6.1162593368517815,6.137792284916134
938,324,6.159664270274986,6.149500750037565
938,325,6.149593387904793,6.14942603780078
938,326,6.1376255064427445,6.145601766871242
938,327,6.152937503436145,6.160879116833396
938,328,6.126176936929575,6.167306801258089
938,329,6.136964258788595,6.122086145066256
938,330,6.1392019930041,6.147447088904664
938,331,6.132788601506989,6.143662155134563
938,332,6.1194050336478165,6.1275161874702
938,333,6.136674876547618,6.148366357474602
938,334,6.119543361453942,6.131532103399704
938,335,6.1349083559569015,6.143974221162914
938,336,6.147120160325616,6.122923913267523
938,337,6.152900268545473,6.139707653316538
938,338,6.1463998110152795,6.135627821988941
938,339,6.144811572376966,6.153254021278486
938,340,6.159871158450647,6.158528813811298
938,341,6.121934616090413,6.145795862256086
938,342,6.163966674109952,6.146221534685247
938,343,6.159349572717266,6.140871441888547
938,344,6.109114768718638,6.140687231738463
938,345,6.143749443755933,6.1556367748242335
938,346,6.132356838204962,6.148292028269955
938,347,6.132091844662239,6.151312621925855
938,348,6.125417481131746,6.141811282664167
938,349,6.1240167687471025,6.148824098128109
938,350,6.1324670052798975,6.154841152351251
938,351,6.136145254589284,6.146299185930116
938,352,6.1126976878950305,6.162480285327328
938,353,6.100561997300381,6.138402076504891
938,354,6.1263918775436785,6.135268953056233
938,355,6.147171359123763,6.1424305631499
938,356,6.1381682405630364,6.162631210976757
938,357,6.138235469336997,6.121721415939294
938,358,6.115575549804366,6.14202009255962
938,359,6.1291420877207115,6.133676306708024
938,360,6.126466409442254,6.1559997927757655
938,361,6.113918035604179,6.151578990747967
938,362,6.126176574918422,6.155400193114144
938,363,6.113379117339938,6.100447476162943
938,364,6.129858090654046,6.151892388438514
938,365,6.145232967634182,6.123034122551225
938,366,6.117907296319055,6.148199188989961
938,367,6.158668995998726,6.138114194442197
938,368,6.118711570975875,6.119285857540722
938,369,6.133423737262255,6.148493039270326
938,370,6.151743726299159,6.1088949883216435
938,371,6.136657021249976,6.1588285034668
938,372,6.146327385971373,6.14427016266502
938,373,6.128398176826785,6.136421617093852
938,374,6.104303943314665,6.14670552154583
938,375,6.13182025199228,6.133331181210586
938,376,6.13580016459524,6.144347586781015
938,377,6.132854891491631,6.1088949883216435
938,378,6.138058980052035,6.143957441471947
938,379,6.130134457826567,6.133199906901729
938,380,6.137491424106129,6.144755808592697
938,381,6.134261201471757,6.137006743472528
938,382,6.158004826774664,6.143270711269279
938,383,6.114189854946199,6.1265314008471075
938,384,6.150622795531431,6.100447476162943
938,385,6.155654776284853,6.127631227299004
938,386,6.125973568935878,6.1477362396096025
938,387,6.130179388018057,6.1430682890536366
938,388,6.12843931410165,6.132053423237629
938,389,6.159869438066028,6.145242166503142
938,390,6.121381531468761,6.152578122043825
938,391,6.146166944965673,6.151892388438514
938,392,6.160273996080981,6.14763518462032
938,393,6.134757902041203,6.131786454204755
938,394,6.108432162821295,6.1358515186813545
938,395,6.139127559585778,6.140441639566953
938,396,6.1231584808274,6.14942603780078
938,397,6.156962084539113,6.139290635597078
938,398,6.153270696233263,6.13643882824452
938,399,6.096322449792378,6.1517762654687855
938,400,6.121178233734859,6.14233668499
938,401,6.1580599999340935,6.127546575152547
938,402,6.131689908580576,6.114390881562959
938,403,6.116267547981769,6.136631061866794
938,404,6.15390986389754,6.141002127405093
938,405,6.121051767745549,6.146778309614449
938,406,6.142207236559938,6.1264800150012295
938,407,6.122494395029988,6.162631210976757
938,408,6.124115505932914,6.141468551260007
938,409,6.125279752855819,6.1563522262909105
938,410,6.140955914498979,6.1226158820475725
938,411,6.142503855267667,6.1509935026887295
938,412,6.150102802716399,6.124485502688514
938,413,6.118228093762791,6.1563522262909105
938,414,6.12388057639724,6.144755808592697
938,415,6.133241324348117,6.14110999286753
938,416,6.122526662989742,6.146491549835651
938,417,6.135739234715428,6.118426395845285
938,418,6.12652490190117,6.1153845979292525
938,419,6.138697552410781,6.1489242459918705
938,420,6.1034918191384495,6.135826576905099
938,421,6.130283134373469,6.148096381688637
938,422,6.1481172169086875,6.133969351621464
938,423,6.119419005488641,6.134257876468112
938,424,6.152195750745372,6.128144503669246
938,425,6.133834690146762,6.130612326335529
938,426,6.156550385344473,6.12940349654334
938,427,6.121985222897211,6.151275343077337
938,428,6.110600975324419,6.152484461754811
938,429,6.135866251900996,6.140185161307231
938,430,6.146139919855805,6.159853817033423
938,431,6.125950737239529,6.142600854557945
938,432,6.13492609466726,6.134243907782049
938,433,6.151213179867041,6.125339702361247
938,434,6.125793217624841,6.154850384425379
938,435,6.129681496751189,6.131791568223922
938,436,6.14073090674696,6.145390188154552
938,437,6.106246980170165,6.139984025907386
938,438,6.137020912960462,6.154894881561341
938,439,6.108620751483996,6.13887578804119
938,440,6.136453080624897,6.1543354584866075
938,441,6.109601855774435,6.139435024762976
938,442,6.133776081633349,6.14303796756488
938,443,6.124166650480552,6.154682286652697
938,444,6.181650574108173,6.160885458042717
938,445,6.137694354584965,6.126062403420296
938,446,6.136245615803122,6.135534750061715
938,447,6.122916541157919,6.14427016266502
938,448,6.12670845703543,6.154327826190622
938,449,6.14809340073606,6.132270739575726
938,450,6.16003834829207,6.131585047178387
938,451,6.131540525663888,6.135069866931558
938,452,6.1442144283048945,6.140016714847309
938,453,6.14795271058978,6.129292387308096
938,454,6.122580414787233,6.142703345073163
938,455,6.152192473710578,6.130360279256089
938,456,6.118280068062519,6.143666752212844
938,457,6.132346046208296,6.115475888835335
938,458,6.14883561143361,6.13542436305985
938,459,6.138439186934018,6.1240441139237785
938,460,6.1483209002937995,6.146277064744211
938,461,6.084009667069739,6.1447687667004365
938,462,6.124650961424675,6.145927176351487
938,463,6.148931625325116,6.124998994804051
938,464,6.118282002604096,6.152675795658463
938,465,6.1301505913258305,6.127480957413089
938,466,6.15013050665208,6.137852128703881
938,467,6.112301967911993,6.141176237248668
938,468,6.1070284347945165,6.14817488661385
938,469,6.134563779856339,6.169781593047357
938,470,6.138707442366776,6.134339463481654
938,471,6.131332182530507,6.124056395054121
938,472,6.116554823306976,6.14999906560183
938,473,6.12880418554715,6.141930993212006
938,474,6.142496726617464,6.13604193270157
938,475,6.136010958953206,6.163764252460778
938,476,6.1379845818987455,6.1396790223202435
938,477,6.116105210346179,6.141022769119417
938,478,6.1459369799652945,6.14246239824691
938,479,6.120471272187611,6.125312760772102
938,480,6.158724745454489,6.148747771871308
938,481,6.167755641457054,6.130155985981079
938,482,6.131106842974405,6.140829099401958
938,483,6.132526742908593,6.152675795658463
938,484,6.14702430177058,6.137792284916134
938,485,6.146202067247004,6.140204623441476
938,486,6.139794350148672,6.13109795708205
938,487,6.130952901201861,6.124831128021375
938,488,6.149907175246684,6.145314219399495
938,489,6.131381938972557,6.118900741272318
938,490,6.12443624506038,6.130226837111868
938,491,6.150240089563318,6.129747227652195
938,492,6.139919184779465,6.134637826145478
938,493,6.136949616003215,6.159726545319353
938,494,6.132004979246361,6.167317094938087
938,495,6.1327285650609085,6.157548442420154
938,496,6.1255761762765255,6.154424425546829
938,497,6.14818356065121,6.12755281942986
938,498,6.1451812925869325,6.153102355912647
938,499,6.153161314941477,6.152280906407074
993,0,6.1095016670799875,6.128541184770368
993,1,6.103635448761421,6.136930263504055
993,2,6.122942118228515,6.14109968003041
993,3,6.12291409156175,6.118418322319376
993,4,6.136554801385157,6.153036063911021
993,5,6.11699990878205,6.155835598568781
993,6,6.129766183057475,6.149582441501693
993,7,6.111540420701109,6.137927269407056
993,8,6.104504421656516,6.16045624404934
993,9,6.096111467567133,6.1149286073993485
993,10,6.125794902447285,6.135121397647492
993,11,6.121520145014814,6.146652948089718
993,12,6.135921486609598,6.137993442290441
993,13,6.126614268740676,6.13535258224901
993,14,6.141591377940811,6.1426608524078885
993,15,6.118035956879697,6.1219175368344585
993,16,6.1141628078960775,6.136265648600437
993,17,6.126865286934312,6.141173833864915
993,18,6.105584283493133,6.125036312493163
993,19,6.137317176527103,6.141831195051525
993,20,6.138290015912289,6.1458277932996115
993,21,6.136422553376092,6.1578873184947325
993,22,6.14183691488335,6.107782301173393
993,23,6.105569071921036,6.137622442348201
993,24,6.116067983787102,6.135978531177329
993,25,6.093617436463816,6.169577558539872
993,26,6.13223852947468,6.117931580137811
993,27,6.155977775894482,6.121255373650644
993,28,6.132689961400505,6.132044595321842
993,29,6.128143320077584,6.1566076686347095
993,30,6.138029947019103,6.142440216827537
993,31,6.112927573788752,6.156072135932741
993,32,6.136817844047387,6.134641859103384
993,33,6.102210429204389,6.125475883591915
993,34,6.1323709721139,6.1189321704523385
993,35,6.11733582968614,6.145078407950595
993,36,6.09700527517962,6.1302746125689005
993,37,6.118456045825357,6.122825888561113
993,38,6.1188971788576385,6.136684999797194
993,39,6.129402623280008,6.149693100290905
993,40,6.147308105087648,6.133503854937863
993,41,6.135370197416405,6.158158058287508
993,42,6.132881850404849,6.128445902422977
993,43,6.134176633790541,6.144585054054328
993,44,6.12232759598419,6.145937966274015
993,45,6.099446924194127,6.15174233496082
993,46,6.122167738604929,6.13975943251642
993,47,6.116036741107829,6.1426608524078885
993,48,6.136212309567594,6.144644736024707
993,49,6.136611339768663,6.144363003212891
993,50,6.133832443267429,6.146652948089718
993,51,6.127695995898023,6.150379528546106
993,52,6.120364076519135,6.142880780449348
993,53,6.124099064773285,6.145394917155856
993,54,6.121433956200186,6.165882314493346
993,55,6.131285031988575,6.13802875911219
993,56,6.138684816408493,6.13763985144272
993,57,6.104075269426023,6.146359119693314
993,58,6.144888313107778,6.151258998024659
993,59,6.13347312770085,6.14096891985013
993,60,6.133491516787299,6.151508223301473
993,61,6.12697137739171,6.1299689643083
993,62,6.117796144490494,6.141110658921756
993,63,6.103233013107902,6.127955216539464
993,64,6.151638438810691,6.14250580932876
993,65,6.117543231790564,6.143463384383288
993,66,6.15651683270943,6.12678104091551
993,67,6.134483966891756,6.134315730603023
993,68,6.115170151626145,6.102571653887637
993,69,6.158399025243401,6.131951810052004
993,70,6.11108342925677,6.130895810075208
993,71,6.131225570671036,6.116803252821416
993,72,6.143279865760916,6.144207444436663
993,73,6.118778553511959,6.154109890262522
993,74,6.124998371185303,6.139232829919115
993,75,6.127983369292849,6.153372566064254
993,76,6.138312457658132,6.1431394879683605
993,77,6.145833800594425,6.1578873184947325
993,78,6.124057750606548,6.149110212488604
993,79,6.145284677304163,6.129244505354547
993,80,6.111512839370183,6.137689693224685
993,81,6.130077036632951,6.129213271535039
993,82,6.12178195996398,6.14406992843803
993,83,6.1162384191508945,6.13390810821239
993,84,6.133186815050547,6.142450773049499
993,85,6.149474676643962,6.112545546545498
993,86,6.126789506789176,6.112535261185108
993,87,6.131230139690006,6.130722472475691
993,88,6.138970667719933,6.149577452088184
993,89,6.123602674682848,6.134036817695458
993,90,6.132701878881795,6.1585362851416265
993,91,6.112537850392683,6.148065231095993
993,92,6.1154753173271645,6.142979938706369
993,93,6.126336356989846,6.138080655774618
993,94,6.0995866901142,6.12095609769823
993,95,6.144512755921085,6.1311170600566065
993,96,6.109765178702112,6.107782301173393
993,97,6.11981984155666,6.157509219790176
993,98,6.133121682632341,6.132252474153759
993,99,6.148198726240401,6.127736595364433
993,100,6.1039471698510575,6.150039330168743
993,101,6.146742478724983,6.149110212488604
993,102,6.131307134115959,6.154629484698624
993,103,6.126648015532268,6.145111747766344
993,104,6.147894619139374,6.125882961802705
993,105,6.129948536953867,6.134648116118675
993,106,6.105191313292786,6.1562667328688185
993,107,6.123179868989514,6.132099611349386
993,108,6.108789270848033,6.1427679192301134
993,109,6.129993290634393,6.122521427875597
993,110,6.114867200042169,6.1351420988075445
993,111,6.127864447008326,6.117457193884322
993,112,6.13897141404499,6.163889668109164
993,113,6.134807630423742,6.122570095088889
993,114,6.116621566379775,6.149391749074049
993,115,6.143036037953431,6.135750399555752
993,116,6.116797105450081,6.1406678518106315
993,117,6.134411342657737,6.124728263690351
993,118,6.113800728954595,6.148065231095993
993,119,6.128990492824074,6.157869350168333
993,120,6.1158594875147845,6.135068066027294
993,121,6.128332384694912,6.139493111753998
993,122,6.11356413483985,6.124789072663888
993,123,6.14242766930901,6.125913012020671
993,124,6.119230576232898,6.143336700255122
993,125,6.145692336832246,6.167172767018079
993,126,6.122587336764831,6.148121823126897
993,127,6.118630838643538,6.155590377245749
993,128,6.120430062290723,6.145248832157799
993,129,6.1373994451770635,6.147059424710741
993,130,6.14115630392718,6.1326287018968735
993,131,6.134100666035978,6.137689693224685
993,132,6.134702496121319,6.135002182478807
993,133,6.103815995476448,6.114901431834143
993,134,6.140264406159101,6.113889160989725
993,135,6.1295241266221785,6.12844211205162
993,136,6.121778942277053,6.151478840217811
993,137,6.140791383893116,6.155279639826008
993,138,6.149226990806598,6.1529189907554676
993,139,6.125537739360241,6.129724329434526
993,140,6.131134074175311,6.153941145110634
993,141,6.106115517023643,6.148814877805007
993,142,6.07827148046929,6.136663756670452
993,143,6.1479957289767215,6.161036880612081
993,144,6.1409952256232705,6.155158405304695
993,145,6.143797539178054,6.1346984157157465
993,146,6.147747257984562,6.131734473325944
993,147,6.148978991576124,6.136566338043071
993,148,6.115890930440439,6.136570408171466
993,149,6.1375150076465514,6.148528290189887
993,150,6.104107185911136,6.144012731101218
993,151,6.132836163461634,6.160467069320312
993,152,6.119784395546251,6.147635747563084
993,153,6.110095038458595,6.1365959768916705
993,154,6.133571116216759,6.138206909050655
993,155,6.126488536327048,6.126135876141007
993,156,6.121288403898418,6.151139157529755
993,157,6.139388010015057,6.13498904561704
993,158,6.140647706061716,6.14285187098498
993,159,6.133705117587855,6.132587669812409
993,160,6.1335635573925344,6.157509219790176
993,161,6.11965332479043,6.126357410685319
993,162,6.139287527777524,6.120211743252284
993,163,6.151252209374042,6.129772346456821
993,164,6.142946758669513,6.125133147951154
993,165,6.121605935115464,6.158345757781651
993,166,6.107749677239963,6.1370472022660385
993,167,6.131917368384265,6.118418322319376
993,168,6.152459666567333,6.143672145144212
993,169,6.150281302088237,6.1602834331238725
993,170,6.14300490829849,6.16239032077043
993,171,6.143997185447056,6.14406992843803
993,172,6.118634878801264,6.147372443576501
993,173,6.12299129458345,6.139433293783073
993,174,6.138739652344174,6.125721424849386
993,175,6.121225851489707,6.148441573173426
993,176,6.1316066454137355,6.168101860097158
993,177,6.129581669759905,6.139690376022541
993,178,6.144120922796398,6.128007403805771
993,179,6.136055574359852,6.131109006123748
993,180,6.112461252584332,6.109551227916567
993,181,6.1350267520510835,6.147156401660299
993,182,6.133662888285757,6.125647243735095
993,183,6.132931757626561,6.148052759830202
993,184,6.130749331313228,6.133569888461656
993,185,6.136864785083889,6.1281292449733575
993,186,6.1376498865681075,6.147663689792273
993,187,6.1268655241767,6.1343203885756665
993,188,6.149505051798396,6.156759244301686
993,189,6.137407836615562,6.125974903728421
993,190,6.140642829072605,6.1381862289040425
993,191,6.131898218724154,6.151288880565196
993,192,6.1548683094842325,6.137563281855177
993,193,6.138278095087763,6.150747518232368
993,194,6.152599334552956,6.128577742233448
993,195,6.1350435134939,6.155259342710229
993,196,6.135144812406708,6.148441573173426
993,197,6.125884277607837,6.145863006237044
993,198,6.124384099804277,6.141037463196938
993,199,6.111961373252303,6.143611247580699
993,200,6.137959470937715,6.141262817873045
993,201,6.125399286828798,6.160599595568358
993,202,6.11317407223018,6.138266399102282
993,203,6.146437600145846,6.157890910501765
993,204,6.1509743551024085,6.131485827855295
993,205,6.129133036079366,6.141913535378983
993,206,6.138828492038391,6.164183232875247
993,207,6.134003683055233,6.123360194618733
993,208,6.1291311791142284,6.128700308189701
993,209,6.139167464798633,6.133159994590424
993,210,6.1316144032970525,6.135978531177329
993,211,6.128067292344169,6.135839965874458
993,212,6.135672008913073,6.1378399412500055
993,213,6.126617213358146,6.121881725955013
993,214,6.1239910299251195,6.144715629467269
993,215,6.1211300891044065,6.138923074851704
993,216,6.105018511824942,6.134294012735118
993,217,6.118201065691503,6.113889160989725
993,218,6.126509118112564,6.155259342710229
993,219,6.134159062355473,6.12239237536592
993,220,6.132337925013259,6.122570095088889
993,221,6.128282962248893,6.143076565914011
993,222,6.119599022287482,6.142238974161086
993,223,6.113796468949356,6.134042190074291
993,224,6.142328363671903,6.122991364106138
993,225,6.134775904686105,6.135834068107894
993,226,6.13053963897513,6.120475774811091
993,227,6.102257696613431,6.139085546271689
993,228,6.130588844070734,6.153530591632869
993,229,6.120773462927713,6.153146807836411
993,230,6.14492337509167,6.131700829359089
993,231,6.131247892251659,6.126795247010502
993,232,6.113515299964192,6.1569744269165305
993,233,6.135361968557095,6.123999803065703
993,234,6.134617187526794,6.132730937268176
993,235,6.133169436228087,6.129615664103189
993,236,6.122888112740556,6.142200439826736
993,237,6.130134779853115,6.144137193811828
993,238,6.111934206869397,6.115637151111691
993,239,6.134490777699369,6.144240756563351
993,240,6.0971620118580985,6.140582860891502
993,241,6.143348242755395,6.145627345887279
993,242,6.136030376244333,6.149511225038163
993,243,6.127455205916552,6.139195998791893
993,244,6.130497171708433,6.117438773674318
993,245,6.0995379755757835,6.154194520732841
993,246,6.1370775813928695,6.1425528225786525
993,247,6.144292438972053,6.14109968003041
993,248,6.140369720934104,6.136784730675258
993,249,6.113818890406254,6.130768227015711
993,250,6.153069766223158,6.124451558201772
993,251,6.130122071142554,6.142761135082978
993,252,6.117567661355698,6.133326176633899
993,253,6.089447127036721,6.15637774228766
993,254,6.1335782647867,6.1325707149148085
993,255,6.115195911377895,6.121674159029855
993,256,6.139527523917438,6.155832375142318
993,257,6.128713099071849,6.1502011810071195
993,258,6.13910430321262,6.151689051428438
993,259,6.151006798079296,6.143715947174097
993,260,6.151919826442492,6.153883948135175
993,261,6.135817326128081,6.157890910501765
993,262,6.120828114432665,6.162382094540168
993,263,6.115984606223527,6.143863498911019
993,264,6.120977934491454,6.137208396836318
993,265,6.132976892069366,6.142450773049499
993,266,6.102581388837974,6.162439550438217
993,267,6.152908741662299,6.1319555510295265
993,268,6.150492705143286,6.108814981354183
993,269,6.14532817321898,6.1149286073993485
993,270,6.131672389393197,6.14083264416328
993,271,6.136746866981856,6.148906208714944
993,272,6.140763762188431,6.139073568703677
993,273,6.140520132348444,6.13210491027031
993,274,6.145968201749014,6.1311170600566065
993,275,6.142326403668149,6.1326287018968735
993,276,6.135107220402371,6.1299689643083
993,277,6.121299017366914,6.123446537968254
993,278,6.138781572417589,6.146525584390603
993,279,6.154197307521732,6.147547337415854
993,280,6.130322349033265,6.156189027674748
993,281,6.152807063276969,6.158001412172347
993,282,6.12613251660233,6.134648116118675
993,283,6.147957256507428,6.1549293926539
993,284,6.143421118034477,6.159063153082272
993,285,6.1693396752044904,6.146525584390603
993,286,6.148015250697189,6.141429026231193
993,287,6.103091858584294,6.145185987251128
993,288,6.141999362024475,6.125516059266981
993,289,6.1112703266479045,6.142911657123547
993,290,6.11315517549934,6.121593015150657
993,291,6.145310349165341,6.134100148394023
993,292,6.141049878204266,6.12485963114977
993,293,6.141508088703708,6.117529447413723
993,294,6.116573394617631,6.109551227916567
993,295,6.119016108409638,6.136487312179653
993,296,6.1406245456087145,6.126368278954583
993,297,6.1173204086476725,6.14083264416328
993,298,6.127693093660025,6.151508223301473
993,299,6.142051079176604,6.1549293926539
993,300,6.1246566152663116,6.130094568171944
993,301,6.113574676226459,6.140089115176714
993,302,6.130844137342455,6.150389365438177
993,303,6.125776143804923,6.127591997479178
993,304,6.119818343984119,6.150509384893236
993,305,6.13631754497547,6.140303433441867
993,306,6.131461950356046,6.15637774228766
993,307,6.146201966997017,6.129054318531714
993,308,6.128101577688161,6.12299268699231
993,309,6.160242663455732,6.109551227916567
993,310,6.123427759492939,6.135002182478807
993,311,6.134919249836647,6.162057158955189
993,312,6.15070404928382,6.151718174338716
993,313,6.131623677242466,6.148511585722389
993,314,6.144048006980512,6.111739425958123
993,315,6.13389693146185,6.13730241702874
993,316,6.139162270639546,6.131976639797931
993,317,6.138644896235127,6.151508223301473
993,318,6.137755761302696,6.154629484698624
993,319,6.15190920741191,6.152924911454925
993,320,6.137376602689657,6.154591330568601
993,321,6.145091052084589,6.132505283051888
993,322,6.12855501977504,6.146298532900928
993,323,6.142820052524099,6.142831866399887
993,324,6.126487464875479,6.1571401605517115
993,325,6.110223968591767,6.126676699247904
993,326,6.147120861502735,6.150410295329966
993,327,6.122297648255363,6.1379414929895795
993,328,6.133401653622343,6.1303622043450146
993,329,6.107751678476497,6.136140301263999
993,330,6.125683439257338,6.154989288433524
993,331,6.112866354928062,6.136794048926474
993,332,6.1252668516056525,6.132944579165974
993,333,6.1099430218023105,6.153047681012662
993,334,6.157616202224144,6.160467069320312
993,335,6.138995303700966,6.148222328522863
993,336,6.128372873201678,6.126135876141007
993,337,6.127346945567085,6.127866934423863
993,338,6.118674552355305,6.1261348054345515
993,339,6.130872835551233,6.127374842016992
993,340,6.1396616590749264,6.135813782327512
993,341,6.114114197320776,6.1247821101759605
993,342,6.121852209658874,6.1107019555483655
993,343,6.128286663525509,6.139175963581919
993,344,6.123855918373834,6.120291817216306
993,345,6.131747193318245,6.14013251072044
993,346,6.109461590933284,6.137552336546654
993,347,6.123585430343979,6.151346805601062
993,348,6.125172648376037,6.133119145929155
993,349,6.106260501251549,6.132408455319945
993,350,6.12329526806748,6.139777659586384
993,351,6.126608696964148,6.136118485011893
993,352,6.155842873817947,6.117348050862532
993,353,6.129501714011228,6.124587859990423
993,354,6.130742892424635,6.145317985998112
993,355,6.128037737165655,6.14663267836973
993,356,6.1092795887586,6.155998207041995
993,357,6.109639345166446,6.147432248840662
993,358,6.126890944124957,6.136725014955895
993,359,6.0982881872129004,6.147537317146137
993,360,6.119805500033859,6.133595352029792
993,361,6.138301002334862,6.119740575990638
993,362,6.115915380359981,6.127321376172251
993,363,6.120009492721455,6.143672145144212
993,364,6.144123083156662,6.154991360274702
993,365,6.123513521075338,6.131734473325944
993,366,6.128548895924949,6.136719127051986
993,367,6.121086743151238,6.1343203885756665
993,368,6.133410795284908,6.146079426022705
993,369,6.12181478935856,6.154821319021912
993,370,6.1352571788811385,6.170302334685672
993,371,6.124993565422607,6.157076581014809
993,372,6.127063427187168,6.133865246508202
993,373,6.104425409630953,6.139085546271689
993,374,6.1391520732583285,6.146912660276105
993,375,6.110530708678591,6.146611408819464
993,376,6.135528970031235,6.1400639198130085
993,377,6.1407924371058815,6.128985388679571
993,378,6.10958153249162,6.136647437822815
993,379,6.13116425225414,6.133092166611717
993,380,6.135894830784936,6.145890494597193
993,381,6.107188619919773,6.117348050862532
993,382,6.130952616264894,6.129295147380969
993,383,6.145615920771609,6.1327733960035316
993,384,6.141619212216047,6.150039330168743
993,385,6.1311918624649,6.1250783189584315
993,386,6.138904039295653,6.14536269846408
993,387,6.122442767829802,6.1590676849208315
993,388,6.140707007514593,6.149577452088184
993,389,6.146567534104313,6.145935314447809
993,390,6.122108754933591,6.154521879921569
993,391,6.1485981526042615,6.130731659904156
993,392,6.141824314447918,6.153722977999932
993,393,6.138076627584738,6.145421463598243
993,394,6.1353153139223915,6.13981964635893
993,395,6.124951779940008,6.150506288404826
993,396,6.132153908315057,6.125670694282237
993,397,6.111298513280787,6.1426411999728145
993,398,6.115582518050314,6.148615622147186
993,399,6.119150846692643,6.1464844816606705
993,400,6.111385860640813,6.1327733960035316
993,401,6.133124950117515,6.1486502955014775
993,402,6.136740962092188,6.149395805245024
993,403,6.125776450065854,6.12095609769823
993,404,6.124740221186643,6.135222125814662
993,405,6.12897062088756,6.148615622147186
993,406,6.115842329824824,6.1477462432870125
993,407,6.155788889833775,6.146079426022705
993,408,6.144090232848868,6.11987679693023
993,409,6.114557793527246,6.14109968003041
993,410,6.133904879382042,6.145317985998112
993,411,6.134062398946772,6.131707277201712
993,412,6.118696575304635,6.142850685569152
993,413,6.123317254912156,6.137657493398443
993,414,6.116067272827202,6.131761011659806
993,415,6.103814933284738,6.143946265153745
993,416,6.130065429133981,6.127024152044012
993,417,6.129961473869175,6.120141450401197
993,418,6.149883729350148,6.137922929102797
993,419,6.142878940670259,6.112178368810196
993,420,6.132348478294476,6.150413577056002
993,421,6.1212731994483045,6.122228416903621
993,422,6.125182737515066,6.146450359205165
993,423,6.121113148313993,6.122526026033058
993,424,6.122954654699183,6.150548224092349
993,425,6.127371893546369,6.153314829639437
993,426,6.130062352219042,6.123411531358163
993,427,6.147163286277528,6.1582833288177845
993,428,6.1444044610804305,6.14083264416328
993,429,6.10626740179379,6.121593015150657
993,430,6.112765796440784,6.132045584959275
993,431,6.114571558114908,6.128154683804026
993,432,6.130810687374203,6.137355752378303
993,433,6.115168123962189,6.15553264749112
993,434,6.129287271434041,6.145453298050777
993,435,6.144675638739971,6.120211935808054
993,436,6.1193461204225965,6.146453345168298
993,437,6.096645604489931,6.112271584284795
993,438,6.1353225599799615,6.139493111753998
993,439,6.129163734229047,6.143484578273603
993,440,6.173171957274157,6.119982357812766
993,441,6.139974062591532,6.143791692119942
993,442,6.131658616458267,6.145920662874817
993,443,6.112895207746477,6.141148433881203
993,444,6.104292228180748,6.133092166611717
993,445,6.150736135761353,6.147909142920939
993,446,6.122332806029608,6.1406678518106315
993,447,6.138636587095075,6.147313070070629
993,448,6.152187437220812,6.16532858390875
993,449,6.152837847652803,6.153167693690145
993,450,6.136522316335946,6.1271371306476485
993,451,6.118574429464714,6.135072610190452
993,452,6.143168465468824,6.139650447664299
993,453,6.1150436697364166,6.164183232875247
993,454,6.115781853699757,6.1346984157157465
993,455,6.1330514050935125,6.139828132309843
993,456,6.138213150509858,6.134232376643015
993,457,6.1251421827481245,6.112545546545498
993,458,6.140587628775886,6.144397180795323
993,459,6.128170931820735,6.145645712713512
993,460,6.128985679604074,6.1582157233668795
993,461,6.127540674054124,6.15462368445856
993,462,6.123574981271383,6.126499952595536
993,463,6.11604720976615,6.139059576746394
993,464,6.122514485416056,6.133100968794773
993,465,6.137629277795693,6.121168907033301
993,466,6.133133388406204,6.140089115176714
993,467,6.133862735125219,6.13802875911219
993,468,6.139607741088774,6.1477462432870125
993,469,6.123893766309392,6.143791692119942
993,470,6.114479728748188,6.124457642181256
993,471,6.138142142171408,6.15316304361472
993,472,6.132835425319463,6.145190917581595
993,473,6.150651204596049,6.108814981354183
993,474,6.111222374191131,6.141775431203545
993,475,6.134270609401761,6.137578702109018
993,476,6.112260155333766,6.134310983455302
993,477,6.117878556745106,6.145319676882356
993,478,6.1266420723704025,6.14158938978382
993,479,6.146898183888833,6.143332201596426
993,480,6.132724223401204,6.137414689160035
993,481,6.142378145732059,6.128157064122978
993,482,6.144293102808927,6.1456093474303595
993,483,6.133471929043662,6.139014866778502
993,484,6.130299387512304,6.154956570213799
993,485,6.134478133163653,6.145843767335573
993,486,6.125066238146878,6.14041735998211
993,487,6.117096085880049,6.1529189907554676
993,488,6.129988458883868,6.131870112205217
993,489,6.148259201431983,6.129396448085209
993,490,6.122777265263472,6.154521879921569
993,491,6.094095287007027,6.145708161237268
993,492,6.141947709256673,6.142238974161086
993,493,6.120860839229486,6.169598822539235
993,494,6.128577060090995,6.130198031835703
993,495,6.108370721448797,6.139133928296613
993,496,6.12648754291204,6.137578626874582
993,497,6.110305927891147,6.14406992843803
993,498,6.133108197359624,6.154696780149627
993,499,6.123234930491982,6.113791806068215
1049,0,6.125000184647927,6.13217171136596
1049,1,6.129010484982711,6.124067531655923
1049,2,6.14235615927752,6.12156426376837
1049,3,6.14275227658205,6.131336757161412
1049,4,6.129398256594394,6.122964831101989
1049,5,6.119036462814158,6.142001070501404
1049,6,6.124538183644845,6.134827907417532
1049,7,6.109972889282255,6.14818334370885
1049,8,6.141703514990494,6.136662434533534
1049,9,6.109648701285238,6.130184734799517
1049,10,6.107868768409256,6.140617080704162
1049,11,6.1400278099061945,6.1370773110540915
1049,12,6.130794010324817,6.122349346848493
1049,13,6.100483772656808,6.117323006990683
1049,14,6.131460014954973,6.133531387722168
1049,15,6.118859776287472,6.15451218251274
1049,16,6.140268824298169,6.11731131814087
1049,17,6.128737842898949,6.12059373063146
1049,18,6.106401029819046,6.1349109803111155
1049,19,6.108904906249637,6.139193846671214
1049,20,6.1347101166574305,6.14903409406262
1049,21,6.130020596538907,6.14006223266665
1049,22,6.134930759085665,6.1507766707212586
1049,23,6.121111750025005,6.131336757161412
1049,24,6.097093000578821,6.138221295814993
1049,25,6.123151728330476,6.120481351527086
1049,26,6.118759793261466,6.145291572141027
1049,27,6.1383741874053905,6.129855136781434
1049,28,6.1079768127384435,6.142317365935481
1049,29,6.135811016364668,6.137531338773872
1049,30,6.14459443363097,6.122640444608218
1049,31,6.130015234676455,6.1313425910995365
1049,32,6.113842530666529,6.132169234344751
1049,33,6.151908471253219,6.144619723028709
1049,34,6.1240407591265305,6.135905739628876
1049,35,6.122882648731572,6.125315615422962
1049,36,6.116673815356186,6.137256489939342
1049,37,6.12658088056654,6.13128759588835
1049,38,6.120791530807285,6.130150149555686
1049,39,6.120793716293602,6.130211218548443
1049,40,6.126292831166529,6.13689772133348
1049,41,6.115696761571217,6.119094846676761
1049,42,6.128821997279118,6.123880908166978
1049,43,6.123996293522193,6.127017990016695
1049,44,6.12472239317462,6.135905739628876
1049,45,6.113493703099157,6.139339998567905
1049,46,6.114638047566923,6.11305589381537
1049,47,6.119019891405191,6.131015338206627
1049,48,6.128247065059674,6.141162729473715
1049,49,6.120954950193084,6.136557314550853
1049,50,6.125051143283386,6.111700469727404
1049,51,6.1437072942087,6.118759785968982
1049,52,6.148297622800135,6.114175402373068
1049,53,6.119978859399569,6.105534563107455
1049,54,6.107586399720662,6.11609653887916
1049,55,6.109734804240952,6.137374111481759
1049,56,6.127999553511255,6.13365490854201
1049,57,6.125856802359837,6.106810055928752
1049,58,6.14206858629353,6.1164013986750065
1049,59,6.146344000945988,6.124560808787378
1049,60,6.12652374134089,6.124556672380441
1049,61,6.141664160262443,6.094865996364234
1049,62,6.127283124405826,6.131015568938736
1049,63,6.14183566961708,6.14004945839456
1049,64,6.120141464174667,6.114422102180746
1049,65,6.125678980980317,6.127497855752194
1049,66,6.094867161436513,6.123625352782625
1049,67,6.119105224881466,6.130355709577589
1049,68,6.137048940514852,6.143796946460645
1049,69,6.113176014387059,6.140122166409867
1049,70,6.143456052283085,6.123674463833337
1049,71,6.126581017804123,6.111207837982961
1049,72,6.11799204576644,6.129637351492407
1049,73,6.129981224772052,6.098351975908559
1049,74,6.14168366874251,6.121394679561731
1049,75,6.126296394828303,6.133808880267403
1049,76,6.143098385173316,6.132831647919057
1049,77,6.141916286804368,6.1203483590276875
1049,78,6.120328114483844,6.145055564020515
1049,79,6.138711431126154,6.1227854286832
1049,80,6.144791154386113,6.140109367116271
1049,81,6.113679665133028,6.128282151810824
1049,82,6.115529257087661,6.1282390160747715
1049,83,6.121581077232508,6.145918492347941
1049,84,6.138170138358523,6.129066203770758
1049,85,6.130677525675907,6.127301097886211
1049,86,6.127296283010738,6.128981334863615
1049,87,6.131623594217567,6.135196292228484
1049,88,6.105284852455932,6.140432490352063
1049,89,6.118162350382728,6.127475201489748
1049,90,6.153008628444472,6.114324214024703
1049,91,6.120749593786608,6.111624848043082
1049,92,6.123174486027638,6.116336359754276
1049,93,6.134937776080012,6.138384147972546
1049,94,6.121360651353821,6.124648500969358
1049,95,6.107866058990739,6.142488812509235
1049,96,6.120846511784907,6.125217606708736
1049,97,6.124670154495316,6.138116034704033
1049,98,6.113913438538694,6.131032078306949
1049,99,6.122933527751708,6.1424664820389605
1049,100,6.12230509725856,6.106169992967105
1049,101,6.148242189544289,6.151857506149894
1049,102,6.132106008834831,6.145425512391968
1049,103,6.1390514938120075,6.130621404450339
1049,104,6.094444825565234,6.130834416661753
1049,105,6.129108705126323,6.123776082492105
1049,106,6.104479015507592,6.1448508971500155
1049,107,6.0968899716013105,6.139224680343631
1049,108,6.140215727939314,6.127769586004856
1049,109,6.125457378868709,6.11433253499724
1049,110,6.11515626237771,6.142625351562262
1049,111,6.1248209145277155,6.130976541118539
1049,112,6.1087137003540635,6.164894575623987
1049,113,6.127273409477899,6.145471968138066
1049,114,6.119267662045243,6.104376464312926
1049,115,6.126260731177872,6.135946946434699
1049,116,6.12073618051389,6.1239778808920535
1049,117,6.118048199316916,6.137329118583047
1049,118,6.114364315761012,6.11226115506529
1049,119,6.130489719967882,6.110660763550558
1049,120,6.128498944341058,6.12887354756745
1049,121,6.106981739227527,6.131266327049695
1049,122,6.1206015938932135,6.1350163548693555
1049,123,6.131058892589913,6.120212994459205
1049,124,6.155995650220622,6.1145552154767
1049,125,6.105879416695805,6.111624848043082
1049,126,6.111246298873039,6.124682570398503
1049,127,6.132988139644726,6.1269438822427285
1049,128,6.129527479981696,6.141070036044066
1049,129,6.12983180055448,6.14004945839456
1049,130,6.123945387962634,6.114750128574329
1049,131,6.124307232920981,6.129855136781434
1049,132,6.142906830794124,6.141263354116949
1049,133,6.120038437427736,6.111570051706332
1049,134,6.117370567819533,6.114753655849218
1049,135,6.1230374446498725,6.139209549819792
1049,136,6.09620248493322,6.1364795412545305
1049,137,6.142876806166615,6.13006456497254
1049,138,6.114196545559688,6.122244610367124
1049,139,6.098606254888976,6.113020802965819
1049,140,6.120071499711548,6.149922403201901
1049,141,6.104675138663805,6.1353142609193165
1049,142,6.098690830992439,6.146183626325029
1049,143,6.121976216940512,6.115849589020489
1049,144,6.128197232638042,6.0847408834187435
1049,145,6.148132931180365,6.11439780024394
1049,146,6.137614763810599,6.1374216836831925
1049,147,6.133032419168362,6.141436957654588
1049,148,6.112788763510075,6.138664466766591
1049,149,6.120653370415501,6.138384147972546
1049,150,6.1203937626405525,6.140469083500212
1049,151,6.126507141819664,6.116153180099682
1049,152,6.112247412854991,6.14044187257693
1049,153,6.103461068472919,6.117365901401812
1049,154,6.137630176505445,6.150322507459313
1049,155,6.108105048085401,6.142981462238309
1049,156,6.123583341120305,6.130874173218512
1049,157,6.109951170014022,6.125909213279455
1049,158,6.122580386990862,6.117689946920106
1049,159,6.117954944038023,6.1316786444639675
1049,160,6.12028435021466,6.128354455639014
1049,161,6.111284271285037,6.145185668689742
1049,162,6.13859110837228,6.159429726846674
1049,163,6.1161440477225995,6.1247089696050985
1049,164,6.107619750105058,6.128332390693382
1049,165,6.126936226950602,6.127317635902557
1049,166,6.1504824005953935,6.138933547537916
1049,167,6.124735604315716,6.1500574265429115
1049,168,6.118315130398318,6.140969428880889
1049,169,6.112669822758345,6.114422102180746
1049,170,6.119634458830355,6.125674906442119
1049,171,6.133937206012162,6.10944235526447
1049,172,6.126663680621787,6.113124717556834
1049,173,6.1341227276540975,6.121007460411232
1049,174,6.105437087936352,6.1090291842505495
1049,175,6.147400622059221,6.122962015832537
1049,176,6.128471439983519,6.1448508971500155
1049,177,6.123564672266889,6.124648500969358
1049,178,6.124893696018639,6.12928516820331
1049,179,6.123723449577966,6.100888451083282
1049,180,6.099374772726853,6.172555133829139
1049,181,6.092687190144525,6.1312010866047695
1049,182,6.123544222163964,6.1375010368650225
1049,183,6.171569067777092,6.152471393130911
1049,184,6.10666769856254,6.112091189057457
1049,185,6.110890531426427,6.122742354784677
1049,186,6.1028408208181695,6.116336359754276
1049,187,6.094775661179903,6.11493511380917
1049,188,6.11974120673413,6.112352291961939
1049,189,6.117596946860923,6.121092618039839
1049,190,6.132298479802004,6.112182637044217
1049,191,6.110961448207072,6.125487997161699
1049,192,6.1225034027919145,6.14617410760423
1049,193,6.121755501225723,6.103793620584203
1049,194,6.125389816462222,6.121574455719226
1049,195,6.1051678759223895,6.119162642513082
1049,196,6.147280717454029,6.114903959234162
1049,197,6.119715111550702,6.14818334370885
1049,198,6.148174674175523,6.107873186955251
1049,199,6.131166566810144,6.121610265315222
1049,200,6.105422093341296,6.126605425897694
1049,201,6.107446485347527,6.1313425910995365
1049,202,6.127996736596016,6.1472624941505964
1049,203,6.108304475977532,6.145185668689742
1049,204,6.1065459746914525,6.128527671643921
1049,205,6.12603153543879,6.139224680343631
1049,206,6.089840055665983,6.124125502284228
1049,207,6.127253009933755,6.145574629969871
1049,208,6.127675370460035,6.121445211030614
1049,209,6.146075921719774,6.156437562814125
1049,210,6.1393660111572395,6.102358651191205
1049,211,6.105060008024955,6.1514785359107425
1049,212,6.128218209299456,6.138221295814993
1049,213,6.113919264880974,6.113290713421197
1049,214,6.154618540656585,6.113095325930888
1049,215,6.128489587378869,6.137003269443703
1049,216,6.1324932446129115,6.12405038364811
1049,217,6.112190048829964,6.127624483889824
1049,218,6.112434469261623,6.123794931359535
1049,219,6.146001489063938,6.133808880267403
1049,220,6.098385869298816,6.126997147624531
1049,221,6.132383208315712,6.1483549881321
1049,222,6.108087091171359,6.133933410958994
1049,223,6.122828949735024,6.133658548039979
1049,224,6.132186503383903,6.121983628220511
1049,225,6.114771245789761,6.113577309888295
1049,226,6.10983034000814,6.10944235526447
1049,227,6.143614366657757,6.157561044950276
1049,228,6.124600059270188,6.125217606708736
1049,229,6.099634786648825,6.157161600830014
1049,230,6.106498902798325,6.134913114381332
1049,231,6.133803371490078,6.126977320760803
1049,232,6.106719191765153,6.128316963420452
1049,233,6.125120850842006,6.1317042500161065
1049,234,6.091473600304939,6.112198799417646
1049,235,6.118838974779013,6.133550241936375
1049,236,6.09922527713696,6.1429172697232435
1049,237,6.10806919074078,6.137452188405054
1049,238,6.090503285497746,6.1306900494217915
1049,239,6.104088807689123,6.1239396301574995
1049,240,6.090826910484802,6.146712898921109
1049,241,6.132133000896522,6.1090291842505495
1049,242,6.1247117820389745,6.107558044887907
1049,243,6.117174543944315,6.14535882274016
1049,244,6.1538296933048935,6.130918324242161
1049,245,6.125108688893268,6.126155825233136
1049,246,6.116094650846098,6.119453380619635
1049,247,6.117557180705027,6.142586768243395
1049,248,6.139746949304922,6.130470663517137
1049,249,6.112751630250461,6.151646182787804
1049,250,6.134803924049249,6.1206290435650645
1049,251,6.116365575370518,6.114175402373068
1049,252,6.111441122707053,6.134683010787926
1049,253,6.117140731475076,6.119790214200148
1049,254,6.137718458954528,6.114558026676041
1049,255,6.132405137434862,6.125579772390991
1049,256,6.123166207910651,6.1300364407227335
1049,257,6.127802727447059,6.144888170816311
1049,258,6.145370734221269,6.135885827936146
1049,259,6.099552874016475,6.121957477166651
1049,260,6.12131348346522,6.131043639948973
1049,261,6.104324445376725,6.118745718593943
1049,262,6.129722730283882,6.126908079659194
1049,263,6.133929673634894,6.138512583316548
1049,264,6.132987236370737,6.1436069473730806
1049,265,6.118956522970617,6.154999008623194
1049,266,6.12689001029279,6.126330486532493
1049,267,6.119283091669841,6.127613981479239
1049,268,6.135073900596041,6.124673223978338
1049,269,6.1031089947463055,6.138358189755196
1049,270,6.104247404838149,6.13423091334976
1049,271,6.141524839002389,6.1300364407227335
1049,272,6.126461993177812,6.142893978393412
1049,273,6.115551749567336,6.115849589020489
1049,274,6.116289830137733,6.149152282719133
1049,275,6.115171687573288,6.125674906442119
1049,276,6.13144162087661,6.123674463833337
1049,277,6.112705396927786,6.124067077169256
1049,278,6.119564723587292,6.146492157587537
1049,279,6.10948240477051,6.09891057201528
1049,280,6.116602805490377,6.13840428235846
1049,281,6.13287125251881,6.103513127263113
1049,282,6.116993496414015,6.130342870926372
1049,283,6.116600808175744,6.1161497637162325
1049,284,6.098380894760774,6.122971287296434
1049,285,6.127850443275534,6.1431392833666525
1049,286,6.120057067537473,6.124842002570486
1049,287,6.130231828702553,6.124565118360628
1049,288,6.11809972897728,6.135499169343547
1049,289,6.114618485434349,6.144789821994897
1049,290,6.115893436550837,6.101936883149878
1049,291,6.105506666150877,6.1347740170632985
1049,292,6.126540648965198,6.115489912557655
1049,293,6.1207693460176875,6.14044187257693
1049,294,6.128881944575797,6.142380889707242
1049,295,6.14781701381666,6.146712898921109
1049,296,6.120024358528752,6.121134520589845
1049,297,6.132384675479254,6.10289333937768
1049,298,6.09649066627429,6.137857013177981
1049,299,6.145704182817375,6.130654823026953
1049,300,6.128445257233341,6.135031622809328
1049,301,6.127569695280326,6.111624848043082
1049,302,6.138179608776373,6.126428591579308
1049,303,6.089103749597106,6.137452188405054
1049,304,6.125277843259364,6.1101722131980045
1049,305,6.142673711977013,6.133399395609183
1049,306,6.149142979645489,6.119887300598518
1049,307,6.132166850801229,6.119377142613642
1049,308,6.091547714126861,6.138576352695675
1049,309,6.1074428735544695,6.12806255486969
1049,310,6.147312817158799,6.143533987141751
1049,311,6.128640530339877,6.133445378462218
1049,312,6.108322203932548,6.127070179295416
1049,313,6.121861346655729,6.138513280617084
1049,314,6.1397178242670805,6.119094846676761
1049,315,6.113828359108529,6.124963356892832
1049,316,6.114593438523195,6.138171488792315
1049,317,6.119040884360015,6.13221750021516
1049,318,6.117623295610703,6.113619176336805
1049,319,6.122465697645202,6.157190614555348
1049,320,6.121501636736315,6.122312496139839
1049,321,6.123769963002116,6.132452172749518
1049,322,6.123325443737345,6.130874173218512
1049,323,6.1215273753766715,6.137088558755265
1049,324,6.136915132683123,6.132885272900018
1049,325,6.12894724641256,6.145377641726799
1049,326,6.141857862606263,6.125276238954827
1049,327,6.129147956425339,6.128134556806509
1049,328,6.125788820782107,6.124556672380441
1049,329,6.092145787325926,6.113653103394247
1049,330,6.110662568318779,6.142625351562262
1049,331,6.119989282796935,6.128730083194701
1049,332,6.1205379050518625,6.119887300598518
1049,333,6.116763208919473,6.120212994459205
1049,334,6.142042794043492,6.135434871934205
1049,335,6.1087976470099665,6.117750559270702
1049,336,6.132131086748363,6.127730254489985
1049,337,6.131044146232184,6.131266327049695
1049,338,6.114022949882974,6.139936110688998
1049,339,6.130043372935901,6.136629726951222
1049,340,6.1379471746243555,6.128640542633431
1049,341,6.122849993652289,6.128663359726108
1049,342,6.114089829697631,6.132831647919057
1049,343,6.12031683924746,6.103145376033328
1049,344,6.120387342639668,6.13106566061582
1049,345,6.113238857407635,6.128282151810824
1049,346,6.129099694084398,6.136183388821925
1049,347,6.137333918271158,6.130062496489989
1049,348,6.132603864396821,6.1270458238321455
1049,349,6.135816675655785,6.135025603133486
1049,350,6.1333337242912,6.1319683193046
1049,351,6.125925608475457,6.128861484332877
1049,352,6.120663085695181,6.126224074537618
1049,353,6.152313279950901,6.1237039856731
1049,354,6.156100712288185,6.131996581991114
1049,355,6.131045675972961,6.133537699980619
1049,356,6.121328728871131,6.120964120057755
1049,357,6.129269912370026,6.135107777598279
1049,358,6.11650380425385,6.124329100000444
1049,359,6.130220510594698,6.127613981479239
1049,360,6.1015398339422,6.151465766698229
1049,361,6.119478500604113,6.136641150056745
1049,362,6.125689258995439,6.131423800662493
1049,363,6.128726440790717,6.135031622809328
1049,364,6.136592960267086,6.121418820512968
1049,365,6.110932490451117,6.117689946920106
1049,366,6.131199318640999,6.133422329632078
1049,367,6.135311739564849,6.136557314550853
1049,368,6.11626315053127,6.119403268838747
1049,369,6.146326021756243,6.13840428235846
1049,370,6.086367268045936,6.147822003938038
1049,371,6.132680449848706,6.131158510850112
1049,372,6.126669349153423,6.13477239588414
1049,373,6.132806970348136,6.156990912097824
1049,374,6.128981538145114,6.145377641726799
1049,375,6.111866189863354,6.12247467731407
1049,376,6.135868143309747,6.126072007303448
1049,377,6.121225926775756,6.102595174977037
1049,378,6.097702724832233,6.127741539962129
1049,379,6.114391591411449,6.133781435485437
1049,380,6.123884506267614,6.1144470238447965
1049,381,6.132071134177232,6.117061196971163
1049,382,6.117701716842765,6.134057354703864
1049,383,6.135848815963998,6.1448508971500155
1049,384,6.120134660783785,6.14880178632161
1049,385,6.1432674912026455,6.132192406890993
1049,386,6.115437250759056,6.145055564020515
1049,387,6.149026413017023,6.131367176809501
1049,388,6.1043940842232685,6.103198859817164
1049,389,6.0854891271950935,6.145172369841623
1049,390,6.135915882939052,6.097644372968602
1049,391,6.110513522668529,6.137263702466076
1049,392,6.113983064418045,6.137268115636877
1049,393,6.142666994243607,6.125930506469843
1049,394,6.121857131361703,6.134107617778833
1049,395,6.1359309733995975,6.118991721246255
1049,396,6.1062458727031,6.126977320760803
1049,397,6.141721533614434,6.14263289187873
1049,398,6.14154747338634,6.118512929494347
1049,399,6.133366734143998,6.128527671643921
1049,400,6.1380235815784685,6.1193040224190325
1049,401,6.142916591894356,6.156315785424685
1049,402,6.14783564198722,6.1292317937554275
1049,403,6.144957373561972,6.125746233591992
1049,404,6.134580737827109,6.120877216630076
1049,405,6.145837197109039,6.077079189831479
1049,406,6.122657388653654,6.149500975430329
1049,407,6.139984469757104,6.116358650788029
1049,408,6.1404318242838105,6.143482206288985
1049,409,6.124947438000136,6.1161497637162325
1049,410,6.1321467460074,6.111315034533552
1049,411,6.133920130813785,6.123028037390225
1049,412,6.106788250159619,6.101828836554314
1049,413,6.122112385047125,6.133792788600006
1049,414,6.091751566289379,6.121957477166651
1049,415,6.1189966337656125,6.14006223266665
1049,416,6.1437103122005885,6.113290713421197
1049,417,6.135772368293963,6.130355709577589
1049,418,6.10390448054878,6.135246506900438
1049,419,6.131564835440579,6.14140274501162
1049,420,6.124366493151171,6.121201585319025
1049,421,6.129427274081803,6.133634592743658
1049,422,6.127860438883334,6.134907847254091
1049,423,6.115140374832061,6.13006456497254
1049,424,6.114135595764475,6.113744722064272
1049,425,6.123233249398224,6.13292944703161
1049,426,6.128538733289917,6.159528089647768
1049,427,6.10573143984901,6.132201853792839
1049,428,6.117230111830085,6.131078924410727
1049,429,6.122011521766908,6.145918492347941
1049,430,6.12158938747168,6.1409049943952825
1049,431,6.128067854790558,6.119735920310406
1049,432,6.1183514634971,6.141487905253544
1049,433,6.129801575722543,6.127624483889824
1049,434,6.1069687448189525,6.138225415558779
1049,435,6.098873506091673,6.112459828426491
1049,436,6.099272830198092,6.132493619142124
1049,437,6.124426309063625,6.130096894091783
1049,438,6.133098222270704,6.128874733047123
1049,439,6.1075751984828495,6.112322542686314
1049,440,6.1121741492307065,6.129141791428262
1049,441,6.118931697098677,6.138294858315083
1049,442,6.117598961511828,6.127038001420713
1049,443,6.11451188853374,6.137268115636877
1049,444,6.112067755036701,6.13229465360902
1049,445,6.101589865326736,6.137768574332509
1049,446,6.1179428407223515,6.1217159720097225
1049,447,6.102277951420345,6.131423800662493
1049,448,6.122806959890526,6.142625351562262
1049,449,6.1003532467080746,6.131588196217804
1049,450,6.138379607291557,6.12360115963889
1049,451,6.129138540267201,6.1448508971500155
1049,452,6.120157243217859,6.11890117383662
1049,453,6.132497021491441,6.108592935034853
1049,454,6.154466208089233,6.131719027299104
1049,455,6.148039687422639,6.100957159026991
1049,456,6.123334783226526,6.109982632431785
1049,457,6.119403652465889,6.130918786178777
1049,458,6.13709261877608,6.133658548039979
1049,459,6.101487124626681,6.152863961994244
1049,460,6.133562240832605,6.116650743853824
1049,461,6.123266647366773,6.124616959532201
1049,462,6.115646599315931,6.132510263556242
1049,463,6.131309950417303,6.116336359754276
1049,464,6.122919098105887,6.124367563720622
1049,465,6.142795064132745,6.1028868802082865
1049,466,6.1207107079618925,6.121610265315222
1049,467,6.10323845147633,6.123330667718023
1049,468,6.108724065372556,6.1327093309260166
1049,469,6.100826470879685,6.113438609240672
1049,470,6.122277296731051,6.142493333777662
1049,471,6.107023187109954,6.145377641726799
1049,472,6.12180170281242,6.116575085617205
1049,473,6.133010421340041,6.141160404694998
1049,474,6.145408604666849,6.129910314679417
1049,475,6.134085137602097,6.120413968853884
1049,476,6.121406009429465,6.136637120835463
1049,477,6.119484619492054,6.130976541118539
1049,478,6.142307852042608,6.115599936252309
1049,479,6.108001359635161,6.137857367794622
1049,480,6.114312649882431,6.1412916361567556
1049,481,6.121620895116243,6.1382878360248725
1049,482,6.130698455721909,6.149248228052444
1049,483,6.128206703634981,6.1349109803111155
1049,484,6.137372889310382,6.131015338206627
1049,485,6.111339338742404,6.142809145396612
1049,486,6.102443048121345,6.1314610525599695
1049,487,6.12124341329463,6.117061196971163
1049,488,6.139819583560347,6.137022996728036
1049,489,6.118172516313779,6.160820933027762
1049,490,6.108396589959216,6.132510263556242
1049,491,6.102410974987802,6.130722359164403
1049,492,6.143924147217294,6.1338667354356655
1049,493,6.150122867195338,6.122907305039218
1049,494,6.11568415521495,6.140969428880889
1049,495,6.129628028247863,6.1561839173110915
1049,496,6.141416509759243,6.1411758977005695
1049,497,6.134502818358803,6.1285029809554405
1049,498,6.116185248238479,6.132095123745814
1049,499,6.120256161162623,6.101936883149878
1104,0,6.106279151954784,6.122393236050287
1104,1,6.122398407216598,6.132080807735506
1104,2,6.121089227465638,6.158047528585716
1104,3,6.121760226025822,6.131177211251254
1104,4,6.110573622242096,6.1225438604049724
1104,5,6.117465026731286,6.109639055203353
1104,6,6.123999140272982,6.136853457547281
1104,7,6.089708313688532,6.111516076128629
1104,8,6.107843100346452,6.1212473431912615
1104,9,6.111610189665608,6.134860771848722
1104,10,6.1043375855368724,6.113847055371405
1104,11,6.113174809476946,6.155001065081395
1104,12,6.103853991500967,6.114260596450435
1104,13,6.141117597910208,6.136425581859548
1104,14,6.124771460895523,6.125621471804536
1104,15,6.13384931050247,6.135769683416689
1104,16,6.105043695245165,6.147745815042671
1104,17,6.127794314162413,6.142018350855939
1104,18,6.1189090612559305,6.126184309529913
1104,19,6.124937765317764,6.117875339052717
1104,20,6.140848244973653,6.142847798200346
1104,21,6.125943521716851,6.123737972588563
1104,22,6.121419211048287,6.095589209133778
1104,23,6.109362672958673,6.113557705544646
1104,24,6.12166918811302,6.102735003437514
1104,25,6.126988142169084,6.124375492911554
1104,26,6.1258984517248125,6.127778214937184
1104,27,6.1026465949254325,6.138952559009011
1104,28,6.119512048282788,6.117827430038293
1104,29,6.126499182167156,6.109943211340518
1104,30,6.12009176353228,6.125615976344298
1104,31,6.137837643428805,6.139204773221188
1104,32,6.108231068257791,6.125644747494263
1104,33,6.114326147791535,6.131419218969358
1104,34,6.095718177930305,6.126656362053412
1104,35,6.116297354372157,6.1489468335962245
1104,36,6.089568610634694,6.123737972588563
1104,37,6.103918321623046,6.142332797258523
1104,38,6.124582934759299,6.152208595713643
1104,39,6.119399483306742,6.11052075415929
1104,40,6.112502609849657,6.1159124434927
1104,41,6.123538298667332,6.126506919552983
1104,42,6.129619344241857,6.12840466779036
1104,43,6.114298287489146,6.11182822156016
1104,44,6.102555661709431,6.139012039486098
1104,45,6.124959916572426,6.1460470423187195
1104,46,6.118914336260442,6.1221856507131545
1104,47,6.116450826445125,6.159706018309422
1104,48,6.092022657176928,6.122320977752101
1104,49,6.1305077329476605,6.1307791126609175
1104,50,6.137591587001848,6.117188337363375
1104,51,6.121343533084243,6.126384988436103
1104,52,6.146110862953203,6.14521116186515
1104,53,6.118780289357319,6.111837534688641
1104,54,6.114081508360117,6.115860266477249
1104,55,6.131054376350402,6.105584640941888
1104,56,6.128076447585397,6.143241321441294
1104,57,6.1249937425696706,6.132298867710325
1104,58,6.124149152272563,6.127638601826042
1104,59,6.129141584092519,6.119744799169257
1104,60,6.133769737462819,6.137323984309207
1104,61,6.104795915712714,6.127282381012032
1104,62,6.116668827815199,6.121378132656642
1104,63,6.121629032177731,6.1365270196754
1104,64,6.106178097144745,6.139630924792651
1104,65,6.116588367087828,6.117107279123691
1104,66,6.1095683847248985,6.1318581884276036
1104,67,6.119946534775632,6.138323272918298
1104,68,6.119066081979891,6.1213420397119105
1104,69,6.12605624129882,6.129081272181243
1104,70,6.1167881437125295,6.115153167386997
1104,71,6.109381828069519,6.138201943279272
1104,72,6.133001072376311,6.139190923376273
1104,73,6.122036250756954,6.120000574770734
1104,74,6.117657194450493,6.129448031231116
1104,75,6.144717856970505,6.111050713260489
1104,76,6.1257022508809715,6.149588383170207
1104,77,6.103048045542275,6.115092384777302
1104,78,6.152439790186761,6.135366287729132
1104,79,6.130753170197922,6.1181545194786136
1104,80,6.1247884039261,6.117995939903309
1104,81,6.115428721665025,6.1341802254084286
1104,82,6.116086395759341,6.118772239794784
1104,83,6.127221646943123,6.12525454616079
1104,84,6.107584583976352,6.132429337855936
1104,85,6.131141791151156,6.12805652217077
1104,86,6.130302964311791,6.11047980355034
1104,87,6.097724104990616,6.143459020209642
1104,88,6.118691342115444,6.107729370684808
1104,89,6.13993431002266,6.106457356953272
1104,90,6.138953938821294,6.144868827571635
1104,91,6.106771651681454,6.1050170453849795
1104,92,6.116781807296611,6.128692596336956
1104,93,6.084348448973747,6.11319384473653
1104,94,6.112858691672258,6.1050170453849795
1104,95,6.127682269231372,6.138687141923611
1104,96,6.144391388399149,6.11981854754796
1104,97,6.093824945138626,6.133431091930872
1104,98,6.110654808604986,6.102633167185019
1104,99,6.131334547453793,6.14237464661257
1104,100,6.133584438865555,6.121387708627629
1104,101,6.12837610394096,6.14521116186515
1104,102,6.104576031203513,6.127041746765314
1104,103,6.115109381871798,6.128115661476749
1104,104,6.1319416502613695,6.124375492911554
1104,105,6.129951451899391,6.137038451065179
1104,106,6.126908622660351,6.117146903905779
1104,107,6.116272305525303,6.124385861286524
1104,108,6.127373793192687,6.130653883564174
1104,109,6.141886757978299,6.093498615422333
1104,110,6.12811452398533,6.132315946191166
1104,111,6.1112195131003615,6.111837534688641
1104,112,6.112211347798065,6.119854150528536
1104,113,6.086490452958156,6.110433243021362
1104,114,6.130046642403639,6.133930681493656
1104,115,6.115575788877007,6.122419259433145
1104,116,6.10941851012893,6.11535273638756
1104,117,6.123555990027468,6.134976233495458
1104,118,6.121251529937481,6.124259167617415
1104,119,6.140954847744941,6.122212469264734
1104,120,6.119266665029003,6.124170113304045
1104,121,6.1384584900894,6.126085271248633
1104,122,6.105492171945804,6.130803327711256
1104,123,6.0984858280142955,6.135050286783382
1104,124,6.1130169480853995,6.1365402887767
1104,125,6.1166964026012804,6.14500640740828
1104,126,6.099775135442846,6.107285003271319
1104,127,6.106104217443083,6.125451650260384
1104,128,6.0995927216812404,6.122537156022481
1104,129,6.110648176890909,6.136325987313834
1104,130,6.129818893760379,6.109778984642918
1104,131,6.117897695634885,6.1460470423187195
1104,132,6.10411606722775,6.14977217894364
1104,133,6.1115217767775345,6.127099613929932
1104,134,6.113255259340506,6.110933300947444
1104,135,6.108259329485382,6.093958915905616
1104,136,6.100681142738959,6.126287501675737
1104,137,6.115800907111698,6.102601994076231
1104,138,6.13717557414375,6.125274421815436
1104,139,6.1138589850079095,6.117104596985766
1104,140,6.1110485799522,6.1360929453143624
1104,141,6.104552907593819,6.145563343698186
1104,142,6.137594653297155,6.1212473431912615
1104,143,6.120098015192543,6.106044720323249
1104,144,6.1183269677959995,6.109194640975141
1104,145,6.0951420886116425,6.1159124434927
1104,146,6.091307394963002,6.118274599390314
1104,147,6.116985729871153,6.128006805419273
1104,148,6.120448035121913,6.11753601335514
1104,149,6.109223120859482,6.143581078366772
1104,150,6.1224464502827525,6.100819710032169
1104,151,6.1191359680215145,6.099032513030925
1104,152,6.127527481460789,6.133116447220302
1104,153,6.146290600090442,6.099154372416458
1104,154,6.108004810713935,6.1212473431912615
1104,155,6.130297900866361,6.12533209229212
1104,156,6.115489021902874,6.150901601678551
1104,157,6.125790605664533,6.127402487265507
1104,158,6.125816609862026,6.139288232316838
1104,159,6.117860241587198,6.144242782365738
1104,160,6.1372413622357165,6.145342181425503
1104,161,6.100195529191055,6.1126153443100195
1104,162,6.106017464513555,6.123077886359601
1104,163,6.099850883348776,6.102735003437514
1104,164,6.142608608100089,6.132605154731293
1104,165,6.110898054866328,6.125639379449617
1104,166,6.1126071074912005,6.115092384777302
1104,167,6.114161352484604,6.11052075415929
1104,168,6.122608723503168,6.139084264191155
1104,169,6.126403722367278,6.150980967440956
1104,170,6.108821958619636,6.122206839428348
1104,171,6.130846016545068,6.124026090901312
1104,172,6.096319315447555,6.101890043100318
1104,173,6.106265692257562,6.105442102774567
1104,174,6.12810873438187,6.151294774563713
1104,175,6.145231472401896,6.126133835404668
1104,176,6.1236598224343135,6.108763918695595
1104,177,6.104821186807082,6.156372418966481
1104,178,6.127112456449149,6.0975067348841
1104,179,6.10680555632511,6.147560239746305
1104,180,6.125096615872301,6.158846841338513
1104,181,6.107961207682837,6.145207490043933
1104,182,6.107561479826783,6.151551746827867
1104,183,6.11926464071116,6.109987960130941
1104,184,6.12521032790073,6.128006805419273
1104,185,6.108044856634915,6.117159394673802
1104,186,6.1319593519822115,6.12037443766844
1104,187,6.122935574785501,6.105442102774567
1104,188,6.135394958692754,6.124259167617415
1104,189,6.101226586644685,6.105584640941888
1104,190,6.115103092059173,6.118352310962792
1104,191,6.101722340282294,6.1054302223126475
1104,192,6.1159896600562,6.113557705544646
1104,193,6.113405670846887,6.104434193234999
1104,194,6.131029801839491,6.1554646530825865
1104,195,6.113471675969687,6.13093992458229
1104,196,6.1001438827435,6.123042196629735
1104,197,6.1355348773050356,6.118964602966401
1104,198,6.1418914023817806,6.111584097079494
1104,199,6.121161851971233,6.131226004129499
1104,200,6.110505899483355,6.1200793006904135
1104,201,6.120703366135044,6.1289418363958825
1104,202,6.105641066306607,6.133603829894951
1104,203,6.111118697461873,6.120250071267372
1104,204,6.114220228276518,6.1346341056507105
1104,205,6.094710482180551,6.1382931625308865
1104,206,6.118009217043488,6.110594073736247
1104,207,6.1092932876675725,6.13727672029519
1104,208,6.111238217754767,6.124297267340864
1104,209,6.121120799228933,6.139688371316306
1104,210,6.087739845847115,6.129900705780444
1104,211,6.094772660171667,6.115448558657151
1104,212,6.131765391745268,6.103866952354248
1104,213,6.100536276514084,6.098894827486583
1104,214,6.095853224228408,6.125842705646107
1104,215,6.114605421125332,6.1361289767207525
1104,216,6.141320873031522,6.157314712281893
1104,217,6.114592307726661,6.136466684996093
1104,218,6.129315228233638,6.118400961598201
1104,219,6.089435531585394,6.134079510724951
1104,220,6.139542723725574,6.1213420397119105
1104,221,6.093035215483796,6.132335294037626
1104,222,6.119982762770927,6.132355638664291
1104,223,6.096013085928515,6.128437699020397
1104,224,6.117307867778944,6.137408539207915
1104,225,6.122049693989366,6.1152190414759495
1104,226,6.095798608085794,6.14230603382816
1104,227,6.116230842340528,6.128519265393858
1104,228,6.089792337493681,6.102144700044078
1104,229,6.116714873996212,6.127099613929932
1104,230,6.127224701556043,6.1267466966983255
1104,231,6.09845534110326,6.1231167172035175
1104,232,6.120289048140727,6.1484831019423245
1104,233,6.107977985423958,6.127114036197048
1104,234,6.1185039227932165,6.120234713820948
1104,235,6.116546774436986,6.137377140500381
1104,236,6.099330874506657,6.138248696912132
1104,237,6.12299807434872,6.13090669715595
1104,238,6.095183046758479,6.133617259855854
1104,239,6.108902765147116,6.124828125941097
1104,240,6.096786025717339,6.128145070112227
1104,241,6.076585987629156,6.1092767523752265
1104,242,6.114533166010848,6.143784729713145
1104,243,6.126526788893056,6.128464557817702
1104,244,6.127222106664136,6.115926203291133
1104,245,6.104903803246603,6.115823454544615
1104,246,6.111645921893341,6.126755094149332
1104,247,6.097823152637527,6.128003364071318
1104,248,6.1313557883392535,6.135204907613679
1104,249,6.1296135278298305,6.122112890019595
1104,250,6.118507611540417,6.120234713820948
1104,251,6.106049335250071,6.1195288664191345
1104,252,6.130363371186818,6.114448938678069
1104,253,6.1182887867391225,6.1280879131813935
1104,254,6.111989308848486,6.128762092501526
1104,255,6.118200199882979,6.1397284809614785
1104,256,6.112222537986833,6.1043090032025304
1104,257,6.105611059955409,6.122911779774571
1104,258,6.125041381301363,6.126375276491462
1104,259,6.097961932939739,6.129448031231116
1104,260,6.152994937523737,6.123737972588563
1104,261,6.109900269284674,6.146774644734033
1104,262,6.111843974508615,6.138316339967152
1104,263,6.099960010004545,6.093958915905616
1104,264,6.134578945485096,6.124079507033491
1104,265,6.096486560079566,6.109784718197838
1104,266,6.125000980595215,6.134970799926844
1104,267,6.117351014604023,6.117495876792483
1104,268,6.118777753905392,6.123856885309605
1104,269,6.119499379186546,6.12492742873647
1104,270,6.119714155300003,6.124255735856019
1104,271,6.103889720419088,6.106756288644902
1104,272,6.140398914539534,6.134361409279465
1104,273,6.141896932167887,6.129973583596701
1104,274,6.121327105171605,6.122754396438368
1104,275,6.119116584923517,6.118252309103907
1104,276,6.111797892927889,6.109714062078532
1104,277,6.100250453477098,6.133491752351858
1104,278,6.115391602523948,6.142847798200346
1104,279,6.110580714245365,6.120731731350784
1104,280,6.12062812121501,6.128362965748397
1104,281,6.125264237595502,6.122643616552613
1104,282,6.127869524842117,6.13878164939698
1104,283,6.114816160687335,6.143729641979957
1104,284,6.112611090836443,6.123737972588563
1104,285,6.142258507821514,6.120723695885964
1104,286,6.100824549499181,6.142332797258523
1104,287,6.122678978692551,6.106756288644902
1104,288,6.100989457317247,6.117827430038293
1104,289,6.133957463813649,6.133047297815817
1104,290,6.1313629690931615,6.107285003271319
1104,291,6.134104303182434,6.126038714861538
1104,292,6.092895925224398,6.143991599634969
1104,293,6.109751044477347,6.142347112692361
1104,294,6.112481513329013,6.120000574770734
1104,295,6.13130428501367,6.128006805419273
1104,296,6.100089911260662,6.126384988436103
1104,297,6.123280269646224,6.125842705646107
1104,298,6.125295752118566,6.109987960130941
1104,299,6.123221688670231,6.142208460895806
1104,300,6.114025471118536,6.118267918009383
1104,301,6.113384406691855,6.110880954904457
1104,302,6.109109182323816,6.121641475967786
1104,303,6.117387507315921,6.133491752351858
1104,304,6.113403655695444,6.092913359988808
1104,305,6.116609486309879,6.137428191440297
1104,306,6.100019943351613,6.129975212933731
1104,307,6.129082329003507,6.134976233495458
1104,308,6.1305013594086795,6.1245934450426
1104,309,6.111865848956039,6.151123226132223
1104,310,6.09662924248661,6.1328326340036545
1104,311,6.14277632695209,6.100614544283419
1104,312,6.112913638851387,6.131959976701108
1104,313,6.1186300471702,6.122334768407448
1104,314,6.112276697985699,6.114713075178046
1104,315,6.125592891205076,6.119505600790456
1104,316,6.113320651253377,6.13225763710671
1104,317,6.102139718653486,6.119989257544332
1104,318,6.112980030850918,6.133284266782791
1104,319,6.118243488691668,6.123803739613445
1104,320,6.098511912449369,6.118314895759788
1104,321,6.12442405912988,6.098894827486583
1104,322,6.123993408428883,6.132123988955709
1104,323,6.099810999789317,6.103412029890237
1104,324,6.118459047674229,6.105712211712773
1104,325,6.129313228882752,6.1253236173812295
1104,326,6.116931354067427,6.092649086098307
1104,327,6.117670885035891,6.108722030605093
1104,328,6.131370443734738,6.114679951620993
1104,329,6.108546297586942,6.136549362859805
1104,330,6.131792761974516,6.140070273906152
1104,331,6.112784307779691,6.119229761525891
1104,332,6.107554205237996,6.134747233012666
1104,333,6.112762826952074,6.1167371517730045
1104,334,6.099860485588918,6.105879851169747
1104,335,6.124910288898801,6.094982095388206
1104,336,6.115358263102081,6.12359639548153
1104,337,6.12365538314116,6.117305578350581
1104,338,6.091866225209991,6.124196812144995
1104,339,6.100447353226288,6.110933300947444
1104,340,6.13160106101218,6.15944650637137
1104,341,6.103768390912353,6.128836974081934
1104,342,6.1119232000301995,6.145197758539741
1104,343,6.1283950167698515,6.13878164939698
1104,344,6.112683274531546,6.125274421815436
1104,345,6.103174638775083,6.108973669807193
1104,346,6.110010785296056,6.122216624624766
1104,347,6.096562375022069,6.110325231145571
1104,348,6.104360732669894,6.1334133274397304
1104,349,6.131057427873883,6.119362481321412
1104,350,6.10714841096469,6.096944369362006
1104,351,6.099589828761816,6.114679951620993
1104,352,6.117839389826469,6.135662658619909
1104,353,6.116004127665354,6.124419575448259
1104,354,6.109468137161951,6.132080807735506
1104,355,6.099317734267755,6.0944900581689305
1104,356,6.09951973698023,6.119846716545579
1104,357,6.136525136651595,6.100146523714171
1104,358,6.120336754229771,6.131701741215145
1104,359,6.134740501806308,6.13731866274997
1104,360,6.107639708519246,6.125129874103964
1104,361,6.108616718392359,6.133436782606596
1104,362,6.096994673644256,6.117307935337692
1104,363,6.130274605806278,6.119023733484849
1104,364,6.10379581316296,6.114557331606616
1104,365,6.092193838264958,6.126656362053412
1104,366,6.094091632838068,6.1051743293928435
1104,367,6.121150316823301,6.113637670504866
1104,368,6.129014489336498,6.115315027969519
1104,369,6.119182363059338,6.104741342174914
1104,370,6.126816112619669,6.138764043402644
1104,371,6.119502711228946,6.152435521155637
1104,372,6.1124669273413295,6.1218890402005925
1104,373,6.130813102112027,6.11148016718419
1104,374,6.112852249293224,6.1287324791873985
1104,375,6.128675079798091,6.1333329991577
1104,376,6.120929343995805,6.13090669715595
1104,377,6.145768710522196,6.133256880045667
1104,378,6.10563432959899,6.105241673348157
1104,379,6.083066845015983,6.1103921597282875
1104,380,6.113961432083342,6.115184865438253
1104,381,6.116895727916286,6.153873209353862
1104,382,6.125910182900237,6.126651906999671
1104,383,6.104653035023513,6.145285815118557
1104,384,6.125210102567375,6.119950733668281
1104,385,6.148352369782076,6.1312273383286096
1104,386,6.098105619319698,6.1181545194786136
1104,387,6.12702564145894,6.136482696264317
1104,388,6.094728461579815,6.107729370684808
1104,389,6.1159243200135585,6.141798065834065
1104,390,6.126125583761379,6.113854502554878
1104,391,6.111639595937791,6.118583921904527
1104,392,6.106674202017751,6.121272510434844
1104,393,6.133008356345471,6.117214543338477
1104,394,6.131110939076838,6.132689005464764
1104,395,6.097814745340372,6.1159124434927
1104,396,6.1095815241642635,6.138687141923611
1104,397,6.124428705236832,6.10630494206393
1104,398,6.09678602785677,6.126287501675737
1104,399,6.126483560521578,6.1279197397008955
1104,400,6.075711814415521,6.132707605771007
1104,401,6.132547863369348,6.1103921597282875
1104,402,6.117552200722078,6.12776388983926
1104,403,6.139252491301599,6.143241321441294
1104,404,6.119474495647652,6.11605936421912
1104,405,6.1272353228334335,6.128770948553382
1104,406,6.118489427748369,6.138042619744121
1104,407,6.133733565022738,6.1327878995991805
1104,408,6.1242326266214135,6.126358176372547
1104,409,6.118692883613571,6.095820340644877
1104,410,6.135987992831031,6.128816513726217
1104,411,6.119038629233525,6.13173476070797
1104,412,6.104930136950866,6.1206137243237375
1104,413,6.13061869011215,6.132690794748616
1104,414,6.133935966725793,6.126838606030761
1104,415,6.1341700684388965,6.136731577800708
1104,416,6.126111802026991,6.122320977752101
1104,417,6.115730902581788,6.115526266724178
1104,418,6.134277966621937,6.139470613694636
1104,419,6.090901276749465,6.11099912143694
1104,420,6.1279106726438215,6.114524695030471
1104,421,6.1288250584205946,6.114470472093629
1104,422,6.117784249448862,6.104586641498842
1104,423,6.13547077047579,6.113681115728502
1104,424,6.144028973916458,6.121255942888257
1104,425,6.11422959344724,6.128464740219021
1104,426,6.123606749883679,6.1373281626709755
1104,427,6.100158790835882,6.128470192630999
1104,428,6.102536447337188,6.10630494206393
1104,429,6.112556288308736,6.122537156022481
1104,430,6.127779870689919,6.122417980582506
1104,431,6.11630915411629,6.124385861286524
1104,432,6.1003882048896365,6.127882145304327
1104,433,6.097845667904243,6.093018636681759
1104,434,6.113221349537371,6.1190937813735875
1104,435,6.128017168951512,6.121387708627629
1104,436,6.1241473508997775,6.1400161279054455
1104,437,6.120198934438844,6.104434193234999
1104,438,6.121267731391343,6.10849635793341
1104,439,6.120006294751085,6.112366965448426
1104,440,6.106943689635444,6.129282146238345
1104,441,6.108458156155871,6.130857899567274
1104,442,6.1155333734601935,6.130437316523654
1104,443,6.126536116056689,6.097029150377878
1104,444,6.103239492649297,6.114376707391624
1104,445,6.100731288995334,6.136325987313834
1104,446,6.14348338818593,6.119892125561826
1104,447,6.121243428164954,6.121641475967786
1104,448,6.098501737961002,6.133023960882443
1104,449,6.115662307009058,6.120368674867036
1104,450,6.103513615036061,6.139695471388862
1104,451,6.1202089176896735,6.121085439428707
1104,452,6.11520448182494,6.110541630357391
1104,453,6.114098272221096,6.144370253830518
1104,454,6.110624227038971,6.110791266206117
1104,455,6.132300819573009,6.126018166180164
1104,456,6.109448815131794,6.145207490043933
1104,457,6.132490995295253,6.119415963774433
1104,458,6.1180347131290755,6.13359479785564
1104,459,6.122610499845211,6.113557705544646
1104,460,6.119814500917898,6.14012719632281
1104,461,6.109256843814423,6.139599887230681
1104,462,6.109900971990643,6.123015120948029
1104,463,6.143511110900322,6.119229761525891
1104,464,6.1123015884279726,6.1138796049122215
1104,465,6.123506811539748,6.126384988436103
1104,466,6.125901149458719,6.120337797551935
1104,467,6.099565731226369,6.123651959802109
1104,468,6.105259996140057,6.127243901755182
1104,469,6.117536711996291,6.096779029161069
1104,470,6.125263696890571,6.122466617162959
1104,471,6.137342567639663,6.12082316012563
1104,472,6.147681107885054,6.119409820964986
1104,473,6.110496770783324,6.127268609185444
1104,474,6.10037518583589,6.126384988436103
1104,475,6.112238601373167,6.140248954629837
1104,476,6.140687006491721,6.125048191938727
1104,477,6.136542370340884,6.122708013052859
1104,478,6.1280965140355566,6.1335432804468315
1104,479,6.1003458217422475,6.127041746765314
1104,480,6.112141083965154,6.107285003271319
1104,481,6.10481177960403,6.155435382333063
1104,482,6.121942151376072,6.11794935236397
1104,483,6.103197365571982,6.137428191440297
1104,484,6.144504401332643,6.122614716793175
1104,485,6.140076260696079,6.111516076128629
1104,486,6.117210499981729,6.143024773463333
1104,487,6.132184979574775,6.125596680412555
1104,488,6.110522406021501,6.148148177843251
1104,489,6.111234796322598,6.127154852665046
1104,490,6.120154208862776,6.136614468728148
1104,491,6.1087560991067,6.1197338914021016
1104,492,6.104557138248429,6.131959976701108
1104,493,6.126798590903043,6.143876502676665
1104,494,6.107209202369466,6.118267918009383
1104,495,6.0995443064225245,6.1358206068096015
1104,496,6.114009579057833,6.131405702863569
1104,497,6.106727914018964,6.109639055203353
1104,498,6.126262325369458,6.1195288664191345
1104,499,6.134329009801892,6.124375492911554
1159,0,6.093796669956934,6.106981448656704
1159,1,6.117208445311973,6.137215680659175
1159,2,6.102708764121891,6.128956919529527
1159,3,6.106740535182459,6.093983220654023
1159,4,6.1082323879906655,6.133006273365697
1159,5,6.118560366460798,6.115193329210334
1159,6,6.075611919103422,6.120604530635752
1159,7,6.125962933841593,6.124754526522584
1159,8,6.135241429398838,6.11807333191887
1159,9,6.110233289371531,6.126285049986086
1159,10,6.10593677721651,6.135460656449276
1159,11,6.101124203924594,6.13020289440377
1159,12,6.105594128788971,6.142615439535702
1159,13,6.125367883821522,6.116814500873018
1159,14,6.095974470352491,6.101837032332737
1159,15,6.075895043146621,6.122433998365976
1159,16,6.1098062140079685,6.1262749442843205
1159,17,6.1358233131550355,6.109684784615367
1159,18,6.10326002550431,6.111888414036353
1159,19,6.105871228664301,6.117828772825737
1159,20,6.120892955472761,6.107925042886594
1159,21,6.114045740533787,6.136737057134618
1159,22,6.14019462399872,6.113880249309905
1159,23,6.138024381985277,6.137559397781504
1159,24,6.129419258907674,6.124821152643111
1159,25,6.090660289057296,6.107381669951645
1159,26,6.121953993664436,6.117631789781081
1159,27,6.114571486868658,6.126260091972085
1159,28,6.121431435324869,6.103430661353438
1159,29,6.121032236442467,6.103828711240232
1159,30,6.118610471495292,6.114225886377552
1159,31,6.10060433671965,6.135013566285914
1159,32,6.1160754714377745,6.120369225861541
1159,33,6.10954052217453,6.12554807936474
1159,34,6.105155856841175,6.13242296176212
1159,35,6.118677094052478,6.130626212094999
1159,36,6.1141711133936445,6.143197420277651
1159,37,6.10360416995599,6.126260091972085
1159,38,6.110549449656404,6.1292574175341645
1159,39,6.086748791500917,6.117827903008658
1159,40,6.114128391945811,6.124886068715284
1159,41,6.126822965264503,6.111287268021355
1159,42,6.1337763711576665,6.103848377596483
1159,43,6.120923827060618,6.102243520507924
1159,44,6.110607835241603,6.1181957647809755
1159,45,6.124632156924021,6.109171966774619
1159,46,6.1034281556401515,6.102623706862556
1159,47,6.1040202340204885,6.1212922645876064
1159,48,6.114286707043144,6.1170435493158415
1159,49,6.11197129661757,6.130128587512999
1159,50,6.123025411282428,6.124076909819816
1159,51,6.099888268921812,6.111919777496739
1159,52,6.131513341120412,6.121629594771906
1159,53,6.121892760802633,6.125471741078126
1159,54,6.099461273017108,6.125403162437642
1159,55,6.122046411525204,6.122622548415603
1159,56,6.140737289942225,6.124291131754611
1159,57,6.117609606843725,6.10370705489971
1159,58,6.1207441509420475,6.117827903008658
1159,59,6.111448567540078,6.0991234596354165
1159,60,6.1010195198103325,6.137165226119925
1159,61,6.108607859521343,6.106813981844174
1159,62,6.110292879767274,6.137323315271796
1159,63,6.105807062488865,6.139726021700403
1159,64,6.100946401593059,6.140546097503074
1159,65,6.1134282351539015,6.12300805609214
1159,66,6.0746602392215,6.099507109170829
1159,67,6.138265938635256,6.127300124931106
1159,68,6.111940337656434,6.118414879892568
1159,69,6.1143145709526605,6.120576140459601
1159,70,6.098461762586606,6.14912161690274
1159,71,6.102386013402273,6.1400208831691705
1159,72,6.112514189847911,6.131634005293866
1159,73,6.098282411608603,6.118686241766252
1159,74,6.113184980892493,6.122126036702
1159,75,6.132934186498339,6.1149517813817065
1159,76,6.088577177418569,6.115130841097049
1159,77,6.133624782980333,6.126285049986086
1159,78,6.11273401321156,6.120268746446164
1159,79,6.107932931995208,6.136719123362411
1159,80,6.1172641569709265,6.12350407762119
1159,81,6.131843260740542,6.140626862130639
1159,82,6.112428182373035,6.11169917905832
1159,83,6.092903732393787,6.128609859144944
1159,84,6.10913268605787,6.1261668058903265
1159,85,6.1225793085669995,6.137057222471675
1159,86,6.106178729191036,6.112310950892819
1159,87,6.13096988239631,6.134955231365567
1159,88,6.104959664302221,6.112535261467352
1159,89,6.100607513719234,6.122648510254265
1159,90,6.109898767151274,6.111935818702299
1159,91,6.102203305162241,6.111935818702299
1159,92,6.105428516268301,6.1233824238668575
1159,93,6.104920415327035,6.115298600215127
1159,94,6.0947248160724925,6.133267042759666
1159,95,6.110342215190172,6.1146972287591135
1159,96,6.113739001659766,6.119865944865026
1159,97,6.099267556389153,6.131347412603822
1159,98,6.124325975066469,6.104713819588142
1159,99,6.114994579356829,6.1102111448233565
1159,100,6.106074328730048,6.116048015379716
1159,101,6.120367285380389,6.121561109673145
1159,102,6.10442517374625,6.14551295020314
1159,103,6.120812964700569,6.110499117620186
1159,104,6.101133815914627,6.1078563232198455
1159,105,6.094786270515006,6.1262749442843205
1159,106,6.105968709144995,6.125183973099005
1159,107,6.105572890344018,6.119952536748013
1159,108,6.113429591364911,6.139926409489618
1159,109,6.098931291473711,6.12716218692752
1159,110,6.1270042359867976,6.127144427278343
1159,111,6.101197659369233,6.132636565931812
1159,112,6.097719822646674,6.110212557306295
1159,113,6.10293528563267,6.119772841134664
1159,114,6.113128583789589,6.112265337361486
1159,115,6.0952495572626555,6.106939795060233
1159,116,6.105542591606929,6.11085428037822
1159,117,6.0995987740075295,6.115193329210334
1159,118,6.106047447702996,6.108018028241703
1159,119,6.13323759207841,6.118996279315246
1159,120,6.102763549141794,6.121676146441452
1159,121,6.122844256240205,6.122947840990389
1159,122,6.1248051448089,6.102852370106109
1159,123,6.125319767586169,6.123255024848096
1159,124,6.103715146077186,6.105978446371075
1159,125,6.117821794592657,6.127526453844133
1159,126,6.128686962846458,6.094358117333801
1159,127,6.11629747720996,6.139243196944801
1159,128,6.121473387959243,6.131612002649813
1159,129,6.123783606941487,6.114757344126431
1159,130,6.1432852931719415,6.1085749201177
1159,131,6.089429290857029,6.106857242731914
1159,132,6.1141524632701465,6.144790157635367
1159,133,6.108077172890921,6.124445678661935
1159,134,6.100751705519455,6.136986507505303
1159,135,6.1185090831924995,6.101009201388558
1159,136,6.111042460837821,6.139721954796673
1159,137,6.110416566394581,6.108495585018764
1159,138,6.142275000691918,6.110326164993987
1159,139,6.110655416398189,6.127162948762598
1159,140,6.11022139036754,6.125725468846037
1159,141,6.108003865324893,6.1168583831497365
1159,142,6.105311364811674,6.111287268021355
1159,143,6.085821141621111,6.11103660381994
1159,144,6.089146110651554,6.096460767365532
1159,145,6.1334557082100565,6.098467269961001
1159,146,6.102449456997987,6.115829998642971
1159,147,6.109388779633456,6.134110570119164
1159,148,6.133036919619421,6.123267068236262
1159,149,6.116756205395517,6.118924471886558
1159,150,6.111349154072401,6.120587884318044
1159,151,6.126062313594319,6.133753780173813
1159,152,6.099460327809859,6.106448298721158
1159,153,6.100614448682702,6.125239387712549
1159,154,6.108334295381553,6.09922597945947
1159,155,6.090106733215799,6.105986323731265
1159,156,6.092832111364744,6.134688374676167
1159,157,6.095421525037104,6.112810040952061
1159,158,6.104822885219199,6.117548899301809
1159,159,6.098650698387599,6.122035583356383
1159,160,6.136573430113258,6.119586129571473
1159,161,6.12022937193567,6.121116319651062
1159,162,6.131887036058855,6.116338144285933
1159,163,6.110489019949069,6.101821869466012
1159,164,6.109065129349481,6.150276758603514
1159,165,6.097191911152074,6.124076909819816
1159,166,6.1149693778363154,6.149956304238035
1159,167,6.117753736694263,6.103609197402448
1159,168,6.085726226690807,6.0991234596354165
1159,169,6.101607021486447,6.10342878312925
1159,170,6.101076301827437,6.109778612458948
1159,171,6.109392653940041,6.1031865935285445
1159,172,6.109381857122178,6.11371929353832
1159,173,6.096327601760438,6.123747892048762
1159,174,6.120662400932556,6.111702477535235
1159,175,6.109117447131144,6.133270192666241
1159,176,6.1205426468692075,6.097174139081424
1159,177,6.088007073596678,6.111627783509094
1159,178,6.115524739155941,6.1051091350096
1159,179,6.106654188911238,6.123633604804564
1159,180,6.102054536635185,6.117499820702194
1159,181,6.110454451561361,6.112209043351732
1159,182,6.107710738386507,6.111729686679862
1159,183,6.097114252687342,6.129421889455528
1159,184,6.137092667643535,6.1018793900824635
1159,185,6.094246766629053,6.139721954796673
1159,186,6.110603468730605,6.120115497008279
1159,187,6.1249288775532404,6.12273497264879
1159,188,6.11034495167452,6.13200714073872
1159,189,6.0978720401707465,6.1190475258819035
1159,190,6.12273655586191,6.1215653012684275
1159,191,6.098290305559272,6.117048718048642
1159,192,6.098370199024416,6.09587260484082
1159,193,6.115230738771245,6.124048395107989
1159,194,6.115782616061312,6.107618475521337
1159,195,6.132304952530163,6.120218381782228
1159,196,6.093881433816678,6.108624389884353
1159,197,6.099301159985627,6.1292574175341645
1159,198,6.132331424921737,6.118162205198745
1159,199,6.081178909708341,6.101172133548996
1159,200,6.120400719832274,6.124048395107989
1159,201,6.098656191582303,6.117350951194848
1159,202,6.1316750515297755,6.100065667525649
1159,203,6.118862188689741,6.101837032332737
1159,204,6.10678092342212,6.105504217329342
1159,205,6.119200079306503,6.099737646258323
1159,206,6.1199567572167535,6.125602684972292
1159,207,6.138787504035785,6.118503179662562
1159,208,6.094997257074156,6.115264623652286
1159,209,6.098383051421584,6.121904368726373
1159,210,6.103691607189332,6.128983112613317
1159,211,6.117839802145945,6.123267068236262
1159,212,6.1125661306733745,6.108981753545704
1159,213,6.123858778803736,6.1346439561615025
1159,214,6.119456812364015,6.09587260484082
1159,215,6.115856433677739,6.106703044618713
1159,216,6.089048321401976,6.138530521928609
1159,217,6.124184694457672,6.095579855584814
1159,218,6.110735795493658,6.108882312507021
1159,219,6.1316488447243325,6.127770985745703
1159,220,6.089678384889923,6.1332513115348775
1159,221,6.105868716511182,6.118972832770267
1159,222,6.107863390843305,6.142998357486904
1159,223,6.114514021742988,6.114153486341798
1159,224,6.107337743808495,6.104479034112798
1159,225,6.119790253665121,6.1128985794064565
1159,226,6.109807552335453,6.132014465457211
1159,227,6.102927453045243,6.114368618216777
1159,228,6.116282100038545,6.13462843137833
1159,229,6.137179810572036,6.0958089710548755
1159,230,6.112325258565907,6.0949474564953094
1159,231,6.114828291782541,6.140831131042315
1159,232,6.114998927474972,6.097174139081424
1159,233,6.1099468644980295,6.1057419654488685
1159,234,6.121965982008652,6.121955602994711
1159,235,6.105754112588,6.138613605472539
1159,236,6.111104314056311,6.124869266902338
1159,237,6.0971230845330915,6.128965678384505
1159,238,6.11338303398776,6.11373599253483
1159,239,6.121182231095137,6.128965678384505
1159,240,6.128829061095345,6.105488722684666
1159,241,6.1092798961300465,6.1456563846592
1159,242,6.126921831286153,6.105565555013981
1159,243,6.1134669425695405,6.122774232192186
1159,244,6.114605380929938,6.120826078340261
1159,245,6.107850268449127,6.136725464849202
1159,246,6.103309065635215,6.124956358038793
1159,247,6.099512480702219,6.111238726083837
1159,248,6.1301481997871985,6.115384691076552
1159,249,6.093281341896709,6.112346118356779
1159,250,6.124089994663109,6.102243520507924
1159,251,6.094299428925115,6.129460759926637
1159,252,6.115359164675064,6.114987729368965
1159,253,6.08954405463348,6.127953726384069
1159,254,6.110215348639391,6.102243520507924
1159,255,6.107222291368338,6.111888414036353
1159,256,6.088806870976643,6.1022090462307546
1159,257,6.12807683169082,6.115498922048743
1159,258,6.128538366481432,6.120756781471495
1159,259,6.126556824803231,6.09946973113623
1159,260,6.101182373112712,6.123702335315929
1159,261,6.108646638492447,6.124886068715284
1159,262,6.0985644575387,6.118336907459844
1159,263,6.106379557396683,6.127094759770898
1159,264,6.111578322865413,6.107065823768976
1159,265,6.111947324781322,6.124886068715284
1159,266,6.1085908402647995,6.114757344126431
1159,267,6.108219113879345,6.1085749201177
1159,268,6.123718873736301,6.09879477146596
1159,269,6.123654256595909,6.117743503835058
1159,270,6.121817402686228,6.1287112788025455
1159,271,6.105438189823034,6.102852370106109
1159,272,6.105354871982127,6.126204867900183
1159,273,6.096165442399375,6.119312434002057
1159,274,6.116114823527096,6.112341745961666
1159,275,6.114546669921157,6.123194696893939
1159,276,6.117402508930767,6.117907398369428
1159,277,6.101444134355062,6.114951186870681
1159,278,6.121823061750104,6.12621631386419
1159,279,6.113681383129936,6.134843021252331
1159,280,6.1130227125435015,6.134526503596936
1159,281,6.11809872839107,6.117317182554344
1159,282,6.128311131144913,6.12661854778169
1159,283,6.1318071301380055,6.123747892048762
1159,284,6.114043749224076,6.141977303673126
1159,285,6.113261226940706,6.118996279315246
1159,286,6.124104477896066,6.131164518018403
1159,287,6.112599028057308,6.1250904479506545
1159,288,6.112934420534109,6.1228809665540505
1159,289,6.108492377677769,6.12922118551765
1159,290,6.12232602146235,6.133194129601746
1159,291,6.0767417142538465,6.115062111506184
1159,292,6.106333041627743,6.135812808220989
1159,293,6.1244237639818,6.1230734650012915
1159,294,6.115832678803016,6.116869076901475
1159,295,6.126406660787791,6.1178563604659395
1159,296,6.126093986943445,6.113715649975275
1159,297,6.122040968112008,6.133513421222458
1159,298,6.139824107297608,6.1318049688677405
1159,299,6.13686239124414,6.114307050619497
1159,300,6.113956531633373,6.102418680273918
1159,301,6.106317406748606,6.1080357461901365
1159,302,6.102436589791516,6.108281047629584
1159,303,6.1073344282409225,6.116869076901475
1159,304,6.094196007535279,6.101461699066303
1159,305,6.118606215767577,6.104552977284589
1159,306,6.121158551700425,6.092055675248015
1159,307,6.08952023430046,6.107379320109672
1159,308,6.123286195308133,6.106995232194243
1159,309,6.117062440236734,6.130574179094678
1159,310,6.099882020043822,6.122894783504055
1159,311,6.087097598919689,6.124540264290406
1159,312,6.089830491216425,6.116101679016386
1159,313,6.1276155496602955,6.125548613904618
1159,314,6.1108238962274495,6.120185128848592
1159,315,6.093452896064021,6.126160637010352
1159,316,6.087544677414054,6.122420247353943
1159,317,6.124305355014106,6.135303551717741
1159,318,6.095623316581574,6.11791756565938
1159,319,6.103426237675053,6.123234854033405
1159,320,6.127152833793074,6.131612002649813
1159,321,6.113305749070764,6.116007414295125
1159,322,6.081471587708906,6.129015519857189
1159,323,6.101048024070264,6.1292574175341645
1159,324,6.12544065393723,6.114190742449515
1159,325,6.1035926399777,6.1203546080447015
1159,326,6.11971425623643,6.1307334613662015
1159,327,6.1230725694664985,6.112612219343049
1159,328,6.11699771868122,6.117981406648032
1159,329,6.1146251628674975,6.127575554018249
1159,330,6.1104446589039405,6.118353444195871
1159,331,6.133973335285262,6.105192603717794
1159,332,6.131513732746593,6.113957788720265
1159,333,6.089139491983777,6.115556759708673
1159,334,6.114993845714326,6.118555457370473
1159,335,6.111066849789701,6.135406617745089
1159,336,6.082747128547717,6.093775229102587
1159,337,6.110105647609548,6.130626495870377
1159,338,6.120226234955629,6.115775592405744
1159,339,6.088990832547939,6.141277253891871
1159,340,6.124677035121895,6.136325296783771
1159,341,6.102177468156095,6.099031208814192
1159,342,6.105911207417078,6.117472839403677
1159,343,6.108811722500472,6.144227495015757
1159,344,6.1107258616648545,6.116242229036428
1159,345,6.100850408589996,6.100347333271724
1159,346,6.124450065993836,6.1190475258819035
1159,347,6.096200372080019,6.094203811495014
1159,348,6.112593284281594,6.111927892096896
1159,349,6.112617855965728,6.104052718578972
1159,350,6.128182544470169,6.124098417764287
1159,351,6.11016301190917,6.128460044782508
1159,352,6.110308122286397,6.110861657879625
1159,353,6.095246965570748,6.099579491407624
1159,354,6.1005433407549345,6.1050872061197685
1159,355,6.115058802893419,6.131793529808938
1159,356,6.119190471710085,6.114368618216777
1159,357,6.09995342592886,6.1155266989418555
1159,358,6.102683487760059,6.1153337760466515
1159,359,6.133468882866789,6.114829801840022
1159,360,6.122071140156366,6.131571575577253
1159,361,6.1084457691117455,6.1193691073799075
1159,362,6.085509411526015,6.119330951792737
1159,363,6.109421803994186,6.129905190752049
1159,364,6.0997759244572425,6.1259573909061675
1159,365,6.112266478156538,6.119590711197957
1159,366,6.125167655607709,6.102046276839827
1159,367,6.095800603904104,6.107690829465348
1159,368,6.1191065426884235,6.128658519327902
1159,369,6.1061876572531535,6.106358814978208
1159,370,6.118374504877705,6.126512683762661
1159,371,6.097026267059941,6.111009773028897
1159,372,6.124267335013102,6.102733752844188
1159,373,6.135292956093131,6.108021816509018
1159,374,6.133123902049028,6.151348780418683
1159,375,6.096851710858689,6.111941593521513
1159,376,6.108989834575015,6.099652829270506
1159,377,6.112358823085052,6.114148701372249
1159,378,6.098152466717409,6.116783587828103
1159,379,6.114640944084006,6.131094518115569
1159,380,6.093376413835328,6.103827646444086
1159,381,6.1077325870482895,6.125183973099005
1159,382,6.0948616550138315,6.12837954707648
1159,383,6.11810466631095,6.1381014177440685
1159,384,6.116035777623131,6.117931544860511
1159,385,6.115381246423168,6.1218768118985905
1159,386,6.094043337604875,6.136377221213001
1159,387,6.107007291898649,6.117350951194848
1159,388,6.123125478128778,6.120704558765689
1159,389,6.101734149064323,6.127153607823473
1159,390,6.103722917597938,6.114986129856319
1159,391,6.11585635249968,6.129874226679556
1159,392,6.093815533913511,6.130216896551925
1159,393,6.100656771478255,6.128080849345734
1159,394,6.094933145310215,6.102999387703403
1159,395,6.089032014000729,6.115264623652286
1159,396,6.125780413858925,6.146699421961028
1159,397,6.110713076392084,6.1295456866970035
1159,398,6.080727590794147,6.116268626473506
1159,399,6.121933100180817,6.107054859392367
1159,400,6.12681301361743,6.137323315271796
1159,401,6.113253853172896,6.127220238876943
1159,402,6.108486265721643,6.102324346491744
1159,403,6.104130658850256,6.072618642046481
1159,404,6.108059510155831,6.108505676667289
1159,405,6.100767079466957,6.116850101669911
1159,406,6.111415797338487,6.106703044618713
1159,407,6.121365691815686,6.117610977502866
1159,408,6.1355734576182845,6.106199973332299
1159,409,6.092078229877984,6.115630170648518
1159,410,6.0881148352813845,6.102390985195261
1159,411,6.109003084586811,6.14179151081976
1159,412,6.111760415636658,6.108281047629584
1159,413,6.102671726845545,6.119394768509319
1159,414,6.098107023172167,6.105506130499457
1159,415,6.063088239125629,6.11053995779478
1159,416,6.0880647164003205,6.117805303322532
1159,417,6.129738746965324,6.127433603478956
1159,418,6.102890851734391,6.124753960366633
1159,419,6.1252662673442995,6.113957788720265
1159,420,6.1124590878480385,6.124551139135785
1159,421,6.1133474295133,6.118162205198745
1159,422,6.101831285282548,6.113335447543375
1159,423,6.104501269377436,6.119403153481454
1159,424,6.109295061780535,6.127102063079911
1159,425,6.106697840708612,6.112723018129114
1159,426,6.076528245962829,6.1118367566207965
1159,427,6.10274968254993,6.123762872260272
1159,428,6.102567799813014,6.110519673389249
1159,429,6.12135039865394,6.123234854033405
1159,430,6.109633505549805,6.11613066945212
1159,431,6.094358277928904,6.129068527052664
1159,432,6.1040690626546,6.111631201843775
1159,433,6.104375241526777,6.109576009679882
1159,434,6.123772998013607,6.112699808780198
1159,435,6.121729296542302,6.1022090462307546
1159,436,6.11304636786044,6.127031725019097
1159,437,6.111199916756377,6.12716218692752
1159,438,6.137780214907191,6.120392912094702
1159,439,6.095790008944112,6.131141564418837
1159,440,6.098922335489911,6.111119764761874
1159,441,6.113599869233722,6.113577399583158
1159,442,6.129332173622412,6.119188720447201
1159,443,6.145751482226112,6.104697239557742
1159,444,6.1125514041675,6.119648297763767
1159,445,6.132854480618657,6.119285375079138
1159,446,6.097447179893701,6.114458834827381
1159,447,6.136445066815764,6.104590716882363
1159,448,6.103455178125537,6.120837600437932
1159,449,6.113503504997539,6.123788635632521
1159,450,6.116585220019406,6.1164516414448045
1159,451,6.099674453402435,6.120925946989758
1159,452,6.0919265259188,6.100335401653847
1159,453,6.114467621600823,6.111919777496739
1159,454,6.112764088671035,6.116072367699461
1159,455,6.099798079936498,6.097376333347989
1159,456,6.10001825196267,6.125291814953757
1159,457,6.103734133382959,6.130559066877176
1159,458,6.1096691332920345,6.108516654106239
1159,459,6.114722486060841,6.122263425947386
1159,460,6.10534646437616,6.13302083016635
1159,461,6.105109194264001,6.099507109170829
1159,462,6.0931743029450995,6.127526453844133
1159,463,6.108379073408195,6.117862085301988
1159,464,6.1155463173055615,6.123590992496686
1159,465,6.1155900949973585,6.120704558765689
1159,466,6.114426749045936,6.118963775408882
1159,467,6.127254202138799,6.117350951194848
1159,468,6.111567906965036,6.118686241766252
1159,469,6.11850118233466,6.141977303673126
1159,470,6.114341693989097,6.126576405171481
1159,471,6.102750212445318,6.125837555383642
1159,472,6.0989146852411755,6.116015332698839
1159,473,6.122677903400634,6.0994733523363225
1159,474,6.1139849551103955,6.104622572453868
1159,475,6.1133564376148355,6.12600005878727
1159,476,6.112951379519608,6.137021963357747
1159,477,6.097879658616087,6.10957216200186
1159,478,6.11301416166594,6.099536333244677
1159,479,6.119814937225252,6.129619722003041
1159,480,6.118340455595296,6.114502777865921
1159,481,6.102251780854766,6.107588346878422
1159,482,6.0916989090112805,6.125296474926247
1159,483,6.09936531052329,6.113054410233635
1159,484,6.130821469119575,6.112663393460448
1159,485,6.1303084352020605,6.111535324652217
1159,486,6.123086148294043,6.11497277904128
1159,487,6.100839171878409,6.119124590989659
1159,488,6.110293262098525,6.116155213110021
1159,489,6.115458271646013,6.1240405739270285
1159,490,6.122990539999674,6.1094537679437115
1159,491,6.1041688296999945,6.107028291892598
1159,492,6.1226284849821955,6.107690829465348
1159,493,6.115719519257977,6.125377332800898
1159,494,6.112116571902456,6.11679349925377
1159,495,6.122559553376951,6.125661877572565
1159,496,6.1066914374220636,6.15099955245873
1159,497,6.09843674354678,6.135950780279104
1159,498,6.1212107240538804,6.12350407762119
1159,499,6.096963669843512,6.104058357357367
1214,0,6.097142645686058,6.099522666309337
1214,1,6.104888724033808,6.130756470524613
1214,2,6.112549451352369,6.107457191932149
1214,3,6.115747835647091,6.12027832081571
1214,4,6.094006847746663,6.105828283219808
1214,5,6.119450251827233,6.118236510276439
1214,6,6.135269279972756,6.129979094416686
1214,7,6.112338301569465,6.12107797556334
1214,8,6.114243894698866,6.108946915107011
1214,9,6.124316317156381,6.107137236858774
1214,10,6.112382529735062,6.102281749521999
1214,11,6.09042326944795,6.097405095401352
1214,12,6.0968643731403676,6.127850741523737
1214,13,6.100438487848356,6.110450546499433
1214,14,6.101071265127502,6.127049687644418
1214,15,6.105780851015123,6.100111533687072
1214,16,6.127021104879434,6.111264280434059
1214,17,6.10691932956607,6.115484632052666
1214,18,6.101104568310464,6.120403468262312
1214,19,6.0972152534330375,6.096174546263908
1214,20,6.1239761462552895,6.0915535957674285
1214,21,6.104007672399492,6.12027832081571
1214,22,6.084063361628041,6.110424461865722
1214,23,6.114564208379869,6.132088535499983
1214,24,6.093769218661426,6.1149408063793
1214,25,6.113958760205015,6.141536879131151
1214,26,6.128522897336165,6.101249783267801
1214,27,6.079449733191689,6.128934443839268
1214,28,6.104536082547969,6.129305960344402
1214,29,6.109915405920735,6.127922077835523
1214,30,6.099907987237176,6.099225616629069
1214,31,6.106612268556395,6.099476765888481
1214,32,6.094038449916064,6.103975207844787
1214,33,6.106893102095419,6.125369912686014
1214,34,6.118658359262449,6.11156395506769
1214,35,6.093503780031166,6.12530074716171
1214,36,6.1189017786318685,6.113716765442533
1214,37,6.113812808626602,6.115862419872795
1214,38,6.104870986977837,6.114245774124807
1214,39,6.107483664662245,6.115591768812347
1214,40,6.11945997440319,6.093111078190805
1214,41,6.086006101446002,6.100142572432853
1214,42,6.095936450391104,6.120930225716731
1214,43,6.128339483613153,6.117467594646197
1214,44,6.1160246115623895,6.10313416778742
1214,45,6.093169356940384,6.111731435631597
1214,46,6.1237866681005695,6.108228276323901
1214,47,6.0794228244363575,6.097158320798294
1214,48,6.109788499204628,6.12258929969598
1214,49,6.1109391272327755,6.103371230962764
1214,50,6.097741388032037,6.130434913687477
1214,51,6.120045390481826,6.110451135873463
1214,52,6.098075487059516,6.106698480974797
1214,53,6.090613943841974,6.10818493864599
1214,54,6.091037479048094,6.1211166141636895
1214,55,6.116246482791347,6.087184864482892
1214,56,6.107843480901049,6.108236941758042
1214,57,6.090175757351309,6.116007670769039
1214,58,6.115891468966914,6.132088535499983
1214,59,6.100764540488437,6.119347025815517
1214,60,6.098966605676981,6.120403468262312
1214,61,6.109983859040198,6.104698716205264
1214,62,6.1077878684526405,6.0936721014847075
1214,63,6.099849832030497,6.116695475961339
1214,64,6.112474370838702,6.110096681222194
1214,65,6.091254408354334,6.1078863378634365
1214,66,6.110594929488286,6.106921663129117
1214,67,6.123299878346691,6.120534035631772
1214,68,6.0970327724917155,6.1183183380065636
1214,69,6.083866241907202,6.108502386163526
1214,70,6.095576819587619,6.131199636434863
1214,71,6.09045206800434,6.108735222899279
1214,72,6.097606203276376,6.121133087885448
1214,73,6.117713737123475,6.135016952132405
1214,74,6.083913830531472,6.119814310053377
1214,75,6.077366374740575,6.102492164197255
1214,76,6.0910310067035365,6.109016620389166
1214,77,6.091422655599884,6.109995295715229
1214,78,6.107059700252511,6.10192864832286
1214,79,6.106739888858269,6.108084793522405
1214,80,6.1047301793754505,6.100862696369623
1214,81,6.113927432490955,6.108785924438339
1214,82,6.084065507132009,6.136744842836104
1214,83,6.084632003748693,6.128904088036479
1214,84,6.104057490774535,6.12923252990988
1214,85,6.104853127307526,6.10079120996434
1214,86,6.118257278662775,6.137481131388988
1214,87,6.0895811770848844,6.130129432716898
1214,88,6.097812804848081,6.117604514396725
1214,89,6.092214545800088,6.105309771467197
1214,90,6.119195066464366,6.108613791310762
1214,91,6.083686449229692,6.091550579315989
1214,92,6.124447967599392,6.123560483468293
1214,93,6.12827712839453,6.110096681222194
1214,94,6.116318989204087,6.129494913690655
1214,95,6.0930855446447385,6.1123997126244785
1214,96,6.109229361372095,6.101910530353143
1214,97,6.112649230685814,6.095860374779692
1214,98,6.096357419015533,6.127892291957348
1214,99,6.105834169390971,6.115786460328108
1214,100,6.103384725408031,6.10092458448778
1214,101,6.122915992308897,6.131199636434863
1214,102,6.108043254714489,6.114724121579825
1214,103,6.1145283501286505,6.097972408584074
1214,104,6.121840031869945,6.10079120996434
1214,105,6.09805118309528,6.1088515166539175
1214,106,6.1402727411393325,6.114807606809768
1214,107,6.097307386343873,6.106591742285972
1214,108,6.100714321511006,6.108343982171167
1214,109,6.110179910966028,6.124407532894081
1214,110,6.12060473230317,6.111958727380583
1214,111,6.102285258945657,6.106342722028129
1214,112,6.107370792293589,6.118976835700279
1214,113,6.082342658761065,6.095241818260442
1214,114,6.084834901484596,6.106768676613587
1214,115,6.116495405638724,6.104631386002079
1214,116,6.089375478836012,6.115168126625794
1214,117,6.100249456182759,6.108361528128478
1214,118,6.083380628046577,6.108946915107011
1214,119,6.104116615363056,6.114549269005518
1214,120,6.122960959226913,6.118075203866455
1214,121,6.104636351910789,6.08564293390129
1214,122,6.0954606410749,6.115509409610234
1214,123,6.1114058052953935,6.101645971267532
1214,124,6.108523785321452,6.091942860055059
1214,125,6.108308924053869,6.113721429081618
1214,126,6.115161940395131,6.101920953492632
1214,127,6.11418500228876,6.1221443694244675
1214,128,6.108979381526051,6.101470598710024
1214,129,6.103087343543772,6.120283948450646
1214,130,6.095281160493447,6.145922120466114
1214,131,6.087623198328526,6.1083488483119215
1214,132,6.121620418836479,6.114349802584096
1214,133,6.107280857860653,6.113878644966754
1214,134,6.081529256799638,6.077580268848249
1214,135,6.102827285022181,6.1056779042933025
1214,136,6.10298566798898,6.114336483566103
1214,137,6.13037369469702,6.108860482063032
1214,138,6.091669831420679,6.111264280434059
1214,139,6.127719488823023,6.10608330242891
1214,140,6.09626195935408,6.1101547604602064
1214,141,6.090719130834887,6.106066585138716
1214,142,6.097556642611874,6.107961069154553
1214,143,6.104627520604347,6.123560483468293
1214,144,6.1298252412839975,6.10096453155212
1214,145,6.119145790893152,6.111156387330046
1214,146,6.090517681090696,6.120757192327678
1214,147,6.096620928494082,6.105611574762063
1214,148,6.099754132792527,6.114510152926905
1214,149,6.126334302091673,6.114622686256371
1214,150,6.106789797280578,6.118438016959092
1214,151,6.115618673463427,6.081773622015271
1214,152,6.09750393002325,6.112698107407851
1214,153,6.088639603693915,6.096084046125523
1214,154,6.1095975404641365,6.112326265211502
1214,155,6.105223443705466,6.110090386917871
1214,156,6.116136580854447,6.126434268677929
1214,157,6.128703393831759,6.081569593459543
1214,158,6.125159410519785,6.107281957969756
1214,159,6.09673462191258,6.1015000623598095
1214,160,6.090405921511048,6.087002559954957
1214,161,6.114143663410544,6.134363402414476
1214,162,6.101057193425888,6.108271117764825
1214,163,6.112234272631825,6.1061394648351675
1214,164,6.104259885105737,6.091457140749585
1214,165,6.10059096139573,6.10262713098512
1214,166,6.1075780869167815,6.100371576181648
1214,167,6.117286980957316,6.0930306207339555
1214,168,6.112730334167983,6.111663319272696
1214,169,6.100964884850735,6.115939009640937
1214,170,6.064867643504426,6.12433503326716
1214,171,6.091601682094319,6.115282336487975
1214,172,6.119276779504012,6.1265362475635925
1214,173,6.086470286386211,6.120589387678291
1214,174,6.111250724014296,6.091117325094607
1214,175,6.119545680810242,6.124367510965703
1214,176,6.114121249682619,6.106888032127039
1214,177,6.118390022104396,6.121473253109823
1214,178,6.077133495775882,6.089788273890335
1214,179,6.126223031899681,6.119283948908456
1214,180,6.084731862624083,6.10974259536819
1214,181,6.107009394062965,6.107137236858774
1214,182,6.0993341482663075,6.102372647143368
1214,183,6.111448692617598,6.119409217145114
1214,184,6.099616590211715,6.124305764411071
1214,185,6.114830222153077,6.115282336487975
1214,186,6.097818251141172,6.113592038685695
1214,187,6.117600951265693,6.099409709944207
1214,188,6.097529144299066,6.108483773927143
1214,189,6.105144927791344,6.105081269357108
1214,190,6.1070882875661034,6.12027832081571
1214,191,6.10463532801036,6.095229635362436
1214,192,6.081442542736886,6.103484498745513
1214,193,6.1064873289994335,6.112304207139113
1214,194,6.07204706728682,6.103307596197184
1214,195,6.083080833427099,6.115248178644514
1214,196,6.112572079006018,6.106608696794464
1214,197,6.1236966398323744,6.112326265211502
1214,198,6.090124026130054,6.104493176081547
1214,199,6.110183479141986,6.114075635252598
1214,200,6.092758353566288,6.101922448515576
1214,201,6.10637327199683,6.109269601304019
1214,202,6.115291843414462,6.108276329291592
1214,203,6.115906666917393,6.095229635362436
1214,204,6.090760663213212,6.108735222899279
1214,205,6.118590487460732,6.0931819071726245
1214,206,6.089152694102772,6.097999040270194
1214,207,6.1156579729249785,6.112698107407851
1214,208,6.10963652847268,6.131412914589724
1214,209,6.1031389968971075,6.1064734652938775
1214,210,6.093246747592876,6.103756084294442
1214,211,6.087231726791823,6.098039668575695
1214,212,6.103281538482192,6.109616269258061
1214,213,6.115985628580652,6.0995426487944435
1214,214,6.103236732115332,6.087067025935982
1214,215,6.116042668509902,6.117917326112633
1214,216,6.0914147964073395,6.098798300336522
1214,217,6.101041763858344,6.123126597675051
1214,218,6.1113897687140115,6.1196487534926245
1214,219,6.095597881991973,6.118479771314238
1214,220,6.111293216880937,6.096125568937693
1214,221,6.094736211066233,6.106274952425624
1214,222,6.094410704133489,6.128969240143445
1214,223,6.112815176870003,6.090348781422646
1214,224,6.095249397346151,6.127892291957348
1214,225,6.09814208750363,6.112993183453114
1214,226,6.117344156985782,6.130434913687477
1214,227,6.114065642993961,6.106066082025792
1214,228,6.105149111924068,6.112304207139113
1214,229,6.123761861202747,6.114031614075392
1214,230,6.082070902860634,6.1113680016085725
1214,231,6.100070097345872,6.095995031017589
1214,232,6.123305551702696,6.08882677467275
1214,233,6.120279547490129,6.108974251433936
1214,234,6.09175943468394,6.104153202083309
1214,235,6.089982920769414,6.114807606809768
1214,236,6.099722510049499,6.1164883057466595
1214,237,6.076890672421734,6.103054371426366
1214,238,6.120147922156738,6.124367510965703
1214,239,6.102124279504798,6.107055493241061
1214,240,6.126875203338437,6.115248178644514
1214,241,6.113877215708085,6.1218153282022865
1214,242,6.101919208797584,6.102874973897543
1214,243,6.101342087093865,6.11743156301556
1214,244,6.101621258923621,6.120496328290323
1214,245,6.1050565861804715,6.110086365703366
1214,246,6.1087591781915,6.135500380676717
1214,247,6.1186076845957365,6.113173450063719
1214,248,6.105545609100428,6.10360792083838
1214,249,6.122509662978985,6.10818493864599
1214,250,6.100793399121773,6.103735054508995
1214,251,6.135082290970472,6.1390429592760825
1214,252,6.112449290928089,6.0970194781322045
1214,253,6.1219799151187075,6.113025096728361
1214,254,6.115207158823674,6.105146175415046
1214,255,6.080420063632303,6.104690226876179
1214,256,6.097605904828108,6.119683671012094
1214,257,6.099965539010708,6.127870291091004
1214,258,6.0994651776611075,6.100754786123748
1214,259,6.070900217377293,6.11384615368378
1214,260,6.112345228453774,6.109063377670918
1214,261,6.130984672499146,6.099263301644098
1214,262,6.101906781214776,6.119013418623981
1214,263,6.109762762117025,6.097599900153102
1214,264,6.092723815482848,6.1092452089315215
1214,265,6.077452900639953,6.132708337701313
1214,266,6.104527859011129,6.107422551903995
1214,267,6.099164225907959,6.111776390291436
1214,268,6.094232877414028,6.118845498653177
1214,269,6.103595564779436,6.1196487534926245
1214,270,6.073033387892666,6.120998133103368
1214,271,6.11069834592795,6.106236248061658
1214,272,6.107870335150283,6.107272657073054
1214,273,6.115126871707472,6.101920953492632
1214,274,6.118781573185512,6.09708980771194
1214,275,6.101499553236611,6.121119139077526
1214,276,6.110230500243735,6.102250623153906
1214,277,6.1007685141829,6.140013309248334
1214,278,6.0975597631760365,6.113721429081618
1214,279,6.11905612461427,6.129622391222345
1214,280,6.108087208030752,6.117689219989547
1214,281,6.112700753988183,6.112395094671096
1214,282,6.108915814996055,6.105146175415046
1214,283,6.098058210637937,6.124633491221229
1214,284,6.10918548289133,6.133227270051725
1214,285,6.105759480163329,6.119276191855752
1214,286,6.102413091601405,6.083276988455078
1214,287,6.123008298656497,6.110320423519307
1214,288,6.113372297504625,6.116184399154573
1214,289,6.123628101821406,6.101864442946597
1214,290,6.110429681892833,6.114636037758747
1214,291,6.098003137014497,6.126231271779822
1214,292,6.093710097345327,6.114444475127205
1214,293,6.109781455530867,6.095846175192885
1214,294,6.11568941245559,6.118116789251662
1214,295,6.113729659219051,6.13417077603229
1214,296,6.085870878667958,6.111216491179088
1214,297,6.0839196125267145,6.103756084294442
1214,298,6.113187433505289,6.111225452479849
1214,299,6.11861986753414,6.129527944284149
1214,300,6.086772587886409,6.101129932103308
1214,301,6.0908649513038675,6.1183794265421385
1214,302,6.089562257471398,6.118976835700279
1214,303,6.1062746419256095,6.125181578474242
1214,304,6.110561675828211,6.118859313445741
1214,305,6.109114284368431,6.119513036898043
1214,306,6.1001419568032205,6.104631386002079
1214,307,6.099908249203673,6.090480630393325
1214,308,6.1153007116318046,6.126176461820858
1214,309,6.11321452382868,6.112762279264163
1214,310,6.087265745611182,6.122327815363479
1214,311,6.113188524372184,6.125340241621541
1214,312,6.094355058175027,6.111871561019772
1214,313,6.104382785334109,6.101200600141497
1214,314,6.103428823126933,6.110699919189071
1214,315,6.097985336503288,6.109733523211449
1214,316,6.118563298854596,6.109283625623381
1214,317,6.119516940091227,6.115282336487975
1214,318,6.097156875481239,6.122548932664661
1214,319,6.107632222879965,6.112731009083643
1214,320,6.094931734095094,6.115168126625794
1214,321,6.1174251519620455,6.123988582288186
1214,322,6.107528463384043,6.123988582288186
1214,323,6.099755256072216,6.116205963815441
1214,324,6.079928142112588,6.115201198745216
1214,325,6.091222380878036,6.130880314353534
1214,326,6.11819551647589,6.115910431727935
1214,327,6.119008707412978,6.127850741523737
1214,328,6.110019573786508,6.112861353233312
1214,329,6.097414042406621,6.104853587820254
1214,330,6.117811642487558,6.100111533687072
1214,331,6.112480664395626,6.128267487053055
1214,332,6.108269328102347,6.0942812287639105
1214,333,6.0979953708213195,6.110619431342331
1214,334,6.095032863781464,6.103866906474455
1214,335,6.086245981993901,6.122988481248907
1214,336,6.088960032232429,6.113490049275894
1214,337,6.108913437746713,6.113173450063719
1214,338,6.099465173327775,6.096699609579105
1214,339,6.107242967774616,6.117207602449249
1214,340,6.102568594381527,6.1082103635540115
1214,341,6.09635777622921,6.132078662952424
1214,342,6.110040374915526,6.127049687644418
1214,343,6.073642325072631,6.130220792365351
1214,344,6.115581297227711,6.10421705769734
1214,345,6.114128361856495,6.105644416275666
1214,346,6.108342226789923,6.123739972331222
1214,347,6.105266317255176,6.133552253916289
1214,348,6.086273098963513,6.115569731221297
1214,349,6.1305376326247,6.104596374575341
1214,350,6.111004821586614,6.123482626258452
1214,351,6.111335383666599,6.110581142852885
1214,352,6.079650382768633,6.101264489548426
1214,353,6.10063422440876,6.120930225716731
1214,354,6.124418390360761,6.106274952425624
1214,355,6.122268783958035,6.104696023032079
1214,356,6.128425782888012,6.104906516508965
1214,357,6.12062688453093,6.105146175415046
1214,358,6.0882459212593725,6.1273544829025175
1214,359,6.129488993883446,6.103088472317609
1214,360,6.082773129279781,6.117207602449249
1214,361,6.095072183696066,6.132813406984752
1214,362,6.109825710435167,6.125181578474242
1214,363,6.100662603173621,6.104698716205264
1214,364,6.116027348461132,6.124814935812155
1214,365,6.119831011994274,6.137456661546385
1214,366,6.110430267310376,6.130409262642977
1214,367,6.102302199484272,6.121276099068935
1214,368,6.119420743423007,6.107550238106673
1214,369,6.096187534129777,6.115712525965537
1214,370,6.127024886063553,6.110032759623217
1214,371,6.100412549589143,6.112762279264163
1214,372,6.098279530048787,6.089788273890335
1214,373,6.096520722080025,6.114383224150235
1214,374,6.117103822880573,6.109063377670918
1214,375,6.1068786052838755,6.116075165296494
1214,376,6.117946358146117,6.121061499581023
1214,377,6.116460591995596,6.118338149765418
1214,378,6.102989947758846,6.0940933341079075
1214,379,6.1000062796090635,6.119809816988027
1214,380,6.108633275184071,6.095414284628469
1214,381,6.089490450493462,6.108742195811452
1214,382,6.095862857054247,6.127922077835523
1214,383,6.093746613972279,6.117933397017042
1214,384,6.087811939068139,6.116182945060506
1214,385,6.116696012419505,6.139249763472633
1214,386,6.089370053434324,6.113650947934737
1214,387,6.109875251396622,6.116205963815441
1214,388,6.100639005703893,6.0921132915052905
1214,389,6.113666350857711,6.1156804200381645
1214,390,6.093222294668714,6.113427747008874
1214,391,6.086733195024321,6.103029118386323
1214,392,6.088626904560194,6.120362678329791
1214,393,6.0912792454679865,6.104765422653691
1214,394,6.129468586653547,6.114075635252598
1214,395,6.0963666937016106,6.126257300494861
1214,396,6.115123399373015,6.115621889149551
1214,397,6.103579390374789,6.101721495767414
1214,398,6.085290756662678,6.1274506429749405
1214,399,6.100320745147412,6.103694831002714
1214,400,6.123173814503616,6.106079802951957
1214,401,6.084987504415882,6.089788273890335
1214,402,6.093129433608479,6.108343982171167
1214,403,6.118059784611013,6.107137236858774
1214,404,6.100615977052829,6.108658026304574
1214,405,6.097946998525076,6.104418808511569
1214,406,6.121668242133111,6.10974259536819
1214,407,6.117369584351709,6.116437496816037
1214,408,6.133232244944718,6.111621128597369
1214,409,6.086855789772898,6.114614770144793
1214,410,6.1211132118487415,6.109554142586619
1214,411,6.100912958048321,6.098816166862312
1214,412,6.129289641096047,6.096699609579105
1214,413,6.095734085537802,6.120968363420427
1214,414,6.10325458859791,6.12433503326716
1214,415,6.101493494222774,6.106236248061658
1214,416,6.071726749682485,6.109868531470313
1214,417,6.121931772014234,6.1273544829025175
1214,418,6.116458138528892,6.107205100653057
1214,419,6.119308757754668,6.110570685262024
1214,420,6.111809204508065,6.1206748534602164
1214,421,6.102630087909821,6.106064504092148
1214,422,6.101325508745811,6.117003498094547
1214,423,6.12068630481794,6.119166206900007
1214,424,6.1142248610125955,6.130497257877059
1214,425,6.09686231903657,6.113107817897923
1214,426,6.112375553104721,6.135500122741586
1214,427,6.10027217558889,6.129112396165184
1214,428,6.08703169989627,6.1015000623598095
1214,429,6.114170483058405,6.110912803225425
1214,430,6.106321027693027,6.109063377670918
1214,431,6.094447662637586,6.110923631465837
1214,432,6.111243071548645,6.113557242641269
1214,433,6.122126054782404,6.099053641889924
1214,434,6.118736773483898,6.121233067792192
1214,435,6.1219256392890795,6.110392576193116
1214,436,6.124055528864704,6.1145407828721225
1214,437,6.068700177502253,6.09939222110651
1214,438,6.094798212827414,6.118075203866455
1214,439,6.123043521607502,6.107021690427532
1214,440,6.073034687318231,6.104906516508965
1214,441,6.108249668588094,6.1007673249871885
1214,442,6.075006052806518,6.102270251296638
1214,443,6.1128708690941425,6.118356459890274
1214,444,6.108964176053725,6.118236510276439
1214,445,6.102884371986148,6.090348781422646
1214,446,6.106451540892766,6.108754246930104
1214,447,6.102672912219213,6.122584717946637
1214,448,6.109123390160922,6.123107832855524
1214,449,6.123981615198081,6.119001149815152
1214,450,6.089169503729806,6.110090386917871
1214,451,6.100129167786953,6.100417809181456
1214,452,6.092816157452706,6.112503961657202
1214,453,6.114002457520396,6.1185271992485655
1214,454,6.087177921699023,6.11051583103106
1214,455,6.10227575921469,6.106587947380089
1214,456,6.098831341157214,6.1085839535199975
1214,457,6.103880132270907,6.116940081372468
1214,458,6.07530953024026,6.102215111594893
1214,459,6.095741331558802,6.115887210557178
1214,460,6.109887891502601,6.106271285598007
1214,461,6.111871045258483,6.099398598850977
1214,462,6.1011845432884435,6.104640183102798
1214,463,6.110735283747879,6.119505118851557
1214,464,6.1124204784509955,6.108877504579815
1214,465,6.098486548327544,6.124633491221229
1214,466,6.109635368738642,6.107688010017983
1214,467,6.102612341530424,6.100189435681593
1214,468,6.10919269088546,6.116522366690269
1214,469,6.092941831980774,6.138441714820978
1214,470,6.0906697094863125,6.11748376688004
1214,471,6.111646734438684,6.0970194781322045
1214,472,6.099407382357323,6.106996941140926
1214,473,6.100314179687573,6.102012518912583
1214,474,6.107730967941639,6.1189141000460205
1214,475,6.106186910378708,6.113323608682699
1214,476,6.104516418149418,6.1011597646067335
1214,477,6.1281260582179256,6.102382166233595
1214,478,6.120999650522103,6.107201409008193
1214,479,6.086911197999828,6.108694769106437
1214,480,6.080578557522477,6.119744468201823
1214,481,6.096003373117701,6.110894478266979
1214,482,6.102929999773109,6.133993397601142
1214,483,6.088914724516274,6.123220634128019
1214,484,6.107372022421235,6.124014173920784
1214,485,6.111170001531589,6.107526979014271
1214,486,6.091483096633664,6.116633589456745
1214,487,6.128658006607412,6.126528393020729
1214,488,6.1058691051666605,6.091550579315989
1214,489,6.07642100623105,6.109713241404423
1214,490,6.106970479008262,6.114501949900967
1214,491,6.103195615080923,6.114925370997974
1214,492,6.078677582155685,6.109027182013142
1214,493,6.101691739778552,6.108868257525156
1214,494,6.126927615630287,6.119751443757557
1214,495,6.1143030088775125,6.108361528128478
1214,496,6.097462425145544,6.116479969132742
1214,497,6.1168205003313,6.1162703606046955
1214,498,6.092156274039097,6.103484498745513
1214,499,6.09734143738998,6.122922817761854
1269,0,6.094897614964481,6.101631809388919
1269,1,6.090097926735212,6.0971632456122125
1269,2,6.090328226780285,6.110338768875489
1269,3,6.095974829771552,6.1183634063257175
1269,4,6.089579051022438,6.089840085727313
1269,5,6.096116827732874,6.092722717089653
1269,6,6.077548762333265,6.102408844234861
1269,7,6.098456678300388,6.110107638869127
1269,8,6.102780465415452,6.088502702272694
1269,9,6.109958221247283,6.083071522374128
1269,10,6.1054705593862195,6.080080336973889
1269,11,6.099601617382641,6.110952449886411
1269,12,6.1261643214317605,6.077802851238253
1269,13,6.0832461323323646,6.104186015135212
1269,14,6.093705738784195,6.08509533292906
1269,15,6.092434667528649,6.10259853767087
1269,16,6.106620360612882,6.071021123072508
1269,17,6.098664820661228,6.105521095577152
1269,18,6.089202582409038,6.109006667246141
1269,19,6.089324166575263,6.087797814357232
1269,20,6.079828197817438,6.10345824255646
1269,21,6.108002564067425,6.099831974951757
1269,22,6.086734402628284,6.11082554773561
1269,23,6.0951730657943495,6.097280618355375
1269,24,6.097015435230569,6.090638319258213
1269,25,6.100025419938051,6.118003310967088
1269,26,6.092859694758099,6.112543487357097
1269,27,6.1142338891014285,6.105896303391685
1269,28,6.082689701655666,6.1168037712576675
1269,29,6.070601402577591,6.099831974951757
1269,30,6.097312823564564,6.095910679923161
1269,31,6.08662790658598,6.0843229915376895
1269,32,6.0974694623105,6.1193916396337045
1269,33,6.1008618364583045,6.099401805362171
1269,34,6.062534972779735,6.092178598304183
1269,35,6.098436932872131,6.0911081319910805
1269,36,6.090335957089701,6.1176809769088
1269,37,6.108153200825713,6.111735094363924
1269,38,6.094573323629698,6.091331031740033
1269,39,6.1073511845845445,6.0930466598316615
1269,40,6.072543752901575,6.094153298219036
1269,41,6.0998115418283225,6.0990043050645655
1269,42,6.117368050406373,6.122210390099467
1269,43,6.122665039392564,6.1116454251140295
1269,44,6.107422778346704,6.106689158740012
1269,45,6.0866365673367415,6.0908504087733375
1269,46,6.09497754038869,6.111735094363924
1269,47,6.09268090781839,6.1161802860270935
1269,48,6.076692047866749,6.09772270343709
1269,49,6.092237716085513,6.086535904240261
1269,50,6.0872730589863,6.113503941391893
1269,51,6.10180458137336,6.10469496956209
1269,52,6.0778149270614,6.121755458619915
1269,53,6.091549005323361,6.10097160075045
1269,54,6.090693050635377,6.106289446098215
1269,55,6.091725781631932,6.110338768875489
1269,56,6.099570502021471,6.1250705546120185
1269,57,6.1051396037075305,6.095698741311114
1269,58,6.088668392220076,6.130490848085253
1269,59,6.105430259601511,6.080080336973889
1269,60,6.087778126987541,6.118167522341608
1269,61,6.111294312785404,6.12187697908191
1269,62,6.102872066192364,6.084304638671714
1269,63,6.070672844676707,6.104929018900106
1269,64,6.098003658639936,6.094118355006791
1269,65,6.110189948111288,6.07327186559478
1269,66,6.113091868684853,6.099475798973368
1269,67,6.075807865710562,6.131227482962709
1269,68,6.066173728361845,6.116812590662124
1269,69,6.090330056354711,6.090133892169445
1269,70,6.096033714156664,6.103232560617486
1269,71,6.081472953895443,6.098014363317969
1269,72,6.100329687094108,6.093234960264384
1269,73,6.079368056691308,6.1149495251037145
1269,74,6.108943387565439,6.1083645163536024
1269,75,6.080415306524831,6.111726318344024
1269,76,6.092893419484016,6.104651258026622
1269,77,6.080963779875276,6.08201440340119
1269,78,6.081106710605861,6.118864839803067
1269,79,6.0793275876646895,6.115294397034726
1269,80,6.0879019071114255,6.096873910333451
1269,81,6.106264566493385,6.0822676934178785
1269,82,6.106413576168085,6.095832240947964
1269,83,6.087517773212212,6.110083031146912
1269,84,6.093103343434399,6.089676626596954
1269,85,6.106974092162663,6.098993502606305
1269,86,6.0929678895682935,6.097063969668105
1269,87,6.081986526796445,6.101917749948009
1269,88,6.101357216777622,6.0733024876308805
1269,89,6.120317091503417,6.113194965433314
1269,90,6.099642680847701,6.106245281635471
1269,91,6.106527905084687,6.083615171444183
1269,92,6.097914697403124,6.098105344481701
1269,93,6.08541975333535,6.102524818528642
1269,94,6.123909854064699,6.103670803770683
1269,95,6.115955143513023,6.095707328384414
1269,96,6.107602987796673,6.099899331299849
1269,97,6.096391363297937,6.100384129736033
1269,98,6.112155295561764,6.105359327663078
1269,99,6.088137908037804,6.093596939808451
1269,100,6.128448586236276,6.117501957406944
1269,101,6.095530934850077,6.07283467462453
1269,102,6.09830571244436,6.063461339258848
1269,103,6.093731616883884,6.107917628997648
1269,104,6.105852507558566,6.111114121871669
1269,105,6.113036840745021,6.10166394623865
1269,106,6.094473978420258,6.068515772773665
1269,107,6.113481756741018,6.104922381891811
1269,108,6.096365739522978,6.100437774830778
1269,109,6.112252244575506,6.105451336534466
1269,110,6.108697233392198,6.107081571368353
1269,111,6.106549934027707,6.1232412326700265
1269,112,6.07253628220853,6.113648216165716
1269,113,6.0808686225777215,6.104035321622322
1269,114,6.096178099063467,6.1105069903767335
1269,115,6.103827395845438,6.121621872246271
1269,116,6.102091830550708,6.103576724764264
1269,117,6.099629697302701,6.118928183091887
1269,118,6.08616880240763,6.086056877228531
1269,119,6.079037909505623,6.09745817387411
1269,120,6.101700273737369,6.124588847395993
1269,121,6.111812780192423,6.09324112060412
1269,122,6.100941263784091,6.110767598608918
1269,123,6.1036327026854496,6.117942860471288
1269,124,6.077249562544381,6.08878315349411
1269,125,6.072945244533279,6.098373315153975
1269,126,6.0975489552714945,6.1094110527913905
1269,127,6.095464840304048,6.110276436709422
1269,128,6.097741159355098,6.092407140202615
1269,129,6.072810608277282,6.110379177131292
1269,130,6.111575553371258,6.1124039555896355
1269,131,6.089033246340836,6.097908825941269
1269,132,6.094147804532966,6.127447420837249
1269,133,6.09616759101824,6.093551513574993
1269,134,6.1040175951678926,6.1197487929752175
1269,135,6.100707328624,6.100829064105465
1269,136,6.088163190646127,6.09969796766844
1269,137,6.086179753785294,6.085431584395589
1269,138,6.092130118172108,6.090133892169445
1269,139,6.085082684541481,6.097575031419574
1269,140,6.0951246387824725,6.098055071006517
1269,141,6.083971853696649,6.101275335270357
1269,142,6.075098326394713,6.096011615417047
1269,143,6.108511449545016,6.121381307457325
1269,144,6.0943907806529225,6.091331031740033
1269,145,6.108865065140795,6.115277586300349
1269,146,6.104651086355828,6.103195703193748
1269,147,6.1054052982711395,6.084495823286237
1269,148,6.104181745486196,6.102593468052831
1269,149,6.098732671043666,6.107663021150928
1269,150,6.095492922671828,6.107317176386241
1269,151,6.102992636677489,6.095071131952982
1269,152,6.089008393736561,6.115406246756578
1269,153,6.104208383089243,6.098105344481701
1269,154,6.106111926853206,6.103001731794905
1269,155,6.12002962479208,6.077577007517277
1269,156,6.11468804893989,6.121639651687034
1269,157,6.122096954883622,6.104592729118425
1269,158,6.078663343962681,6.108743433208494
1269,159,6.106268670643848,6.115923635985846
1269,160,6.074465204724765,6.09324112060412
1269,161,6.110092301929451,6.1024816841983
1269,162,6.085106616473952,6.084470163175561
1269,163,6.088177910742123,6.106832962967389
1269,164,6.094162249571039,6.0946865551492415
1269,165,6.123220426290728,6.112420970779827
1269,166,6.10766490666919,6.100829064105465
1269,167,6.0964542459540985,6.110428094181611
1269,168,6.092572237609903,6.124016890811164
1269,169,6.095703820500379,6.089832082316376
1269,170,6.103665740516719,6.102183736468444
1269,171,6.08003199750019,6.106684674647288
1269,172,6.097524216572217,6.109567759339214
1269,173,6.10458108939557,6.10775431514373
1269,174,6.0977962168848965,6.074676727913194
1269,175,6.095492483592318,6.117519585407767
1269,176,6.092489354179519,6.102183736468444
1269,177,6.108019574245596,6.112670340098972
1269,178,6.106762391350532,6.094367322806596
1269,179,6.089614042524231,6.083615171444183
1269,180,6.0768818843689205,6.1288228138980365
1269,181,6.099363844563222,6.104433410233694
1269,182,6.101580376468199,6.114320971580325
1269,183,6.101979340365253,6.097704940452595
1269,184,6.111797271110125,6.0817044656938215
1269,185,6.102678781611909,6.101524444226524
1269,186,6.088884417385702,6.093575748546078
1269,187,6.085171897432061,6.123828596746168
1269,188,6.094400171402202,6.1084558794833965
1269,189,6.103755164552739,6.0911598506066325
1269,190,6.095024805200527,6.106422722139332
1269,191,6.100719514595998,6.108567055546783
1269,192,6.102488971869759,6.100095577949227
1269,193,6.112203182472004,6.106272556955718
1269,194,6.094068251864229,6.1183634063257175
1269,195,6.0949699332347596,6.102524818528642
1269,196,6.092454812111515,6.1139845753547855
1269,197,6.086298054184178,6.084158829782704
1269,198,6.102464449873651,6.086823405211449
1269,199,6.077758585161236,6.101697279667239
1269,200,6.092019123729708,6.106677179991988
1269,201,6.108385011824886,6.093126142290316
1269,202,6.10250156593689,6.095910679923161
1269,203,6.108271501922672,6.105145064354121
1269,204,6.105803699722186,6.089750921069738
1269,205,6.1074239194345905,6.10782490489044
1269,206,6.100844937447925,6.107939723392642
1269,207,6.108471084251862,6.089117518163493
1269,208,6.086294164509705,6.095330895247103
1269,209,6.089778409542485,6.098072702368586
1269,210,6.108702942906611,6.1057292432341645
1269,211,6.091580772642575,6.102123995357661
1269,212,6.088437251929823,6.103212229443699
1269,213,6.091444340288017,6.101104651642043
1269,214,6.079826246869758,6.090082067676258
1269,215,6.097877820872438,6.102524818528642
1269,216,6.071952279436674,6.094299897025563
1269,217,6.123776646829104,6.103886574705157
1269,218,6.105422905335758,6.111998408129554
1269,219,6.123187962951428,6.1034876925633155
1269,220,6.107866933838267,6.09528408370835
1269,221,6.101962563929884,6.09260779556217
1269,222,6.092965901578513,6.097241225489788
1269,223,6.105934128026677,6.096169445840534
1269,224,6.101591185642123,6.114595485832181
1269,225,6.100175910067071,6.116560544194014
1269,226,6.117488189761304,6.102123995357661
1269,227,6.123573855951162,6.1033403451006585
1269,228,6.087646595611781,6.108319644754124
1269,229,6.094706479105754,6.095906493233919
1269,230,6.11242153858396,6.085550738638862
1269,231,6.086064731921633,6.102319346222627
1269,232,6.0966722423601665,6.100145554463191
1269,233,6.100287359880814,6.07327186559478
1269,234,6.099648763837387,6.088756522851989
1269,235,6.091723795131156,6.1167102424632365
1269,236,6.0709496802070015,6.12581432513858
1269,237,6.091094207439937,6.105163671587948
1269,238,6.0839504130678375,6.10045588155067
1269,239,6.0972253988399405,6.091911787123117
1269,240,6.0954859801373935,6.125709263699517
1269,241,6.090917269721456,6.111998408129554
1269,242,6.086162323187683,6.1079177838057355
1269,243,6.105960984986535,6.086557003270415
1269,244,6.106422970817714,6.095073091707967
1269,245,6.112501957471249,6.115396639410231
1269,246,6.086347904484639,6.088658802571551
1269,247,6.114077758884761,6.096395691965223
1269,248,6.115838752159523,6.112215115609343
1269,249,6.102961813785689,6.105351938444011
1269,250,6.109571560660236,6.103091113501636
1269,251,6.116441719125671,6.108002917597759
1269,252,6.0871159615087675,6.115695544212785
1269,253,6.112332253583537,6.0935920246063215
1269,254,6.087412864223324,6.095012041903767
1269,255,6.100322967706109,6.0983762665189065
1269,256,6.077060966726284,6.098604560819638
1269,257,6.096369301564956,6.1056349171658555
1269,258,6.101549783516776,6.071632887450532
1269,259,6.108541475588108,6.1037223561923515
1269,260,6.102000426785,6.094303647782964
1269,261,6.116325117288524,6.100320969772282
1269,262,6.076593201641065,6.1250275080722885
1269,263,6.075462773497909,6.108895963867609
1269,264,6.11097433932998,6.111753045579819
1269,265,6.102603644315915,6.102953964058036
1269,266,6.090915964685616,6.111505145654284
1269,267,6.091340170161545,6.127447420837249
1269,268,6.098381705824075,6.104523373043489
1269,269,6.093871601140148,6.123584464393792
1269,270,6.098668505063949,6.101058934004901
1269,271,6.096032587222924,6.116138076939119
1269,272,6.10889671700062,6.128412329769112
1269,273,6.100964737633595,6.100143326799309
1269,274,6.082591695739609,6.111600779669267
1269,275,6.099575393249408,6.104726385213092
1269,276,6.108655665982189,6.104216674130189
1269,277,6.114428574393209,6.102123995357661
1269,278,6.111119025641896,6.107955763057772
1269,279,6.121724363517808,6.093646036347101
1269,280,6.087603967037229,6.104604226725338
1269,281,6.093924579301298,6.11470548069281
1269,282,6.087085055577826,6.1192060008703795
1269,283,6.094408655599857,6.113149929070913
1269,284,6.100521666485063,6.107469633970117
1269,285,6.091773432764179,6.098373315153975
1269,286,6.114808728335491,6.110916432377446
1269,287,6.095607685238092,6.094118355006791
1269,288,6.11933371839198,6.088658802571551
1269,289,6.09924807034433,6.109677359201856
1269,290,6.101554061756645,6.100143326799309
1269,291,6.086076537280006,6.092623580473533
1269,292,6.091083392505588,6.106017876765363
1269,293,6.077869482054041,6.093663232286499
1269,294,6.106008172964677,6.106292062207413
1269,295,6.081663451901063,6.1232412326700265
1269,296,6.121186722228362,6.088520523124572
1269,297,6.108483867000044,6.093234960264384
1269,298,6.089658397330045,6.091389784646706
1269,299,6.110207158155683,6.11667305919153
1269,300,6.105679367250288,6.085721877028223
1269,301,6.099100510382836,6.0993887831627065
1269,302,6.1157025546962505,6.104632595594733
1269,303,6.092242866698359,6.095166989403757
1269,304,6.089954366884685,6.104845011156404
1269,305,6.100399559842076,6.096692911347187
1269,306,6.108600752503978,6.0949145071960515
1269,307,6.109410304618407,6.107519082109662
1269,308,6.086338855948257,6.095912802224769
1269,309,6.124870587809481,6.0843229915376895
1269,310,6.074952794151387,6.106538293008
1269,311,6.10484700628909,6.084464991261927
1269,312,6.1001077427757915,6.1295999958398895
1269,313,6.099808332748027,6.10259853767087
1269,314,6.105871519510723,6.101507600793458
1269,315,6.110349773473527,6.113268933940626
1269,316,6.088262596622679,6.121117254450065
1269,317,6.105933496543395,6.0833254636492455
1269,318,6.082251686959051,6.106684674647288
1269,319,6.084370374109109,6.109872379399927
1269,320,6.074072132652,6.087944828299486
1269,321,6.096532877799011,6.075918961577909
1269,322,6.08966171119629,6.1038914435843665
1269,323,6.094615545288951,6.098014363317969
1269,324,6.083579414122398,6.094377500575188
1269,325,6.063683920331275,6.096426182997119
1269,326,6.098393960267623,6.101825571672111
1269,327,6.116735566990869,6.0947398565489905
1269,328,6.113400460603056,6.110276436709422
1269,329,6.0848007890641815,6.08927955651471
1269,330,6.097406790186901,6.1013856199474725
1269,331,6.088881729748204,6.0983030315522955
1269,332,6.103017096652382,6.107499891084401
1269,333,6.096975779331029,6.089157844780664
1269,334,6.096386866127831,6.103932590615824
1269,335,6.08501290896138,6.101507600793458
1269,336,6.102884824509806,6.100232872373159
1269,337,6.093316698502003,6.117501957406944
1269,338,6.093390193081748,6.115058208877956
1269,339,6.079009112067322,6.106082833954016
1269,340,6.080569840979544,6.121755458619915
1269,341,6.113757736718598,6.101941136456804
1269,342,6.115679277679776,6.0986782954991545
1269,343,6.101949058051131,6.115526476055409
1269,344,6.098638568079598,6.103616547913239
1269,345,6.088369728183787,6.097369677832488
1269,346,6.071689059474255,6.106117683533664
1269,347,6.077344270160313,6.086458446424815
1269,348,6.108121704063577,6.097280618355375
1269,349,6.081221340969846,6.119264117745895
1269,350,6.082469244060488,6.097742673300482
1269,351,6.082942904450461,6.101176430568447
1269,352,6.097228114032576,6.1232412326700265
1269,353,6.0964704946138815,6.1189502775027
1269,354,6.087763593381108,6.085863857541487
1269,355,6.097884515455088,6.090573495654077
1269,356,6.082411708897201,6.1149495251037145
1269,357,6.098469520025752,6.109131686866627
1269,358,6.099630240902447,6.125316440458359
1269,359,6.098569293520045,6.102239809276177
1269,360,6.110620577102259,6.1029130446881865
1269,361,6.109280534099152,6.094118355006791
1269,362,6.093455988398997,6.0920018259735205
1269,363,6.091678883872237,6.1109616461261105
1269,364,6.074946349626325,6.101086084921138
1269,365,6.095347984535493,6.112981793998315
1269,366,6.09295347384869,6.095322043443005
1269,367,6.095730751915769,6.1037082910532385
1269,368,6.089107747012888,6.1108774788274225
1269,369,6.0821881250199565,6.089062642777431
1269,370,6.107484492733821,6.081324901546464
1269,371,6.086983102139713,6.08754111507937
1269,372,6.102501159884247,6.094408502909219
1269,373,6.085567641494739,6.068515772773665
1269,374,6.096146967003932,6.114524672605316
1269,375,6.085320546166788,6.09745817387411
1269,376,6.09820554034117,6.109006667246141
1269,377,6.089165274948928,6.094701298547526
1269,378,6.119339208956373,6.1052044091952
1269,379,6.067338462869314,6.106245281635471
1269,380,6.095606229672599,6.099763475844033
1269,381,6.069683107018339,6.089417606491007
1269,382,6.099520512431075,6.104726385213092
1269,383,6.0881182613154925,6.112999063490095
1269,384,6.123297352164569,6.103756499091309
1269,385,6.111938436326763,6.07327186559478
1269,386,6.095251468693079,6.115514615446995
1269,387,6.086867185874109,6.127810217989226
1269,388,6.1062819497502705,6.096454403594755
1269,389,6.091053905219862,6.083030234655113
1269,390,6.101231010437528,6.075918961577909
1269,391,6.1156066348941005,6.097024271842616
1269,392,6.08874728335727,6.103738917338006
1269,393,6.1409263520399815,6.099778730423962
1269,394,6.097758420368325,6.124588847395993
1269,395,6.09475098326812,6.120675296561994
1269,396,6.096411954415085,6.0930466598316615
1269,397,6.096139164565994,6.104543587232293
1269,398,6.09609068126116,6.104543587232293
1269,399,6.07883154339688,6.109913670138559
1269,400,6.107778658405607,6.103201811603978
1269,401,6.08330612399041,6.107756091353771
1269,402,6.12010662254748,6.124413553413086
1269,403,6.091774941614547,6.09745817387411
1269,404,6.114038598938785,6.120244618480298
1269,405,6.102495241871246,6.098993502606305
1269,406,6.071955666242609,6.115273100716213
1269,407,6.123756325633822,6.111212400516968
1269,408,6.117911874979877,6.1123264964234
1269,409,6.088712975241784,6.107781015972926
1269,410,6.077736928314792,6.1074102481974295
1269,411,6.112058024099669,6.114672546597174
1269,412,6.123840706663158,6.082518591145385
1269,413,6.081585046982066,6.113800407616344
1269,414,6.098089437393355,6.098741003618193
1269,415,6.083756282688656,6.0906054084179235
1269,416,6.10303161766439,6.105229489366785
1269,417,6.11159568435166,6.0819933309488095
1269,418,6.09559449381537,6.104735551722877
1269,419,6.094950164052402,6.086871633909912
1269,420,6.082426781703372,6.1136507421481125
1269,421,6.0833530764780175,6.1099969487928725
1269,422,6.072019445705981,6.10759544531262
1269,423,6.08443647304956,6.115058208877956
1269,424,6.092292483895507,6.116812590662124
1269,425,6.100740840823263,6.09718848129556
1269,426,6.088578845606596,6.123584464393792
1269,427,6.093772631275723,6.110276436709422
1269,428,6.097059603533415,6.097039604742732
1269,429,6.0808510625857,6.115171245442145
1269,430,6.10255224771729,6.107248752489136
1269,431,6.101720903959802,6.100972518299336
1269,432,6.0893143236624905,6.125658778161964
1269,433,6.085057622640931,6.100206585821032
1269,434,6.079760856974739,6.096774607581106
1269,435,6.096822222211769,6.123828596746168
1269,436,6.130966733338902,6.108420221986122
1269,437,6.081366108917767,6.0898129615248
1269,438,6.104834748877026,6.0992226274480466
1269,439,6.0883425377685265,6.114313792840033
1269,440,6.079165208325951,6.1232866749003
1269,441,6.125272991628664,6.087645931992137
1269,442,6.114724200908108,6.112901044369643
1269,443,6.094889650416618,6.111301437898422
1269,444,6.10079087365531,6.095166989403757
1269,445,6.086978926530094,6.1161802860270935
1269,446,6.106209705269051,6.122210390099467
1269,447,6.094674169726889,6.1105925811941315
1269,448,6.085396945205753,6.112740097290963
1269,449,6.089650357447479,6.091553665680557
1269,450,6.118147402500001,6.107183860093307
1269,451,6.1235058195716325,6.104942735604482
1269,452,6.090863462272147,6.117942860471288
1269,453,6.121377587860333,6.103212229443699
1269,454,6.1097445839649405,6.105541166922471
1269,455,6.095342946914897,6.09395567363762
1269,456,6.086250745510904,6.078164857390191
1269,457,6.097797748042665,6.1156154228817945
1269,458,6.094609243617871,6.1015142554424315
1269,459,6.100544390394121,6.09772270343709
1269,460,6.084547090458525,6.12141814242753
1269,461,6.111010588017001,6.1149702303653966
1269,462,6.079036157269929,6.091389784646706
1269,463,6.104681222543525,6.097792985072757
1269,464,6.1076622136019285,6.117004693866811
1269,465,6.115337863322278,6.086041844274129
1269,466,6.107838360986061,6.099389754425017
1269,467,6.087727095774187,6.0908504087733375
1269,468,6.079240590310595,6.107110951497929
1269,469,6.085095718841546,6.114313792840033
1269,470,6.092776183885265,6.096585670072478
1269,471,6.078714193789274,6.104615175722784
1269,472,6.077153656123525,6.093156110186562
1269,473,6.084943466528789,6.111600779669267
1269,474,6.101739065876428,6.1056349171658555
1269,475,6.067672204731114,6.0958687414419614
1269,476,6.090030198915621,6.103595374540397
1269,477,6.083758988243765,6.111726318344024
1269,478,6.08101013851628,6.111653672384394
1269,479,6.0845008433563805,6.104180322344835
1269,480,6.098832792322811,6.092223123664411
1269,481,6.0939235196853065,6.084813469385576
1269,482,6.094263170272275,6.103091113501636
1269,483,6.074496226050957,6.112517887986876
1269,484,6.08074058115823,6.113436880949425
1269,485,6.112410210977881,6.093970455841364
1269,486,6.093611804420284,6.1168037712576675
1269,487,6.100296438907487,6.0958687414419614
1269,488,6.095607127240975,6.121616185325494
1269,489,6.093045104364302,6.104651258026622
1269,490,6.0898387477501625,6.114273137263674
1269,491,6.0912373147003,6.1098366068692815
1269,492,6.111199052160228,6.1183634063257175
1269,493,6.1120354376427715,6.123425612084722
1269,494,6.079195691061719,6.100968444989414
1269,495,6.088258967654024,6.109440649090483
1269,496,6.092926039292207,6.089977520409917
1269,497,6.115013358160459,6.086618282828174
1269,498,6.095209871601152,6.089869646555707
1269,499,6.103102436977858,6.063461339258848
1324,0,6.095487523807828,6.095277741301392
1324,1,6.116869963200102,6.084750853279931
1324,2,6.0885528810809655,6.082854061342193
1324,3,6.096679574705598,6.0917526017562
1324,4,6.075423249451175,6.084576151718082
1324,5,6.097276757125079,6.085200169525389
1324,6,6.102559007637772,6.088723686843517
1324,7,6.056232407680523,6.0758431006234845
1324,8,6.064092586983936,6.074663382104275
1324,9,6.093578080378665,6.0981022162639835
1324,10,6.083364757943,6.107862992363544
1324,11,6.075206265681727,6.07321482525353
1324,12,6.073832665099631,6.088260855861279
1324,13,6.087198913434271,6.101397126497604
1324,14,6.104047886360108,6.078767166005966
1324,15,6.096469380950962,6.106119786455832
1324,16,6.113220607881985,6.0736590026931365
1324,17,6.089319840485894,6.09416877150724
1324,18,6.095100772216392,6.083397528623354
1324,19,6.096306809574016,6.074801263636587
1324,20,6.118907872476677,6.104681270869578
1324,21,6.078992462863945,6.0794170047533305
1324,22,6.089652120868393,6.1030616155100885
1324,23,6.081525555557746,6.066723049946959
1324,24,6.082512462300117,6.088297696641077
1324,25,6.107714144000357,6.094431741454785
1324,26,6.107251252758533,6.098268618485616
1324,27,6.074666064085638,6.107734341327083
1324,28,6.090220827497302,6.072614624568464
1324,29,6.076176401552186,6.082891242868861
1324,30,6.068129787186972,6.081373634995473
1324,31,6.105188733114943,6.084096504889384
1324,32,6.072083113351276,6.075821055986812
1324,33,6.083598219629967,6.086028323565553
1324,34,6.090281578468872,6.083872404169324
1324,35,6.090524481367437,6.080979751806991
1324,36,6.084555009344394,6.076022868416941
1324,37,6.078436147933313,6.0834126417940135
1324,38,6.103452278962662,6.085756552919952
1324,39,6.0825110150452675,6.084131194878637
1324,40,6.061548340537597,6.079164205523244
1324,41,6.072840058815758,6.079143453094755
1324,42,6.101890646637478,6.070625885607679
1324,43,6.1000932084683255,6.0822423490527555
1324,44,6.078914823892181,6.097499766873067
1324,45,6.097328449988074,6.08713845398271
1324,46,6.081217224587058,6.0646663510259105
1324,47,6.09698177753134,6.081952563354066
1324,48,6.093220082954613,6.081820684808388
1324,49,6.087121890262809,6.072579842501906
1324,50,6.079800619773347,6.069680600319554
1324,51,6.100342216098002,6.085200169525389
1324,52,6.081112187467838,6.090420228981736
1324,53,6.084826871697217,6.069821814771485
1324,54,6.097475857456078,6.081052915924642
1324,55,6.099522886677226,6.088484580112116
1324,56,6.096218583999141,6.084265891993732
1324,57,6.094701687073456,6.089172871835796
1324,58,6.087731474538001,6.084128661320725
1324,59,6.108201018258166,6.095586459398314
1324,60,6.085630612188969,6.0868207212818035
1324,61,6.09887733705353,6.0652693318224085
1324,62,6.076333129442706,6.088336490288392
1324,63,6.099324281160855,6.084131194878637
1324,64,6.097222733519362,6.076469097717325
1324,65,6.085851582138586,6.074718143975449
1324,66,6.1033941078504315,6.08586521188406
1324,67,6.068423699698147,6.097440990616369
1324,68,6.087697938877879,6.096722856617176
1324,69,6.080336174699069,6.077058962008712
1324,70,6.09876177631571,6.0810190778398745
1324,71,6.114863018649651,6.080580030315203
1324,72,6.073726203020557,6.065499519117474
1324,73,6.092269951097181,6.0860149318039465
1324,74,6.090939275039377,6.095949360326354
1324,75,6.081299249955035,6.087388529487863
1324,76,6.074899338371902,6.095657423623764
1324,77,6.07228926649796,6.102463574818705
1324,78,6.104545651009766,6.079379368454911
1324,79,6.106849496284,6.0917526017562
1324,80,6.089044258698699,6.108588170246393
1324,81,6.082243977006549,6.074716316753952
1324,82,6.099550597421592,6.101263520222658
1324,83,6.108815692305452,6.082671470142118
1324,84,6.087068941133053,6.080569868037814
1324,85,6.089961266046873,6.059550767286457
1324,86,6.086003276871478,6.087730129637653
1324,87,6.1099720159721445,6.096722856617176
1324,88,6.084377721272729,6.107446108014731
1324,89,6.077890501138213,6.073812634784628
1324,90,6.07984405127026,6.099927259708428
1324,91,6.098446416382565,6.097506062676694
1324,92,6.093698177693645,6.082665444485258
1324,93,6.074863506149744,6.072980647606801
1324,94,6.114747560760719,6.10025789479296
1324,95,6.095953489942474,6.079340441631698
1324,96,6.088100700628518,6.0899754253201
1324,97,6.092551117896882,6.0846239702351825
1324,98,6.0696487807844886,6.088232175029313
1324,99,6.070831456530779,6.094543219553098
1324,100,6.085757074422256,6.084583029534295
1324,101,6.089483314342065,6.078117332022022
1324,102,6.10337692033752,6.09916644477713
1324,103,6.107734811337264,6.0997048411720725
1324,104,6.094690005749317,6.109976124721797
1324,105,6.081156826011481,6.083546266659154
1324,106,6.069575482570037,6.078438797901868
1324,107,6.109012403931415,6.076626217223257
1324,108,6.079059039848948,6.088100492288922
1324,109,6.070328828953302,6.093409991820672
1324,110,6.0970893607438486,6.069688365396985
1324,111,6.081642077649088,6.093186765725126
1324,112,6.086425854353091,6.087843551336232
1324,113,6.089820127619153,6.08799797303093
1324,114,6.084568414803621,6.083438441982173
1324,115,6.090770960920417,6.085434101364169
1324,116,6.090216292239132,6.064016721249592
1324,117,6.085747278527815,6.092210925000603
1324,118,6.088375591472989,6.071715624750338
1324,119,6.102267655002422,6.072056313980023
1324,120,6.092875358327261,6.079379368454911
1324,121,6.080956498020049,6.089834872955434
1324,122,6.0835025488806025,6.071703939859789
1324,123,6.097569595592098,6.078772789904183
1324,124,6.0923516934460835,6.093811426960042
1324,125,6.059796156998705,6.09656945451525
1324,126,6.101072113110396,6.092953132695629
1324,127,6.095435591060939,6.080648465226665
1324,128,6.103986893261049,6.095929507422327
1324,129,6.089751976474125,6.098337675077312
1324,130,6.098303741931365,6.1001004326054815
1324,131,6.068120533385054,6.0938907984226445
1324,132,6.09880189042909,6.097873490508797
1324,133,6.088650681924879,6.084798488251036
1324,134,6.1019861333419145,6.098550003661242
1324,135,6.096930954882656,6.082592192401633
1324,136,6.100869879311137,6.091447507560853
1324,137,6.084324580307134,6.089225961941519
1324,138,6.102483814619197,6.104533718980087
1324,139,6.08961832237605,6.08500898491895
1324,140,6.086312186668987,6.083581721640762
1324,141,6.095022360529917,6.093474537020429
1324,142,6.086366655415563,6.095336919424455
1324,143,6.088951720166001,6.096792122413852
1324,144,6.073714324935044,6.087766689014267
1324,145,6.090309593249063,6.0983282166929635
1324,146,6.090166551362832,6.0868207212818035
1324,147,6.080072776538691,6.08510862497153
1324,148,6.0788056939292305,6.071519459509973
1324,149,6.085167737209251,6.091068363809032
1324,150,6.095813777555786,6.092962160661637
1324,151,6.08199143310571,6.0998679797501305
1324,152,6.101622300451568,6.091277218413663
1324,153,6.1105318365699315,6.0786539851640935
1324,154,6.087307780615681,6.077634635019406
1324,155,6.082458704250655,6.087750982711155
1324,156,6.092438400469299,6.059659900131179
1324,157,6.072261158203353,6.0806121432308355
1324,158,6.085149494579416,6.081122719630549
1324,159,6.108968005264899,6.065499519117474
1324,160,6.088852492902385,6.11357489161401
1324,161,6.092559536233142,6.080979751806991
1324,162,6.093503457796951,6.0811101051609455
1324,163,6.095026563795855,6.08472243897418
1324,164,6.079982724029596,6.081549606760987
1324,165,6.103597793279917,6.078512735118705
1324,166,6.088432323577735,6.092506301688564
1324,167,6.103745538584799,6.106639852948176
1324,168,6.0966294838351756,6.084577145073684
1324,169,6.097063056444652,6.091232483165723
1324,170,6.08299233627275,6.095657423623764
1324,171,6.093235876878775,6.08540174435765
1324,172,6.077190024690829,6.069729442240544
1324,173,6.093914817253814,6.082276632402506
1324,174,6.087855613438015,6.107686735762846
1324,175,6.0822926511387525,6.08481490915098
1324,176,6.082191208670454,6.086715362973125
1324,177,6.091646704529051,6.079242733828682
1324,178,6.076144129715574,6.066407822999381
1324,179,6.0905362983109175,6.097875152240358
1324,180,6.092003100283432,6.082599945803399
1324,181,6.104716308500287,6.083872404169324
1324,182,6.097297795073316,6.086999349105313
1324,183,6.092859920330213,6.085395247225809
1324,184,6.096073208140622,6.0808661997546025
1324,185,6.088008715347997,6.091539659625574
1324,186,6.097143228024835,6.073224773292301
1324,187,6.0830482105085215,6.09971341935052
1324,188,6.084135228278939,6.088800450955611
1324,189,6.078259699666022,6.103375429359019
1324,190,6.092046580902625,6.080971404691561
1324,191,6.094124331531368,6.087184294996727
1324,192,6.085088137523256,6.0917526017562
1324,193,6.068617842068917,6.086445103080259
1324,194,6.070647254312076,6.07359558214732
1324,195,6.0712448694708,6.1030616155100885
1324,196,6.093665443997313,6.097689790562039
1324,197,6.10857643142882,6.088098686716853
1324,198,6.064019347399812,6.089298818093218
1324,199,6.098366750333418,6.0781369414839865
1324,200,6.085238870328797,6.068298595563979
1324,201,6.062615046200523,6.114759093467253
1324,202,6.073662619748061,6.087927191657186
1324,203,6.098926908511738,6.095534134497102
1324,204,6.076735679915849,6.097767969616955
1324,205,6.072490061109892,6.099093683830363
1324,206,6.077781930545107,6.109292394394774
1324,207,6.091717152925524,6.0770164560672795
1324,208,6.089885010535743,6.078215459442746
1324,209,6.086397957791153,6.06978912224916
1324,210,6.082508715861733,6.108881012702777
1324,211,6.107132471998629,6.07208780559941
1324,212,6.088642431411279,6.090009356314819
1324,213,6.07813019682518,6.090873591587595
1324,214,6.099350818164489,6.081052915924642
1324,215,6.072823723899801,6.066636451452956
1324,216,6.085397527325702,6.097133733199373
1324,217,6.10491032666408,6.099215160177992
1324,218,6.097415891056194,6.0834126417940135
1324,219,6.065918185693858,6.079854812071946
1324,220,6.0836222844101115,6.0946998451831
1324,221,6.078789656194472,6.090873591587595
1324,222,6.099105165622894,6.09101413430972
1324,223,6.0811853456839255,6.0672328679293
1324,224,6.092997669527155,6.090445835859583
1324,225,6.098572618371303,6.078460336626281
1324,226,6.101586612610727,6.08472243897418
1324,227,6.073831041843409,6.084504451826066
1324,228,6.075845502770822,6.11179277954037
1324,229,6.086992412892341,6.090458054173343
1324,230,6.079067240240647,6.085518378751199
1324,231,6.061865638072345,6.094107422165255
1324,232,6.088242926995484,6.115992844593011
1324,233,6.095274679208036,6.086572190506405
1324,234,6.080684566898001,6.076313075027308
1324,235,6.093008279316557,6.095633516335956
1324,236,6.089255739462706,6.091013929396126
1324,237,6.0819995402689555,6.067960948276277
1324,238,6.094422348289903,6.101630022862955
1324,239,6.076978488843735,6.083296638745875
1324,240,6.083307166271417,6.0914921555738974
1324,241,6.095213014476236,6.0792221481822
1324,242,6.078398334151877,6.081085414586308
1324,243,6.112114611702345,6.08867414507324
1324,244,6.102379796583653,6.089085029274154
1324,245,6.083369967599509,6.10553090568642
1324,246,6.086607803269948,6.083942929050059
1324,247,6.087843235457251,6.100224653072781
1324,248,6.078003522872191,6.088072426071392
1324,249,6.0842649159845745,6.095446741852485
1324,250,6.083264353056598,6.095534134497102
1324,251,6.07213312722979,6.083897777359282
1324,252,6.088463137282733,6.070262091756669
1324,253,6.08416207858173,6.103488624551276
1324,254,6.10554136933104,6.0852216945169015
1324,255,6.096275264083693,6.07831118939622
1324,256,6.103260669038357,6.078512735118705
1324,257,6.085590405364736,6.088376239724578
1324,258,6.087285381961708,6.089298818093218
1324,259,6.081747181330843,6.0855170029061165
1324,260,6.098880464217736,6.097873490508797
1324,261,6.10954894204836,6.097974792074955
1324,262,6.11764579226228,6.1030616155100885
1324,263,6.0745088456961405,6.099277253477552
1324,264,6.111952895060486,6.057346973871169
1324,265,6.087607231485527,6.093266796309589
1324,266,6.1119190160597165,6.097692584700976
1324,267,6.077776578437036,6.078763494324438
1324,268,6.070693383527362,6.087585700017076
1324,269,6.09271425458962,6.089171077904987
1324,270,6.08772014978069,6.087428780195573
1324,271,6.065927554403695,6.090420228981736
1324,272,6.0794957373729055,6.091360569210346
1324,273,6.080624500150726,6.094086422568531
1324,274,6.089286597519748,6.068574887437058
1324,275,6.087480282263356,6.093115224782112
1324,276,6.083853941762799,6.078641482202302
1324,277,6.070796372124991,6.088819335529216
1324,278,6.104855386826034,6.082101332322576
1324,279,6.092799559384181,6.092155269006094
1324,280,6.119303123389576,6.072056313980023
1324,281,6.106439829961676,6.087704684763491
1324,282,6.076318177935527,6.07890970587374
1324,283,6.0971421289605106,6.076986820758163
1324,284,6.097654613637316,6.064765553449071
1324,285,6.108337764115977,6.065632883118751
1324,286,6.062051919913233,6.087934567139266
1324,287,6.107516983621201,6.109119175913616
1324,288,6.092209674528552,6.098050329402362
1324,289,6.067919666920332,6.083477288887025
1324,290,6.090017977982725,6.076840420337386
1324,291,6.090761982326295,6.069729442240544
1324,292,6.0949219540212045,6.0656707185188665
1324,293,6.091468578386719,6.0965844468119075
1324,294,6.082587205702486,6.081125877386802
1324,295,6.081228083861206,6.09457724246005
1324,296,6.109245229806418,6.076022868416941
1324,297,6.088469494664797,6.094826204221428
1324,298,6.081579728268942,6.073717358554499
1324,299,6.087431028488745,6.077196722099982
1324,300,6.0773791830040285,6.078438797901868
1324,301,6.105498392574968,6.068698489009824
1324,302,6.079606952948904,6.08212189370163
1324,303,6.099362206945095,6.08472209349287
1324,304,6.108978591109339,6.084798488251036
1324,305,6.074664354736411,6.082597924188928
1324,306,6.086905871392549,6.078641482202302
1324,307,6.105620591745592,6.099510042015222
1324,308,6.105860683095535,6.068606127179535
1324,309,6.07882483648586,6.1166284536928455
1324,310,6.0864250466731225,6.095609927574241
1324,311,6.080016632757272,6.085115830458743
1324,312,6.092246614754321,6.10106647632543
1324,313,6.0820963142471065,6.070784577887824
1324,314,6.089988951822248,6.091041715675095
1324,315,6.08510500721061,6.10976857107934
1324,316,6.106924011535589,6.078195900034105
1324,317,6.091107358918413,6.090490088765452
1324,318,6.0853024438611785,6.0979698938600135
1324,319,6.086063702300193,6.096144467535601
1324,320,6.0905638026343825,6.088348261394487
1324,321,6.079051490745331,6.091211921614351
1324,322,6.080355055332673,6.091111497409967
1324,323,6.088406559341121,6.092621842771253
1324,324,6.103121350875135,6.098153329137255
1324,325,6.089692301724444,6.1008713214999055
1324,326,6.1095193042645795,6.087532299139298
1324,327,6.106745095557649,6.077320708687997
1324,328,6.081556316679269,6.094581592866669
1324,329,6.085329742676426,6.093132825168957
1324,330,6.089811468388298,6.086348613815273
1324,331,6.103978753614476,6.080584814295889
1324,332,6.108302764482714,6.070784577887824
1324,333,6.094196349105074,6.068934679092091
1324,334,6.106686862409243,6.089834872955434
1324,335,6.091766527002701,6.07232920004827
1324,336,6.083474995993738,6.06978912224916
1324,337,6.095405486481727,6.094306323196928
1324,338,6.093071850958182,6.0873059456939576
1324,339,6.072216616301652,6.089725788195856
1324,340,6.070027656013585,6.101647200829638
1324,341,6.097020912241153,6.090312524134241
1324,342,6.1128732778024,6.086124715766412
1324,343,6.077630834601983,6.088780645517746
1324,344,6.096140474991939,6.101583577173107
1324,345,6.096044467123022,6.076863929427891
1324,346,6.0820065298432695,6.085017613914421
1324,347,6.088875144023818,6.071603275373905
1324,348,6.0886338765372265,6.094481797488384
1324,349,6.0836325558454405,6.0773643912249975
1324,350,6.079062442138017,6.090620556062876
1324,351,6.103283239933253,6.080648465226665
1324,352,6.090206662647737,6.103488624551276
1324,353,6.086641506567861,6.091681890170344
1324,354,6.081705389618181,6.099940943141358
1324,355,6.088423423823356,6.062799365782408
1324,356,6.0897361501822855,6.050833666124272
1324,357,6.110997310944083,6.066438864716189
1324,358,6.095712197960343,6.050833666124272
1324,359,6.085119365425855,6.087131868264777
1324,360,6.082809770632683,6.0808661997546025
1324,361,6.094866459629659,6.063970018526164
1324,362,6.093860921930713,6.083872404169324
1324,363,6.058400324282224,6.078195900034105
1324,364,6.060736729828241,6.087501531067762
1324,365,6.100332747217421,6.075892128400635
1324,366,6.091869149714779,6.101008700107757
1324,367,6.0787194651162215,6.075981085039033
1324,368,6.103945138948271,6.089434374593827
1324,369,6.102067096328786,6.08481490915098
1324,370,6.079589333667458,6.077196722099982
1324,371,6.064884508522745,6.084479100653081
1324,372,6.079805920186292,6.105651280146733
1324,373,6.086964534638088,6.085633966298992
1324,374,6.089261847426377,6.096144467535601
1324,375,6.107066356143122,6.079321894085357
1324,376,6.080834031241823,6.093182884295355
1324,377,6.091795979944381,6.0868614306773425
1324,378,6.0767961808069,6.083833719016421
1324,379,6.083361825353164,6.079208446709881
1324,380,6.103315532017021,6.093409991820672
1324,381,6.099554423914699,6.090284700522587
1324,382,6.106036060687574,6.092579117902524
1324,383,6.09911750133226,6.0850733912530375
1324,384,6.081020410055276,6.0808180329669606
1324,385,6.085816403885902,6.073263910597718
1324,386,6.081655087717311,6.070522066044342
1324,387,6.105896680038245,6.097534917024747
1324,388,6.0825033909321,6.100306354972295
1324,389,6.097867032077781,6.06934945157574
1324,390,6.0908472604279815,6.074663382104275
1324,391,6.087031126091298,6.085168598714232
1324,392,6.086489140435205,6.100777128368179
1324,393,6.089169398998771,6.0893600003107125
1324,394,6.112133183568868,6.095657423623764
1324,395,6.0705946465490355,6.067448609676326
1324,396,6.086005231740369,6.092962160661637
1324,397,6.085563986586564,6.080842869603965
1324,398,6.072698695761175,6.092801622534359
1324,399,6.111763552877576,6.0723054998218124
1324,400,6.091156850255227,6.09796514004177
1324,401,6.105089829217765,6.079154840528208
1324,402,6.11052614379537,6.073647386858028
1324,403,6.099758652831094,6.0685700338141135
1324,404,6.105667290041172,6.054248903424736
1324,405,6.102680039782898,6.096656486934589
1324,406,6.092562330255343,6.072234783597498
1324,407,6.071014203985854,6.085459280260184
1324,408,6.099341870546766,6.104380651744411
1324,409,6.093352480541317,6.085017613914421
1324,410,6.07663199904674,6.101583577173107
1324,411,6.115915729193147,6.083656151931418
1324,412,6.085087316553414,6.075460704571483
1324,413,6.067715077208423,6.105035180971752
1324,414,6.088343298108248,6.095617917937069
1324,415,6.076247826627434,6.107566848203136
1324,416,6.083169639653956,6.106693063313897
1324,417,6.082225677677849,6.074410155812247
1324,418,6.082242002494648,6.086865867543485
1324,419,6.114310442726232,6.063970018526164
1324,420,6.07401789525885,6.087796292071732
1324,421,6.074754116604276,6.07890970587374
1324,422,6.078103760524551,6.0811059289771725
1324,423,6.0845054399175895,6.09068874403746
1324,424,6.0860934063162455,6.078512735118705
1324,425,6.07686152671266,6.092801622534359
1324,426,6.094189555063112,6.084357956387205
1324,427,6.093830653640965,6.106519697553985
1324,428,6.108896597415151,6.07530397306598
1324,429,6.075148314765848,6.088376239724578
1324,430,6.080349644935761,6.063979782497243
1324,431,6.104865765040237,6.090488708586798
1324,432,6.075381413088985,6.0850733912530375
1324,433,6.072203165372442,6.0955944981404615
1324,434,6.070765076971859,6.0810190778398745
1324,435,6.084089015827744,6.076058629378772
1324,436,6.10040167071779,6.073178304143583
1324,437,6.09337695345923,6.1166284536928455
1324,438,6.095950174612354,6.1043932926153746
1324,439,6.088148107206874,6.074270712064818
1324,440,6.071774126247054,6.092644142465072
1324,441,6.0937354814229145,6.082508608952816
1324,442,6.105039418826806,6.115992844593011
1324,443,6.094355377450863,6.073002370120298
1324,444,6.070270840978948,6.101647200829638
1324,445,6.119332170173999,6.074235394817561
1324,446,6.084022559680088,6.108854123790624
1324,447,6.084592930020187,6.109119175913616
1324,448,6.084212162552002,6.0685700338141135
1324,449,6.106982526946822,6.105564085305353
1324,450,6.082226763222286,6.086999349105313
1324,451,6.098695536232209,6.092544763096891
1324,452,6.107829947334751,6.110448079769169
1324,453,6.074232926463523,6.072479889532165
1324,454,6.097744537034608,6.091934692181981
1324,455,6.064604160673467,6.090704170668597
1324,456,6.093894356089947,6.09334631150171
1324,457,6.09075556818839,6.084115207795659
1324,458,6.0956664938390475,6.092155269006094
1324,459,6.097187328391677,6.062799365782408
1324,460,6.09579938241783,6.087750982711155
1324,461,6.093120307386143,6.086354371226592
1324,462,6.084633342547719,6.085200169525389
1324,463,6.068543710161661,6.086030066618334
1324,464,6.083224044314332,6.0786067688310945
1324,465,6.095180074450045,6.087796292071732
1324,466,6.092948570964875,6.1018340458240266
1324,467,6.081674546636582,6.0717703506624225
1324,468,6.101610711346891,6.094119416095831
1324,469,6.086599322650939,6.0891526936795675
1324,470,6.110806696413211,6.084182784538808
1324,471,6.070235135908317,6.0826039646026
1324,472,6.095044286453317,6.099450087837859
1324,473,6.090996989685335,6.094054859808398
1324,474,6.067976887488985,6.084093885145674
1324,475,6.088716766370986,6.090445835859583
1324,476,6.100993840680206,6.102710534071881
1324,477,6.100640068934687,6.080245656366148
1324,478,6.076749441903887,6.086872352364956
1324,479,6.102919583307759,6.079656089321171
1324,480,6.07607043907281,6.099602866028801
1324,481,6.094264719113158,6.092391346749054
1324,482,6.08138271796969,6.095758520047159
1324,483,6.106068793372144,6.090488708586798
1324,484,6.068332803001706,6.0809359814821216
1324,485,6.094445416922807,6.093276572623698
1324,486,6.0941213304206,6.08723741168705
1324,487,6.09758248619506,6.091648946407516
1324,488,6.089920732775838,6.0970258536910045
1324,489,6.101118888804045,6.102511220397347
1324,490,6.089374819108151,6.079214484957136
1324,491,6.094381749260327,6.104105778487538
1324,492,6.075892042618322,6.086910299209892
1324,493,6.105730834180622,6.090287850170379
1324,494,6.104510467496594,6.082174356600161
1324,495,6.098997231546159,6.097692584700976
1324,496,6.092452415456046,6.0758431006234845
1324,497,6.0741360916060945,6.094481797488384
1324,498,6.094924793881059,6.0809359814821216
1324,499,6.069275866253816,6.090862957265563
1379,0,6.09263903950015,6.071957344045446
1379,1,6.0978137526087215,6.07901076330558
1379,2,6.094880496186046,6.071026259725371
1379,3,6.075414584080853,6.086635539070554
1379,4,6.082547402338958,6.081636289056608
1379,5,6.085007871398839,6.08570774277178
1379,6,6.0716052695772875,6.0657899689975325
1379,7,6.090610378159917,6.078210747009905
1379,8,6.1014101658423,6.080350971747508
1379,9,6.074594161756277,6.1015200048570115
1379,10,6.081064515663538,6.0805568165639
1379,11,6.0828824774632455,6.090890188653313
1379,12,6.087212647074825,6.0963147383597684
1379,13,6.058621246607546,6.073695175933305
1379,14,6.0885473000557075,6.0812886432079525
1379,15,6.098176469601459,6.081727733981294
1379,16,6.07517216573878,6.056398367531003
1379,17,6.083414776967865,6.082746207183975
1379,18,6.06204486425063,6.077783904930017
1379,19,6.068018136855379,6.051783796365471
1379,20,6.09783126073981,6.084550121268451
1379,21,6.048403890545726,6.094707626466787
1379,22,6.092545171962706,6.0972394299583605
1379,23,6.0923081268636174,6.087439455985251
1379,24,6.088638725063551,6.061037992682937
1379,25,6.087145064588505,6.079681688005825
1379,26,6.095836090964705,6.069296886676515
1379,27,6.072331180688672,6.0840816810805745
1379,28,6.06546152932011,6.070857575838078
1379,29,6.078694579984837,6.104506736995046
1379,30,6.086875824996701,6.072670441366306
1379,31,6.067758756221962,6.05430365422904
1379,32,6.077657197475531,6.084983918612451
1379,33,6.075746147141778,6.080229373497093
1379,34,6.085598896603893,6.0832834329748025
1379,35,6.063632030738966,6.097092986616686
1379,36,6.074821419864606,6.079809517872875
1379,37,6.0955033805323895,6.095558606840765
1379,38,6.078954854900344,6.056043183534198
1379,39,6.07943133563692,6.092669836675735
1379,40,6.0796803116306855,6.0548718836052
1379,41,6.07555076529693,6.071864866747559
1379,42,6.095328868196625,6.08053566406861
1379,43,6.069577351210956,6.081333873639195
1379,44,6.089424640743334,6.090890188653313
1379,45,6.082302610083065,6.069765531005814
1379,46,6.0785240684386315,6.072122119857497
1379,47,6.08558236138679,6.070757219773141
1379,48,6.0775563169670646,6.0856356841243695
1379,49,6.070273616542468,6.074018220670946
1379,50,6.096640730514355,6.0517472914167385
1379,51,6.104005738386989,6.0736912833827965
1379,52,6.098818611505644,6.058216599413324
1379,53,6.091816510207175,6.085074743478345
1379,54,6.076479352619984,6.0683052542298865
1379,55,6.087368212288961,6.066617840963092
1379,56,6.081647177715129,6.068536670228067
1379,57,6.098745674550268,6.072277717420132
1379,58,6.085437688122177,6.101099156948152
1379,59,6.085591960384482,6.073416028411539
1379,60,6.0977331522725295,6.077577215516797
1379,61,6.06337645281812,6.0736912833827965
1379,62,6.1021362949494105,6.04880867653446
1379,63,6.073740657425963,6.074722787047888
1379,64,6.081465903360108,6.0875845874428745
1379,65,6.108612308425386,6.075628846521449
1379,66,6.075779735166612,6.094067653007194
1379,67,6.090846227801677,6.073951172746949
1379,68,6.092427410335642,6.08237202704021
1379,69,6.067764171092995,6.076143786718217
1379,70,6.074414539098997,6.066835983445019
1379,71,6.072373760356669,6.105276605807842
1379,72,6.077987704432633,6.075596307382758
1379,73,6.080563664024434,6.094688285655097
1379,74,6.087266674992757,6.066185886151318
1379,75,6.0955227208555485,6.079611947351033
1379,76,6.0871824581556035,6.0807626477076795
1379,77,6.083596288313626,6.070499279865332
1379,78,6.067042050648432,6.057198284894087
1379,79,6.074857382735813,6.0779686895341865
1379,80,6.0762967688541565,6.083377777426766
1379,81,6.09304887824225,6.094747259069699
1379,82,6.091230848652011,6.0908604525839545
1379,83,6.090491648232028,6.076388536069419
1379,84,6.0760600213972795,6.087754165544641
1379,85,6.082971371047688,6.072126611713632
1379,86,6.063103172084302,6.076571411819032
1379,87,6.078779724569276,6.082357825240296
1379,88,6.067967720655841,6.084591298136324
1379,89,6.092302569896729,6.071727613259126
1379,90,6.080896922234821,6.067888672604052
1379,91,6.082592200696665,6.079681688005825
1379,92,6.088967293728824,6.05722318240087
1379,93,6.070303853127206,6.107443536015649
1379,94,6.0836232677474475,6.089243836569285
1379,95,6.085206238952597,6.086283848527049
1379,96,6.075510369686769,6.072463491719554
1379,97,6.077670989746591,6.07851321441267
1379,98,6.0840704739220675,6.070499279865332
1379,99,6.094708810260397,6.086054108778856
1379,100,6.086602652535563,6.071395796872631
1379,101,6.088521844627104,6.0916582471654825
1379,102,6.084661276986776,6.082329948626867
1379,103,6.077789368757123,6.0678725816798424
1379,104,6.0614191597369675,6.089317167297465
1379,105,6.078464421692614,6.076269627473699
1379,106,6.085241255945279,6.085977239375225
1379,107,6.089212875213658,6.114577799648589
1379,108,6.0900470369497075,6.0926228043607855
1379,109,6.076460109628463,6.076325777846582
1379,110,6.0832728711488135,6.075353018031051
1379,111,6.074440492216921,6.09556167584545
1379,112,6.086732219190268,6.066185886151318
1379,113,6.082668791809901,6.068010802604061
1379,114,6.092265924501177,6.0877648864770855
1379,115,6.080534647006369,6.0670792295955875
1379,116,6.082934711170724,6.081660183094064
1379,117,6.0851094635412055,6.078551681441747
1379,118,6.085084695355671,6.069765531005814
1379,119,6.0921254714449,6.0755502971009685
1379,120,6.0928436623975895,6.085969810255066
1379,121,6.069626308996089,6.084831290134733
1379,122,6.070555583388944,6.081027686855833
1379,123,6.079364115557327,6.080579116076831
1379,124,6.080799894710066,6.091140126530074
1379,125,6.063682065793545,6.082412561359736
1379,126,6.073249536509516,6.101740708920042
1379,127,6.086864237389562,6.078395953796556
1379,128,6.0799737450792,6.057723468312833
1379,129,6.0927042028575835,6.099984211334077
1379,130,6.081822263815304,6.073991095870249
1379,131,6.073947634309181,6.071197558685277
1379,132,6.081960457080755,6.076765500588532
1379,133,6.080368219458177,6.073392146016253
1379,134,6.067766429449138,6.060019113351071
1379,135,6.097706483266517,6.08053566406861
1379,136,6.078980374224428,6.073911435027925
1379,137,6.072590895895791,6.079090760896598
1379,138,6.070846581176617,6.070691194847536
1379,139,6.087070157912278,6.083611719850881
1379,140,6.080713957234377,6.083611719850881
1379,141,6.086715432291733,6.086910498098258
1379,142,6.091203665487106,6.081007979125179
1379,143,6.08102769595441,6.083860533407728
1379,144,6.082911559308562,6.0851842098907865
1379,145,6.083675549686385,6.101099156948152
1379,146,6.090493885697284,6.086820257073104
1379,147,6.071856712340745,6.081636289056608
1379,148,6.080154746350008,6.068459388053691
1379,149,6.061135651906683,6.068121276961427
1379,150,6.076797100563515,6.063255790745384
1379,151,6.092398185741948,6.064545220495558
1379,152,6.091878109888647,6.067583970618408
1379,153,6.092494735089645,6.0782640568528565
1379,154,6.089067163057192,6.0723038135767
1379,155,6.064256435653925,6.0856356841243695
1379,156,6.087801576830526,6.072746599330192
1379,157,6.086432277531442,6.08171171629227
1379,158,6.077597619014603,6.072326093243491
1379,159,6.098744474348626,6.058216599413324
1379,160,6.081589619663485,6.082945339473763
1379,161,6.098161469396556,6.094762627948192
1379,162,6.082654106782227,6.100192248218461
1379,163,6.074546741086653,6.086395591046332
1379,164,6.088167251256833,6.07521402305613
1379,165,6.095872996639758,6.086949937435818
1379,166,6.08320609650303,6.076479953181126
1379,167,6.0913526806212674,6.074397915051719
1379,168,6.070748366039592,6.084279152286179
1379,169,6.091832926619945,6.092972928016714
1379,170,6.073847633311935,6.097987040273452
1379,171,6.095227150598036,6.077966434621813
1379,172,6.075153077816057,6.06668058323212
1379,173,6.095757165444025,6.076492073905335
1379,174,6.069033351448002,6.077106874445253
1379,175,6.084608606506585,6.057139668045768
1379,176,6.089226681893854,6.081671518458227
1379,177,6.0774795886293855,6.0963147383597684
1379,178,6.083796583092973,6.079674198571603
1379,179,6.073052106429199,6.073932319709621
1379,180,6.084974521773826,6.060883565250799
1379,181,6.0813067333164,6.066007206346156
1379,182,6.081680667603311,6.084329042490021
1379,183,6.091613285052809,6.066968935072873
1379,184,6.072636914941868,6.070294056175828
1379,185,6.089602995163592,6.0681492158376855
1379,186,6.096951286578908,6.0548718836052
1379,187,6.086723688210392,6.075735840244289
1379,188,6.0625620736941075,6.068336917372913
1379,189,6.0604889331974166,6.101287613777399
1379,190,6.078826280236211,6.0887977154009
1379,191,6.0784508346465795,6.072496159396988
1379,192,6.086224018468213,6.103738446999267
1379,193,6.084903967391517,6.076836344837858
1379,194,6.082936556845423,6.072274623223282
1379,195,6.089358933329316,6.060898849166643
1379,196,6.0838937194739415,6.061308238222998
1379,197,6.101732054295815,6.084409911281203
1379,198,6.067603861817311,6.070067939618312
1379,199,6.074856355981522,6.0775127836215095
1379,200,6.077793189240626,6.095096574626489
1379,201,6.066176125610201,6.078990895379608
1379,202,6.088474740202375,6.08046540905669
1379,203,6.082161332503846,6.073597333780118
1379,204,6.07138351995067,6.084876325649009
1379,205,6.056638615879885,6.072676114363891
1379,206,6.083337101632589,6.084242644767011
1379,207,6.080020899921313,6.06937024545532
1379,208,6.080205577305447,6.056265195747634
1379,209,6.075675066052145,6.061507900401781
1379,210,6.088141672688982,6.074219268660165
1379,211,6.075225578158354,6.066260405714706
1379,212,6.102715025972813,6.0892794020052206
1379,213,6.072576180924441,6.076765500588532
1379,214,6.089568945903889,6.075379342956178
1379,215,6.083503798589666,6.060019113351071
1379,216,6.093476482842939,6.080276668128311
1379,217,6.07968699482607,6.086396900909462
1379,218,6.086055584528981,6.073637152243099
1379,219,6.084999060211399,6.092897776794826
1379,220,6.086959642108262,6.068696885367448
1379,221,6.093342336124332,6.085607081247874
1379,222,6.072026268722597,6.065595823191608
1379,223,6.086143530431602,6.071583446874908
1379,224,6.0581891979213065,6.095061784136282
1379,225,6.085472924679598,6.071848390340156
1379,226,6.0752456705102,6.073932319709621
1379,227,6.075949884722443,6.076490372328255
1379,228,6.088874576197424,6.05855866040066
1379,229,6.072095298879177,6.084833724757563
1379,230,6.078491749959274,6.090265344234732
1379,231,6.084571081706925,6.0619912584972475
1379,232,6.066044297075541,6.075772669189405
1379,233,6.075439159514767,6.071028678687456
1379,234,6.0688721837872075,6.071958524075952
1379,235,6.100377623272575,6.097897417230585
1379,236,6.089047523148395,6.075137509403333
1379,237,6.079689085685427,6.05748656404679
1379,238,6.057613277446648,6.067314559538094
1379,239,6.064484597016465,6.081261823190894
1379,240,6.073125078122527,6.086725482751826
1379,241,6.089937173745994,6.0805568165639
1379,242,6.0812707445146295,6.055963717399956
1379,243,6.0782541485978925,6.092897776794826
1379,244,6.090163873005701,6.081346558140757
1379,245,6.071826844258232,6.076796474122658
1379,246,6.06472775782736,6.090776086668607
1379,247,6.092836419094051,6.086175197060061
1379,248,6.100658194879844,6.062508801688927
1379,249,6.073044683445446,6.076265543290829
1379,250,6.064552538590357,6.069569026526581
1379,251,6.074552808310243,6.0779686895341865
1379,252,6.075487220434993,6.074825553908824
1379,253,6.066072394817707,6.0817770310711845
1379,254,6.094979502401893,6.08142066420474
1379,255,6.069028941116718,6.0733686891867364
1379,256,6.084762107146063,6.094241630313962
1379,257,6.089963082143528,6.078601447729571
1379,258,6.08552042606428,6.086725482751826
1379,259,6.087055770452842,6.087698075874067
1379,260,6.080668450104506,6.0817770310711845
1379,261,6.066634283603563,6.067937834759961
1379,262,6.093968092001485,6.077398205972632
1379,263,6.08992863943861,6.078277493794353
1379,264,6.083741758163511,6.075157069265246
1379,265,6.10078411396957,6.089181704101928
1379,266,6.084130589846837,6.078818253460776
1379,267,6.08450625352688,6.086820257073104
1379,268,6.091856117835509,6.0840833221950055
1379,269,6.047704709149112,6.061769644878366
1379,270,6.061805019704583,6.08171171629227
1379,271,6.05850025519322,6.077416265117311
1379,272,6.0687650247227625,6.096604347369201
1379,273,6.077201517575626,6.075141275239305
1379,274,6.085285972592542,6.0782982246639445
1379,275,6.0748494733148535,6.08122149329853
1379,276,6.067938934142461,6.048236202136238
1379,277,6.100790016977524,6.0710601290292345
1379,278,6.085611207959777,6.068664896324165
1379,279,6.096868939748268,6.077184186241815
1379,280,6.1005040179464425,6.083185991517374
1379,281,6.09061113757052,6.086050590602011
1379,282,6.084173987884652,6.06911218726025
1379,283,6.0891885856108505,6.065294517738686
1379,284,6.081625502725031,6.075711030028868
1379,285,6.0995936595949996,6.068480537347599
1379,286,6.077635312678627,6.0817375762958275
1379,287,6.078864824444758,6.1015200048570115
1379,288,6.047170428779791,6.07621541645414
1379,289,6.070993242224193,6.079689030502536
1379,290,6.060445821799075,6.080272053579335
1379,291,6.088831091497627,6.088756666016905
1379,292,6.085742568161603,6.078990895379608
1379,293,6.08652928750771,6.082236570342575
1379,294,6.08041094920659,6.0680675073962185
1379,295,6.08837889284821,6.0856356841243695
1379,296,6.070975880552905,6.075324617321263
1379,297,6.071724517464151,6.081853822784597
1379,298,6.067659421718958,6.0762874889223815
1379,299,6.1078031498842815,6.082762510048329
1379,300,6.068562422896566,6.077539014645192
1379,301,6.085553614912267,6.082843299817236
1379,302,6.0768596241946735,6.093402270778669
1379,303,6.085818903674747,6.075660452531581
1379,304,6.101323000867962,6.0736912833827965
1379,305,6.070604282389442,6.0839135800955395
1379,306,6.089245214521154,6.0671826399471085
1379,307,6.079862291682366,6.085661273721311
1379,308,6.0834816347732685,6.082334159147813
1379,309,6.075141574772665,6.085340404075879
1379,310,6.10142451189165,6.069572134280431
1379,311,6.077833256118067,6.086794959594733
1379,312,6.089195626028216,6.085682868058143
1379,313,6.077868525184691,6.068336917372913
1379,314,6.1017721675081535,6.073734983348903
1379,315,6.0713307376447245,6.0880423774575885
1379,316,6.071101313317877,6.0742478445643595
1379,317,6.091637566111818,6.080251351251816
1379,318,6.076303373138358,6.083000094242546
1379,319,6.075245775497351,6.085661273721311
1379,320,6.092732250044146,6.084549264582365
1379,321,6.0907948911995735,6.072122119857497
1379,322,6.07045096442371,6.08437353487698
1379,323,6.100195330625895,6.075889442411804
1379,324,6.073680499041287,6.077422254950169
1379,325,6.082125940047936,6.07692183295221
1379,326,6.083691848409992,6.076589685190483
1379,327,6.099231222543634,6.082611221932626
1379,328,6.084078203144478,6.079378654353798
1379,329,6.073265332936771,6.085720096357926
1379,330,6.084787202334229,6.090776086668607
1379,331,6.08122584857518,6.077885066821835
1379,332,6.075196711132479,6.0937320426397275
1379,333,6.077541137657331,6.087974082639194
1379,334,6.095297134467609,6.095229710586256
1379,335,6.088253326224967,6.089510402175419
1379,336,6.088573597555622,6.071026259725371
1379,337,6.0736481904786,6.072534627842915
1379,338,6.07329575292463,6.062508801688927
1379,339,6.091998691167438,6.072576507155635
1379,340,6.052178657014475,6.08053566406861
1379,341,6.086058791425049,6.084270262049276
1379,342,6.104919739394503,6.084242644767011
1379,343,6.089547864743906,6.0684164178414814
1379,344,6.0875970488358195,6.082888366081901
1379,345,6.075091287216779,6.0840833221950055
1379,346,6.083639658172696,6.0807626477076795
1379,347,6.085478792645037,6.087712315974329
1379,348,6.0874718828531895,6.091239791542563
1379,349,6.082381345555594,6.078710925411998
1379,350,6.068882278916674,6.0683052542298865
1379,351,6.0703924767930175,6.0705145561665255
1379,352,6.08523493585454,6.076439108124128
1379,353,6.080157097080008,6.090776086668607
1379,354,6.0786299996550035,6.097084615977643
1379,355,6.078911262898916,6.082341471785461
1379,356,6.085546351505883,6.079490126091667
1379,357,6.063243357558437,6.072576507155635
1379,358,6.083030336234476,6.0848755032369795
1379,359,6.071248969815096,6.101440035045874
1379,360,6.062588356593244,6.080461123692027
1379,361,6.092586560368283,6.0972774340827405
1379,362,6.078784311992412,6.069572134280431
1379,363,6.086792074284401,6.081622295836287
1379,364,6.10229944255123,6.059697613491561
1379,365,6.068405231075798,6.098356718970171
1379,366,6.09332834877622,6.069572134280431
1379,367,6.0937561802939495,6.0517472914167385
1379,368,6.09034742679663,6.091391855439352
1379,369,6.059318779193882,6.066156676737249
1379,370,6.099530386402708,6.079674198571603
1379,371,6.090101485899575,6.0892099587705895
1379,372,6.088340794249667,6.086142890779828
1379,373,6.078917341388609,6.076836894066136
1379,374,6.0834437440482265,6.078463648878288
1379,375,6.071860601542635,6.093749028828136
1379,376,6.071685743129576,6.087340382803227
1379,377,6.086687474358694,6.089170618755493
1379,378,6.0838957997262915,6.094241630313962
1379,379,6.0495601738780715,6.097248565709138
1379,380,6.054632484601665,6.071962748326446
1379,381,6.083789546908064,6.087624297264868
1379,382,6.0899651484900525,6.084058810846108
1379,383,6.081759580208312,6.077790281099711
1379,384,6.041784063118429,6.075711030028868
1379,385,6.079754391872458,6.075802298828996
1379,386,6.1076459961566645,6.073094438105885
1379,387,6.0930905414054966,6.078193893613787
1379,388,6.083792101152306,6.071028678687456
1379,389,6.064593493553686,6.080481936806904
1379,390,6.098607586785743,6.077239028021548
1379,391,6.087419003261362,6.090479450134783
1379,392,6.0575014482935465,6.0627422123994625
1379,393,6.071409744290175,6.0635907838946705
1379,394,6.084688344760288,6.06390119060839
1379,395,6.067709966769846,6.0915173985009385
1379,396,6.087805949790197,6.086050590602011
1379,397,6.089404332514985,6.0794303993167045
1379,398,6.091195828609423,6.0747324720482725
1379,399,6.072291935900943,6.0843102705239005
1379,400,6.069187418435529,6.07908597143391
1379,401,6.086902453768863,6.09551767210824
1379,402,6.081700311368395,6.080481936806904
1379,403,6.090100467976857,6.084409911281203
1379,404,6.078123102247357,6.085030231678783
1379,405,6.069109437673171,6.0929600409386575
1379,406,6.100427891834107,6.08142066420474
1379,407,6.103465220299796,6.0846318828867725
1379,408,6.08835776614264,6.069318210095633
1379,409,6.094108475463283,6.07185794903607
1379,410,6.057450453785529,6.073416028411539
1379,411,6.101725997934418,6.080481936806904
1379,412,6.085331172611608,6.080481936806904
1379,413,6.0825861559342895,6.087340382803227
1379,414,6.075720683431117,6.09145595444091
1379,415,6.096699714709844,6.084831290134733
1379,416,6.083917554644277,6.075093328040153
1379,417,6.073913939795739,6.0851102627214395
1379,418,6.075911318674252,6.09581724398118
1379,419,6.070752312717545,6.078065520455711
1379,420,6.073587442627573,6.082481056264231
1379,421,6.062309744255813,6.084651803064042
1379,422,6.0531321706360774,6.084920701034097
1379,423,6.073400135657611,6.068077699293697
1379,424,6.086881082959435,6.073199772852869
1379,425,6.0902454375731985,6.076048625108472
1379,426,6.0936471505143945,6.080102898316709
1379,427,6.080734960493166,6.084701412745026
1379,428,6.095510344290972,6.0887977154009
1379,429,6.05996557698409,6.0691894915656786
1379,430,6.080552143579495,6.077043490178771
1379,431,6.092754442733303,6.075596307382758
1379,432,6.091105476249924,6.061368809766795
1379,433,6.077961754334032,6.083913521347714
1379,434,6.086322135234369,6.091385313544944
1379,435,6.069426185622667,6.07602488362077
1379,436,6.082922212187091,6.07510100346817
1379,437,6.0853211542955945,6.0890113317424275
1379,438,6.100024482653758,6.069776881697762
1379,439,6.066916957790144,6.07549626075971
1379,440,6.074231942362134,6.082748573871202
1379,441,6.10259732413696,6.074722787047888
1379,442,6.079184838276519,6.075859219175633
1379,443,6.094554080318297,6.073257684553369
1379,444,6.074574241990128,6.068698693412937
1379,445,6.079230672766052,6.083658128755008
1379,446,6.067581452821558,6.080135707236146
1379,447,6.0869437754432765,6.079490126091667
1379,448,6.0677360814124075,6.080601113849214
1379,449,6.071464198186899,6.0887977154009
1379,450,6.096553984591848,6.081310471746309
1379,451,6.080797889972956,6.075602758891944
1379,452,6.098743327763791,6.101152850914378
1379,453,6.083350777111242,6.062982303184928
1379,454,6.081004232861846,6.079082377686199
1379,455,6.089159240164311,6.100192248218461
1379,456,6.093187737577696,6.106105600221979
1379,457,6.058540799908284,6.089423678217946
1379,458,6.08924514001184,6.078045754695838
1379,459,6.079669629966843,6.072171769552642
1379,460,6.083885397004858,6.090653373864669
1379,461,6.061040952911261,6.0837242156998865
1379,462,6.078621325986749,6.06845982948101
1379,463,6.08003826535567,6.075067171238171
1379,464,6.0626070481211745,6.0681925690560785
1379,465,6.082796650195881,6.083000094242546
1379,466,6.090487578854846,6.069027590264634
1379,467,6.082847958173543,6.092669836675735
1379,468,6.089340197561747,6.062765599915017
1379,469,6.093196095400597,6.074747124862096
1379,470,6.1114521664042325,6.059957823128917
1379,471,6.065342630990761,6.07561977515806
1379,472,6.074058212905261,6.076931289401193
1379,473,6.099324072309984,6.071848390340156
1379,474,6.077980011249858,6.083658128755008
1379,475,6.091917467229375,6.093582254569198
1379,476,6.060022893652413,6.083623804279262
1379,477,6.061152170359527,6.065096548834541
1379,478,6.0679553363714795,6.074432845100625
1379,479,6.070139395855969,6.082781730407991
1379,480,6.071628432518971,6.074562528846298
1379,481,6.088371409963416,6.0812886432079525
1379,482,6.10198505881715,6.062765599915017
1379,483,6.089483234147465,6.0700981351128425
1379,484,6.076060457092357,6.077398205972632
1379,485,6.1006965405298414,6.065294517738686
1379,486,6.081510405220744,6.074867803556052
1379,487,6.081774141049723,6.068689335065748
1379,488,6.08367669724262,6.08933012274667
1379,489,6.0785212077344255,6.0597153253281615
1379,490,6.105242210817205,6.075675928111754
1379,491,6.088060080912783,6.087712315974329
1379,492,6.067215593126284,6.081736100006882
1379,493,6.103890599065924,6.087588217081747
1379,494,6.079793858272746,6.085074743478345
1379,495,6.079753902678355,6.0765833522074715
1379,496,6.081921260562516,6.070882203286686
1379,497,6.080692491975993,6.075951669730152
1379,498,6.102896479684517,6.070664900490407
1379,499,6.065677198221863,6.05748656404679
1435,0,6.074032811664921,6.048861348244878
1435,1,6.079133079539001,6.072391908603195
1435,2,6.045204584906228,6.059950255407545
1435,3,6.082749260550367,6.072292006488556
1435,4,6.075481091740244,6.058548760047936
1435,5,6.092251612516675,6.085796723582295
1435,6,6.064486210910571,6.061586429531721
1435,7,6.058004873026042,6.079177671176068
1435,8,6.072236128256435,6.084040822246634
1435,9,6.070544555421635,6.07001266429808
1435,10,6.077566944661519,6.058602745257704
1435,11,6.072164782366234,6.076350299484721
1435,12,6.080823826612382,6.061191666780129
1435,13,6.075335182404358,6.07320897703024
1435,14,6.064829337311885,6.068662372955069
1435,15,6.093370047054979,6.076209152445966
1435,16,6.084916567263053,6.058338802521907
1435,17,6.053108815353004,6.079680876664291
1435,18,6.062792684532102,6.073358354508062
1435,19,6.06898931727871,6.065132110219654
1435,20,6.070766846701063,6.09313299285407
1435,21,6.074458216281613,6.081605842070115
1435,22,6.092585464630438,6.074332636320123
1435,23,6.087442935808152,6.065441856064387
1435,24,6.068410322770263,6.075212838028503
1435,25,6.075446061707101,6.085866825670794
1435,26,6.0944725074553485,6.060945937890668
1435,27,6.074038727966894,6.071743573896805
1435,28,6.06308140071992,6.074319797343014
1435,29,6.077364329630903,6.090712610999957
1435,30,6.083554218519219,6.056472153653096
1435,31,6.074132848378611,6.075456656769722
1435,32,6.048357568504874,6.06557644958561
1435,33,6.075768686704764,6.076029648733207
1435,34,6.0674014442209945,6.054880819964658
1435,35,6.069222552459126,6.080896715510275
1435,36,6.072588818177775,6.076801672124153
1435,37,6.072563802771436,6.06896601844204
1435,38,6.0615353373859975,6.061397368869155
1435,39,6.0634311865320125,6.065503433316074
1435,40,6.063463742199717,6.082571814433775
1435,41,6.0809988513521285,6.0804773135018975
1435,42,6.069674568779053,6.086756942926689
1435,43,6.050215005150145,6.062328063401647
1435,44,6.076344753990671,6.070012514047795
1435,45,6.080991993172946,6.079324971254997
1435,46,6.0991412237127145,6.088978674783793
1435,47,6.067216215603223,6.068815214278283
1435,48,6.093545918173525,6.074918915036554
1435,49,6.080661839372221,6.067600961480169
1435,50,6.072290695806194,6.093508689774619
1435,51,6.07051364036886,6.063392443466415
1435,52,6.070093719927586,6.079937617099349
1435,53,6.0576685767514515,6.057899515521084
1435,54,6.068866658687573,6.056745220496974
1435,55,6.0492492431083615,6.077849272061668
1435,56,6.079309232255663,6.080324923863766
1435,57,6.056629629798078,6.0876966103311725
1435,58,6.061679816015865,6.070461722596515
1435,59,6.059309149786143,6.060870891232412
1435,60,6.064920836044077,6.064019975728623
1435,61,6.078865943148441,6.071541295582093
1435,62,6.067664818573807,6.073536235341405
1435,63,6.071574483309837,6.085276631502763
1435,64,6.067784103400141,6.0663626906001715
1435,65,6.06397042381814,6.064763382790538
1435,66,6.076146259003092,6.076414934336257
1435,67,6.080345783037209,6.0634774736073656
1435,68,6.0678868098227685,6.077965723819491
1435,69,6.063056752337317,6.076551269245079
1435,70,6.062305458176295,6.072643518029777
1435,71,6.0847127496624385,6.082118087831219
1435,72,6.070582696186372,6.071433135727031
1435,73,6.078011865106913,6.075943075261176
1435,74,6.088902806557884,6.068199604598315
1435,75,6.071636500161198,6.062755162584735
1435,76,6.072748123649144,6.064506199670933
1435,77,6.060732454688671,6.07243802554506
1435,78,6.073276845074254,6.067612446163429
1435,79,6.069718926879956,6.076244759474307
1435,80,6.076618380699761,6.071868283074038
1435,81,6.050487765691915,6.06615766815072
1435,82,6.060646645674693,6.085594964113468
1435,83,6.081733263658284,6.069584870619883
1435,84,6.0614708469964915,6.063116682122161
1435,85,6.092177439376295,6.055936572922359
1435,86,6.079830602161052,6.081605842070115
1435,87,6.057625710636149,6.064271125172929
1435,88,6.04375513498337,6.073130742484664
1435,89,6.065403753204118,6.071440273361536
1435,90,6.060325085333134,6.053350205136758
1435,91,6.075424099807112,6.071478855041676
1435,92,6.059058213396809,6.07993825061015
1435,93,6.057816816083709,6.085866825670794
1435,94,6.0738504500407275,6.0650373094030465
1435,95,6.069562469352114,6.054325605232789
1435,96,6.065436354433058,6.054142975818768
1435,97,6.075555584984725,6.071588598852004
1435,98,6.07728739260536,6.057236909539848
1435,99,6.059963741909983,6.069341237540038
1435,100,6.06447893915486,6.059428410625538
1435,101,6.05946427736612,6.06615766815072
1435,102,6.072333784413062,6.0709226207714755
1435,103,6.072786400714149,6.083005411623872
1435,104,6.068009262808428,6.08157926801538
1435,105,6.068476608667421,6.067420177142983
1435,106,6.082332522681251,6.07865074822933
1435,107,6.068878791994314,6.073073949296369
1435,108,6.075762798104398,6.076209152445966
1435,109,6.094437882656307,6.081655383304057
1435,110,6.073111069815105,6.050936234396661
1435,111,6.071634018852723,6.071387023088316
1435,112,6.091360795725392,6.099758007845559
1435,113,6.073936561643349,6.063936349975549
1435,114,6.0732503245484235,6.070570074064449
1435,115,6.100632709795451,6.043995784024973
1435,116,6.053034098216197,6.04453245499349
1435,117,6.076995682443248,6.07468525883227
1435,118,6.072177459027522,6.085574488549053
1435,119,6.075431923115267,6.071180190425586
1435,120,6.078805648631719,6.051023177879352
1435,121,6.060713327103561,6.071465477209643
1435,122,6.087395274396566,6.078017283284503
1435,123,6.065640075427496,6.060749605251094
1435,124,6.070252326054317,6.07170422202219
1435,125,6.061419952255769,6.065481255680505
1435,126,6.072788196533177,6.059792356164693
1435,127,6.075401490025044,6.0776052922363455
1435,128,6.077348771065315,6.080324923863766
1435,129,6.068270431495594,6.06919825978431
1435,130,6.080239756335706,6.075909847046553
1435,131,6.072717871426164,6.079525347894488
1435,132,6.074427831148481,6.082063328870434
1435,133,6.076903681424558,6.078016043387525
1435,134,6.0677117901139725,6.064773252769312
1435,135,6.088906664726711,6.087711759293674
1435,136,6.090571823396707,6.071220717888421
1435,137,6.071399073902936,6.056983955948579
1435,138,6.083558382979185,6.07558126943594
1435,139,6.0712239609198635,6.0662914597425415
1435,140,6.069982400333761,6.039294387049247
1435,141,6.078177585272915,6.052001107238031
1435,142,6.086370954839071,6.071059336327067
1435,143,6.065666557635296,6.073172254328895
1435,144,6.074778376409147,6.079327386593301
1435,145,6.070719865741836,6.068949735651483
1435,146,6.060577553554292,6.063933586351507
1435,147,6.0782500855255845,6.073536235341405
1435,148,6.084673583017969,6.0810238511235415
1435,149,6.070791972855726,6.066932357532713
1435,150,6.0775416325461835,6.085762665792583
1435,151,6.072052781709143,6.062631868631079
1435,152,6.0678416393527606,6.067878937690739
1435,153,6.071357427495292,6.0672803439676315
1435,154,6.075774703881111,6.087205643215914
1435,155,6.058706856342552,6.060945937890668
1435,156,6.048717206027988,6.069650758246372
1435,157,6.0649788401011,6.061945486117362
1435,158,6.069325296173044,6.0812623206586975
1435,159,6.065957347068898,6.079177671176068
1435,160,6.053623231186042,6.068568427219404
1435,161,6.078397801961703,6.065007426807068
1435,162,6.067773924015119,6.069108579601042
1435,163,6.064545704682852,6.059093685931735
1435,164,6.084275016795881,6.073643031158613
1435,165,6.047520529953711,6.081105776363947
1435,166,6.079527670702263,6.06896601844204
1435,167,6.0674206043228285,6.076663029505597
1435,168,6.082441639897118,6.072180389414852
1435,169,6.063377897700241,6.063413654609204
1435,170,6.093440495202298,6.07309293807059
1435,171,6.072004820434509,6.078973036592183
1435,172,6.063522129597162,6.071146889411967
1435,173,6.06858173610736,6.0663626906001715
1435,174,6.064559797995869,6.073744993186737
1435,175,6.078801060586622,6.086387265506517
1435,176,6.064709397214495,6.076371518213954
1435,177,6.071791195097124,6.062629956469868
1435,178,6.073999653874622,6.066602345814932
1435,179,6.073967805198765,6.069823184566035
1435,180,6.073485831093907,6.073130742484664
1435,181,6.068737077837862,6.083714446484758
1435,182,6.084124624473581,6.0812623206586975
1435,183,6.06022250738914,6.094722591304658
1435,184,6.087863137484409,6.048637691677298
1435,185,6.076470748277361,6.076735984956838
1435,186,6.054827054376735,6.076551269245079
1435,187,6.058603890411874,6.048070574624082
1435,188,6.0577140926137,6.088283681780785
1435,189,6.076687622010667,6.076394503752628
1435,190,6.082304333627067,6.067468555019064
1435,191,6.069241735538864,6.0621762538200565
1435,192,6.078597748848631,6.067810041405283
1435,193,6.060045429203601,6.058558479835408
1435,194,6.069946154365091,6.0623342102533595
1435,195,6.074296713266241,6.079182748779969
1435,196,6.084697608198548,6.077049555370142
1435,197,6.066336787762311,6.077304235877113
1435,198,6.043063631728643,6.0640013279219165
1435,199,6.068676166478112,6.065358436357793
1435,200,6.073674148806339,6.076799835175392
1435,201,6.061283561275666,6.068556490211501
1435,202,6.058329401240362,6.079345720908138
1435,203,6.068218925045464,6.07706755697277
1435,204,6.084889502349044,6.068737037928194
1435,205,6.0692551110492685,6.088866156400747
1435,206,6.0731607441828706,6.077098852241774
1435,207,6.060960895430655,6.0700080455846654
1435,208,6.067631176525275,6.062228074014945
1435,209,6.064940716661229,6.055990753212726
1435,210,6.081127808950605,6.071180190425586
1435,211,6.077058173857998,6.071488577880817
1435,212,6.086093649850371,6.080754062466649
1435,213,6.081024850492897,6.0687214172285096
1435,214,6.060624295065235,6.061122507152913
1435,215,6.100915870508062,6.080824012550153
1435,216,6.086087780560647,6.084331006527483
1435,217,6.060399569055211,6.063053163053527
1435,218,6.07299609221179,6.058558479835408
1435,219,6.062192054889601,6.065271207583311
1435,220,6.068067211839168,6.075841099326587
1435,221,6.074057095460403,6.063544313276552
1435,222,6.074771262011644,6.084760696330506
1435,223,6.070088191131676,6.068448429991789
1435,224,6.058153836278656,6.0716111547109115
1435,225,6.059772230096072,6.079177671176068
1435,226,6.044069208704585,6.0717324586261565
1435,227,6.062208949450247,6.059644472048216
1435,228,6.065187351851928,6.073502787439222
1435,229,6.079530669839385,6.058558479835408
1435,230,6.0450600010865525,6.056715425279187
1435,231,6.085234126616146,6.061200172811789
1435,232,6.064622005403102,6.051481252082304
1435,233,6.074228543213713,6.068518485969231
1435,234,6.085866583024751,6.073825745832651
1435,235,6.068020824385509,6.072724839308478
1435,236,6.071888856053762,6.067609239573531
1435,237,6.0455172277263864,6.083467898501698
1435,238,6.071915677904847,6.063730565041547
1435,239,6.077350212907238,6.07893131720595
1435,240,6.060655863039855,6.071743573896805
1435,241,6.07346692887188,6.06919825978431
1435,242,6.081048120133627,6.078909770023739
1435,243,6.068632701190287,6.0714950978532976
1435,244,6.09137382336834,6.077082745240912
1435,245,6.070626888979905,6.076513920047986
1435,246,6.068980800643136,6.066528415280009
1435,247,6.074051639524996,6.086894753171081
1435,248,6.02512102677176,6.067487288543483
1435,249,6.06583382432468,6.071503817184896
1435,250,6.063647903745456,6.056745220496974
1435,251,6.083926744396672,6.067612446163429
1435,252,6.080347160415331,6.089554379391503
1435,253,6.074344441690263,6.060393721388296
1435,254,6.07591717354164,6.083953365215097
1435,255,6.061983446780695,6.080263734762935
1435,256,6.082582571455279,6.073023054293556
1435,257,6.071019944022278,6.071838631752384
1435,258,6.078085536655966,6.072607233281916
1435,259,6.0664820135826005,6.060060433663521
1435,260,6.081508923597591,6.068079962631514
1435,261,6.064893958436591,6.076807434758451
1435,262,6.079822904640791,6.088139309037955
1435,263,6.064609197463466,6.057683526694181
1435,264,6.0602779353587035,6.074148362055874
1435,265,6.082100895182231,6.063589548502849
1435,266,6.070864681580777,6.075757096830079
1435,267,6.08647301945051,6.076496089968217
1435,268,6.088021764010033,6.065046254516021
1435,269,6.078020290889819,6.068701224340209
1435,270,6.074687400843458,6.065642226507778
1435,271,6.067745390106725,6.076833540578074
1435,272,6.052196098598227,6.084039848064983
1435,273,6.051501924730916,6.0558878608229785
1435,274,6.079966725636902,6.084596507763603
1435,275,6.079262560113848,6.069584870619883
1435,276,6.083768309292714,6.0703173495348475
1435,277,6.080840599682467,6.073536235341405
1435,278,6.076165612993232,6.077849272061668
1435,279,6.077450664480638,6.071295030650203
1435,280,6.082686130185838,6.087490362823862
1435,281,6.100080645028522,6.0831338668749115
1435,282,6.054062860380185,6.080979554546314
1435,283,6.063899539294729,6.055100047039837
1435,284,6.070908370368467,6.072703091835831
1435,285,6.082446672141069,6.077540493468232
1435,286,6.075196225328496,6.06164513610618
1435,287,6.091267453338381,6.075002402819886
1435,288,6.073409077412027,6.074057817334
1435,289,6.0619400810287365,6.075976851903005
1435,290,6.057962748883503,6.070428243685922
1435,291,6.091964139951351,6.073073949296369
1435,292,6.068586738867757,6.06552741049666
1435,293,6.069010248930053,6.069802536649006
1435,294,6.052233858612539,6.061193026867141
1435,295,6.074982650286625,6.068653122348374
1435,296,6.068797238772253,6.06853110975144
1435,297,6.072623299776602,6.0804773135018975
1435,298,6.078331191196893,6.077049555370142
1435,299,6.076236386171414,6.065695273660465
1435,300,6.060129612415628,6.061752234000395
1435,301,6.083787295422109,6.060235457413745
1435,302,6.084207120312006,6.0621762538200565
1435,303,6.071258955894475,6.06533726751325
1435,304,6.063833319635221,6.081932847089092
1435,305,6.073484720481309,6.069705109187095
1435,306,6.07404826562359,6.073536235341405
1435,307,6.070162494978328,6.06678876977397
1435,308,6.07447535299007,6.071472648248768
1435,309,6.0705534014557125,6.062642169997369
1435,310,6.074833304245545,6.063392443466415
1435,311,6.063512961619998,6.056071500176243
1435,312,6.074684695726522,6.072239814814227
1435,313,6.094189275143155,6.056675682049022
1435,314,6.074806190055118,6.06164513610618
1435,315,6.069310338136082,6.057982124745024
1435,316,6.06924205813512,6.0656236671494845
1435,317,6.06577531642396,6.0667127152722005
1435,318,6.076990616527052,6.078397653845293
1435,319,6.073066874677676,6.0831338668749115
1435,320,6.075888805493504,6.063238789230549
1435,321,6.086313598315734,6.076788194676586
1435,322,6.057997998347834,6.079305700915424
1435,323,6.068117728968413,6.065233957107497
1435,324,6.066974582919246,6.072062031701633
1435,325,6.0909322591585395,6.070764296169288
1435,326,6.062136008444392,6.060060433663521
1435,327,6.085522498488262,6.053870795739898
1435,328,6.085349973883799,6.0743092932168254
1435,329,6.0734035799514015,6.0729907317255805
1435,330,6.073687088881077,6.087226220454671
1435,331,6.056839778681191,6.062228621938816
1435,332,6.071397329246282,6.094456069813618
1435,333,6.059379094349835,6.0803346642329235
1435,334,6.067492617881252,6.059950255407545
1435,335,6.079939535988695,6.055608245253229
1435,336,6.070962367783639,6.073608789601405
1435,337,6.083371919235216,6.074658652383996
1435,338,6.0894714202074285,6.071023308485704
1435,339,6.091157293447396,6.059644472048216
1435,340,6.063315597770859,6.084272403473715
1435,341,6.086845958559729,6.078867973693803
1435,342,6.056314586443431,6.055608245253229
1435,343,6.069784428486775,6.078357764313414
1435,344,6.101159221310529,6.084447196704567
1435,345,6.070564802653556,6.081201677154093
1435,346,6.065592505924723,6.0572132223023925
1435,347,6.06351339472818,6.082352191903777
1435,348,6.055980614747151,6.0511196341568025
1435,349,6.053003733269596,6.079493800503049
1435,350,6.076295522503653,6.085594964113468
1435,351,6.056479123292348,6.0584235826386275
1435,352,6.089496666695228,6.075116896772503
1435,353,6.077428099996983,6.073048091763036
1435,354,6.068971864843186,6.0701106229413515
1435,355,6.073547387113895,6.069426020648488
1435,356,6.0674733359793365,6.055936572922359
1435,357,6.068809358675751,6.0752830636058155
1435,358,6.077049032296839,6.053996780732558
1435,359,6.074250324156929,6.069477545796249
1435,360,6.0631194747292,6.06237210414781
1435,361,6.062708840637541,6.057540765284454
1435,362,6.064989281486749,6.076830717908821
1435,363,6.0641736135271485,6.072016145781173
1435,364,6.0769138537356575,6.06198563636154
1435,365,6.0941413725786315,6.08177303199248
1435,366,6.064134649863723,6.075566807134923
1435,367,6.054272585915963,6.059126750001397
1435,368,6.0872082010383775,6.076770620104554
1435,369,6.047257387195401,6.069326862609247
1435,370,6.070832334846103,6.069762209263404
1435,371,6.072730222032122,6.087281745310869
1435,372,6.062052063436528,6.062869569579337
1435,373,6.069222993937953,6.075429399754401
1435,374,6.06905505829597,6.0666746316255615
1435,375,6.053967038880996,6.061397196382204
1435,376,6.080711045254816,6.073154309365135
1435,377,6.079971671634082,6.088978674783793
1435,378,6.065368981583366,6.06331433636602
1435,379,6.057668822981994,6.087028598166185
1435,380,6.0611242042129865,6.081577071224171
1435,381,6.071248725076256,6.0511196341568025
1435,382,6.055219520475155,6.085633275607064
1435,383,6.042578805930721,6.073023054293556
1435,384,6.081580660108152,6.079007750801925
1435,385,6.088497347624,6.071473054349901
1435,386,6.072492316022961,6.078583270912791
1435,387,6.059363662832676,6.04785853034107
1435,388,6.071832744558615,6.059341156365043
1435,389,6.064571343918098,6.073870608916647
1435,390,6.089167661672128,6.063082404920395
1435,391,6.085881922002558,6.059035005296318
1435,392,6.064020524672601,6.063544313276552
1435,393,6.081929883117272,6.0500228665188205
1435,394,6.069347254620951,6.075212838028503
1435,395,6.07178357025655,6.074630373590967
1435,396,6.074904066351394,6.069323826992497
1435,397,6.06195674205866,6.07496328952562
1435,398,6.0785549026218835,6.073302568175212
1435,399,6.087249083525428,6.069688719949211
1435,400,6.063735850206496,6.0621762538200565
1435,401,6.069924300403362,6.112448750945518
1435,402,6.089077287990328,6.084376363998521
1435,403,6.0712369349098365,6.064275935265861
1435,404,6.091923825618795,6.058151008658778
1435,405,6.0917665033729635,6.065630420963625
1435,406,6.074293881054368,6.057982124745024
1435,407,6.0606725187690085,6.057031525064876
1435,408,6.08246479977949,6.074790203197796
1435,409,6.077157761692051,6.062642169997369
1435,410,6.093895404103841,6.063248442830812
1435,411,6.076600916038418,6.073370814133519
1435,412,6.0674557120604575,6.067139258177877
1435,413,6.053127928411586,6.065577057653682
1435,414,6.086922095371214,6.075093064081748
1435,415,6.057124224796541,6.069193383017071
1435,416,6.047776278876649,6.063929437293736
1435,417,6.073772713513979,6.068577174251609
1435,418,6.075980139721712,6.071472648248768
1435,419,6.0678264237839405,6.072180389414852
1435,420,6.083743394746787,6.071060250103972
1435,421,6.0845694530819845,6.068887785674931
1435,422,6.063790780259508,6.0778621756497
1435,423,6.0762741533328795,6.053316864779633
1435,424,6.083804663598319,6.078298598855999
1435,425,6.079330181555959,6.084673892472503
1435,426,6.0993129725244835,6.084253629096751
1435,427,6.088864370650885,6.087135138490205
1435,428,6.076247139447194,6.072682810329252
1435,429,6.068281449565371,6.082619018067173
1435,430,6.0790646692204735,6.062487558021531
1435,431,6.047866069995207,6.061848671232493
1435,432,6.073769039474305,6.062133767286173
1435,433,6.07616075125065,6.087949584969348
1435,434,6.06954024896206,6.071472648248768
1435,435,6.100387119607724,6.082632643833113
1435,436,6.093383425346764,6.068887785674931
1435,437,6.069615868791073,6.072391908603195
1435,438,6.075426851976606,6.085866825670794
1435,439,6.067371472332684,6.058234658103557
1435,440,6.067872863990984,6.071456912643205
1435,441,6.084718198898811,6.0831338668749115
1435,442,6.075675852296244,6.08302414641346
1435,443,6.073542451879511,6.0811997136225076
1435,444,6.075688631494798,6.070498844084732
1435,445,6.088150956859569,6.05777317435455
1435,446,6.063321406630609,6.069303336245347
1435,447,6.080659131501155,6.061068041531226
1435,448,6.073190117639539,6.066528415280009
1435,449,6.06145890051155,6.058742800911764
1435,450,6.084833064463198,6.061853264737005
1435,451,6.067017159441612,6.073798222417833
1435,452,6.071663974091747,6.07137202104339
1435,453,6.063475592155253,6.065007426807068
1435,454,6.033379440167635,6.075116896772503
1435,455,6.080197554746774,6.055608245253229
1435,456,6.1016147662695035,6.075809186635154
1435,457,6.088130644970227,6.082639764084017
1435,458,6.074536401951886,6.071294594694282
1435,459,6.076193681857474,6.085446679103824
1435,460,6.087120641417942,6.072879902922199
1435,461,6.071348024242653,6.07185837571191
1435,462,6.053462105697827,6.052367760467238
1435,463,6.079743287123679,6.069586696514298
1435,464,6.06158527109231,6.079032509034807
1435,465,6.063624898494223,6.074971538735874
1435,466,6.072135541102364,6.069193383017071
1435,467,6.070442409240788,6.064086088976938
1435,468,6.082403493460547,6.074332636320123
1435,469,6.074732747206086,6.086894753171081
1435,470,6.068662364313228,6.069721835048108
1435,471,6.087329225345869,6.079867165133612
1435,472,6.081752259907046,6.078777942292999
1435,473,6.076375735336038,6.070642242866662
1435,474,6.078378649128765,6.075566807134923
1435,475,6.093053763370516,6.065351120104924
1435,476,6.062534056669504,6.0666703921771
1435,477,6.065748107924775,6.062754888505429
1435,478,6.093560376119235,6.0703094280415915
1435,479,6.070157354078561,6.074455889451683
1435,480,6.074085264716616,6.083995308593485
1435,481,6.083456046364519,6.069341237540038
1435,482,6.058265822224953,6.07558126943594
1435,483,6.0591384972153595,6.083485633004233
1435,484,6.067800188855935,6.067878937690739
1435,485,6.083133825715269,6.052001630619207
1435,486,6.074250433750896,6.085127609215425
1435,487,6.071330294824311,6.07977763925605
1435,488,6.084198737015779,6.060413765521546
1435,489,6.0747557626583975,6.056745220496974
1435,490,6.071186704223856,6.0813299883452885
1435,491,6.088295338692751,6.072062031701633
1435,492,6.0560456881255575,6.084082038679845
1435,493,6.065879881232759,6.032717822769075
1435,494,6.079818811898587,6.071276702299024
1435,495,6.084696533957071,6.073135287082431
1435,496,6.072206008918542,6.069477545796249
1435,497,6.07455209108709,6.086014191822253
1435,498,6.082655621135836,6.075585823115802
1435,499,6.082082005831823,6.067468555019064
1490,0,6.06623350880854,6.065146525595171
1490,1,6.060748838457747,6.072103230023971
1490,2,6.054941749921395,6.0500020135235895
1490,3,6.081102099505504,6.056683779355774
1490,4,6.076048610830551,6.052909218068036
1490,5,6.057807559569573,6.083526565264317
1490,6,6.070089128330913,6.068787220312051
1490,7,6.083675284746584,6.074549379698376
1490,8,6.066592479270757,6.065260160337962
1490,9,6.044759002590379,6.066679160881445
1490,10,6.048572551948104,6.078334469739273
1490,11,6.04499050296769,6.065484319620513
1490,12,6.068868124602196,6.061820092111928
1490,13,6.084614147336229,6.061992717215458
1490,14,6.060025883278783,6.070854047278744
1490,15,6.0747672704884135,6.056748148370734
1490,16,6.053331530048369,6.057755001766596
1490,17,6.052652276803606,6.07428925023199
1490,18,6.064888105432026,6.070622622125112
1490,19,6.08069765896679,6.059619191836542
1490,20,6.063076256244109,6.073595260133772
1490,21,6.059926809943379,6.045619245347805
1490,22,6.069446038204218,6.085399493118378
1490,23,6.0476466402121725,6.078582810606268
1490,24,6.064447082547182,6.087603881247296
1490,25,6.056680649245086,6.054527718695745
1490,26,6.07392195857602,6.074572444905675
1490,27,6.061777149289592,6.067576409623649
1490,28,6.067620754562205,6.0665184191904205
1490,29,6.057108406731852,6.069068159879323
1490,30,6.083709122909366,6.074602002133217
1490,31,6.0667778295746695,6.057815270330863
1490,32,6.055131125088947,6.071720449049907
1490,33,6.0498217955124485,6.077751562920966
1490,34,6.073381803112769,6.054716661201626
1490,35,6.059760798029906,6.064673865867104
1490,36,6.054031761078069,6.060788224885555
1490,37,6.05293926702656,6.061935568919768
1490,38,6.059416012720231,6.067160732467143
1490,39,6.071891425391058,6.062408175437906
1490,40,6.080964433716814,6.056729115505542
1490,41,6.058437966163275,6.076109904291905
1490,42,6.067054887875804,6.057488418809103
1490,43,6.069084954178373,6.05693953330594
1490,44,6.0390437604096645,6.066870715091472
1490,45,6.0740013255173295,6.058644770230286
1490,46,6.07095291953,6.051131268791339
1490,47,6.0725189124550045,6.07287776715975
1490,48,6.050173110407066,6.072575297330888
1490,49,6.061968292973321,6.061897041481374
1490,50,6.049374159334367,6.056318155688146
1490,51,6.0672484903335935,6.089194022945984
1490,52,6.06104798969466,6.062816447784477
1490,53,6.057854132469444,6.074596353077775
1490,54,6.071510368691685,6.0882236216891386
1490,55,6.066221986165371,6.0840972061231335
1490,56,6.055454275138256,6.0618573189352265
1490,57,6.062649994838615,6.061820092111928
1490,58,6.072574797727256,6.0840972061231335
1490,59,6.068673633111223,6.079196713532923
1490,60,6.0592912614324135,6.089403129002381
1490,61,6.053012578769464,6.056157204511533
1490,62,6.062290585065822,6.074007466110459
1490,63,6.059490820348991,6.065766150327644
1490,64,6.074402086822769,6.068260681129478
1490,65,6.050242695386965,6.0848745767618055
1490,66,6.067117726260274,6.065613567124959
1490,67,6.070088526240118,6.0490062190303915
1490,68,6.069053012333063,6.049231902461662
1490,69,6.05992074245711,6.063251868102048
1490,70,6.0883621008367665,6.058307366194526
1490,71,6.069350955259653,6.0660679942572
1490,72,6.065743500021998,6.068459174915337
1490,73,6.066118164298237,6.049497684750233
1490,74,6.057749131595297,6.056035125542292
1490,75,6.049690094605387,6.067031170978558
1490,76,6.059814227897707,6.073495956013727
1490,77,6.060510392050891,6.058111736822977
1490,78,6.066026037017645,6.062475511732502
1490,79,6.080668412931821,6.083305100225824
1490,80,6.066794226623212,6.047924107080628
1490,81,6.04379407050606,6.062766606916882
1490,82,6.057081340924131,6.064282333662809
1490,83,6.0460209725131175,6.067983306556483
1490,84,6.054914845615691,6.064845315706062
1490,85,6.072745351866457,6.063833452358252
1490,86,6.06853696534441,6.062126107034048
1490,87,6.0519540305281945,6.073850723950773
1490,88,6.037005910680919,6.057647929335009
1490,89,6.045068254498573,6.075135547281205
1490,90,6.066467820602304,6.064844427946103
1490,91,6.065003954792612,6.062976921516416
1490,92,6.061287412286635,6.07502064245808
1490,93,6.0652763664052936,6.044324226112233
1490,94,6.06806031726814,6.073891539567259
1490,95,6.049657887945883,6.057541219830471
1490,96,6.058062463678629,6.071702050784306
1490,97,6.041702859506775,6.076652079164144
1490,98,6.06252771417688,6.058644770230286
1490,99,6.03928833970858,6.053096026619314
1490,100,6.085058187621741,6.0479420061371805
1490,101,6.072762751583076,6.0698799038083076
1490,102,6.0655657453293275,6.063720145100351
1490,103,6.046567387961213,6.045701110524272
1490,104,6.082080100889674,6.078183192028429
1490,105,6.066930311653343,6.061387670622158
1490,106,6.048739944628818,6.055300703596575
1490,107,6.049369597096931,6.0564393356585375
1490,108,6.07666652535442,6.060937469038109
1490,109,6.0782707793754565,6.071269987324864
1490,110,6.077068555405691,6.0708156105304845
1490,111,6.06518481931124,6.074619846793504
1490,112,6.06156283093001,6.070557361538663
1490,113,6.057137894293906,6.060311635021596
1490,114,6.045800536834865,6.091756062121372
1490,115,6.064603187427948,6.04811675222843
1490,116,6.048786642227464,6.070471219540485
1490,117,6.070087474505918,6.053692026686125
1490,118,6.048556299300666,6.068741836574853
1490,119,6.059147619563698,6.072524738084782
1490,120,6.06938920227911,6.076052556999836
1490,121,6.0364058421770075,6.057571305501676
1490,122,6.081841162469,6.0680498506883565
1490,123,6.075391295737061,6.045913147094429
1490,124,6.072957965736338,6.047539790756832
1490,125,6.059722197013526,6.0490062190303915
1490,126,6.055787834411613,6.067281613795739
1490,127,6.06696261176163,6.055222060512098
1490,128,6.040774480354688,6.067594889530432
1490,129,6.0713581314471465,6.0703844188268
1490,130,6.032667282398735,6.061382527179309
1490,131,6.047437373994233,6.067284041462939
1490,132,6.066290553084333,6.053273228662658
1490,133,6.068529441521979,6.060457541630958
1490,134,6.077145374020121,6.063488387268102
1490,135,6.050651433716973,6.049497684750233
1490,136,6.069065133762762,6.056085468936849
1490,137,6.056444113803036,6.067740042565727
1490,138,6.056730567009456,6.077756283110212
1490,139,6.064328900156255,6.083305100225824
1490,140,6.048837568106306,6.044714888991904
1490,141,6.051826628458472,6.078556929898394
1490,142,6.07187859445536,6.076637208441653
1490,143,6.065507135769835,6.064517547935519
1490,144,6.072267176684512,6.076375324879542
1490,145,6.066687459040045,6.045782721441533
1490,146,6.081008803952144,6.055423288225031
1490,147,6.034425756996078,6.064507246117092
1490,148,6.056342960575423,6.061992717215458
1490,149,6.06331622695658,6.077002996914126
1490,150,6.058500379117096,6.053438506332192
1490,151,6.071937609139799,6.077291906821176
1490,152,6.079217217373995,6.064673865867104
1490,153,6.055949948490119,6.084117029350903
1490,154,6.046990562447574,6.062126107034048
1490,155,6.053946499662685,6.063300960987043
1490,156,6.047060571547653,6.059222739763279
1490,157,6.0791140344555235,6.05737442019894
1490,158,6.0686722227352705,6.066162038169757
1490,159,6.081871100242273,6.067985967077206
1490,160,6.070228069211935,6.055300703596575
1490,161,6.064303125144539,6.058644770230286
1490,162,6.08411160903903,6.0479420061371805
1490,163,6.04463004427446,6.075695158440739
1490,164,6.088645401260241,6.051646973001311
1490,165,6.051296808090607,6.061767966869484
1490,166,6.049858182148113,6.069855040896438
1490,167,6.074916928993845,6.0448149332751235
1490,168,6.051641974463544,6.0682039714446026
1490,169,6.061335816336052,6.054270366888262
1490,170,6.0559270820306175,6.083015292154533
1490,171,6.058353012835224,6.059410729755355
1490,172,6.054518591641461,6.065423089698216
1490,173,6.07161524128518,6.065680793579224
1490,174,6.056678429363046,6.069603532172107
1490,175,6.065691155020749,6.069887191037708
1490,176,6.069253054071949,6.072587152103141
1490,177,6.060285091755622,6.066468438895443
1490,178,6.068553769808388,6.0620509796552495
1490,179,6.0633333438645955,6.059871409270911
1490,180,6.070703949060785,6.086446400734399
1490,181,6.0507558564619615,6.0612059327605285
1490,182,6.068001919273355,6.0448149332751235
1490,183,6.040226941295381,6.072751745051595
1490,184,6.077408698090646,6.077181555307414
1490,185,6.073343078129198,6.081523147817064
1490,186,6.063876094604184,6.0480289548688075
1490,187,6.061563570602995,6.060737995040601
1490,188,6.066089429556813,6.056380884504084
1490,189,6.079627493315284,6.065501528634711
1490,190,6.070082397690693,6.06725841515551
1490,191,6.060826718619821,6.076637208441653
1490,192,6.059916129059973,6.072675807685123
1490,193,6.080071741676717,6.052677793883353
1490,194,6.080348840989363,6.078220783146621
1490,195,6.055740784944391,6.07428925023199
1490,196,6.051607609777524,6.064155271850588
1490,197,6.061223011735349,6.0522892669850705
1490,198,6.064079563072594,6.0551395555025165
1490,199,6.061480740407563,6.057939749985119
1490,200,6.056782880316084,6.049731770373285
1490,201,6.054422623887181,6.061854927829161
1490,202,6.06444458380327,6.069083170095695
1490,203,6.045164760160266,6.069348292983634
1490,204,6.070055147892286,6.060248184402124
1490,205,6.063416057236989,6.078221403206776
1490,206,6.070407399518666,6.06156493595943
1490,207,6.039092175426253,6.060447861947614
1490,208,6.081791550320322,6.054399755443067
1490,209,6.057479755990709,6.035440723531176
1490,210,6.069788534105901,6.087917443005185
1490,211,6.0740683279015375,6.067909978276288
1490,212,6.0680198728019725,6.085291205835899
1490,213,6.043073229829925,6.079807775343727
1490,214,6.06135083622999,6.065033849119253
1490,215,6.055859997365417,6.06550680237895
1490,216,6.056622563292434,6.058936258327341
1490,217,6.085061141401813,6.079691288818573
1490,218,6.0548137777836,6.044846918697737
1490,219,6.057342334346444,6.057783991246653
1490,220,6.0741880584610835,6.0615947062933175
1490,221,6.043060494585963,6.062976921516416
1490,222,6.089141719258219,6.042533126128907
1490,223,6.059780215775278,6.072121441220477
1490,224,6.069191534700874,6.07813130108779
1490,225,6.085761660501182,6.052914795253042
1490,226,6.0573798625221205,6.073580745175637
1490,227,6.063149604208602,6.060311635021596
1490,228,6.064387152958216,6.073106502545003
1490,229,6.066163611984828,6.065528418910452
1490,230,6.0817492750272235,6.0642545663840846
1490,231,6.054086758852545,6.081481965288963
1490,232,6.062705687141344,6.058644770230286
1490,233,6.062178335084553,6.068998950600865
1490,234,6.046384653271413,6.074938264567029
1490,235,6.050382127588816,6.035575440484771
1490,236,6.053293040584914,6.091756062121372
1490,237,6.080312543361586,6.0610844702761115
1490,238,6.07146593502574,6.066873269661986
1490,239,6.06787494628371,6.060630951345533
1490,240,6.062457389114488,6.074739671507928
1490,241,6.077229189481907,6.058213893306392
1490,242,6.051577376608913,6.064257784323143
1490,243,6.050521722171598,6.052677793883353
1490,244,6.055606938635359,6.05499822184531
1490,245,6.046928376405477,6.057296763202335
1490,246,6.07097822325647,6.029975733308366
1490,247,6.05950697005989,6.064508758541101
1490,248,6.057229696883962,6.0564109918210995
1490,249,6.0704733610956945,6.078959244841839
1490,250,6.055926001080796,6.059687343704142
1490,251,6.063656282845465,6.079217846472081
1490,252,6.058348514380975,6.070727932707408
1490,253,6.058798030921754,6.071267109664014
1490,254,6.084099855212278,6.058548772610649
1490,255,6.051702326336269,6.040286263179247
1490,256,6.054225567556138,6.043248614631627
1490,257,6.055391281383912,6.046597791118609
1490,258,6.067961432049769,6.078211742582916
1490,259,6.082308102566492,6.058036886220334
1490,260,6.058380535295724,6.064428305768238
1490,261,6.058847810658455,6.0509769743960655
1490,262,6.055562442258772,6.068261373965454
1490,263,6.067159977638782,6.072675807685123
1490,264,6.041642617995171,6.045782721441533
1490,265,6.070693405178728,6.064294362778278
1490,266,6.052286402377814,6.071735945943513
1490,267,6.064372412806726,6.073001269451781
1490,268,6.06534927247298,6.062018933873979
1490,269,6.066069163853863,6.067576409623649
1490,270,6.062087262054951,6.062390134226821
1490,271,6.05756314570466,6.075567823108104
1490,272,6.079661142750103,6.081236541436932
1490,273,6.054886395041744,6.050992880998894
1490,274,6.053934118319434,6.079615576731229
1490,275,6.076552955145723,6.070227114674728
1490,276,6.0743210815823705,6.070112285112915
1490,277,6.075619537104062,6.06924960798911
1490,278,6.0566373867769725,6.054647617219986
1490,279,6.063453868507489,6.0564109918210995
1490,280,6.071801235075931,6.062229968837406
1490,281,6.052689266267094,6.082323257655175
1490,282,6.060339026809885,6.051379329217091
1490,283,6.071323162993101,6.056085468936849
1490,284,6.075361922172334,6.059844978463301
1490,285,6.06988461898357,6.064867018966927
1490,286,6.060557929175001,6.079246461002476
1490,287,6.056203661849579,6.07531884931089
1490,288,6.0723117497366434,6.066558854914315
1490,289,6.0727817962028885,6.079147644174099
1490,290,6.072190732369457,6.062362686712348
1490,291,6.060125061635036,6.071047157420197
1490,292,6.057822024369713,6.06645329107384
1490,293,6.0622714162771025,6.0727190773353845
1490,294,6.059178122035647,6.050992880998894
1490,295,6.056751617536152,6.076343948391831
1490,296,6.051721052200014,6.074739671507928
1490,297,6.061045591161664,6.045913147094429
1490,298,6.067983954646356,6.04513221522371
1490,299,6.080495791096619,6.078562665561361
1490,300,6.038250283786722,6.083842763956239
1490,301,6.058966409655474,6.048394506625116
1490,302,6.056544139953022,6.062479608596836
1490,303,6.06552092331092,6.055154878128489
1490,304,6.06571473887748,6.054447449044721
1490,305,6.054151902014653,6.071764051477496
1490,306,6.0587694276046715,6.0588796035630175
1490,307,6.0514817062658475,6.065484319620513
1490,308,6.071289471573745,6.075442825275923
1490,309,6.054247699694381,6.0620509796552495
1490,310,6.070062038941581,6.057059112239666
1490,311,6.067578376731543,6.058903895491884
1490,312,6.044084586600322,6.07056316245386
1490,313,6.0750449988151765,6.071990506160374
1490,314,6.044067908131855,6.047370199161004
1490,315,6.054298038300059,6.064470619050879
1490,316,6.0685473283673055,6.050433628829281
1490,317,6.067695492816983,6.056903708179781
1490,318,6.055811985986452,6.068691097813461
1490,319,6.075130052836945,6.078280141960095
1490,320,6.0633337186653,6.064052707766564
1490,321,6.085242911650381,6.052169186462053
1490,322,6.058576020461707,6.066263051977168
1490,323,6.066440038888913,6.059192024142121
1490,324,6.050702463297829,6.07201130768772
1490,325,6.074259310763799,6.065962307597053
1490,326,6.076445623135914,6.0649061945027
1490,327,6.070172923477778,6.069863291600178
1490,328,6.060544046852157,6.062479608596836
1490,329,6.065508315163569,6.066780011808482
1490,330,6.07497514027755,6.066682506453652
1490,331,6.062789998231332,6.0824875838449675
1490,332,6.0825020541956,6.078390716310547
1490,333,6.054966880242583,6.072701799695998
1490,334,6.079584232508033,6.083526565264317
1490,335,6.053326706612641,6.029975733308366
1490,336,6.039076603683495,6.063720145100351
1490,337,6.064455295606519,6.066263051977168
1490,338,6.068329237011307,6.054224470027782
1490,339,6.057937255987105,6.0653680951945255
1490,340,6.052399997885885,6.055817514008295
1490,341,6.0581322451250905,6.055442744822912
1490,342,6.07828418278417,6.055712945249224
1490,343,6.053252424618088,6.0796227519605015
1490,344,6.038843576349087,6.075062460709777
1490,345,6.0635291309661365,6.065484319620513
1490,346,6.061749066971126,6.05088445022245
1490,347,6.049288356703549,6.061443291605012
1490,348,6.073547721492659,6.0796227519605015
1490,349,6.0700915729786376,6.05465987107872
1490,350,6.049643217186414,6.093548388914957
1490,351,6.087914827797909,6.072683552859276
1490,352,6.0678743710793785,6.081489451517231
1490,353,6.068116554229094,6.0592838004321505
1490,354,6.043234536060754,6.050789105314744
1490,355,6.0656308570376005,6.064464149621971
1490,356,6.081154826563472,6.042610300001654
1490,357,6.079096282025326,6.067627869645617
1490,358,6.06470673032157,6.055312433838354
1490,359,6.052856247301843,6.061481181836357
1490,360,6.055780074291333,6.083956500792592
1490,361,6.081134279363706,6.073734085039213
1490,362,6.04923513865808,6.0561476850485985
1490,363,6.05151702979349,6.067781723879946
1490,364,6.077846656074551,6.059648276551243
1490,365,6.080394635429729,6.043318597050992
1490,366,6.094554086929159,6.064867018966927
1490,367,6.0424217503473425,6.085291205835899
1490,368,6.07338047257977,6.088233111733042
1490,369,6.063053921343678,6.066998102557634
1490,370,6.068982360907367,6.063739066823209
1490,371,6.05330368118732,6.060073145453915
1490,372,6.064594712825865,6.070579867802252
1490,373,6.055931454485293,6.086446400734399
1490,374,6.042293016003376,6.056911489741397
1490,375,6.065006271977987,6.051495049462761
1490,376,6.070611190142861,6.071389445824386
1490,377,6.057972516125241,6.059489698408044
1490,378,6.060547415629513,6.075591529795834
1490,379,6.07619005551822,6.069120854349889
1490,380,6.060578951384307,6.06414864914593
1490,381,6.058167922841385,6.061559422592455
1490,382,6.064933713012992,6.07162792540251
1490,383,6.058286718258541,6.082729864015393
1490,384,6.055082710390153,6.044324226112233
1490,385,6.047075309212147,6.038053597003264
1490,386,6.046062854435812,6.081489451517231
1490,387,6.063590320659783,6.071691469370903
1490,388,6.056810130915935,6.067250257508666
1490,389,6.083234098409434,6.0631595844783766
1490,390,6.053661196600229,6.051482335090175
1490,391,6.053478657996906,6.052561108627587
1490,392,6.070662571748848,6.052955306713231
1490,393,6.07399423949745,6.07142970436631
1490,394,6.083414111651705,6.058847382238243
1490,395,6.073242548498766,6.058550971090997
1490,396,6.065759224499303,6.0714414980538916
1490,397,6.04941212729661,6.056743223242711
1490,398,6.066279172731079,6.072174592530935
1490,399,6.0669642485804545,6.075096224160299
1490,400,6.040651458844313,6.071382480336757
1490,401,6.058267374599101,6.046105874816885
1490,402,6.060635696867313,6.061217029169806
1490,403,6.06988641841437,6.071903187354534
1490,404,6.062252944460069,6.047499695851182
1490,405,6.0734891797977015,6.063165343426371
1490,406,6.093306915326247,6.05890451520859
1490,407,6.044531464496308,6.0510712154932005
1490,408,6.056119009095129,6.052909218068036
1490,409,6.087257737427953,6.057296763202335
1490,410,6.04985511857914,6.094051215436345
1490,411,6.062441668193597,6.078523397192744
1490,412,6.071841904698927,6.056743223242711
1490,413,6.078206133508794,6.0703844188268
1490,414,6.076585251929369,6.049063506112327
1490,415,6.075776368922529,6.063360910722406
1490,416,6.070360748912496,6.083348338857887
1490,417,6.07015620700946,6.075135547281205
1490,418,6.057579616194911,6.073024355831745
1490,419,6.067778996478906,6.055612197390194
1490,420,6.055913358718671,6.059871409270911
1490,421,6.067528519638832,6.057783991246653
1490,422,6.059850064402001,6.057643161157042
1490,423,6.0679369382978035,6.059315791192348
1490,424,6.051821160721697,6.035440723531176
1490,425,6.07458332727431,6.072801898860086
1490,426,6.046923389531049,6.052071879620498
1490,427,6.088551838542589,6.055920025397955
1490,428,6.054698993727717,6.087907117914409
1490,429,6.060146366847604,6.067025013271575
1490,430,6.074895604283601,6.050627592371962
1490,431,6.058284386814642,6.046664859837012
1490,432,6.053082367697009,6.056595796393152
1490,433,6.059639393805493,6.061760137406047
1490,434,6.052432786570316,6.0708156105304845
1490,435,6.067682121228059,6.065753437514919
1490,436,6.071659606900281,6.051927755306063
1490,437,6.058584928483301,6.059687343704142
1490,438,6.071700880410361,6.045547180454327
1490,439,6.078740631025429,6.072121441220477
1490,440,6.052379058781675,6.047938508831356
1490,441,6.0436459465129575,6.082677901158075
1490,442,6.090973453105635,6.08383492307416
1490,443,6.063505847093431,6.050070022992095
1490,444,6.075157154375779,6.0653186751823185
1490,445,6.077702277284924,6.036863843610874
1490,446,6.061408523634331,6.043124649386226
1490,447,6.053004546729491,6.071860081472748
1490,448,6.06523376674986,6.056085468936849
1490,449,6.050601862643075,6.05071265285053
1490,450,6.089911391906174,6.072915896311431
1490,451,6.06123831068318,6.070622622125112
1490,452,6.080438773084206,6.083731087305165
1490,453,6.070292828224782,6.071824881743163
1490,454,6.093182786509428,6.056743223242711
1490,455,6.051098223706478,6.050886325986333
1490,456,6.06100715291077,6.057939749985119
1490,457,6.073908529358398,6.060261070719282
1490,458,6.070498480685695,6.066780011808482
1490,459,6.056524869018714,6.062463263979862
1490,460,6.059217759137953,6.075695158440739
1490,461,6.050615066480448,6.062007809348533
1490,462,6.0535430002589,6.050232877404362
1490,463,6.050998829406027,6.087340092191383
1490,464,6.071388457037384,6.054698835793396
1490,465,6.0672368529493435,6.0501942128223485
1490,466,6.086129043584262,6.0653680951945255
1490,467,6.0665342526768296,6.058060253983936
1490,468,6.084919777642818,6.082494383071902
1490,469,6.053820538756861,6.065528418910452
1490,470,6.0561688688849475,6.066310505937994
1490,471,6.05934413915286,6.064011181455928
1490,472,6.065781469398495,6.079398562739825
1490,473,6.0484882297382585,6.074487936355574
1490,474,6.067053504872589,6.036689038254187
1490,475,6.086886113812622,6.060311635021596
1490,476,6.081611914851883,6.07688173177296
1490,477,6.056898189593863,6.056683779355774
1490,478,6.07218475798052,6.067125963034443
1490,479,6.060533888405357,6.075980825010025
1490,480,6.0732584367794535,6.079398562739825
1490,481,6.06156592168215,6.076045228425616
1490,482,6.069031454167786,6.061897041481374
1490,483,6.06560517878429,6.071473376577039
1490,484,6.05607442256838,6.065594745237898
1490,485,6.066399737144655,6.065357243451986
1490,486,6.0641703089022965,6.057219505892347
1490,487,6.073501933968616,6.087340092191383
1490,488,6.051613003697705,6.063016380100207
1490,489,6.074461653967729,6.05620505247756
1490,490,6.070849792583262,6.071500253310286
1490,491,6.057945702848691,6.073806489636936
1490,492,6.079349355083612,6.083338535865117
1490,493,6.052458151913375,6.066672058774823
1490,494,6.038224417336955,6.06590522797715
1490,495,6.064417359496745,6.045720031419075
1490,496,6.044848352973529,6.065704550070968
1490,497,6.032479252693568,6.047924107080628
1490,498,6.082627307131162,6.068396850766901
1490,499,6.0712130618433005,6.068260681129478
1545,0,6.06878857657424,6.051533170609258
1545,1,6.042300334936013,6.054400249542223
1545,2,6.0497888472411026,6.047514230921065
1545,3,6.049235265855801,6.058990250787025
1545,4,6.055505669394765,6.053140879354389
1545,5,6.073317804949669,6.030837841317483
1545,6,6.041925341908712,6.0314152425058625
1545,7,6.077954268986131,6.060247031393284
1545,8,6.051383913488075,6.082399722455654
1545,9,6.080369851027253,6.059550825625268
1545,10,6.068868657603579,6.050563832600924
1545,11,6.03752505146217,6.052628590482784
1545,12,6.0487989098369805,6.0371164529514205
1545,13,6.035320659086358,6.0607474882529555
1545,14,6.037355621530338,6.062258525653776
1545,15,6.053390239976971,6.0584180114850215
1545,16,6.0455755351304505,6.047270948530345
1545,17,6.02145797898108,6.064157826147894
1545,18,6.051114288421928,6.064290249062064
1545,19,6.04536351997211,6.061671475636692
1545,20,6.06820993635492,6.041245886742826
1545,21,6.073094069103217,6.076795713592676
1545,22,6.071129355559451,6.051207483979896
1545,23,6.054056559545775,6.057713838886184
1545,24,6.0512538471380655,6.051096810500919
1545,25,6.042027219148068,6.057379907981174
1545,26,6.060683402300729,6.036185634693172
1545,27,6.067069649971356,6.047018777555453
1545,28,6.068777480340099,6.057409975509415
1545,29,6.045475696896797,6.0405496286133396
1545,30,6.027725870698318,6.054498641021604
1545,31,6.0612339456374675,6.04937130977582
1545,32,6.069334010866141,6.052144918133222
1545,33,6.058047328680138,6.055451688239571
1545,34,6.061166833332608,6.034929581704111
1545,35,6.041710934427212,6.046415182643295
1545,36,6.027182942932693,6.056887491019078
1545,37,6.072360288418587,6.056846704463263
1545,38,6.053815775139086,6.057301916529246
1545,39,6.076842524064503,6.048623259801321
1545,40,6.050498053411841,6.063517581605305
1545,41,6.075912978286385,6.078398050605864
1545,42,6.046488587607576,6.062679512227445
1545,43,6.0461505624651215,6.05578820989121
1545,44,6.060401321563188,6.059629805601132
1545,45,6.068359908681491,6.0309684549380425
1545,46,6.066528494252497,6.051453983138497
1545,47,6.0266916193841595,6.047270948530345
1545,48,6.058092339006999,6.051938363365049
1545,49,6.048922216779546,6.057802846890949
1545,50,6.050781785427688,6.0520543263703495
1545,51,6.048495174746754,6.069099645294624
1545,52,6.070074542239638,6.046624959178961
1545,53,6.0492292019694816,6.054498641021604
1545,54,6.043316303078683,6.062976791266755
1545,55,6.070158320497766,6.054572456276134
1545,56,6.050494651244168,6.061495139327516
1545,57,6.071232995724615,6.06572288941622
1545,58,6.058865947010481,6.050933137583847
1545,59,6.03326038720477,6.063546148472528
1545,60,6.065367790616737,6.054720118072911
1545,61,6.049385449183235,6.056497505008684
1545,62,6.044934644503715,6.058313418534174
1545,63,6.046316717647709,6.05310012278673
1545,64,6.048139117662178,6.03172761185951
1545,65,6.0633660773481575,6.062340643928801
1545,66,6.067052192097003,6.041826744206028
1545,67,6.0569061635281045,6.052154721017293
1545,68,6.054142272680193,6.067075621088383
1545,69,6.0496171941123675,6.05839991060408
1545,70,6.062678984809758,6.043532123258459
1545,71,6.068081289589052,6.058821588069662
1545,72,6.059837643438974,6.047886335734608
1545,73,6.071989310067742,6.039308320542501
1545,74,6.061316211139337,6.075073796689665
1545,75,6.049119636122501,6.070706531738826
1545,76,6.057783201004026,6.058988885041578
1545,77,6.050251178786608,6.06195316180881
1545,78,6.0493988638385865,6.052947903135559
1545,79,6.057686484041789,6.049856770111552
1545,80,6.0600157580524545,6.06563721502658
1545,81,6.057111739267172,6.070555871483867
1545,82,6.066305127736627,6.051249903757686
1545,83,6.058605040624776,6.061157126690501
1545,84,6.0648848548858645,6.070282671171522
1545,85,6.068915085857731,6.056854389448333
1545,86,6.043229341343397,6.060888769142744
1545,87,6.04961983427531,6.056121974620467
1545,88,6.060336602279252,6.044197754250098
1545,89,6.04945317053955,6.038942429808304
1545,90,6.050674921558671,6.061249247056363
1545,91,6.0596626417419905,6.059263027279113
1545,92,6.023917912451817,6.062627103698519
1545,93,6.073055811644117,6.04733446256835
1545,94,6.055076261036096,6.0512274841618865
1545,95,6.048954284361847,6.066880700939409
1545,96,6.0595915269728815,6.0716501486219725
1545,97,6.058868234741548,6.048640634569079
1545,98,6.03858490950396,6.065248498883404
1545,99,6.047803743924996,6.055197418813398
1545,100,6.046173900278312,6.051059020691215
1545,101,6.069322722899794,6.060888769142744
1545,102,6.034505644366737,6.038789318078999
1545,103,6.046060657542609,6.05929591613714
1545,104,6.079969659229124,6.0517556288658385
1545,105,6.045520430862082,6.057603680005484
1545,106,6.051189798578107,6.0660459013823145
1545,107,6.066939124452111,6.061266409069132
1545,108,6.041760815366349,6.069245407684327
1545,109,6.0700532545639705,6.0701668875406
1545,110,6.044623278762186,6.060105112615898
1545,111,6.059305191507423,6.052424706249223
1545,112,6.075589936801552,6.063839908449957
1545,113,6.048361213740808,6.062557752412101
1545,114,6.050888703087244,6.056121729882273
1545,115,6.070011949057976,6.082784778544814
1545,116,6.033170870463511,6.053666780714251
1545,117,6.059973501520949,6.061916325430795
1545,118,6.058044556151986,6.056697751529833
1545,119,6.0542251892866945,6.04733446256835
1545,120,6.038365538594127,6.063511071866387
1545,121,6.070479874470391,6.063262825207287
1545,122,6.056264240009885,6.051216593521633
1545,123,6.039498857705838,6.072345118075151
1545,124,6.054611584932808,6.041062025766752
1545,125,6.060317777077017,6.054688806793316
1545,126,6.05925837338174,6.06508978477186
1545,127,6.038990262350973,6.060903891509448
1545,128,6.040435791188659,6.062863761090667
1545,129,6.065034122402691,6.069271506274876
1545,130,6.0672334491675555,6.056795965981972
1545,131,6.023671998850676,6.050895858768943
1545,132,6.054248607415034,6.053218026002141
1545,133,6.062994558494571,6.041339647723243
1545,134,6.062918569600834,6.050219689667588
1545,135,6.08154572657106,6.057460524191846
1545,136,6.067633672315015,6.059853251691568
1545,137,6.039002942538848,6.067711595437687
1545,138,6.055037626748611,6.073502541715945
1545,139,6.064896077932304,6.051710144834592
1545,140,6.058205897632099,6.0716589602526225
1545,141,6.051641753567388,6.050737613358793
1545,142,6.05332516550077,6.060837557891941
1545,143,6.063242942159013,6.0677267845650995
1545,144,6.037137124303912,6.073848075517824
1545,145,6.063387522369339,6.053725687371571
1545,146,6.063907419339675,6.044006362129213
1545,147,6.061078770224556,6.062578526680239
1545,148,6.0460530699460655,6.05929591613714
1545,149,6.059201554120297,6.063708333024527
1545,150,6.071217790176016,6.052710904440916
1545,151,6.028196162102538,6.058879620415768
1545,152,6.058763505121289,6.060926451670259
1545,153,6.070635177091944,6.057940917323523
1545,154,6.056362011121276,6.0643146849362894
1545,155,6.072510727745633,6.051773613624027
1545,156,6.0436017861526015,6.061628104662998
1545,157,6.056728100294786,6.045487269382796
1545,158,6.046689500679755,6.065185598219433
1545,159,6.06502715857645,6.065655644218159
1545,160,6.059119686395256,6.057887219466231
1545,161,6.060296139152572,6.053053922017231
1545,162,6.036467095616318,6.047634187069652
1545,163,6.062033715518144,6.060926451670259
1545,164,6.059887405290051,6.07306748163087
1545,165,6.042172828108856,6.063708333024527
1545,166,6.065926115208561,6.062252665945782
1545,167,6.054762810967046,6.069991350857737
1545,168,6.057386296817306,6.072596434920152
1545,169,6.05145642743289,6.0664409317966745
1545,170,6.076305435201155,6.06686636544235
1545,171,6.032535677323357,6.081201223992562
1545,172,6.047537027553689,6.035130698542406
1545,173,6.0506832351395206,6.076802336056775
1545,174,6.056161922113389,6.077907102488533
1545,175,6.041104496901066,6.048968751798785
1545,176,6.062795023408456,6.062836833364177
1545,177,6.048344409248043,6.062258525653776
1545,178,6.057923078891998,6.043703850030447
1545,179,6.05156372726949,6.045885049402821
1545,180,6.040710338614643,6.049040239761611
1545,181,6.068448327186927,6.067657551031731
1545,182,6.063452471598967,6.049982784006874
1545,183,6.057672768228486,6.068619247190377
1545,184,6.0819186497251625,6.049907903386207
1545,185,6.0567776047555615,6.048970530617299
1545,186,6.064895605481986,6.053666780714251
1545,187,6.04674133135771,6.0597912043859425
1545,188,6.06144253383807,6.053298615913992
1545,189,6.0493566152590725,6.0653426278685565
1545,190,6.0431724616622375,6.044527126086389
1545,191,6.0498560832398605,6.067934005037456
1545,192,6.063466491899681,6.0573662970801525
1545,193,6.061582833094257,6.04867971964655
1545,194,6.074174168258845,6.056697751529833
1545,195,6.056044861436602,6.0551786632540106
1545,196,6.063687030634347,6.052144918133222
1545,197,6.059585605202648,6.061614035059409
1545,198,6.061938452488164,6.0688564073259466
1545,199,6.057024004268038,6.06686636544235
1545,200,6.081314317449672,6.048542497640572
1545,201,6.057218268311985,6.0597984268493414
1545,202,6.0456449434011885,6.04482321327148
1545,203,6.044047251616124,6.060705640143955
1545,204,6.0542734457978975,6.066743520876433
1545,205,6.059222335092697,6.045678595867334
1545,206,6.069304260896983,6.061405183468942
1545,207,6.042932679791921,6.061306408369268
1545,208,6.0551260060597825,6.064179717565638
1545,209,6.068113389432742,6.056121974620467
1545,210,6.065441153671886,6.0622593033349155
1545,211,6.051656598854764,6.050164928428334
1545,212,6.050183567266215,6.056920434824269
1545,213,6.047533555142749,6.044382777205451
1545,214,6.046308873558245,6.063546148472528
1545,215,6.050608979516654,6.0248100100833195
1545,216,6.063772046769546,6.053140879354389
1545,217,6.058460168815518,6.051894839900078
1545,218,6.047154384413503,6.05440396396591
1545,219,6.062140398797029,6.046624959178961
1545,220,6.069696391639528,6.0591195483464455
1545,221,6.056745187560239,6.0559969015974255
1545,222,6.05224273413139,6.034242026851405
1545,223,6.054181651382976,6.054109297272119
1545,224,6.064316383583929,6.047634187069652
1545,225,6.052822628822207,6.053580251883679
1545,226,6.053023365118225,6.055216222894175
1545,227,6.034485918590812,6.05803628303323
1545,228,6.06001393001345,6.057322027953517
1545,229,6.0482864399565415,6.047980727843595
1545,230,6.045110066815003,6.063245532856132
1545,231,6.047347658238204,6.05365292095154
1545,232,6.064268923294624,6.049695184928514
1545,233,6.078556113093612,6.04468519405016
1545,234,6.05840360855817,6.048937110981036
1545,235,6.0560695241235605,6.055026825630937
1545,236,6.065979790743063,6.070054521827602
1545,237,6.046467891956361,6.052261971002123
1545,238,6.051867415896244,6.072036047559624
1545,239,6.046130322929478,6.046017537223642
1545,240,6.032682908101185,6.067075621088383
1545,241,6.0714220435443,6.062557752412101
1545,242,6.055718883429984,6.067065153281671
1545,243,6.062348983961632,6.056586670151058
1545,244,6.048551908221319,6.040609307851768
1545,245,6.03151882756717,6.062599409862676
1545,246,6.0572444482878325,6.038942429808304
1545,247,6.040575468754546,6.077752711953188
1545,248,6.069989144814745,6.065458576545426
1545,249,6.048525499719729,6.060651104273556
1545,250,6.050961117117264,6.082470990290037
1545,251,6.066535342622427,6.049727045327113
1545,252,6.037083430592651,6.0664728328750925
1545,253,6.071094217044542,6.06638039237412
1545,254,6.0427954241078545,6.054115450428583
1545,255,6.032800383989857,6.06152447222247
1545,256,6.051537036801446,6.055573602004182
1545,257,6.0521256445092275,6.0472900492274695
1545,258,6.065015319360397,6.0353380927469935
1545,259,6.047214558102159,6.065462920383923
1545,260,6.060739250025275,6.056772202698576
1545,261,6.05507721804615,6.059853251691568
1545,262,6.059361906817688,6.037267114381016
1545,263,6.056150948034259,6.05112309936997
1545,264,6.069625091911282,6.041509695665573
1545,265,6.039567736403276,6.076301788622349
1545,266,6.0523695846956205,6.060466764288237
1545,267,6.038090880395876,6.063839908449957
1545,268,6.0517635873315045,6.048595430018641
1545,269,6.0546316996532035,6.03959143934696
1545,270,6.039575825239754,6.051894839900078
1545,271,6.036269051351483,6.088830142044272
1545,272,6.046637834616638,6.064668211531229
1545,273,6.062372879288998,6.067929011470974
1545,274,6.052788720117264,6.055584659077497
1545,275,6.0652458404683625,6.06420083112243
1545,276,6.043587669912648,6.066318664427883
1545,277,6.04355540993624,6.075860520789405
1545,278,6.05469352058528,6.054816022487155
1545,279,6.043784281961571,6.071253913483831
1545,280,6.0584009893040776,6.060235520062102
1545,281,6.0655705880930135,6.046672900011616
1545,282,6.063919829275439,6.073453600110887
1545,283,6.039135824806971,6.076683445050779
1545,284,6.035786975372887,6.054002895921025
1545,285,6.044805247979737,6.054688806793316
1545,286,6.069172872569459,6.0532175844489355
1545,287,6.0502394794288445,6.072345118075151
1545,288,6.062614753865664,6.058736938630897
1545,289,6.079261229241373,6.0851404896012875
1545,290,6.066242948158199,6.045071901265435
1545,291,6.0553967679109295,6.071885262094272
1545,292,6.028365663428764,6.035130698542406
1545,293,6.051332823933131,6.043462665586435
1545,294,6.06912578945766,6.051940640638924
1545,295,6.051699471863792,6.043462665586435
1545,296,6.070742645554129,6.049041210989408
1545,297,6.052795555628475,6.053256825451155
1545,298,6.034824490718018,6.065596944755222
1545,299,6.0403759724707,6.047274994410498
1545,300,6.072081971891557,6.065077809499552
1545,301,6.051023117300128,6.043493686941132
1545,302,6.027899342064591,6.049359203607155
1545,303,6.054329342012638,6.067351555530591
1545,304,6.050838770480808,6.06195316180881
1545,305,6.07101107444296,6.04959442363653
1545,306,6.048422394968927,6.049214498535181
1545,307,6.066432177972141,6.066923393814999
1545,308,6.058076115412047,6.052433282962829
1545,309,6.054848716035593,6.057301916529246
1545,310,6.0606114366478145,6.06535189429428
1545,311,6.055022028738995,6.054020626091497
1545,312,6.0625178790530745,6.054034805434416
1545,313,6.050446034022478,6.0668212844884
1545,314,6.058891739378647,6.049220391364908
1545,315,6.068517968787099,6.059905403387704
1545,316,6.053495286034606,6.0551786632540106
1545,317,6.054672718583629,6.0607566433042654
1545,318,6.051584889450328,6.0610864686725305
1545,319,6.052418768701796,6.059860185226986
1545,320,6.064996201310935,6.056885822770076
1545,321,6.062325117910679,6.077999270168173
1545,322,6.056077304229315,6.052509661048583
1545,323,6.067301789851732,6.056531888555156
1545,324,6.048312982537641,6.0627350057848215
1545,325,6.059003058665607,6.047723134395245
1545,326,6.06398825656412,6.070215686418214
1545,327,6.057592488731936,6.045647956155475
1545,328,6.051861107870481,6.043386755125226
1545,329,6.064761634005143,6.036185634693172
1545,330,6.055841936920115,6.047716904014861
1545,331,6.045565666952356,6.042608594834419
1545,332,6.067313135976923,6.059718570161034
1545,333,6.032698793294919,6.062957288785252
1545,334,6.030097362481944,6.044382777205451
1545,335,6.053835881395594,6.049608502273493
1545,336,6.07355351561919,6.049133130836253
1545,337,6.061969163564942,6.055295167812864
1545,338,6.067221410089386,6.049687223947559
1545,339,6.047513496526125,6.059620942219827
1545,340,6.044499916116971,6.0851404896012875
1545,341,6.054043434388429,6.0355160994325425
1545,342,6.03660168644906,6.066774509406685
1545,343,6.064056183888937,6.060428370340033
1545,344,6.070469645855339,6.0542223767289
1545,345,6.0741015017835,6.055292911587445
1545,346,6.043275620380034,6.068761469703784
1545,347,6.064663835026316,6.050737613358793
1545,348,6.073361417490619,6.052144918133222
1545,349,6.070226741570395,6.054570426882932
1545,350,6.059953734907493,6.067092518855886
1545,351,6.0483755034741264,6.048694831746338
1545,352,6.063133037027177,6.055131369819684
1545,353,6.068688705204203,6.062365242622136
1545,354,6.067115431784548,6.064654237434767
1545,355,6.063467796391683,6.0687571277094765
1545,356,6.0593064285745575,6.058699137600111
1545,357,6.056976403560474,6.04979228939323
1545,358,6.021850987790213,6.0735737194104
1545,359,6.049983051504891,6.046980885656281
1545,360,6.049023453675983,6.068199458425008
1545,361,6.071682921973409,6.063620166692484
1545,362,6.051447041113623,6.059995664758144
1545,363,6.062942919810345,6.048623259801321
1545,364,6.076368045674472,6.060697982732516
1545,365,6.024733259168098,6.051096810500919
1545,366,6.070538667400139,6.058585739879615
1545,367,6.066011480706512,6.051290424516697
1545,368,6.059078187019234,6.048359982702854
1545,369,6.039947367524022,6.044169867504223
1545,370,6.0542922967908925,6.053065919996229
1545,371,6.053939302222647,6.063504401959921
1545,372,6.049373652305961,6.04733446256835
1545,373,6.0378398663072534,6.054153022357996
1545,374,6.047901836008036,6.037504814044796
1545,375,6.065627937829595,6.0542790014127785
1545,376,6.039462034251606,6.078398050605864
1545,377,6.069148633725847,6.06508978477186
1545,378,6.0772890125825665,6.0533529387095735
1545,379,6.053395804013558,6.044291270041284
1545,380,6.071567001832688,6.046900717945297
1545,381,6.064285491984844,6.060903891509448
1545,382,6.057607639921151,6.071155468829626
1545,383,6.081798221380899,6.053396913303686
1545,384,6.048964129872526,6.050203285860687
1545,385,6.0579782002871285,6.066945350667782
1545,386,6.044585594234065,6.0689682833389655
1545,387,6.057218932275048,6.041339647723243
1545,388,6.040275080475202,6.05339175795941
1545,389,6.07345302552672,6.045536221187532
1545,390,6.045089937698217,6.040827736240332
1545,391,6.066389753136448,6.05200137860364
1545,392,6.049759962068848,6.049907903386207
1545,393,6.066170817897491,6.047557326841523
1545,394,6.058677037151832,6.05248822737722
1545,395,6.057413712048015,6.075429211054888
1545,396,6.054096257468812,6.059593985715203
1545,397,6.061042850025271,6.066774509406685
1545,398,6.063861161903275,6.0660459013823145
1545,399,6.0576984747165605,6.05928973839223
1545,400,6.04695225187288,6.058313418534174
1545,401,6.055941014050591,6.043041444924758
1545,402,6.051525058148031,6.0738914904502375
1545,403,6.0601520403878295,6.056889893173522
1545,404,6.061493895255232,6.061475778112562
1545,405,6.057573566952098,6.043041444924758
1545,406,6.056713380405032,6.060989222237711
1545,407,6.043655061540084,6.056758622919541
1545,408,6.0458285954003825,6.039577127066299
1545,409,6.053250187780144,6.041339647723243
1545,410,6.063563286334748,6.043489691817059
1545,411,6.035856402231132,6.041826744206028
1545,412,6.076359326677146,6.048970530617299
1545,413,6.064542901098159,6.04951312221146
1545,414,6.052488468604348,6.052641896832421
1545,415,6.044238479222191,6.059766295957835
1545,416,6.053974804186289,6.049335155188558
1545,417,6.056827273987022,6.036478304690735
1545,418,6.049079526378138,6.035315698010861
1545,419,6.042575904845935,6.0640710896713355
1545,420,6.067183192981772,6.062258525653776
1545,421,6.030789635308271,6.050563832600924
1545,422,6.055300883396414,6.064015911578783
1545,423,6.050354868196416,6.055276052162367
1545,424,6.049528599371488,6.058035747314306
1545,425,6.049228633273655,6.065985221304956
1545,426,6.048606573196216,6.056561801915457
1545,427,6.040097507999859,6.052628590482784
1545,428,6.0615586034007665,6.061475778112562
1545,429,6.052812980364805,6.052075687184838
1545,430,6.059282354782037,6.058875044443949
1545,431,6.023501921860191,6.055922584705385
1545,432,6.034845479408728,6.0639558312681645
1545,433,6.062257529458399,6.042055386200876
1545,434,6.046718174134467,6.053952509343878
1545,435,6.073887437577586,6.051794255585781
1545,436,6.061373592848268,6.057901777566713
1545,437,6.04238984991012,6.069245407684327
1545,438,6.032000407879858,6.075429211054888
1545,439,6.048617350733235,6.057603680005484
1545,440,6.038514937246951,6.07129985667816
1545,441,6.059750792675308,6.053994543346643
1545,442,6.055222121940654,6.051871404530409
1545,443,6.05558955091517,6.043711063843721
1545,444,6.039710112979579,6.054860365415372
1545,445,6.050607764679716,6.06334485005764
1545,446,6.047776785975286,6.054136112561479
1545,447,6.054229888025591,6.07434408726956
1545,448,6.053159758741544,6.076747131424666
1545,449,6.052075684891123,6.05395157070214
1545,450,6.043075547873028,6.049980145067654
1545,451,6.0681940851118,6.040609307851768
1545,452,6.069745543219239,6.042392576606469
1545,453,6.078893379971824,6.039088176966489
1545,454,6.04020283188762,6.067574857750106
1545,455,6.055585650383823,6.056152930329
1545,456,6.067045351919056,6.052024727668286
1545,457,6.060409911670963,6.056795007637613
1545,458,6.060469165233043,6.059761165818023
1545,459,6.057847185235853,6.041104758577252
1545,460,6.057757418215656,6.0649373598066205
1545,461,6.04388240588064,6.039517676402786
1545,462,6.050133521757172,6.05565335384715
1545,463,6.050251306591722,6.048937110981036
1545,464,6.065387196799551,6.050483983692949
1545,465,6.05544175386332,6.0632053973657
1545,466,6.067399479886875,6.060951351665402
1545,467,6.042730930790533,6.061348515069885
1545,468,6.058704313626907,6.054104876602515
1545,469,6.062068875060423,6.06939427355051
1545,470,6.041948680376032,6.060309781756375
1545,471,6.059371347060462,6.054115152339499
1545,472,6.062167631080938,6.052148085409326
1545,473,6.05515850407322,6.054059616132334
1545,474,6.0386384540455555,6.0603641074525365
1545,475,6.058878551926003,6.04733446256835
1545,476,6.067794569685238,6.069566026659441
1545,477,6.059966353037136,6.057118130242581
1545,478,6.052743281768175,6.049145644456048
1545,479,6.05383146813103,6.060510573700243
1545,480,6.042483201689967,6.054109297272119
1545,481,6.056909230200128,6.058875044443949
1545,482,6.046235868857554,6.05785405920789
1545,483,6.053524008113514,6.0353380927469935
1545,484,6.063596662380137,6.063588591062764
1545,485,6.064085362575908,6.04733446256835
1545,486,6.065494567398344,6.048623259801321
1545,487,6.0680021901166805,6.067817549533863
1545,488,6.059293730463591,6.071346211046256
1545,489,6.062947587980584,6.043711063843721
1545,490,6.0386631010339125,6.056058637208894
1545,491,6.0644745796891595,6.075917192287191
1545,492,6.065344541227032,6.045265987758433
1545,493,6.062256411248437,6.035130698542406
1545,494,6.051870592457348,6.049335155188558
1545,495,6.0492358600960126,6.034242026851405
1545,496,6.044963247186732,6.047886335734608
1545,497,6.057352333444175,6.048507049393485
1545,498,6.066000245916942,6.073403942890907
1545,499,6.0676936945684306,6.047392595874695
1600,0,6.046257949561488,6.0411531800205385
1600,1,6.058609692761656,6.0581982580816165
1600,2,6.041735229743422,6.047679115296425
1600,3,6.026683733398381,6.029071821795577
1600,4,6.050364176424373,6.05265596324059
1600,5,6.033813241932807,6.048319552982427
1600,6,6.061510573246217,6.0187436956028755
1600,7,6.046225396754044,6.056902928382177
1600,8,6.0582514458774375,6.038818641705479
1600,9,6.056251108294541,6.032771593921894
1600,10,6.049724502185379,6.056442195982672
1600,11,6.043244874643382,6.054214384500625
1600,12,6.041886599432894,6.043836314654915
1600,13,6.049636046261096,6.051948645747848
1600,14,6.08315598096925,6.034506686318393
1600,15,6.0439583789965745,6.029067984201043
1600,16,6.03062663865336,6.0382210114497905
1600,17,6.055991523316296,6.026491112340577
1600,18,6.041918356064371,6.049043120397647
1600,19,6.040785294288348,6.0491927672262475
1600,20,6.03529342147664,6.0288766629127455
1600,21,6.0413764490763215,6.03806706895524
1600,22,6.039669539006527,6.042589999605923
1600,23,6.0389023438931035,6.064416120434808
1600,24,6.052542188935131,6.031079667782926
1600,25,6.0532283965413605,6.037706743155089
1600,26,6.043734059236334,6.052633070505879
1600,27,6.071008666139836,6.067525224005586
1600,28,6.046246138253877,6.057710719143551
1600,29,6.028593138049587,6.042868966069105
1600,30,6.043628153680906,6.065239997321946
1600,31,6.0432558452541265,6.067017955662783
1600,32,6.0483257175366765,6.049783302593121
1600,33,6.034552761469646,6.055117778737444
1600,34,6.028698391308911,6.040937487013772
1600,35,6.049249588523826,6.061377472640202
1600,36,6.052811310857678,6.042355427919548
1600,37,6.0496294610944465,6.051882853967844
1600,38,6.038978208188924,6.033402151423242
1600,39,6.045103602796895,6.055646022433143
1600,40,6.051803373963943,6.022085317535365
1600,41,6.055270415391685,6.0612369074876575
1600,42,6.049676263817512,6.066279659502931
1600,43,6.061493530577557,6.05311680153483
1600,44,6.0361826150359965,6.038211386348212
1600,45,6.051440552612502,6.032533908963955
1600,46,6.040063728240537,6.048138045418387
1600,47,6.048243264358909,6.049230072365929
1600,48,6.0518463588305424,6.03431672957516
1600,49,6.041204476310859,6.050930598321254
1600,50,6.042729157811648,6.0627542528527645
1600,51,6.03329861232275,6.036351048418082
1600,52,6.063999757048036,6.061529015201421
1600,53,6.0458332028855315,6.044454089563215
1600,54,6.035539169770104,6.01815071853162
1600,55,6.048480176575025,6.052963046900071
1600,56,6.03268358316712,6.057993917037563
1600,57,6.050700531843971,6.0499767813424965
1600,58,6.043231575164377,6.035275670436141
1600,59,6.037352807809823,6.036194330791728
1600,60,6.043834550151578,6.042777832079928
1600,61,6.065398933402593,6.058704046716392
1600,62,6.058895400052295,6.0576490960547185
1600,63,6.059223816315561,6.043197531466458
1600,64,6.050612772916284,6.035240870739452
1600,65,6.0445651870241806,6.0468826426567865
1600,66,6.039425091263854,6.0690762008629795
1600,67,6.061466805231067,6.054320662199808
1600,68,6.050215195002354,6.066728115154332
1600,69,6.051991799517381,6.037403133989717
1600,70,6.044342101928136,6.038398021935285
1600,71,6.082448020686447,6.0302705021162115
1600,72,6.037084691358121,6.050461541613521
1600,73,6.060475780605164,6.0508747343069516
1600,74,6.052644162851975,6.04881061154359
1600,75,6.050142798880064,6.048805681533253
1600,76,6.049311460771337,6.064389242557209
1600,77,6.05116346014523,6.042126613545102
1600,78,6.059390920712652,6.068732446497227
1600,79,6.03273272974994,6.053611876516328
1600,80,6.042575509620315,6.038728338644525
1600,81,6.035940446285084,6.0477147178403285
1600,82,6.0452206649813505,6.047739923454043
1600,83,6.057263989213052,6.035215525277236
1600,84,6.046757141629503,6.035241904123354
1600,85,6.052775895415643,6.036036050424644
1600,86,6.036237441283478,6.049503383202072
1600,87,6.040879736049852,6.065062475456806
1600,88,6.057301584873338,6.039077502512878
1600,89,6.03554678156602,6.05785940393705
1600,90,6.064005642291737,6.049760575814123
1600,91,6.055291662658665,6.061234287848845
1600,92,6.037441889600946,6.065062475456806
1600,93,6.059051547752348,6.0586623758335705
1600,94,6.056208308661133,6.053246094154266
1600,95,6.0561872845042375,6.042539048724434
1600,96,6.050500611320913,6.048598363032315
1600,97,6.043465833629112,6.058046091371784
1600,98,6.031768396024254,6.026581066250905
1600,99,6.048321538610086,6.0264015641359965
1600,100,6.05133961741556,6.059496241666928
1600,101,6.039534546586158,6.037946890305779
1600,102,6.048451181633938,6.045423990722122
1600,103,6.032504971773141,6.044484399676779
1600,104,6.032792851197624,6.048923433929112
1600,105,6.0439130381452895,6.054583737347271
1600,106,6.049379748996941,6.052427091053458
1600,107,6.046195157064434,6.046190637723648
1600,108,6.0436516459946645,6.031950551680514
1600,109,6.054195991906408,6.064420424536972
1600,110,6.0418529974632476,6.058096716785379
1600,111,6.051063940508422,6.039949036006729
1600,112,6.055624644328144,6.052506037487676
1600,113,6.044952548034838,6.062910031454107
1600,114,6.0439291207796275,6.035673005707875
1600,115,6.05086452847103,6.057772225366688
1600,116,6.040343352273159,6.05149951624805
1600,117,6.027956100399795,6.055927913908527
1600,118,6.0506370768684565,6.060411752475176
1600,119,6.04899861601201,6.041238667184776
1600,120,6.04208176178101,6.026676844869718
1600,121,6.050583570219137,6.054880784652108
1600,122,6.030920790991877,6.037923272953356
1600,123,6.051898275005465,6.054237702307834
1600,124,6.055165804377437,6.045428197485037
1600,125,6.0525400231068405,6.059480859616238
1600,126,6.039010766854125,6.04181311937838
1600,127,6.043391680260273,6.0473051806860925
1600,128,6.050454353117081,6.048703919605553
1600,129,6.044076006344095,6.058462563986745
1600,130,6.014975735013481,6.046945422026239
1600,131,6.06535266756545,6.0392314785489525
1600,132,6.0278833916976655,6.062533293799335
1600,133,6.053146884714377,6.059841674828596
1600,134,6.056865685334079,6.0330327842773865
1600,135,6.051396910776174,6.065997307339012
1600,136,6.059591516727709,6.036194330791728
1600,137,6.043082887479179,6.052387288513707
1600,138,6.0492477498084725,6.046479991436571
1600,139,6.0296061216468875,6.046686896595309
1600,140,6.056892805082349,6.037102215858203
1600,141,6.029893118645519,6.054637409967826
1600,142,6.046971368432985,6.051727944238895
1600,143,6.039513109320879,6.046373774520297
1600,144,6.037043158812883,6.037335489160852
1600,145,6.038081316917559,6.065264245954406
1600,146,6.0406596549051965,6.043181527444209
1600,147,6.047498644843124,6.022590292461129
1600,148,6.046372903545315,6.048537534372527
1600,149,6.0310988198336695,6.036685488027414
1600,150,6.043113445740834,6.050553914029243
1600,151,6.026338762201153,6.061551025013614
1600,152,6.033930194994882,6.061707002655345
1600,153,6.058826184226978,6.0373795832732595
1600,154,6.0330198606978005,6.04807842219645
1600,155,6.041005200572012,6.036448091948527
1600,156,6.066494239791956,6.031917162628722
1600,157,6.0291035627001115,6.06736512937285
1600,158,6.057616810987432,6.036127424492899
1600,159,6.056854764984305,6.056845223821187
1600,160,6.035879680637174,6.0578914848480405
1600,161,6.036462599181281,6.061929262999768
1600,162,6.042443214210649,6.054959320815372
1600,163,6.035405287751549,6.049842281515144
1600,164,6.0393025741256405,6.050988868034819
1600,165,6.054117948596219,6.042376899745023
1600,166,6.032386363182507,6.066215827664016
1600,167,6.036186267208482,6.026491112340577
1600,168,6.053645069931428,6.054603456805513
1600,169,6.049277208616539,6.043259918012173
1600,170,6.048501216660582,6.055321506592263
1600,171,6.052249876635531,6.072599730137864
1600,172,6.030499462752988,6.049732682343433
1600,173,6.05942597505084,6.0608968857697265
1600,174,6.053791670264966,6.031671097854904
1600,175,6.042775878163586,6.065264245954406
1600,176,6.055798386352195,6.052387288513707
1600,177,6.046160341113014,6.056144886908732
1600,178,6.053209628912179,6.063671244400567
1600,179,6.03258274233132,6.066099000237108
1600,180,6.045063913764117,6.036440687337527
1600,181,6.036006332332864,6.048983294773559
1600,182,6.036493204054017,6.048319552982427
1600,183,6.042573904314025,6.031897401614777
1600,184,6.045813670058555,6.054880784652108
1600,185,6.048700168586664,6.05943904873036
1600,186,6.048690439880775,6.041959276452783
1600,187,6.054765797082718,6.051046642748864
1600,188,6.051570005126347,6.013558611636135
1600,189,6.06048830300441,6.062560704743249
1600,190,6.059157082005406,6.0330327842773865
1600,191,6.0468363281206345,6.057863859518898
1600,192,6.0333980081150145,6.0531809951324185
1600,193,6.033173408110305,6.049747337796985
1600,194,6.036577325753734,6.0433339130343935
1600,195,6.041495585409711,6.059419703045526
1600,196,6.0479235858412475,6.061694728814808
1600,197,6.040234160127143,6.049401037120663
1600,198,6.049628805153314,6.031049354593178
1600,199,6.041728041277912,6.031097675199752
1600,200,6.035170159153132,6.037403133989717
1600,201,6.049363384244741,6.055357516268578
1600,202,6.0554268406208545,6.053503404382766
1600,203,6.0648584217594985,6.0523032084409785
1600,204,6.054059346420197,6.054610712718274
1600,205,6.044211121046653,6.052788157373394
1600,206,6.050645120037277,6.052117322309225
1600,207,6.029823579166951,6.048878768181484
1600,208,6.03866878390281,6.0346504645279015
1600,209,6.053492446732768,6.048963767659792
1600,210,6.05199610986935,6.05015120269046
1600,211,6.0328516716083636,6.054935738117033
1600,212,6.0258640597103135,6.062890686156723
1600,213,6.0536511327661575,6.054320662199808
1600,214,6.032990707502191,6.042088888845089
1600,215,6.029976522332662,6.045625961033066
1600,216,6.043746809966544,6.046103723115752
1600,217,6.029340290283677,6.048270742439762
1600,218,6.0251933147202985,6.0540150724943045
1600,219,6.037888961599169,6.041512150813951
1600,220,6.028241578577589,6.068573584364399
1600,221,6.04932316809336,6.036267530757543
1600,222,6.0427498015981715,6.053611876516328
1600,223,6.044477419864616,6.0598480659503995
1600,224,6.072359381337696,6.046186439043206
1600,225,6.0347809129475305,6.0187436956028755
1600,226,6.052820434333406,6.055109175077569
1600,227,6.038014343035643,6.040230961998314
1600,228,6.038103695317187,6.0452911831595655
1600,229,6.03618753428001,6.033644013204177
1600,230,6.035489083419037,6.061491637737226
1600,231,6.05897423543314,6.044739347917387
1600,232,6.0610216975594415,6.045519875107073
1600,233,6.055546121755438,6.034486844296889
1600,234,6.048590679426838,6.057092413746174
1600,235,6.051951959586155,6.03371188307985
1600,236,6.049769281680055,6.049503383202072
1600,237,6.044525251798966,6.048923433929112
1600,238,6.044736288617496,6.040754888416333
1600,239,6.054769700550839,6.035306289260494
1600,240,6.048646876245618,6.051882853967844
1600,241,6.037782474025432,6.0543147406765385
1600,242,6.057889728832918,6.0508845348741795
1600,243,6.043473447662737,6.051189116667658
1600,244,6.04905323215783,6.054307543806595
1600,245,6.0576636558284,6.047824680167986
1600,246,6.050696250099079,6.063241193637915
1600,247,6.063372435498095,6.051477522563529
1600,248,6.057633884743639,6.045654420390664
1600,249,6.047489767352812,6.052860158426762
1600,250,6.0467117561506525,6.034134223455908
1600,251,6.064578869773762,6.041827221807214
1600,252,6.024685982545185,6.040131683772378
1600,253,6.05194123349995,6.0340331815426955
1600,254,6.040460850828557,6.04524791996708
1600,255,6.039582678463574,6.039085963113579
1600,256,6.048701152310092,6.038510301657786
1600,257,6.049072511516561,6.053448123995811
1600,258,6.083710699172958,6.049361793524535
1600,259,6.045820156042626,6.063491078128334
1600,260,6.039180106228492,6.057539506630006
1600,261,6.0406971213139355,6.047079283793853
1600,262,6.042755462294978,6.062716764278738
1600,263,6.036687905892647,6.031079667782926
1600,264,6.060008511245232,6.048838164846092
1600,265,6.050583466583767,6.046614672528086
1600,266,6.042999563736935,6.0525397116477295
1600,267,6.061751443153987,6.045295657174657
1600,268,6.038840546794456,6.049040102513721
1600,269,6.0559987812445115,6.074259374642241
1600,270,6.035517458839575,6.036966040895685
1600,271,6.048110065351175,6.045885641438232
1600,272,6.052643948954067,6.049255789323432
1600,273,6.057336776952664,6.052189088199814
1600,274,6.050327581697459,6.066319786906726
1600,275,6.029451587884916,6.048056662827893
1600,276,6.040510809814248,6.051108037668411
1600,277,6.033642961885649,6.062065851185132
1600,278,6.023981264799851,6.038988347010157
1600,279,6.050192510423143,6.061679036366179
1600,280,6.051045912608845,6.038893195063781
1600,281,6.063446938673489,6.031784318792085
1600,282,6.0393290956933905,6.042560318711841
1600,283,6.050715334042786,6.024628479122792
1600,284,6.04325585252432,6.034177275046682
1600,285,6.033551137757036,6.053624655882846
1600,286,6.047674396269406,6.05413166127179
1600,287,6.054216463936269,6.04881061154359
1600,288,6.037501975499609,6.055369151451699
1600,289,6.038784475559798,6.057958914992517
1600,290,6.065125353958275,6.044844715998092
1600,291,6.052033705795097,6.054307543806595
1600,292,6.046931552818577,6.049222536293828
1600,293,6.0281688098708885,6.040605487119193
1600,294,6.049593339284319,6.044556249508483
1600,295,6.0470499788229395,6.042313371326352
1600,296,6.027933711095692,6.049239891857099
1600,297,6.0359960435901785,6.052169754987196
1600,298,6.035975975194714,6.062716764278738
1600,299,6.0406106733215115,6.045652556273432
1600,300,6.05578745893512,6.060837204164252
1600,301,6.042023092789699,6.0346161590204845
1600,302,6.050731842500563,6.023106894705146
1600,303,6.040433059838765,6.052441127800737
1600,304,6.043536242301081,6.04188840469215
1600,305,6.043230422409607,6.068768555801518
1600,306,6.030853468517984,6.0608968857697265
1600,307,6.039051349727203,6.051104968481292
1600,308,6.046047047492687,6.047666295638965
1600,309,6.049140572953521,6.032853518299755
1600,310,6.032405060996844,6.050461541613521
1600,311,6.04720522177502,6.046622123022934
1600,312,6.029594595523329,6.025385001451308
1600,313,6.039873248002702,6.036351048418082
1600,314,6.0551945458870655,6.05785940393705
1600,315,6.051061585451138,6.041504641625338
1600,316,6.004934068321848,6.040084277052662
1600,317,6.050574258731719,6.058099519518533
1600,318,6.02885327700657,6.0373795832732595
1600,319,6.030687954889524,6.057993917037563
1600,320,6.059445402939978,6.070863694001572
1600,321,6.051647025238203,6.039075141396234
1600,322,6.046865678420061,6.046822019553497
1600,323,6.046326271301848,6.052589750697422
1600,324,6.040757586104534,6.041155749452273
1600,325,6.042750816099642,6.03431672957516
1600,326,6.054857664697526,6.043748611761476
1600,327,6.0515538300378315,6.031971650261864
1600,328,6.050511004342438,6.054880784652108
1600,329,6.020607262958869,6.048271231869592
1600,330,6.048142328517889,6.068832381930316
1600,331,6.023937137951059,6.0498956443320075
1600,332,6.055522118751845,6.031784318792085
1600,333,6.060572934010837,6.065552968098738
1600,334,6.039052817099095,6.032351399848876
1600,335,6.051985626300105,6.055646022433143
1600,336,6.067435647620023,6.077571046611318
1600,337,6.034991883841819,6.042126613545102
1600,338,6.031532876135205,6.041674464617808
1600,339,6.0254306576970516,6.051193823105181
1600,340,6.044579804473828,6.06178907005314
1600,341,6.051945030222657,6.05608187131928
1600,342,6.0517487226267095,6.038398021935285
1600,343,6.066024770304788,6.055891091886292
1600,344,6.041560757560818,6.068919638714389
1600,345,6.058090621553538,6.0471234310384485
1600,346,6.030249593366893,6.04807842219645
1600,347,6.050884005311493,6.013558611636135
1600,348,6.036796237946105,6.05176953950454
1600,349,6.055244992039567,6.052273930359843
1600,350,6.038986235203359,6.071530837492163
1600,351,6.017251961266212,6.049180217557531
1600,352,6.032197621172035,6.040776257446743
1600,353,6.058042476789455,6.051567955216489
1600,354,6.0515543220273145,6.055357516268578
1600,355,6.045665900541174,6.054956905331283
1600,356,6.04808968053389,6.0359190230389155
1600,357,6.039081259538009,6.048056662827893
1600,358,6.057440905749772,6.045067962132022
1600,359,6.044876963774484,6.061707002655345
1600,360,6.0455918973148535,6.037025159399942
1600,361,6.066916045886438,6.0508845348741795
1600,362,6.058148348913833,6.045519875107073
1600,363,6.063189972343223,6.068832381930316
1600,364,6.050092651252607,6.048983294773559
1600,365,6.013859889328224,6.0428246081904495
1600,366,6.049913242076423,6.050907540943575
1600,367,6.0374729204429425,6.0346161590204845
1600,368,6.02394848413161,6.049744734139611
1600,369,6.0428880413221675,6.0370298037405306
1600,370,6.041454506958263,6.050354670456058
1600,371,6.049471656705001,6.048703919605553
1600,372,6.044725887436293,6.03379446182634
1600,373,6.042149704526542,6.05668852243307
1600,374,6.035685243956173,6.057574033005291
1600,375,6.049800677195459,6.067041055972346
1600,376,6.0658466831445645,6.054400819423924
1600,377,6.043839713887492,6.035215525277236
1600,378,6.040393944767961,6.0473051806860925
1600,379,6.040710051617195,6.051189116667658
1600,380,6.039553557182832,6.055941124320537
1600,381,6.035622289252173,6.0601994321039
1600,382,6.051228419713399,6.052471977456614
1600,383,6.045461507664795,6.058086758168892
1600,384,6.069601789268851,6.066750380069767
1600,385,6.034931330674125,6.0380050021582115
1600,386,6.0317883232099625,6.0373424965363505
1600,387,6.051712604732011,6.042706075657193
1600,388,6.032025582518345,6.048988625362295
1600,389,6.051837935765972,6.0540662819464535
1600,390,6.0323936088513435,6.064389242557209
1600,391,6.057613782726671,6.049215893690885
1600,392,6.025844837183245,6.051973621760813
1600,393,6.038528086856936,6.049164325559039
1600,394,6.071793905691746,6.0372825723614
1600,395,6.072252188424908,6.0439282829527015
1600,396,6.041776471752656,6.034480542446691
1600,397,6.0519713590117945,6.045792531477598
1600,398,6.049547760289986,6.035419402583741
1600,399,6.041985617733881,6.033465411121942
1600,400,6.0490383548615485,6.046704883406889
1600,401,6.050411856702228,6.047955288449008
1600,402,6.048064582308738,6.048916511635036
1600,403,6.048932377149546,6.061375556005903
1600,404,6.054105001074871,6.044305332508165
1600,405,6.067765476093062,6.061126263822171
1600,406,6.062588833882655,6.049575502980201
1600,407,6.049431104051241,6.035818892872854
1600,408,6.051424789414135,6.037814715941999
1600,409,6.042499758347099,6.052999720694292
1600,410,6.021887827970079,6.055228716366949
1600,411,6.033090941070611,6.05176953950454
1600,412,6.03188514960022,6.066215827664016
1600,413,6.041816353004942,6.041512150813951
1600,414,6.041811693118224,6.057877394429618
1600,415,6.034971908502633,6.066852403943362
1600,416,6.03826746529513,6.0421856329941415
1600,417,6.042707822260876,6.0507762947263695
1600,418,6.030566447867234,6.0298508514303375
1600,419,6.063448772961632,6.0464765447553726
1600,420,6.038241618465937,6.0436018396624664
1600,421,6.030158439881481,6.038117335961168
1600,422,6.051219110061673,6.037521516607897
1600,423,6.03024354026354,6.049239891857099
1600,424,6.06892691967993,6.059192792772493
1600,425,6.0394977981272,6.037590835873086
1600,426,6.059622195473652,6.046814764734098
1600,427,6.038192605089945,6.062625977235002
1600,428,6.049887003939883,6.03890725182124
1600,429,6.035973331133747,6.0458519728131845
1600,430,6.075982956186736,6.051779843981974
1600,431,6.041155139561742,6.039075141396234
1600,432,6.047675650079754,6.037070958691586
1600,433,6.038134217687386,6.050947771623035
1600,434,6.038298333504714,6.0464765447553726
1600,435,6.056343021677169,6.056294888987934
1600,436,6.044804843899618,6.041827221807214
1600,437,6.054976549460003,6.040148313641283
1600,438,6.023506405609758,6.035699574398551
1600,439,6.04275472049866,6.057710719143551
1600,440,6.024612819061636,6.024628479122792
1600,441,6.050234394121352,6.063150835675307
1600,442,6.042746818138516,6.04144429761372
1600,443,6.041423945754656,6.05176953950454
1600,444,6.061617349928696,6.052117322309225
1600,445,6.044670129406478,6.038889761836337
1600,446,6.047339545648564,6.047898139072027
1600,447,6.04997338457755,6.060666554024456
1600,448,6.042147908802483,6.055141648769626
1600,449,6.042919900971833,6.074961742682795
1600,450,6.039243389650193,6.038714454682423
1600,451,6.048523090251235,6.040116140780488
1600,452,6.049477916243798,6.044387868017843
1600,453,6.062151507976665,6.050906564163094
1600,454,6.061642175824922,6.052197110018331
1600,455,6.041515196787165,6.052809396997627
1600,456,6.028964241419595,6.054472010603097
1600,457,6.0413277508323775,6.035699574398551
1600,458,6.051688253462798,6.05692453857659
1600,459,6.034317457867087,6.050848515252404
1600,460,6.044571429347259,6.058004587223336
1600,461,6.03868589901846,6.045308777807187
1600,462,6.033344902580334,6.045985028953453
1600,463,6.044244340956936,6.0570718891245665
1600,464,6.051819374703993,6.058481882818598
1600,465,6.050052768907042,6.056341444008129
1600,466,6.046450480965129,6.056398098775858
1600,467,6.038731188258384,6.053117954652154
1600,468,6.031797935680986,6.035817667461479
1600,469,6.057719890090319,6.062106956709768
1600,470,6.042828161881048,6.0507762947263695
1600,471,6.052352692165327,6.043921858687309
1600,472,6.056997202976162,6.038822629929807
1600,473,6.044900771640684,6.0462083750530216
1600,474,6.055739851163011,6.057013549574412
1600,475,6.038642632741671,6.048916511635036
1600,476,6.056028060645524,6.048953917975031
1600,477,6.0404760989358675,6.039699736436426
1600,478,6.066230945333864,6.050232395735447
1600,479,6.038632450948931,6.04289274760157
1600,480,6.0564093543799435,6.064416120434808
1600,481,6.048325566758789,6.043288222118807
1600,482,6.041762380388194,6.076524002752785
1600,483,6.0527338968749955,6.070226011291488
1600,484,6.043827474347574,6.022590292461129
1600,485,6.033615591186003,6.038714454682423
1600,486,6.026396553750827,6.0346504645279015
1600,487,6.055732523492541,6.051047250797339
1600,488,6.043368227556438,6.043191398554934
1600,489,6.05888785537953,6.041980485908717
1600,490,6.063749748767662,6.049573653102005
1600,491,6.055761737524729,6.046103723115752
1600,492,6.054804928811705,6.042589999605923
1600,493,6.038054934371312,6.034795734660463
1600,494,6.041413711776643,6.045685515125975
1600,495,6.060376654656089,6.050553914029243
1600,496,6.042611182631407,6.046204016707319
1600,497,6.0536120113792125,6.050947771623035
1600,498,6.041400752385586,6.033272451525717
1600,499,6.043928035675706,6.051083317741587
