index,lambda
0,3.4963628792241326e-12
1,6.160207859785593e-11
2,1.0457359168576547e-10
3,1.5554394763633293e-10
4,5.578764750530964e-10
5,7.494209472561359e-10
6,8.593625861274511e-10
7,1.6802590848192088e-09
8,2.5877590467794114e-09
9,2.910979704688688e-09
10,4.4124447057737384e-09
11,5.176150927857961e-09
12,5.777886568460982e-09
13,6.510624187924352e-09
14,6.98883277800058e-09
15,7.978645890697358e-09
16,8.713388577745056e-09
17,9.459597912297467e-09
18,1.1743897100669437e-08
19,1.3028864245646637e-08
20,1.4207217537940823e-08
21,1.5426013366398265e-08
22,1.6674382247232573e-08
23,1.9107761330179304e-08
24,1.9808781698306477e-08
25,2.0421975128581925e-08
26,2.220862256916887e-08
27,2.593856915237296e-08
28,2.7604310639589867e-08
29,2.8870154707399926e-08
30,3.000572512331075e-08
31,3.1403646233532086e-08
32,3.494096928853761e-08
33,3.678198921471739e-08
34,3.87430498920795e-08
35,4.1016074346016716e-08
36,4.3550832003930024e-08
37,4.644165605122338e-08
38,4.883166758105858e-08
39,5.062869941837654e-08
40,5.12000143241509e-08
41,5.6701453223460706e-08
42,5.977529101241847e-08
43,6.21976330317538e-08
44,6.787206481067195e-08
45,6.979728216221628e-08
46,7.192231699282259e-08
47,7.636802130977989e-08
48,8.043359032947178e-08
49,8.686938721631277e-08
50,8.822532783382398e-08
51,9.039193907547992e-08
52,9.473471404121813e-08
53,9.72392452601547e-08
54,1.0006180295521619e-07
55,1.0683846838688793e-07
56,1.103931846474777e-07
57,1.1133531984957741e-07
58,1.170650408490433e-07
59,1.222528196442582e-07
60,1.2519907591616364e-07
61,1.2830403831839695e-07
62,1.377687332119096e-07
63,1.3945411660655891e-07
64,1.4169893930120335e-07
65,1.440844627762548e-07
66,1.4502727615526052e-07
67,1.523400955232842e-07
68,1.5658482882912988e-07
69,1.587653169734918e-07
70,1.664996235579442e-07
71,1.7119692646674032e-07
72,1.7297494435086255e-07
73,1.75908594993444e-07
74,1.8043195227111727e-07
75,1.864178272189313e-07
76,1.8905395304109424e-07
77,1.9803292472334321e-07
78,1.995691486492748e-07
79,2.1286408762273366e-07
80,2.1756580879621472e-07
81,2.1905884372867453e-07
82,2.2381866291893526e-07
83,2.30394613344591e-07
84,2.3560296668617277e-07
85,2.427350576606298e-07
86,2.506883128182725e-07
87,2.5717078978069886e-07
88,2.685498950415476e-07
89,2.699112073347016e-07
90,2.776930839930045e-07
91,2.8586154138260857e-07
92,2.9281970011911525e-07
93,2.988432848306058e-07
94,3.0423277251184636e-07
95,3.084453448414532e-07
96,3.1168697719278443e-07
97,3.193232857661131e-07
98,3.24674678319608e-07
99,3.30535812255651e-07
100,3.375088072487935e-07
101,3.4496921300713387e-07
102,3.5421830351921753e-07
103,3.6090575998019896e-07
104,3.633146215342137e-07
105,3.6978649852202834e-07
106,3.76052669055731e-07
107,3.850730186628284e-07
108,3.8847891620974683e-07
109,3.9821441426717636e-07
110,4.0269247001004616e-07
111,4.138208900064153e-07
112,4.229798962345922e-07
113,4.3091191466046684e-07
114,4.3355190318468705e-07
115,4.535168071934905e-07
116,4.5543760976428123e-07
117,4.629771855315156e-07
118,4.7524766616815656e-07
119,4.801662526755219e-07
120,4.877742714231206e-07
121,4.991628997818506e-07
122,5.049193522545712e-07
123,5.236494113463479e-07
124,5.29634882064297e-07
125,5.339880863496808e-07
126,5.445511834342118e-07
127,5.513626803226141e-07
128,5.580143089162032e-07
129,5.600457400775398e-07
130,5.692294286604982e-07
131,5.827745750141741e-07
132,5.934787943301237e-07
133,5.950832062126073e-07
134,6.047005072417797e-07
135,6.194455803551842e-07
136,6.276536621145986e-07
137,6.372878164578661e-07
138,6.457942098899533e-07
139,6.569696058471862e-07
140,6.624513027880803e-07
141,6.693240697103564e-07
142,6.786221002430608e-07
143,6.961127909326824e-07
144,6.983862430576453e-07
145,7.062963968902835e-07
146,7.238589846142574e-07
147,7.30489429457825e-07
148,7.465945592951872e-07
149,7.565152565681633e-07
150,7.675968894921983e-07
151,7.789513088715062e-07
152,7.835080872235506e-07
153,7.965428257191208e-07
154,8.008330209601889e-07
155,8.139327546745695e-07
156,8.303665539225018e-07
157,8.438421209221174e-07
158,8.492303246967164e-07
159,8.545893711292441e-07
160,8.732460123592669e-07
161,8.797014823217562e-07
162,9.035553444648146e-07
163,9.10316168220774e-07
164,9.131418066161912e-07
165,9.249640854146707e-07
166,9.336264200919452e-07
167,9.440187402024324e-07
168,9.665191290996208e-07
169,9.70661266061865e-07
170,9.957601410463268e-07
171,9.996578061027978e-07
172,1.0130976933725068e-06
173,1.0242003139295008e-06
174,1.0348203239289581e-06
175,1.0515148066829234e-06
176,1.0599789125551096e-06
177,1.0784473467018982e-06
178,1.0905634846884e-06
179,1.1000663121229346e-06
180,1.1178606167036224e-06
181,1.1198412786239896e-06
182,1.1274046295825801e-06
183,1.1399186636539985e-06
184,1.1486089210478637e-06
185,1.1671576005786755e-06
186,1.1828759923864828e-06
187,1.1952577292354975e-06
188,1.2105845764781533e-06
189,1.2137897628609025e-06
190,1.2292171492267296e-06
191,1.2370814029669386e-06
192,1.2519460694065809e-06
193,1.275132166867534e-06
194,1.2894441137295346e-06
195,1.2944758987963629e-06
196,1.3200731406441256e-06
197,1.3279209211666611e-06
198,1.3397563250335232e-06
199,1.3494819888598594e-06
200,1.3609274906228726e-06
201,1.3693220544587189e-06
202,1.3851570756397177e-06
203,1.4132790805389107e-06
204,1.422500307222909e-06
205,1.434436166119726e-06
206,1.449754998959969e-06
207,1.4552510114522232e-06
208,1.492237118359022e-06
209,1.5073249683968808e-06
210,1.5192242452784898e-06
211,1.527634286746423e-06
212,1.5462721372916838e-06
213,1.5500185646532163e-06
214,1.5862631267670695e-06
215,1.5954262781467544e-06
216,1.6042955486593662e-06
217,1.6098883492845402e-06
218,1.6247560356599212e-06
219,1.644929289670631e-06
220,1.668761480803524e-06
221,1.676481595214423e-06
222,1.6959723006789518e-06
223,1.7061092390637064e-06
224,1.7137188080613754e-06
225,1.735713800759342e-06
226,1.7636632506040334e-06
227,1.7673498459867191e-06
228,1.7826566533071904e-06
229,1.7943805482057122e-06
230,1.7992755376163657e-06
231,1.8116269209100354e-06
232,1.8363072485543377e-06
233,1.8484578836084525e-06
234,1.857597542627475e-06
235,1.869220817887361e-06
236,1.880387989758371e-06
237,1.9098464202411098e-06
238,1.930847307801153e-06
239,1.945222925725897e-06
240,1.9523674575509786e-06
241,1.969848444177501e-06
242,1.9840831211156143e-06
243,2.0199015396127535e-06
244,2.030763751933034e-06
245,2.0502929610495915e-06
246,2.0592851191589185e-06
247,2.105178307486278e-06
248,2.105275797577835e-06
249,2.1233023289227666e-06
250,2.133628653591745e-06
251,2.14253611848321e-06
252,2.160194368116815e-06
253,2.175874509843046e-06
254,2.1897371351127855e-06
255,2.2411901438537243e-06
256,2.2438896866533384e-06
257,2.2582353131766702e-06
258,2.2738665800611857e-06
259,2.2947330570321324e-06
260,2.3136653255146215e-06
261,2.3305794745853765e-06
262,2.3432323570381027e-06
263,2.354836110506645e-06
264,2.3682740347604707e-06
265,2.395878569455375e-06
266,2.406069635100008e-06
267,2.4150894170981686e-06
268,2.442566789017175e-06
269,2.45068607529148e-06
270,2.478192289892482e-06
271,2.4936784322324407e-06
272,2.514246433254773e-06
273,2.538397320523156e-06
274,2.5700998668882296e-06
275,2.577952944073968e-06
276,2.6000248280550905e-06
277,2.6253562689667438e-06
278,2.6445247435800112e-06
279,2.68199917660681e-06
280,2.7064304625816205e-06
281,2.712071249730234e-06
282,2.733189441973732e-06
283,2.7749194659316237e-06
284,2.7778355708248415e-06
285,2.7891499576311606e-06
286,2.8203772849460184e-06
287,2.8284280798088587e-06
288,2.8513292334807015e-06
289,2.8627674620709363e-06
290,2.8793862102994465e-06
291,2.8946348802016723e-06
292,2.910876375635151e-06
293,2.933716920691115e-06
294,2.9485128380740095e-06
295,2.956142712666259e-06
296,2.9782708560549005e-06
297,2.994126487811418e-06
298,3.0288601138148287e-06
299,3.0585842696120574e-06
300,3.0833696252118444e-06
301,3.099980892295587e-06
302,3.1105971811507598e-06
303,3.1478523716638143e-06
304,3.156984957200884e-06
305,3.1937116451938564e-06
306,3.2105087363956672e-06
307,3.23414856369908e-06
308,3.249083337564451e-06
309,3.2738095257851454e-06
310,3.2858537990733115e-06
311,3.316315826959866e-06
312,3.3330782868980744e-06
313,3.3576123032885334e-06
314,3.3651633001182135e-06
315,3.4009052273625673e-06
316,3.4025662514241165e-06
317,3.4422194397196377e-06
318,3.458667054493335e-06
319,3.501558265604143e-06
320,3.5022874645259212e-06
321,3.532963554023295e-06
322,3.5545762521823887e-06
323,3.5744672570767953e-06
324,3.6079638722214494e-06
325,3.6353569728399007e-06
326,3.6564727050274308e-06
327,3.669544336169609e-06
328,3.682191014284041e-06
329,3.7257805454557986e-06
330,3.7341056320966643e-06
331,3.7442621425141524e-06
332,3.7557479403557616e-06
333,3.769655344981326e-06
334,3.8253498152908826e-06
335,3.8345361711146505e-06
336,3.8550280849959246e-06
337,3.876072646947734e-06
338,3.90879415641838e-06
339,3.920293469490775e-06
340,3.945172840432643e-06
341,3.969639195358071e-06
342,4.020746083873134e-06
343,4.04167152112897e-06
344,4.059164843105031e-06
345,4.075403234019545e-06
346,4.109152461861398e-06
347,4.132492814632885e-06
348,4.169876530135558e-06
349,4.172585071150867e-06
350,4.182418927297053e-06
351,4.2154200873655456e-06
352,4.232803791784243e-06
353,4.249955963321943e-06
354,4.263389761730229e-06
355,4.3171901870143725e-06
356,4.335771626721238e-06
357,4.354940813744548e-06
358,4.361330498778787e-06
359,4.388450677122688e-06
360,4.409570697518404e-06
361,4.465009299256819e-06
362,4.495023356064926e-06
363,4.521883693643787e-06
364,4.541653407309251e-06
365,4.595260491497654e-06
366,4.613739509701366e-06
367,4.625154453882075e-06
368,4.652007418451346e-06
369,4.681229264495062e-06
370,4.698401234117585e-06
371,4.713371231081082e-06
372,4.737639312528372e-06
373,4.753883359681093e-06
374,4.782600449432983e-06
375,4.787899231082434e-06
376,4.816058066196409e-06
377,4.827419908454717e-06
378,4.876436175116136e-06
379,4.901701428917133e-06
380,4.954515563663787e-06
381,4.976534457324931e-06
382,4.993869525815247e-06
383,5.01980764158786e-06
384,5.031991617849119e-06
385,5.03990725686747e-06
386,5.074559014936967e-06
387,5.11295464355551e-06
388,5.161738830414488e-06
389,5.176039598947574e-06
390,5.189895444584151e-06
391,5.2193949179154085e-06
392,5.26041787836555e-06
393,5.279920693156726e-06
394,5.323609853646883e-06
395,5.357677296505884e-06
396,5.395377368140268e-06
397,5.4386400470456585e-06
398,5.445976078267918e-06
399,5.466078428891641e-06
400,5.4880106119116474e-06
401,5.517477987663035e-06
402,5.5496903678635695e-06
403,5.569781284918988e-06
404,5.6099550842319386e-06
405,5.640722069383137e-06
406,5.671557984671522e-06
407,5.676301175253302e-06
408,5.7268791698169534e-06
409,5.7404679044813925e-06
410,5.773920998049337e-06
411,5.800377309810082e-06
412,5.815848513535581e-06
413,5.845586863401395e-06
414,5.870030450446223e-06
415,5.881538039556203e-06
416,5.922139306536723e-06
417,5.9562629154744235e-06
418,5.967774523679422e-06
419,5.999725471922639e-06
420,6.025501846518298e-06
421,6.055020694850412e-06
422,6.124951392873913e-06
423,6.137884597973462e-06
424,6.1609274538396165e-06
425,6.167812919679213e-06
426,6.265316336705164e-06
427,6.3052118487929905e-06
428,6.3190729127852175e-06
429,6.3526670972316344e-06
430,6.362787553824418e-06
431,6.37298323806031e-06
432,6.434026917507997e-06
433,6.452674036147223e-06
434,6.4787643316955115e-06
435,6.484363835137945e-06
436,6.507241014036866e-06
437,6.559769239067337e-06
438,6.584937719938042e-06
439,6.626307383440571e-06
440,6.644663784098513e-06
441,6.687817404448712e-06
442,6.7061679437763766e-06
443,6.725077020021984e-06
444,6.749071453998995e-06
445,6.767888141678817e-06
446,6.842486588963481e-06
447,6.862428094710677e-06
448,6.893909104749282e-06
449,6.914675543409624e-06
450,6.921422532713141e-06
451,6.991562701189745e-06
452,7.023475496127024e-06
453,7.0406626557399e-06
454,7.077451019604072e-06
455,7.094204255995113e-06
456,7.109911566516358e-06
457,7.136785066050674e-06
458,7.1769299653132345e-06
459,7.214662256336235e-06
460,7.255631196491341e-06
461,7.29584751702775e-06
462,7.334594355513382e-06
463,7.336962596202313e-06
464,7.424126845428696e-06
465,7.43730750554116e-06
466,7.44773264088905e-06
467,7.487675216209188e-06
468,7.4910447563485025e-06
469,7.550199083561104e-06
470,7.578253528034198e-06
471,7.617932034743319e-06
472,7.655183666521726e-06
473,7.689141938822617e-06
474,7.729004635672504e-06
475,7.759085850276396e-06
476,7.786518820615704e-06
477,7.818092654946716e-06
478,7.828661395561122e-06
479,7.842026843924926e-06
480,7.878609577052524e-06
481,7.907479690541961e-06
482,7.92358356625457e-06
483,7.970501399158944e-06
484,7.990833480512772e-06
485,8.010142812285258e-06
486,8.036800702931974e-06
487,8.098778383642432e-06
488,8.128947142443618e-06
489,8.17636057529935e-06
490,8.219043192528227e-06
491,8.248264866091673e-06
492,8.29259170878192e-06
493,8.324042947958056e-06
494,8.363762678574539e-06
495,8.37633838762047e-06
496,8.425397959665082e-06
497,8.42923372106349e-06
498,8.472041521718829e-06
499,8.497004994266909e-06
500,8.569552096193385e-06
501,8.601782418396295e-06
502,8.6308295686942e-06
503,8.672860481115929e-06
504,8.683592045777014e-06
505,8.736167781061025e-06
506,8.743319336792853e-06
507,8.807137173566616e-06
508,8.844763605556034e-06
509,8.867332744070514e-06
510,8.900155178666625e-06
511,8.918758801318954e-06
512,8.96592997257924e-06
513,8.98188519151364e-06
514,9.041162605098618e-06
515,9.0600018643085e-06
516,9.073521648563807e-06
517,9.10035356294208e-06
518,9.172862819544784e-06
519,9.184334466163943e-06
520,9.232255078050037e-06
521,9.263107227220734e-06
522,9.277028265276378e-06
523,9.353831272927075e-06
524,9.417193505348936e-06
525,9.435160277902665e-06
526,9.480303717798028e-06
527,9.53464205083626e-06
528,9.552919301022477e-06
529,9.60146557873325e-06
530,9.652564640455035e-06
531,9.6937077367832e-06
532,9.714917371488607e-06
533,9.723652112329923e-06
534,9.769068048730995e-06
535,9.84348311373316e-06
536,9.880933829083256e-06
537,9.944820040658008e-06
538,9.951840046638604e-06
539,9.993413123414788e-06
540,1.0015866261236481e-05
541,1.002815649133087e-05
542,1.0072471256845973e-05
543,1.0087645695400222e-05
544,1.0108201512142953e-05
545,1.0194318521474644e-05
546,1.0223486952666717e-05
547,1.023827729064841e-05
548,1.0267890396771171e-05
549,1.0300228074720344e-05
550,1.0320161154150044e-05
551,1.035271946107249e-05
552,1.0420317123922335e-05
553,1.0456797833484479e-05
554,1.048034794413669e-05
555,1.0532253576343749e-05
556,1.0570076708086366e-05
557,1.0604247553508676e-05
558,1.062197015980364e-05
559,1.0635990380254686e-05
560,1.0700367294846002e-05
561,1.0735653791629148e-05
562,1.0815492612866078e-05
563,1.0830742216582628e-05
564,1.0871738515761714e-05
565,1.0955397388355167e-05
566,1.0961692117311214e-05
567,1.1020157052393264e-05
568,1.103487685118233e-05
569,1.1061995093192176e-05
570,1.1081423569963362e-05
571,1.1164065738376689e-05
572,1.1200159563849888e-05
573,1.1200686702286297e-05
574,1.1272227269452321e-05
575,1.1334867370081561e-05
576,1.1371185799803347e-05
577,1.1420244442352359e-05
578,1.1459347839983503e-05
579,1.1505506156189826e-05
580,1.1525121039126674e-05
581,1.1570583336777617e-05
582,1.160456907940882e-05
583,1.1659427740587287e-05
584,1.1694730227732559e-05
585,1.1727564955601035e-05
586,1.1763226059645786e-05
587,1.181606027463605e-05
588,1.1851771492514605e-05
589,1.1913596564474148e-05
590,1.1953570776507859e-05
591,1.1989412657148339e-05
592,1.2039269965173988e-05
593,1.209608181072462e-05
594,1.2120913868459357e-05
595,1.215275194902446e-05
596,1.2164965209067508e-05
597,1.2242589013887822e-05
598,1.2269843812985514e-05
599,1.2304193228544958e-05
600,1.2352043505457739e-05
601,1.2399397485275886e-05
602,1.2468493486503207e-05
603,1.2509728264199906e-05
604,1.254616394397314e-05
605,1.2587441574356736e-05
606,1.2607699959328406e-05
607,1.2684968910765765e-05
608,1.2705036416164371e-05
609,1.2761123712398773e-05
610,1.2808505888674766e-05
611,1.2873765923139237e-05
612,1.2892051118844917e-05
613,1.2897918223404579e-05
614,1.294447467560672e-05
615,1.2997524872254732e-05
616,1.3040015009250465e-05
617,1.3050829042700616e-05
618,1.3101929697038927e-05
619,1.3130704046401466e-05
620,1.3165167567781086e-05
621,1.3191408090440705e-05
622,1.3229129977383064e-05
623,1.3313841981686308e-05
624,1.3351845396852794e-05
625,1.342428839161325e-05
626,1.3472727862079984e-05
627,1.3509586375037553e-05
628,1.3562599726805875e-05
629,1.3604458096685096e-05
630,1.3624217845149462e-05
631,1.3644618097375027e-05
632,1.369496267446289e-05
633,1.3784020583758634e-05
634,1.381474373319132e-05
635,1.3855935235156156e-05
636,1.3886051505313527e-05
637,1.3899029709568805e-05
638,1.3945498836347237e-05
639,1.3997144423532993e-05
640,1.4018900641421409e-05
641,1.4065539558962171e-05
642,1.4081471188687607e-05
643,1.4114409066167677e-05
644,1.417265111154638e-05
645,1.4270668187907323e-05
646,1.4281842872275806e-05
647,1.4327372051690031e-05
648,1.4364146740853179e-05
649,1.4442600064489576e-05
650,1.4503945220155403e-05
651,1.453423187024148e-05
652,1.4567246509506997e-05
653,1.461420947626804e-05
654,1.4620852546302723e-05
655,1.4674427083334061e-05
656,1.4716970999270365e-05
657,1.4755416137494836e-05
658,1.4838185663148e-05
659,1.4867151337716335e-05
660,1.4917277099237144e-05
661,1.494799635958828e-05
662,1.4966466879646011e-05
663,1.506624113755687e-05
664,1.5132388771135061e-05
665,1.520743678250073e-05
666,1.5224167390078898e-05
667,1.5312478598625244e-05
668,1.535730552604105e-05
669,1.537647439746138e-05
670,1.5432390594544437e-05
671,1.5495647910208147e-05
672,1.5521159379669936e-05
673,1.5523660522942908e-05
674,1.5574246263704108e-05
675,1.5628778385623386e-05
676,1.571790374561764e-05
677,1.5776493475360455e-05
678,1.5800131382228997e-05
679,1.5832572775450845e-05
680,1.587833215993655e-05
681,1.5960304850779487e-05
682,1.599518338538624e-05
683,1.6034200716042253e-05
684,1.6110194514513424e-05
685,1.6127940053688687e-05
686,1.6140214750241947e-05
687,1.6187242896807315e-05
688,1.6233091684391997e-05
689,1.627594141786423e-05
690,1.630283652015355e-05
691,1.6402796925479617e-05
692,1.6450288681623826e-05
693,1.6519387741204333e-05
694,1.6555821236725125e-05
695,1.659658092562304e-05
696,1.6653047443194784e-05
697,1.6668163343236225e-05
698,1.670460911147548e-05
699,1.6762148924842994e-05
700,1.6863176960668366e-05
701,1.688876401819883e-05
702,1.6913721635014656e-05
703,1.6981853239516996e-05
704,1.6999971356824407e-05
705,1.707458425482045e-05
706,1.7107709705169975e-05
707,1.7179348626865616e-05
708,1.7194162982373188e-05
709,1.7323772221913276e-05
710,1.735907104616341e-05
711,1.739787133257351e-05
712,1.740040464043551e-05
713,1.745665220953051e-05
714,1.7486522866370407e-05
715,1.753184348749714e-05
716,1.753281581563206e-05
717,1.7618304373035968e-05
718,1.7691297593144037e-05
719,1.7710126267593313e-05
720,1.7765603132257554e-05
721,1.7875022420598595e-05
722,1.7916629395060632e-05
723,1.79556429701429e-05
724,1.804197543400087e-05
725,1.8104604073250495e-05
726,1.814186692387837e-05
727,1.8201944033446058e-05
728,1.8232453801205148e-05
729,1.8321767030354955e-05
730,1.8357177769135615e-05
731,1.838155730943463e-05
732,1.84647593615421e-05
733,1.8516389348925174e-05
734,1.8528244220392867e-05
735,1.8596151055315394e-05
736,1.860084539578369e-05
737,1.8683130559106438e-05
738,1.872239025927443e-05
739,1.8791073508447024e-05
740,1.8834275374942165e-05
741,1.8882386578009766e-05
742,1.89608780149118e-05
743,1.9009179042935683e-05
744,1.9036620112657084e-05
745,1.9050348466218905e-05
746,1.911607578819436e-05
747,1.9168252880910165e-05
748,1.9189959025882e-05
749,1.9286375202745664e-05
750,1.9299205879639762e-05
751,1.9373443167525652e-05
752,1.9393898298568243e-05
753,1.9444566127155424e-05
754,1.950635836573681e-05
755,1.954011916674886e-05
756,1.9594293780902145e-05
757,1.9662855651452936e-05
758,1.9714153688148574e-05
759,1.979983220322889e-05
760,1.982970387306949e-05
761,1.9921306697857216e-05
762,1.9979469110183942e-05
763,2.0019796632645022e-05
764,2.004936416035906e-05
765,2.011099567559983e-05
766,2.0208287406175025e-05
767,2.0282872497770233e-05
768,2.0330735672597266e-05
769,2.035339905413156e-05
770,2.042938720343535e-05
771,2.04821850399128e-05
772,2.052982233952722e-05
773,2.05608324335642e-05
774,2.060111786996213e-05
775,2.0656275863937542e-05
776,2.0681059790599677e-05
777,2.074350433223007e-05
778,2.0806521093925904e-05
779,2.084807384982002e-05
780,2.0917520141013085e-05
781,2.0971641416180043e-05
782,2.098951803510113e-05
783,2.113332441354729e-05
784,2.1150568133145583e-05
785,2.119572712771453e-05
786,2.1283296153401515e-05
787,2.1328049324419355e-05
788,2.1359468473871783e-05
789,2.139734097330498e-05
790,2.14289018694348e-05
791,2.1466108163725976e-05
792,2.1591562412202574e-05
793,2.161385859293779e-05
794,2.1696085774243743e-05
795,2.1712756649232234e-05
796,2.1758201734185598e-05
797,2.1808074663884516e-05
798,2.1901679198518146e-05
799,2.194518545532098e-05
800,2.1971512774459185e-05
801,2.2043018695867217e-05
802,2.2095441850285294e-05
803,2.2134796835558923e-05
804,2.2208056839826253e-05
805,2.2219359746852935e-05
806,2.2312507275126895e-05
807,2.2391555121218114e-05
808,2.240892495365343e-05
809,2.2464398157334038e-05
810,2.251716771916421e-05
811,2.255683224513051e-05
812,2.2687711081505698e-05
813,2.2725311101161468e-05
814,2.2731210372302687e-05
815,2.278748911044022e-05
816,2.2840563814825707e-05
817,2.2887630465554352e-05
818,2.3051484173552193e-05
819,2.3072323987647673e-05
820,2.314799046828129e-05
821,2.323864079290767e-05
822,2.3281396294980013e-05
823,2.3318203858129765e-05
824,2.3410586960771828e-05
825,2.3440009891263114e-05
826,2.3495620163683195e-05
827,2.3536165282640916e-05
828,2.360427898500974e-05
829,2.363839696603868e-05
830,2.3720944742607807e-05
831,2.3814257616120926e-05
832,2.387064485716629e-05
833,2.389327244073291e-05
834,2.3933685128057087e-05
835,2.39845972784813e-05
836,2.4083747370265362e-05
837,2.410656708398524e-05
838,2.423600227991613e-05
839,2.426132150575742e-05
840,2.4302232843730955e-05
841,2.4376991580645814e-05
842,2.44257087465298e-05
843,2.445361503958009e-05
844,2.4545156609854716e-05
845,2.45994897890769e-05
846,2.4643889291025836e-05
847,2.4753847396655526e-05
848,2.4783803159680784e-05
849,2.483900650933243e-05
850,2.493061879483002e-05
851,2.4964564532616472e-05
852,2.5007407213509836e-05
853,2.506569115065481e-05
854,2.51043367498225e-05
855,2.51192490821276e-05
856,2.52236870438383e-05
857,2.5301237701271203e-05
858,2.5343049070675174e-05
859,2.5396372423984337e-05
860,2.5457232878553146e-05
861,2.5602583572044627e-05
862,2.567317036503933e-05
863,2.570169427018439e-05
864,2.5736800774052938e-05
865,2.5790259177903415e-05
866,2.5845235597461422e-05
867,2.5869300027290327e-05
868,2.596531680239703e-05
869,2.598549647138971e-05
870,2.606211222999241e-05
871,2.614355536939096e-05
872,2.6192721988103664e-05
873,2.6208564668605762e-05
874,2.633446864938253e-05
875,2.6377747178269067e-05
876,2.644257958077931e-05
877,2.6537301417108778e-05
878,2.657773879364507e-05
879,2.6659060939639497e-05
880,2.6728255995944114e-05
881,2.6765686345331594e-05
882,2.687137305231604e-05
883,2.6887248771313057e-05
884,2.6908266790262504e-05
885,2.6950472498241458e-05
886,2.7049905712276616e-05
887,2.7075940830972083e-05
888,2.715424770633261e-05
889,2.717470027232378e-05
890,2.723918947313445e-05
891,2.7328903589844732e-05
892,2.739352094531455e-05
893,2.747079098006951e-05
894,2.7535924448947002e-05
895,2.760116186803882e-05
896,2.7629887255221424e-05
897,2.7750498632995995e-05
898,2.7785360171553154e-05
899,2.783649434316821e-05
900,2.7906359152610575e-05
901,2.804803820607807e-05
902,2.806090921791762e-05
903,2.8137800434902643e-05
904,2.8300157284721187e-05
905,2.834470599658655e-05
906,2.8407243766079114e-05
907,2.8479900113091277e-05
908,2.850023166821724e-05
909,2.860420805037599e-05
910,2.866441289796347e-05
911,2.8756166247422913e-05
912,2.8773644751607024e-05
913,2.8858685011329436e-05
914,2.8886314311298692e-05
915,2.892352330673093e-05
916,2.896463364963154e-05
917,2.9035687880827913e-05
918,2.9156137725338756e-05
919,2.92526833201674e-05
920,2.928594807586141e-05
921,2.9309285741821843e-05
922,2.941940200334931e-05
923,2.9463048231640804e-05
924,2.948740841990929e-05
925,2.9556745513425e-05
926,2.957092241535151e-05
927,2.962929092024831e-05
928,2.9738205101798208e-05
929,2.9868458795793087e-05
930,2.9904709873913466e-05
931,2.9921376568917654e-05
932,2.9987701221179625e-05
933,3.0054647681229142e-05
934,3.0162618617894906e-05
935,3.0270306863457564e-05
936,3.0286016910765585e-05
937,3.0354118493235705e-05
938,3.0403502196341583e-05
939,3.0429449429227008e-05
940,3.0438048732115645e-05
941,3.053913396860818e-05
942,3.0638706431109655e-05
943,3.072768769814269e-05
944,3.081444182465108e-05
945,3.08627639629806e-05
946,3.0873845129104415e-05
947,3.09614538703187e-05
948,3.106007516317838e-05
949,3.1094764254232955e-05
950,3.115593333091693e-05
951,3.125841197884276e-05
952,3.129769174692364e-05
953,3.1431937551459195e-05
954,3.147005985488967e-05
955,3.156700612263568e-05
956,3.160589915537726e-05
957,3.167624404307979e-05
958,3.176065371960338e-05
959,3.179077046316514e-05
960,3.1902620398340665e-05
961,3.192882640154968e-05
962,3.193754601618118e-05
963,3.213210866982276e-05
964,3.2159172925202066e-05
965,3.228538213583113e-05
966,3.233748076145084e-05
967,3.239083910181187e-05
968,3.2396871190882475e-05
969,3.250560583339535e-05
970,3.2585087651337564e-05
971,3.26956243738054e-05
972,3.274509893058628e-05
973,3.2818712580276445e-05
974,3.285930330926596e-05
975,3.290079818464574e-05
976,3.2973033204635206e-05
977,3.3064429112396584e-05
978,3.313262936140121e-05
979,3.322279967915789e-05
980,3.3246820836231166e-05
981,3.330313811474507e-05
982,3.342345653314308e-05
983,3.343242124616786e-05
984,3.347443870849967e-05
985,3.3578545492301004e-05
986,3.373540802322558e-05
987,3.3752454494352545e-05
988,3.379958892387334e-05
989,3.3865279206154794e-05
990,3.40226331262814e-05
991,3.407591389462275e-05
992,3.414835202486112e-05
993,3.4158238741692194e-05
994,3.422928161418361e-05
995,3.43225047703192e-05
996,3.4347655214957053e-05
997,3.4406859017033445e-05
998,3.455257755583249e-05
999,3.459740207755739e-05
1000,3.4700342525888366e-05
1001,3.470388973167973e-05
1002,3.480951928514943e-05
1003,3.489661603155064e-05
1004,3.493550558180009e-05
1005,3.495604875608605e-05
1006,3.501309840778517e-05
1007,3.5083802220299924e-05
1008,3.5129276432515525e-05
1009,3.521362746493561e-05
1010,3.5302414614607284e-05
1011,3.541098072985663e-05
1012,3.546849796813791e-05
1013,3.549063832587e-05
1014,3.5601745436835936e-05
1015,3.5655457193875596e-05
1016,3.5770074862537805e-05
1017,3.584870217252683e-05
1018,3.587375154389003e-05
1019,3.594569479574994e-05
1020,3.602018802555636e-05
1021,3.607191309059567e-05
1022,3.615827162583845e-05
1023,3.6251528961750346e-05
1024,3.631274442068532e-05
1025,3.6335139066175815e-05
1026,3.65279620197883e-05
1027,3.6553470060825334e-05
1028,3.668620253833788e-05
1029,3.6709672493436335e-05
1030,3.6792439308861766e-05
1031,3.691115242201247e-05
1032,3.692529033124059e-05
1033,3.695238277583928e-05
1034,3.706541008111155e-05
1035,3.714292328067578e-05
1036,3.7201036603682635e-05
1037,3.7306006145366136e-05
1038,3.734817083016533e-05
1039,3.740506750159227e-05
1040,3.75010783549977e-05
1041,3.754615551603901e-05
1042,3.76009398918579e-05
1043,3.768542107792273e-05
1044,3.784809742569115e-05
1045,3.7907692793618387e-05
1046,3.793020375336853e-05
1047,3.809466045200883e-05
1048,3.810902439198288e-05
1049,3.82020766550825e-05
1050,3.826660808439642e-05
1051,3.830531290265445e-05
1052,3.846226267816214e-05
1053,3.8531209429543e-05
1054,3.8596489997256435e-05
1055,3.863407104462705e-05
1056,3.870924394026403e-05
1057,3.880181110099342e-05
1058,3.884354858193476e-05
1059,3.903265834729975e-05
1060,3.909968264267168e-05
1061,3.915116530321172e-05
1062,3.9199898743132374e-05
1063,3.928606718632349e-05
1064,3.932918096977073e-05
1065,3.938267457233255e-05
1066,3.950394398547008e-05
1067,3.9561377316630485e-05
1068,3.963832795451023e-05
1069,3.9816071653384675e-05
1070,3.9838076540715633e-05
1071,3.99316587048129e-05
1072,4.004346202930874e-05
1073,4.010439507101907e-05
1074,4.012531960295615e-05
1075,4.020732479108036e-05
1076,4.0305580716564294e-05
1077,4.0393970492783356e-05
1078,4.045166713157451e-05
1079,4.046493669549485e-05
1080,4.0577380033814186e-05
1081,4.064581317194182e-05
1082,4.079020953189963e-05
1083,4.0815671712471135e-05
1084,4.088018842616085e-05
1085,4.096349050471953e-05
1086,4.1032865009862935e-05
1087,4.107420133398975e-05
1088,4.116355622094338e-05
1089,4.125074728280611e-05
1090,4.126767375619788e-05
1091,4.1400262009342814e-05
1092,4.151654183801609e-05
1093,4.162596411021601e-05
1094,4.1749944415832454e-05
1095,4.179349231315894e-05
1096,4.1848343881274154e-05
1097,4.194953750097721e-05
1098,4.2014914407712446e-05
1099,4.2123321295200504e-05
1100,4.2184677573921885e-05
1101,4.220750510840651e-05
1102,4.224476143877642e-05
1103,4.2319827469975324e-05
1104,4.2493671515070825e-05
1105,4.2530971379206476e-05
1106,4.2623021409416905e-05
1107,4.2694459888162194e-05
1108,4.285442142547712e-05
1109,4.2870122618290793e-05
1110,4.295165877449705e-05
1111,4.3032961005788074e-05
1112,4.304229879848995e-05
1113,4.313851312452301e-05
1114,4.324168354641573e-05
1115,4.327239457400033e-05
1116,4.338644845243676e-05
1117,4.346473257363294e-05
1118,4.3586317294153034e-05
1119,4.3647490041335375e-05
1120,4.3788439347810575e-05
1121,4.383536592784831e-05
1122,4.387301853864482e-05
1123,4.4001387219772476e-05
1124,4.402953025510859e-05
1125,4.4083727869088554e-05
1126,4.417937416523018e-05
1127,4.430121915878333e-05
1128,4.433957345863851e-05
1129,4.4489712897799536e-05
1130,4.456197872155881e-05
1131,4.458254904141964e-05
1132,4.4705296988747336e-05
1133,4.4796834356669214e-05
1134,4.487804295890851e-05
1135,4.494483940164553e-05
1136,4.5013088894677065e-05
1137,4.506193288868518e-05
1138,4.512362315254071e-05
1139,4.5212741911656974e-05
1140,4.527360035462839e-05
1141,4.5356136968033524e-05
1142,4.5475380440721915e-05
1143,4.555107957526304e-05
1144,4.563140529683438e-05
1145,4.568808832009724e-05
1146,4.572585682864689e-05
1147,4.5795402925584436e-05
1148,4.5833898189904925e-05
1149,4.591970051747121e-05
1150,4.598519113045815e-05
1151,4.6073874951266926e-05
1152,4.618233561240246e-05
1153,4.627206701220033e-05
1154,4.639781581061774e-05
1155,4.647784756792353e-05
1156,4.6549874579161124e-05
1157,4.663933489157767e-05
1158,4.6791299879865724e-05
1159,4.6806405802245755e-05
1160,4.6932562407076406e-05
1161,4.698015146820677e-05
1162,4.701898668216847e-05
1163,4.7097672971853354e-05
1164,4.727229407004356e-05
1165,4.729177845752796e-05
1166,4.739093680503023e-05
1167,4.747778243602554e-05
1168,4.752694608774053e-05
1169,4.761323336812045e-05
1170,4.767830057762644e-05
1171,4.782901942283247e-05
1172,4.791652246649868e-05
1173,4.799875488646799e-05
1174,4.807190233956256e-05
1175,4.808585336545208e-05
1176,4.819341732777316e-05
1177,4.833502658814753e-05
1178,4.8418673276482624e-05
1179,4.8506322982301934e-05
1180,4.861286142930985e-05
1181,4.867163224391785e-05
1182,4.875548263738605e-05
1183,4.884148970131957e-05
1184,4.89400852818111e-05
1185,4.9000160091932466e-05
1186,4.9090916152409625e-05
1187,4.917966424442417e-05
1188,4.92991581203222e-05
1189,4.93449417331112e-05
1190,4.942088241540841e-05
1191,4.9517763981394275e-05
1192,4.960103624666598e-05
1193,4.97116365448118e-05
1194,4.97961948180556e-05
1195,4.9857446969860985e-05
1196,4.9927284190873605e-05
1197,5.002425609353696e-05
1198,5.013075255381872e-05
1199,5.018926135414849e-05
1200,5.024388575467662e-05
1201,5.037835958488459e-05
1202,5.045009060432013e-05
1203,5.05662300312127e-05
1204,5.061455787598262e-05
1205,5.0755169034319004e-05
1206,5.083135184474801e-05
1207,5.086663762442631e-05
1208,5.105769550548837e-05
1209,5.110614437026313e-05
1210,5.117342424471182e-05
1211,5.125155312742644e-05
1212,5.1276778573234904e-05
1213,5.135174837981084e-05
1214,5.142529434719761e-05
1215,5.149762648482959e-05
1216,5.159785638947149e-05
1217,5.1737467583164614e-05
1218,5.1816795267487734e-05
1219,5.185915246360348e-05
1220,5.1916617317940054e-05
1221,5.208338847447382e-05
1222,5.2114957677975804e-05
1223,5.221440541332996e-05
1224,5.2372231293819105e-05
1225,5.244188741619925e-05
1226,5.251061430892727e-05
1227,5.256964696825317e-05
1228,5.270268148757835e-05
1229,5.2732074189043115e-05
1230,5.279254953465329e-05
1231,5.293683185551689e-05
1232,5.302594493505552e-05
1233,5.3150483687340266e-05
1234,5.3317044301394196e-05
1235,5.335403065565005e-05
1236,5.3414183917502505e-05
1237,5.35620331176594e-05
1238,5.3584381301446344e-05
1239,5.360870033299055e-05
1240,5.3678306389918546e-05
1241,5.37451206087902e-05
1242,5.399432481367236e-05
1243,5.401394056722707e-05
1244,5.410117086969846e-05
1245,5.424461197891718e-05
1246,5.433686320464306e-05
1247,5.437508821767485e-05
1248,5.4447205132544694e-05
1249,5.445516987933542e-05
1250,5.4544475661970036e-05
1251,5.464507773564444e-05
1252,5.4807964127286686e-05
1253,5.490007778669122e-05
1254,5.498305014038842e-05
1255,5.51167321140346e-05
1256,5.519179627590886e-05
1257,5.530515099845782e-05
1258,5.534073756301965e-05
1259,5.536847740461951e-05
1260,5.554564802917231e-05
1261,5.56430232332803e-05
1262,5.575995910307665e-05
1263,5.5811888524333114e-05
1264,5.59315917066036e-05
1265,5.6000141777913404e-05
1266,5.6016932872994944e-05
1267,5.6162560144747835e-05
1268,5.6173834007847605e-05
1269,5.646366867837243e-05
1270,5.6522098149524436e-05
1271,5.658168940528267e-05
1272,5.6655783987928036e-05
1273,5.678607906544389e-05
1274,5.684539144500898e-05
1275,5.690911274783368e-05
1276,5.699107438351409e-05
1277,5.7105112092713275e-05
1278,5.723382494327479e-05
1279,5.7317916152165735e-05
1280,5.749852659813112e-05
1281,5.75305457336464e-05
1282,5.7653043192819816e-05
1283,5.776358640678698e-05
1284,5.7840669619997447e-05
1285,5.785991703833845e-05
1286,5.80401818179173e-05
1287,5.806411574159389e-05
1288,5.8231400127968246e-05
1289,5.841851363613471e-05
1290,5.848965152766066e-05
1291,5.8556680725567745e-05
1292,5.8646411796754e-05
1293,5.870872410659912e-05
1294,5.8742832923616066e-05
1295,5.884141451525688e-05
1296,5.884755576965555e-05
1297,5.900599202534783e-05
1298,5.913608936296306e-05
1299,5.924742478648063e-05
1300,5.931431627687758e-05
1301,5.940102335618641e-05
1302,5.9439692077120836e-05
1303,5.954584716157888e-05
1304,5.967827483767274e-05
1305,5.972476460301988e-05
1306,5.983044290727644e-05
1307,5.997763225773603e-05
1308,6.0045770587943544e-05
1309,6.015243058235121e-05
1310,6.019637940772688e-05
1311,6.023680889677554e-05
1312,6.036639322324092e-05
1313,6.043565141552474e-05
1314,6.06511590720306e-05
1315,6.0716109945668685e-05
1316,6.076770900213013e-05
1317,6.0895361702814813e-05
1318,6.107493055654113e-05
1319,6.113990161777039e-05
1320,6.1243122606249e-05
1321,6.126077276980753e-05
1322,6.131656038018641e-05
1323,6.151481158161526e-05
1324,6.162948023663137e-05
1325,6.164021760186535e-05
1326,6.173030908438946e-05
1327,6.17711083956555e-05
1328,6.206442885093487e-05
1329,6.210033351459815e-05
1330,6.218697112306349e-05
1331,6.224388426212761e-05
1332,6.241141649688949e-05
1333,6.25065833745599e-05
1334,6.256744390992499e-05
1335,6.263152837489327e-05
1336,6.271478674192775e-05
1337,6.285051349649692e-05
1338,6.293855203011665e-05
1339,6.304710246414387e-05
1340,6.314236611250509e-05
1341,6.322532148736069e-05
1342,6.328949634346887e-05
1343,6.33523850996109e-05
1344,6.342278427609684e-05
1345,6.361202942564663e-05
1346,6.366557468621917e-05
1347,6.376500388112482e-05
1348,6.386159690079042e-05
1349,6.3954862294064e-05
1350,6.405940177734172e-05
1351,6.424406210563158e-05
1352,6.432541201096635e-05
1353,6.449506826504849e-05
1354,6.458346014325357e-05
1355,6.46526509650785e-05
1356,6.475682827843671e-05
1357,6.48643539465823e-05
1358,6.492831812244989e-05
1359,6.509276135776219e-05
1360,6.512432455189647e-05
1361,6.52691099569898e-05
1362,6.534407521725834e-05
1363,6.537173127451532e-05
1364,6.562607650134271e-05
1365,6.568866616239236e-05
1366,6.571261939340938e-05
1367,6.583206890979695e-05
1368,6.592650710646475e-05
1369,6.608839890306039e-05
1370,6.617215889879053e-05
1371,6.626782072227537e-05
1372,6.642821669987547e-05
1373,6.656355655488552e-05
1374,6.658802595064199e-05
1375,6.67304846002188e-05
1376,6.68537377285106e-05
1377,6.69693109873201e-05
1378,6.702498702453521e-05
1379,6.713013227540893e-05
1380,6.715805244676257e-05
1381,6.72019153206596e-05
1382,6.72615495686584e-05
1383,6.741553225863971e-05
1384,6.752532767950746e-05
1385,6.759720616261372e-05
1386,6.774191352957153e-05
1387,6.775543445899287e-05
1388,6.782624357085328e-05
1389,6.797467087948907e-05
1390,6.802870638427001e-05
1391,6.82125386048478e-05
1392,6.836227735685515e-05
1393,6.842986442860868e-05
1394,6.852443884011646e-05
1395,6.862824894072077e-05
1396,6.871964434431029e-05
1397,6.876556199070386e-05
1398,6.897128963845084e-05
1399,6.907780080920163e-05
1400,6.919390761400594e-05
1401,6.937143089920829e-05
1402,6.941574316074366e-05
1403,6.951204714233123e-05
1404,6.960647414317996e-05
1405,6.970421256413525e-05
1406,6.993043470558077e-05
1407,6.999173010066442e-05
1408,7.015365488537673e-05
1409,7.024129106850995e-05
1410,7.030549468531077e-05
1411,7.041773948756947e-05
1412,7.055986923637922e-05
1413,7.06311382995225e-05
1414,7.079834907666876e-05
1415,7.082146949359219e-05
1416,7.085260160927824e-05
1417,7.088471929612342e-05
1418,7.103239304646593e-05
1419,7.107260818614032e-05
1420,7.114862783875544e-05
1421,7.13641077888597e-05
1422,7.142231183092033e-05
1423,7.148004116519659e-05
1424,7.159531388274053e-05
1425,7.175447391914162e-05
1426,7.190250006204244e-05
1427,7.199438493868047e-05
1428,7.2052747971991e-05
1429,7.208232685175553e-05
1430,7.218119773006716e-05
1431,7.225968351518715e-05
1432,7.246666799389686e-05
1433,7.254045860972216e-05
1434,7.262469905923494e-05
1435,7.278212854752155e-05
1436,7.286508831382567e-05
1437,7.295914738366986e-05
1438,7.301379909048298e-05
1439,7.324215121783714e-05
1440,7.326129005421868e-05
1441,7.338087670813834e-05
1442,7.346348856013308e-05
1443,7.370161703555192e-05
1444,7.379376246509829e-05
1445,7.385546704662393e-05
1446,7.395453183342234e-05
1447,7.415255850676207e-05
1448,7.417685813727409e-05
1449,7.428902629810968e-05
1450,7.445311524142387e-05
1451,7.454362286087125e-05
1452,7.462470555421421e-05
1453,7.468230958535171e-05
1454,7.494295014709142e-05
1455,7.500030142692768e-05
1456,7.513228771487739e-05
1457,7.526959613510978e-05
1458,7.531048411563226e-05
1459,7.554146978137886e-05
1460,7.561014754356954e-05
1461,7.56643856090847e-05
1462,7.579096741541293e-05
1463,7.58116103989265e-05
1464,7.597513934366439e-05
1465,7.600643960065235e-05
1466,7.611089004831261e-05
1467,7.639206922741722e-05
1468,7.647726391389481e-05
1469,7.657725104412851e-05
1470,7.66649157855406e-05
1471,7.674028712338354e-05
1472,7.699675391948875e-05
1473,7.704231430807766e-05
1474,7.711283832150172e-05
1475,7.71650087498455e-05
1476,7.727565594378495e-05
1477,7.753494364122708e-05
1478,7.755094156684268e-05
1479,7.755917661423757e-05
1480,7.765221622611974e-05
1481,7.779485898390252e-05
1482,7.788267757946066e-05
1483,7.802850680292515e-05
1484,7.812192319136933e-05
1485,7.821905137319598e-05
1486,7.832308148978997e-05
1487,7.85363252611288e-05
1488,7.858656795196955e-05
1489,7.86995203562866e-05
1490,7.87970421841146e-05
1491,7.888021327018214e-05
1492,7.894703792988738e-05
1493,7.906105871854216e-05
1494,7.9130333795033e-05
1495,7.95153466171104e-05
1496,7.962692097608542e-05
1497,7.964180306016401e-05
1498,7.975248094151562e-05
1499,7.978220498032857e-05
1500,8.000094405585234e-05
1501,8.011098771121737e-05
1502,8.018617914082984e-05
1503,8.025900079608548e-05
1504,8.032002373838194e-05
1505,8.049182839617356e-05
1506,8.049326858478999e-05
1507,8.056328938141719e-05
1508,8.066452751557609e-05
1509,8.082452060189835e-05
1510,8.097736099314097e-05
1511,8.099887144005449e-05
1512,8.11783686488348e-05
1513,8.122302844836468e-05
1514,8.143958013062592e-05
1515,8.155023949410204e-05
1516,8.161414824106365e-05
1517,8.175787371872733e-05
1518,8.176574709806255e-05
1519,8.19777137710128e-05
1520,8.207105154451362e-05
1521,8.212782408580081e-05
1522,8.220945886734523e-05
1523,8.230162012776211e-05
1524,8.2423253587634e-05
1525,8.264841281546063e-05
1526,8.269125911291527e-05
1527,8.281681839844798e-05
1528,8.293311474467713e-05
1529,8.311530316394651e-05
1530,8.330608448810502e-05
1531,8.332959416907519e-05
1532,8.346788087247584e-05
1533,8.352131739260035e-05
1534,8.3725563784488e-05
1535,8.382648461826875e-05
1536,8.402211099283485e-05
1537,8.407317853760102e-05
1538,8.419007119807247e-05
1539,8.433645274396129e-05
1540,8.4442901557887e-05
1541,8.457210470650273e-05
1542,8.464149982904198e-05
1543,8.474745532126864e-05
1544,8.492044937279655e-05
1545,8.496722688485669e-05
1546,8.511989690817048e-05
1547,8.522508960796264e-05
1548,8.533921897011861e-05
1549,8.535853566038286e-05
1550,8.545447497508888e-05
1551,8.558361105417992e-05
1552,8.582852047416694e-05
1553,8.588499641332496e-05
1554,8.596886854902079e-05
1555,8.604717891930492e-05
1556,8.632040631758994e-05
1557,8.638684196511453e-05
1558,8.65951295576324e-05
1559,8.667869835101567e-05
1560,8.681818348673573e-05
1561,8.68642246158119e-05
1562,8.698919078268094e-05
1563,8.709241675775592e-05
1564,8.718839154160074e-05
1565,8.724043853727343e-05
1566,8.742932590219775e-05
1567,8.757383526620856e-05
1568,8.774296090126685e-05
1569,8.78372221115853e-05
1570,8.790722485317611e-05
1571,8.814374160449476e-05
1572,8.820509926568467e-05
1573,8.83569055081244e-05
1574,8.841657731205291e-05
1575,8.849524932689919e-05
1576,8.863035451213717e-05
1577,8.86622853817576e-05
1578,8.87814895605977e-05
1579,8.886183844908004e-05
1580,8.897047707943879e-05
1581,8.913585147708467e-05
1582,8.930501911011075e-05
1583,8.934795572848947e-05
1584,8.942737150251423e-05
1585,8.945620834117174e-05
1586,8.961322934058608e-05
1587,8.982066930881859e-05
1588,8.990437710187182e-05
1589,9.00589071306898e-05
1590,9.01139846100823e-05
1591,9.027846919587477e-05
1592,9.038212741374758e-05
1593,9.056796095957416e-05
1594,9.068031335077204e-05
1595,9.088105910200192e-05
1596,9.102570896871347e-05
1597,9.106512115129432e-05
1598,9.120527655652734e-05
1599,9.130635945035809e-05
1600,9.148814735560081e-05
1601,9.158239232093357e-05
1602,9.164345660741678e-05
1603,9.187069117458253e-05
1604,9.195292633463994e-05
1605,9.219782535604409e-05
1606,9.231274550571188e-05
1607,9.244095277120159e-05
1608,9.252199252614218e-05
1609,9.259272117165215e-05
1610,9.27027956191152e-05
1611,9.288181633185236e-05
1612,9.302810145264814e-05
1613,9.314399485141693e-05
1614,9.326030147883106e-05
1615,9.33524450001125e-05
1616,9.348462883229634e-05
1617,9.359408613556653e-05
1618,9.376705278033917e-05
1619,9.382882526973854e-05
1620,9.392415338585438e-05
1621,9.398390551733738e-05
1622,9.42070272282715e-05
1623,9.424037032840618e-05
1624,9.43613947132878e-05
1625,9.453966596698807e-05
1626,9.459892263275655e-05
1627,9.470323757998091e-05
1628,9.47902075138068e-05
1629,9.487955615196252e-05
1630,9.491581980945033e-05
1631,9.529239080487638e-05
1632,9.5439611599955e-05
1633,9.546505047686846e-05
1634,9.566132948114815e-05
1635,9.575722512224085e-05
1636,9.586439411557773e-05
1637,9.592717307736001e-05
1638,9.604689933409662e-05
1639,9.61926357028882e-05
1640,9.633876686634138e-05
1641,9.662456548464731e-05
1642,9.664387313403209e-05
1643,9.680954723920737e-05
1644,9.690241182603064e-05
1645,9.700687032757945e-05
1646,9.717438835555902e-05
1647,9.73529760212486e-05
1648,9.736258238689887e-05
1649,9.747593065863399e-05
1650,9.763999631012527e-05
1651,9.77098657054333e-05
1652,9.776539433004344e-05
1653,9.787294885681613e-05
1654,9.798505808967636e-05
1655,9.831466022812871e-05
1656,9.833577890691398e-05
1657,9.855910561511426e-05
1658,9.866488071837888e-05
1659,9.871398809317682e-05
1660,9.889165804691679e-05
1661,9.901860611258466e-05
1662,9.91114091708244e-05
1663,9.919536910189601e-05
1664,9.9301113338645e-05
1665,9.954963440943005e-05
1666,9.972529431534655e-05
1667,9.978780061539168e-05
1668,9.989384548429927e-05
1669,9.997761457102616e-05
1670,0.00010003913186959583
1671,0.00010034732761722228
1672,0.0001004564458168073
1673,0.00010055226744875884
1674,0.00010068419043733822
1675,0.00010080855863767217
1676,0.00010094451253129966
1677,0.00010096826389368606
1678,0.00010126282878257697
1679,0.00010135698904042581
1680,0.00010149426522400358
1681,0.00010165067754943715
1682,0.00010171137002829707
1683,0.00010179057506747419
1684,0.00010188977554535287
1685,0.00010197684236342607
1686,0.00010210525431590904
1687,0.00010229881923708746
1688,0.0001024456525060293
1689,0.00010247698431839513
1690,0.0001025662959155875
1691,0.00010272649438601297
1692,0.00010275104686279891
1693,0.0001029704308578863
1694,0.00010300721122994872
1695,0.00010317792494995111
1696,0.0001032376283537106
1697,0.00010341873995813241
1698,0.00010358157824656898
1699,0.00010377276386358959
1700,0.00010398905235748205
1701,0.00010405348889198221
1702,0.00010417160774955633
1703,0.00010436074591736733
1704,0.00010448291781820908
1705,0.00010456757555107151
1706,0.00010464536450276716
1707,0.00010476137235359117
1708,0.00010494783634362212
1709,0.00010497353715438485
1710,0.00010515106614726621
1711,0.00010522176843570099
1712,0.0001052501852222285
1713,0.00010539248551355427
1714,0.00010559381258164088
1715,0.00010564059688096432
1716,0.00010590956737404577
1717,0.00010599923922438574
1718,0.00010615438101590383
1719,0.00010639697174842873
1720,0.00010653191600735429
1721,0.00010663857703650172
1722,0.00010675317020660913
1723,0.00010687958194704195
1724,0.0001070131165310953
1725,0.00010722540274850843
1726,0.00010740430652125173
1727,0.00010751268504504541
1728,0.00010764473209747357
1729,0.0001077656502622794
1730,0.00010785590363591272
1731,0.00010790125082582378
1732,0.00010814684351417298
1733,0.00010823265151258274
1734,0.00010829264119909382
1735,0.00010837004302687063
1736,0.00010848580147344705
1737,0.00010865081826299009
1738,0.00010875466406162045
1739,0.00010894200119403196
1740,0.00010907072431653939
1741,0.0001092782865918569
1742,0.00010938251414339546
1743,0.00010948174505796936
1744,0.00010974449037717426
1745,0.00010980383398449174
1746,0.00010988350155286691
1747,0.00011002904177605828
1748,0.0001101807015355651
1749,0.00011028947429837241
1750,0.00011041985167011914
1751,0.00011058185617674921
1752,0.00011074080692088285
1753,0.00011078320472159925
1754,0.00011103571266330127
1755,0.00011104666773773063
1756,0.00011128027360142405
1757,0.0001113971196405277
1758,0.00011142930027767896
1759,0.00011151788299896607
1760,0.00011176025283469441
1761,0.00011188518028942647
1762,0.00011206557127772873
1763,0.00011231319239283198
1764,0.00011237861369900253
1765,0.00011243261120472313
1766,0.00011264950399709974
1767,0.00011275189862176416
1768,0.00011277723809636047
1769,0.00011303399411364779
1770,0.0001131337456269953
1771,0.00011326293128663254
1772,0.00011336605901127671
1773,0.00011350851735037589
1774,0.00011365123011671332
1775,0.00011379635005085383
1776,0.00011388631224546631
1777,0.00011410300581086103
1778,0.0001141742196983699
1779,0.00011423642613788713
1780,0.0001144939286592927
1781,0.00011470183061575605
1782,0.00011474755603188441
1783,0.00011498638057707466
1784,0.0001150516783892027
1785,0.00011519578902829903
1786,0.00011535430762349816
1787,0.00011555009080490872
1788,0.00011564174342777408
1789,0.00011567603133731403
1790,0.0001158065704739863
1791,0.00011590104628222496
1792,0.00011609836443116955
1793,0.00011636914638862291
1794,0.0001164387495111285
1795,0.0001165530461440625
1796,0.00011673511950498151
1797,0.00011684374901394405
1798,0.00011696242862841077
1799,0.000117136165674942
1800,0.00011728343076933189
1801,0.00011743097313865475
1802,0.00011755531535807449
1803,0.00011767530437319607
1804,0.00011779265263752113
1805,0.00011801156118890007
1806,0.0001180432579164624
1807,0.00011819888313261158
1808,0.00011828093611115258
1809,0.00011846660178096892
1810,0.0001185779340967858
1811,0.00011870377193165172
1812,0.00011897922361473253
1813,0.00011900190064630964
1814,0.00011919054714734015
1815,0.00011938087577877311
1816,0.00011958786198672904
1817,0.00011971709466310898
1818,0.00011981767187968303
1819,0.00011991282070053359
1820,0.00012006290445677651
1821,0.00012011204155027879
1822,0.00012030582612577083
1823,0.00012046877554686123
1824,0.00012059004795714322
1825,0.00012063424644865074
1826,0.00012078773076467003
1827,0.00012086191249683098
1828,0.00012109197496231784
1829,0.00012117059131953279
1830,0.00012146057848117555
1831,0.00012158143600224445
1832,0.00012170129193502823
1833,0.00012185672552742019
1834,0.00012199885768880916
1835,0.00012207155614331168
1836,0.00012228331684722513
1837,0.00012240574891650137
1838,0.0001225041395993212
1839,0.00012250982156462962
1840,0.00012257197157955412
1841,0.0001228283589609376
1842,0.00012284133638854706
1843,0.00012309305915430825
1844,0.00012328502935352295
1845,0.00012332607928366543
1846,0.00012345508782123717
1847,0.00012364334778357976
1848,0.00012388369058907682
1849,0.00012397150088479887
1850,0.00012404214569367963
1851,0.00012425810069447612
1852,0.00012446173332588428
1853,0.0001245982113628203
1854,0.00012465423969174383
1855,0.00012477300498422457
1856,0.00012484554914950772
1857,0.00012496627940172927
1858,0.00012512837997514104
1859,0.00012545854790483847
1860,0.00012564400902250681
1861,0.00012578426587461474
1862,0.00012605321128517365
1863,0.00012615219867791216
1864,0.00012632019501033275
1865,0.0001264833488583234
1866,0.00012655190056746365
1867,0.00012660581367779082
1868,0.0001266826725471048
1869,0.0001268078682993631
1870,0.0001270928024100234
1871,0.00012711556188772904
1872,0.00012736069854764377
1873,0.00012743202439899332
1874,0.00012762806685931587
1875,0.00012781479919611054
1876,0.0001279047408265503
1877,0.00012812545893995246
1878,0.0001281694985392188
1879,0.00012837786668066855
1880,0.00012841884718406215
1881,0.00012853372987885393
1882,0.00012865055571419963
1883,0.00012877511866567112
1884,0.0001288788871828756
1885,0.0001293252514343429
1886,0.0001294068263406096
1887,0.00012963644865575329
1888,0.00012967680709261882
1889,0.00012991545484708234
1890,0.00012999583286510063
1891,0.00013004984169771142
1892,0.00013010324241203024
1893,0.00013036602910186697
1894,0.00013052691344624898
1895,0.00013059691621810195
1896,0.00013081591467283425
1897,0.00013100060366952443
1898,0.00013120995195231566
1899,0.000131332375543418
1900,0.00013153331950987017
1901,0.00013163143785336134
1902,0.00013169584113203894
1903,0.00013205846696954696
1904,0.00013214516087017532
1905,0.00013236087289760903
1906,0.00013246261487240106
1907,0.0001326349880431472
1908,0.0001326880341135699
1909,0.00013281277566569815
1910,0.00013289941023839432
1911,0.00013303786384036056
1912,0.00013320886717893963
1913,0.0001332821374611172
1914,0.00013367265066823128
1915,0.0001337797801917163
1916,0.00013391785028900451
1917,0.00013403684115196818
1918,0.00013408897056669148
1919,0.000134241410868825
1920,0.0001343622805428878
1921,0.00013452204515897154
1922,0.00013468400117252558
1923,0.00013476766818780477
1924,0.00013482060217809638
1925,0.00013503201370895624
1926,0.00013526882448513042
1927,0.00013535668679986012
1928,0.0001355058941024856
1929,0.0001355926269192843
1930,0.0001358322276985426
1931,0.00013602485423762
1932,0.00013628537922902157
1933,0.00013636336843419065
1934,0.00013641605350888782
1935,0.00013665730833218546
1936,0.00013676428323863553
1937,0.000136953467052312
1938,0.00013717337182006295
1939,0.00013728439011496406
1940,0.00013741867662612573
1941,0.00013756178915038585
1942,0.00013762229238899063
1943,0.0001377463102863972
1944,0.00013786793034754264
1945,0.0001380726794079807
1946,0.0001384790955099725
1947,0.00013858926142626589
1948,0.0001387693906658496
1949,0.000138837159261127
1950,0.00013895931094151176
1951,0.00013905513055634413
1952,0.0001391160409274431
1953,0.00013926770209164615
1954,0.00013945028115227583
1955,0.00013948740854615452
1956,0.00013978515716176208
1957,0.0001399200123758057
1958,0.00013999616193447912
1959,0.0001401954244121545
1960,0.00014038435241210345
1961,0.00014052611613253222
1962,0.0001408264997943194
1963,0.00014088477964925472
1964,0.00014099997446044435
1965,0.00014111713110614437
1966,0.00014128894998899247
1967,0.00014139406493379752
1968,0.0001414859417364149
1969,0.0001415708085706772
1970,0.00014181603109201198
1971,0.00014198319550227348
1972,0.00014227447865921224
1973,0.00014242551808281193
1974,0.0001425445459734438
1975,0.00014269324254389921
1976,0.00014274112200906994
1977,0.00014288114642382652
1978,0.0001429754426494931
1979,0.00014314424934087246
1980,0.0001433570164349657
1981,0.00014359043535134357
1982,0.00014382883974081926
1983,0.00014392545947099339
1984,0.0001440601387893489
1985,0.00014416587149615793
1986,0.00014442764738687046
1987,0.00014458539118386617
1988,0.00014473136233453599
1989,0.00014497034470435405
1990,0.0001450241504415732
1991,0.00014518694527990256
1992,0.0001452763842751955
1993,0.00014538181096832126
1994,0.00014551289652696802
1995,0.00014578388358678812
1996,0.00014582838386139677
1997,0.00014590958309147918
1998,0.00014608421961130038
1999,0.000146203179088958
2000,0.0001465658507917463
2001,0.0001467242434680261
2002,0.0001468290185918568
2003,0.000146923290300123
2004,0.00014704586076543392
2005,0.00014717610830325712
2006,0.00014736976521473715
2007,0.0001475429470420536
2008,0.00014758525415495605
2009,0.00014778748901620066
2010,0.00014798152253225866
2011,0.00014808973328080254
2012,0.00014813650862907293
2013,0.0001485250837837714
2014,0.00014869847161430016
2015,0.00014886582171754642
2016,0.00014905818011808316
2017,0.00014946214200325215
2018,0.00014952101212436985
2019,0.0001495593529195542
2020,0.000149736909077976
2021,0.00014976659641293438
2022,0.00015002153446067756
2023,0.0001502275230518276
2024,0.00015030767281491177
2025,0.00015044823179724873
2026,0.0001506763835861576
2027,0.00015073044727783783
2028,0.00015078714785984887
2029,0.00015105553241115695
2030,0.00015127364274510475
2031,0.0001514681598277448
2032,0.00015164422926308688
2033,0.0001519380739814093
2034,0.00015205594763364767
2035,0.00015224871522483076
2036,0.00015230310583937156
2037,0.00015250520306275679
2038,0.00015268685025429912
2039,0.0001527284653957739
2040,0.00015297035267291436
2041,0.00015308662260975082
2042,0.0001531357605676489
2043,0.00015326898638835259
2044,0.0001536619190733459
2045,0.00015393847444957016
2046,0.00015411283711003892
2047,0.00015438079222952238
2048,0.00015438924915129988
2049,0.00015456136586677785
2050,0.00015473566192431834
2051,0.0001549542918652303
2052,0.00015503461737482598
2053,0.0001551817107266662
2054,0.0001555191573038852
2055,0.00015562991845851406
2056,0.00015568053845746012
2057,0.00015602770662194045
2058,0.00015609894351180275
2059,0.00015629377663559408
2060,0.00015648091188346971
2061,0.00015657103807018542
2062,0.00015662156760228526
2063,0.00015688860072646005
2064,0.00015711907284154147
2065,0.00015715332748428287
2066,0.00015741339009092554
2067,0.0001576510832345198
2068,0.00015794687693976222
2069,0.00015801951572036015
2070,0.0001582354570056046
2071,0.00015828697858500813
2072,0.00015846086257189097
2073,0.00015853957803197804
2074,0.00015870699555819355
2075,0.0001588264169807779
2076,0.00015892333377175478
2077,0.000159092991251785
2078,0.00015929228483679202
2079,0.0001593682638260884
2080,0.00015942647587742194
2081,0.00015963559738897283
2082,0.00015983658673018994
2083,0.00015997986060624188
2084,0.0001601821492134849
2085,0.00016029554271620053
2086,0.00016049354537722065
2087,0.00016070392861599177
2088,0.00016089546584103118
2089,0.0001609750370048827
2090,0.00016111675257380836
2091,0.0001613162824677172
2092,0.00016143584610756867
2093,0.0001617842316010124
2094,0.0001620081545761798
2095,0.0001621187627668235
2096,0.0001623056433166139
2097,0.0001625152089983045
2098,0.0001625964425128288
2099,0.00016275570937255597
2100,0.00016289515584611244
2101,0.0001629518397669406
2102,0.00016315064496893298
2103,0.00016337151575060446
2104,0.00016357302106350676
2105,0.00016386183633564116
2106,0.00016391310878812783
2107,0.0001640897365613688
2108,0.00016424287025191517
2109,0.00016459716303003074
2110,0.00016475211960148252
2111,0.00016477860941670097
2112,0.0001648578443995814
2113,0.00016521051917696157
2114,0.0001652913980544023
2115,0.0001655044199090444
2116,0.00016565144617412998
2117,0.00016579648782691326
2118,0.00016588436964254925
2119,0.00016595050368008743
2120,0.00016615704247948426
2121,0.0001662675638170636
2122,0.0001664403615946337
2123,0.00016673329875595866
2124,0.00016691024373036105
2125,0.00016710064498537291
2126,0.0001671748557908476
2127,0.0001672681565561597
2128,0.00016748836145051845
2129,0.0001675749969298061
2130,0.00016779745595671338
2131,0.0001679982851849334
2132,0.00016827072546792216
2133,0.00016838820199436525
2134,0.00016865065881810462
2135,0.00016881396394715243
2136,0.00016890537714786037
2137,0.00016900487724601026
2138,0.00016928116340108785
2139,0.00016935207964243512
2140,0.00016950906267122903
2141,0.00016973239412033082
2142,0.00016998367951516518
2143,0.00017011883759051629
2144,0.00017017218819931752
2145,0.0001704796118745054
2146,0.00017067375958379084
2147,0.00017076970245679816
2148,0.00017110957280981487
2149,0.00017118586914463874
2150,0.00017142019522040623
2151,0.00017159484691135326
2152,0.00017169254915259854
2153,0.00017198690318109616
2154,0.00017211652805778155
2155,0.00017237148090927586
2156,0.0001724970395415585
2157,0.00017280073980783974
2158,0.00017290947300688361
2159,0.00017313263894527356
2160,0.00017318171346441998
2161,0.00017345662192718835
2162,0.00017354541077905272
2163,0.0001737145994435181
2164,0.0001739327484273336
2165,0.00017415434911164436
2166,0.00017437029488661285
2167,0.00017455792621353657
2168,0.0001746658956257798
2169,0.00017474779320225534
2170,0.00017492231080648094
2171,0.00017501491870059794
2172,0.00017513575621729932
2173,0.0001751664171272922
2174,0.00017546822832125057
2175,0.0001757467978173458
2176,0.00017580790116466182
2177,0.00017618201113385001
2178,0.00017640831733434342
2179,0.00017654463047714488
2180,0.00017670078036086708
2181,0.00017699569146422718
2182,0.0001770212542236281
2183,0.0001771260014263852
2184,0.00017725446114015659
2185,0.00017739555222908666
2186,0.00017753336638885272
2187,0.0001777164573771404
2188,0.00017801843709503552
2189,0.00017833038779525634
2190,0.00017842323333803358
2191,0.00017869516594141478
2192,0.0001788090089186184
2193,0.00017885072764708317
2194,0.00017917680809171666
2195,0.00017935891534199102
2196,0.000179510382093015
2197,0.00017986509439081786
2198,0.00018014381375347813
2199,0.00018020906734589613
2200,0.00018030140440789165
2201,0.00018038036319623261
2202,0.0001805821505099599
2203,0.00018068298206227245
2204,0.00018086050184418562
2205,0.00018114260080614805
2206,0.00018126768588846772
2207,0.0001814571046960083
2208,0.00018154056691577726
2209,0.00018189939211251503
2210,0.00018209543798803637
2211,0.00018216610280858518
2212,0.0001825070809675636
2213,0.0001827058989171591
2214,0.0001829578269163125
2215,0.0001830161754424831
2216,0.00018319040346499
2217,0.00018332397530874538
2218,0.00018335977846508777
2219,0.00018356466793626678
2220,0.0001837918800154774
2221,0.0001839799282524705
2222,0.00018418865096083423
2223,0.00018438587343767206
2224,0.00018450137045135476
2225,0.0001845659780434113
2226,0.00018470613120074436
2227,0.0001848559841580676
2228,0.00018518506498503603
2229,0.00018546375313699358
2230,0.00018565669796782592
2231,0.00018579204878926684
2232,0.0001860137895112983
2233,0.00018629472740137998
2234,0.00018647283355036366
2235,0.00018662321738625845
2236,0.00018695548331149943
2237,0.0001870759653238581
2238,0.00018732642840830536
2239,0.00018744871894549228
2240,0.0001876117270652178
2241,0.0001879295740333022
2242,0.00018807999652829964
2243,0.00018816064210841943
2244,0.00018834685402358643
2245,0.00018859374978546045
2246,0.00018887647291410315
2247,0.0001889389607395388
2248,0.00018912899331160812
2249,0.0001893167345319617
2250,0.00018956967851795748
2251,0.00018978519380751755
2252,0.00018986467693527035
2253,0.0001899142212548421
2254,0.00019035242852725605
2255,0.00019057045436909043
2256,0.00019068069430846398
2257,0.0001908784109984214
2258,0.00019104580296259137
2259,0.0001911867424491221
2260,0.00019144561645797838
2261,0.00019159217395898134
2262,0.00019178454524516702
2263,0.00019198384621379593
2264,0.00019205150310670885
2265,0.00019222575351286847
2266,0.00019245398115230026
2267,0.00019254104505017825
2268,0.00019276394033473638
2269,0.0001930797185172161
2270,0.00019311038598456365
2271,0.000193331997645459
2272,0.00019349737112078172
2273,0.0001936630792283556
2274,0.00019392992578125056
2275,0.00019406106518195866
2276,0.00019428497192586376
2277,0.00019440668159741853
2278,0.00019484099301325173
2279,0.00019496439433091685
2280,0.00019514816019053675
2281,0.00019518145132384855
2282,0.00019543163311356394
2283,0.0001956706244063634
2284,0.00019597583270323444
2285,0.00019613123303636494
2286,0.00019623589458455838
2287,0.0001964775177222859
2288,0.00019658524753539912
2289,0.00019689210151778932
2290,0.00019704455350521392
2291,0.00019722917405671988
2292,0.0001974064569523891
2293,0.0001975136154824705
2294,0.00019783814064626383
2295,0.0001979507434447685
2296,0.00019812856625164084
2297,0.0001981788280764559
2298,0.0001983263909849683
2299,0.00019854477960790903
2300,0.0001986865383033227
2301,0.00019900201179982115
2302,0.00019936904799565784
2303,0.00019958704261587642
2304,0.0001998297323660886
2305,0.00019990914006548955
2306,0.00020007359669859816
2307,0.000200161554162415
2308,0.00020047581263657777
2309,0.00020063622813301361
2310,0.0002007373983302406
2311,0.0002009250796168533
2312,0.00020114610141402914
2313,0.0002013864725284088
2314,0.0002016189582265508
2315,0.00020185164250234396
2316,0.0002021253464267569
2317,0.00020234454178410393
2318,0.0002023642932087782
2319,0.0002025780926915076
2320,0.00020285231314333396
2321,0.0002029687490556247
2322,0.00020322932263650183
2323,0.0002032751716286313
2324,0.0002033712350273445
2325,0.00020355130249547827
2326,0.00020379211649854082
2327,0.0002040946322749851
2328,0.00020421540525781073
2329,0.00020424863876030133
2330,0.0002045230517879315
2331,0.00020480274172476393
2332,0.00020487552969341205
2333,0.00020532513157167198
2334,0.00020545883917122545
2335,0.00020559904021450907
2336,0.00020580075194162934
2337,0.00020612445739123778
2338,0.00020629539355545843
2339,0.00020641345700397244
2340,0.00020648946143898662
2341,0.00020657604011010343
2342,0.00020693493121052577
2343,0.00020694065666667033
2344,0.00020730076397210747
2345,0.00020766090738960912
2346,0.00020779109208863734
2347,0.00020794826344084223
2348,0.0002082080642247513
2349,0.0002083378891410342
2350,0.00020865312937522784
2351,0.00020883453485249479
2352,0.00020904269134145364
2353,0.00020916571762741727
2354,0.00020935690275724134
2355,0.0002094643800038164
2356,0.00020963813092203144
2357,0.00020993279415101437
2358,0.00021013158930556372
2359,0.0002101932688836324
2360,0.00021035975999376532
2361,0.00021047028325434173
2362,0.0002106882547116989
2363,0.00021102411071221135
2364,0.00021127703292996838
2365,0.0002114702565668662
2366,0.00021157412509005498
2367,0.0002116261656021954
2368,0.00021216316596383308
2369,0.0002122525313888722
2370,0.00021227201610720317
2371,0.00021257257976583992
2372,0.00021295163250707627
2373,0.00021322886257546658
2374,0.00021331827176830834
2375,0.00021355893946136529
2376,0.00021369181968549234
2377,0.00021397115788022322
2378,0.0002140529918347317
2379,0.00021421628224166985
2380,0.00021431071884064963
2381,0.00021454136724293184
2382,0.00021463118655964136
2383,0.00021476955667310322
2384,0.00021516719087676044
2385,0.00021539918005075178
2386,0.00021562368822984406
2387,0.00021584651131924625
2388,0.0002159690504384868
2389,0.0002163513510196221
2390,0.0002164172074082868
2391,0.00021667585707739419
2392,0.0002170041397174144
2393,0.00021723989782279418
2394,0.00021749795229517103
2395,0.0002175374918576349
2396,0.0002177964309963669
2397,0.00021800090668957342
2398,0.00021805288589274378
2399,0.00021850200096624114
2400,0.00021869354837405008
2401,0.00021885036973188205
2402,0.00021889381397040503
2403,0.00021921664170363424
2404,0.0002192763414995432
2405,0.000219497585779909
2406,0.00021977336049879286
2407,0.0002200087905076114
2408,0.0002201018714295693
2409,0.00022053992096735556
2410,0.00022077208426154923
2411,0.00022108670682759022
2412,0.0002212283556691035
2413,0.00022133062533041334
2414,0.00022150029673508192
2415,0.0002216343978324869
2416,0.00022189194633713858
2417,0.00022224949550116489
2418,0.00022235219926739928
2419,0.00022254918275821297
2420,0.0002226675969950622
2421,0.0002230405448196526
2422,0.0002232038263510041
2423,0.00022333214796402368
2424,0.0002234162179676245
2425,0.00022347203452506185
2426,0.0002235931368832596
2427,0.0002237220236801812
2428,0.00022398532036249018
2429,0.00022444937238748746
2430,0.00022457283135477818
2431,0.0002247503959643999
2432,0.00022518893855700097
2433,0.00022542419509708112
2434,0.00022546132668626093
2435,0.00022563132081454968
2436,0.00022596587180946095
2437,0.0002260806369098818
2438,0.0002263879244304649
2439,0.00022655578259418106
2440,0.00022690757164620654
2441,0.00022711461518744923
2442,0.0002271469272380976
2443,0.00022729260790287756
2444,0.00022758723406575448
2445,0.0002278156597520114
2446,0.00022797133891688554
2447,0.00022810101207099097
2448,0.0002284352448951469
2449,0.0002285004798870352
2450,0.00022863551873049867
2451,0.00022899390336969465
2452,0.00022917677483993385
2453,0.00022932566677613512
2454,0.00022966180678731502
2455,0.00022977798326347007
2456,0.00023016713070827922
2457,0.00023046657397488859
2458,0.00023058935162528362
2459,0.0002307774093315101
2460,0.00023090715559321188
2461,0.0002310910594845887
2462,0.00023120801823851698
2463,0.00023154996269362664
2464,0.0002317925844548272
2465,0.00023200553369262771
2466,0.00023223113400742563
2467,0.0002323754371511551
2468,0.0002326035966852359
2469,0.00023284350374053374
2470,0.00023303998158415872
2471,0.00023344269398503585
2472,0.00023374588655034574
2473,0.0002339694395631793
2474,0.00023409936456136459
2475,0.00023417927574778883
2476,0.00023457089392930214
2477,0.0002348230303962878
2478,0.00023488624276313068
2479,0.00023510176985951155
2480,0.00023519773473192434
2481,0.00023554255814182997
2482,0.00023578469646387768
2483,0.00023598347194914014
2484,0.00023635020469718447
2485,0.0002364489394723698
2486,0.0002366612163952355
2487,0.00023692249794749683
2488,0.00023701946014762136
2489,0.0002372525770994451
2490,0.0002373903248062336
2491,0.00023762548574961907
2492,0.0002379890521165209
2493,0.0002380971945853167
2494,0.00023837362613840347
2495,0.0002386615468842793
2496,0.00023900590064730753
2497,0.0002391795426655076
2498,0.00023943068625757193
2499,0.0002395613200962706
2500,0.00023972837882648904
2501,0.00023984351872137008
2502,0.00024013569121325793
2503,0.0002401777828078716
2504,0.00024049250935004418
2505,0.00024072409579277822
2506,0.00024100340200848108
2507,0.00024112215872359677
2508,0.00024131810946787096
2509,0.00024144619014338135
2510,0.00024161411866185302
2511,0.00024182934591055353
2512,0.00024209057011544239
2513,0.00024240660288598172
2514,0.00024256062543023073
2515,0.00024269709289525857
2516,0.00024292606586239927
2517,0.0002431399470032427
2518,0.00024328982775026652
2519,0.00024350291976853302
2520,0.00024358399513737435
2521,0.00024395908233626026
2522,0.0002442662706804041
2523,0.00024440330236229826
2524,0.00024480003932929865
2525,0.0002450382637684673
2526,0.00024511042370693715
2527,0.0002453787365169445
2528,0.0002455467031857265
2529,0.00024594068864726697
2530,0.0002460083495356357
2531,0.0002461337362113835
2532,0.00024630429430320564
2533,0.00024668456148812786
2534,0.0002469243692999063
2535,0.00024705338233344096
2536,0.0002475356922733769
2537,0.0002476871147567439
2538,0.0002478431162343525
2539,0.00024802024355529974
2540,0.0002484445504933419
2541,0.00024855334424706964
2542,0.0002487729841072163
2543,0.00024919090045325936
2544,0.0002492995879345002
2545,0.0002495359994430909
2546,0.00024977092847522646
2547,0.0002499193444474044
2548,0.00025017975271026787
2549,0.00025040390479553657
2550,0.0002506710571622003
2551,0.00025106772628096137
2552,0.0002511727286582034
2553,0.00025143019692939073
2554,0.000251525369082056
2555,0.00025170780470281344
2556,0.0002519057054595903
2557,0.0002519523006882193
2558,0.00025225467265299286
2559,0.000252511054029372
2560,0.00025271197258454304
2561,0.0002528948619332144
2562,0.0002530979632147568
2563,0.00025323327577821857
2564,0.00025362192090158084
2565,0.00025385700735968666
2566,0.0002538941081046879
2567,0.0002541008556185432
2568,0.0002543781032288543
2569,0.0002544509947273974
2570,0.0002546979096465594
2571,0.0002550205198534564
2572,0.0002554423730979171
2573,0.00025559639165820264
2574,0.0002557829499699118
2575,0.0002559829580277045
2576,0.0002562535241798131
2577,0.0002564093752159132
2578,0.0002566186020351362
2579,0.00025688708075323274
2580,0.0002571568105587356
2581,0.0002574527456014607
2582,0.0002576716199698811
2583,0.00025788600292434705
2584,0.00025814522577391144
2585,0.0002583770542005091
2586,0.00025848640626774773
2587,0.0002587688501780308
2588,0.0002590256765788606
2589,0.00025949506659941885
2590,0.00025978698840856
2591,0.00025988222426882233
2592,0.000260050927771594
2593,0.0002600917055607582
2594,0.00026025498213216045
2595,0.00026047209992331277
2596,0.00026074722292444635
2597,0.00026103843270865315
2598,0.0002612823492521239
2599,0.0002614150591013525
2600,0.00026175175041419433
2601,0.0002618960949387111
2602,0.0002620845663576597
2603,0.0002622423920336146
2604,0.0002624209965757257
2605,0.00026269691309125043
2606,0.0002627232385067088
2607,0.00026305831859770924
2608,0.00026332749027694637
2609,0.0002635908740670752
2610,0.0002637934211805721
2611,0.00026411424140406837
2612,0.000264398478039193
2613,0.00026458757672271813
2614,0.0002647071678743429
2615,0.0002647826398902652
2616,0.00026509861722544693
2617,0.00026533128608364695
2618,0.00026555680811425305
2619,0.0002658108545617456
2620,0.0002661225463240851
2621,0.00026648254257714
2622,0.0002666201525037653
2623,0.0002671660909710783
2624,0.0002673076043121038
2625,0.00026762372783765097
2626,0.00026784997099489095
2627,0.0002679820957686613
2628,0.000268225791952012
2629,0.0002683362500215623
2630,0.00026862296273151266
2631,0.000268808850465098
2632,0.00026905359328353325
2633,0.00026912730383181764
2634,0.00026928828452298147
2635,0.00026936018274957893
2636,0.0002701112545426307
2637,0.00027018558741099825
2638,0.0002705212566779132
2639,0.000270657895244619
2640,0.00027083796974537163
2641,0.00027118561467222004
2642,0.00027145336465495635
2643,0.00027151821973920193
2644,0.00027165927960949153
2645,0.0002721401544805991
2646,0.0002724980080027227
2647,0.00027262252464627736
2648,0.00027287645507739365
2649,0.0002730587265067968
2650,0.0002732619909281566
2651,0.00027347198634927495
2652,0.0002736872470338817
2653,0.00027380383026181615
2654,0.0002740042762638343
2655,0.00027429919197340244
2656,0.00027489131130822777
2657,0.00027504216783492177
2658,0.0002752200956702951
2659,0.00027538857659873957
2660,0.00027569032137996635
2661,0.0002757527664287406
2662,0.0002758680706501148
2663,0.0002762960111499725
2664,0.00027651794763213346
2665,0.00027660003169945133
2666,0.00027723717198251027
2667,0.00027749493094018967
2668,0.00027787769438633185
2669,0.00027810085245190066
2670,0.0002782415949728172
2671,0.00027853219646014276
2672,0.0002785948567465248
2673,0.0002788949755174128
2674,0.000279273060794956
2675,0.00027962480621472824
2676,0.0002797391899556453
2677,0.00027987570602416487
2678,0.00028003581594291825
2679,0.00028017685521358857
2680,0.0002805031866656997
2681,0.00028079545412458426
2682,0.00028087342606214613
2683,0.0002813157727094712
2684,0.00028160747705255194
2685,0.00028199322033336984
2686,0.0002821274420095726
2687,0.0002822687864303654
2688,0.0002825528929815515
2689,0.00028271878814153733
2690,0.0002829211033622949
2691,0.00028310754272665994
2692,0.0002834734583805509
2693,0.0002840214938020979
2694,0.00028428656816129874
2695,0.0002844267207593536
2696,0.000284635447867292
2697,0.00028502075930864843
2698,0.00028534678128039586
2699,0.00028555248783615104
2700,0.0002856516486518405
2701,0.0002857912033002914
2702,0.0002861394760514068
2703,0.00028633312262487943
2704,0.00028652194935499753
2705,0.0002867994824454675
2706,0.0002871073428224645
2707,0.0002872486663452788
2708,0.00028737388579259205
2709,0.00028780541224798935
2710,0.0002881907404674239
2711,0.0002884649233930436
2712,0.0002886394932397975
2713,0.00028880175086851145
2714,0.0002890303570711275
2715,0.000289149169911678
2716,0.00028940325807879134
2717,0.0002894349573930549
2718,0.00028973247499297937
2719,0.0002904102139886998
2720,0.00029060093215802114
2721,0.00029068672185470954
2722,0.00029094509868327686
2723,0.00029114796531078596
2724,0.0002912366894671276
2725,0.00029158603796998705
2726,0.0002917716677720383
2727,0.00029189689166106734
2728,0.0002923252039697805
2729,0.0002924765873671717
2730,0.0002928389869187772
2731,0.00029292814341520676
2732,0.00029311850713558606
2733,0.00029349493993582366
2734,0.00029388261484341005
2735,0.00029409088199129006
2736,0.0002943306335014128
2737,0.00029444012727918397
2738,0.0002949243214040076
2739,0.0002949475585204891
2740,0.00029512047967018666
2741,0.0002956921433411121
2742,0.00029596807774884623
2743,0.0002960702538919486
2744,0.00029659705683341146
2745,0.000296646046069736
2746,0.0002967655113176999
2747,0.0002969451746830938
2748,0.00029735282212788554
2749,0.00029752628231669953
2750,0.0002979550894303233
2751,0.00029816577918340153
2752,0.00029828980535724517
2753,0.00029873394259871417
2754,0.0002990819353027693
2755,0.0002992424147138724
2756,0.0002994616689911573
2757,0.0002998225441735174
2758,0.0003004256928308274
2759,0.00030060361811670277
2760,0.00030082096974868596
2761,0.00030090890554307776
2762,0.0003009677458964481
2763,0.00030167860857923854
2764,0.000301902321271514
2765,0.00030198465200439713
2766,0.0003022647770100792
2767,0.0003025394008006569
2768,0.00030285734675416354
2769,0.00030299606032343997
2770,0.0003031767511045674
2771,0.00030350149096813726
2772,0.0003035614358444987
2773,0.00030382134614251403
2774,0.00030420472905570326
2775,0.0003043506403680724
2776,0.0003047983121683181
2777,0.0003049686237154077
2778,0.0003054354676120691
2779,0.0003056497347217262
2780,0.00030583097490661685
2781,0.0003060418845792132
2782,0.000306241020914826
2783,0.0003066507850767149
2784,0.0003068131986704694
2785,0.0003070606321096577
2786,0.0003072347088439344
2787,0.00030765295377167736
2788,0.0003080576041464848
2789,0.0003083060212728995
2790,0.0003084360526621429
2791,0.0003088390308485816
2792,0.00030937213199197993
2793,0.0003095434466483211
2794,0.00030964806513718253
2795,0.0003100609592844046
2796,0.00031020807109593537
2797,0.00031040996660326346
2798,0.00031077543513453556
2799,0.00031094426039624565
2800,0.0003111816532691207
2801,0.0003112443724785342
2802,0.000311327591828109
2803,0.00031178204584211545
2804,0.0003122037611702119
2805,0.00031220898598600987
2806,0.00031237979318198374
2807,0.0003127576122774101
2808,0.0003129637366778559
2809,0.00031346005825782554
2810,0.00031365826778214696
2811,0.00031397212036430694
2812,0.00031422405663253573
2813,0.00031436092316041293
2814,0.0003145336466211394
2815,0.0003149165748813688
2816,0.00031497661920033224
2817,0.0003151244067255385
2818,0.0003154765877266203
2819,0.0003156487734993225
2820,0.00031598414078409006
2821,0.00031641728157589936
2822,0.0003164981486468322
2823,0.0003169726024715611
2824,0.00031716361568630177
2825,0.00031758335475643953
2826,0.0003177398306895425
2827,0.00031807229570602594
2828,0.00031823188701675425
2829,0.0003184766758024469
2830,0.00031855554613169205
2831,0.00031871441937054903
2832,0.0003193361327336812
2833,0.0003195677726534746
2834,0.00031982532103987495
2835,0.000319932190488167
2836,0.00032053954649365437
2837,0.0003207341067366793
2838,0.00032109118736313235
2839,0.0003212973108149771
2840,0.00032135345258550556
2841,0.0003217297420523026
2842,0.00032220315831586917
2843,0.000322246275089861
2844,0.0003224517652000724
2845,0.00032267523131002156
2846,0.0003228313676910031
2847,0.0003234515041050049
2848,0.000323615090293053
2849,0.0003239723382038811
2850,0.00032398764827173705
2851,0.0003242003454304477
2852,0.0003245435162517328
2853,0.00032494164689096596
2854,0.0003252291660858976
2855,0.000325546146011622
2856,0.00032568966925174267
2857,0.00032610489885849124
2858,0.00032615179249396574
2859,0.00032652824893516743
2860,0.0003268178169302198
2861,0.0003269607179381706
2862,0.00032719766230573753
2863,0.0003273412650698137
2864,0.0003275306938220889
2865,0.0003280851745434119
2866,0.00032813108014432526
2867,0.000328436101575792
2868,0.00032871528055821635
2869,0.00032922414545789066
2870,0.00032958852453056684
2871,0.00032961377643243796
2872,0.0003297820410692116
2873,0.00032997657638804087
2874,0.00033037171252652805
2875,0.00033050768604192413
2876,0.000330932585010137
2877,0.000330963649319289
2878,0.00033154132406712164
2879,0.00033173253307468357
2880,0.0003318322879321298
2881,0.00033223409822949826
2882,0.0003324370717674264
2883,0.0003325302249936982
2884,0.0003330983736823456
2885,0.0003331914686812857
2886,0.00033352994040985844
2887,0.00033374598107854624
2888,0.0003343381877187277
2889,0.00033435074367405454
2890,0.0003347342566500077
2891,0.00033507004095421585
2892,0.0003353019189893006
2893,0.00033554748259188784
2894,0.00033619155286937735
2895,0.0003362825116760678
2896,0.0003364385577604212
2897,0.00033706903390562707
2898,0.0003371293961784053
2899,0.0003372925650402519
2900,0.00033775091002963655
2901,0.0003379440571003322
2902,0.00033851693491204266
2903,0.0003387898758647351
2904,0.0003389412294932967
2905,0.000339256442512155
2906,0.0003396733490419951
2907,0.0003399022431747322
2908,0.0003399949233445082
2909,0.00034023449623392203
2910,0.00034073893607603536
2911,0.00034101675365288183
2912,0.00034109914593392427
2913,0.0003414573230581621
2914,0.00034183374966908976
2915,0.0003420974900347425
2916,0.00034213880123573214
2917,0.0003422972232799876
2918,0.0003428285401761403
2919,0.0003429722383401193
2920,0.0003431744838006694
2921,0.0003434020028582963
2922,0.00034395109199927295
2923,0.0003441336474819757
2924,0.0003445122328937211
2925,0.00034461843955894115
2926,0.00034478143926537977
2927,0.0003452732517893123
2928,0.00034558913520105525
2929,0.00034581911849824694
2930,0.00034608898134940374
2931,0.0003462296941548554
2932,0.0003467183522354163
2933,0.0003469204990068425
2934,0.00034735278227034056
2935,0.0003474035728676551
2936,0.0003476988886757117
2937,0.00034795247155921947
2938,0.0003483727136787603
2939,0.0003488738204529368
2940,0.0003489639918799805
2941,0.0003491417138534234
2942,0.0003497200357294639
2943,0.0003500332126148553
2944,0.00035028103006359476
2945,0.0003505304345123484
2946,0.0003508402483726309
2947,0.0003511998226923224
2948,0.0003518067605964155
2949,0.0003518925486812705
2950,0.0003520675792883453
2951,0.0003521983390446865
2952,0.0003522713075892229
2953,0.0003528681640867987
2954,0.00035298753339344576
2955,0.0003532295221157563
2956,0.00035368284323005373
2957,0.0003537962712405197
2958,0.00035395894466322885
2959,0.00035436490535293034
2960,0.00035465917311329053
2961,0.000354990919226805
2962,0.00035522605694431834
2963,0.00035557156400444254
2964,0.0003559752042675789
2965,0.0003560997350264555
2966,0.0003562904119343751
2967,0.0003565393715139002
2968,0.00035699185775793355
2969,0.0003570945064242484
2970,0.00035755708190706603
2971,0.0003580386606348636
2972,0.0003583375402542451
2973,0.0003585509368677374
2974,0.00035888241732181847
2975,0.0003591346316887999
2976,0.00035924617058185075
2977,0.0003595221363037465
2978,0.0003599461612022167
2979,0.00036025420666435605
2980,0.0003606560337649586
2981,0.000360965332836357
2982,0.0003610429065990077
2983,0.0003613028958761875
2984,0.00036162381214860785
2985,0.00036207518448581167
2986,0.00036221079325957133
2987,0.00036259836770352345
2988,0.000362827298209476
2989,0.00036309324587443473
2990,0.00036336783964977085
2991,0.00036394731423547894
2992,0.0003642221071991446
2993,0.00036432465925945596
2994,0.0003645916748427992
2995,0.00036492347507917057
2996,0.00036533738439543386
2997,0.0003658414800544499
2998,0.00036632826649018676
2999,0.00036643817421118787
3000,0.00036667416781974784
3001,0.0003669975446663925
3002,0.0003672330438725889
3003,0.00036761508702211023
3004,0.00036771174465880153
3005,0.0003679796430520259
3006,0.0003686228886737233
3007,0.0003687465218387665
3008,0.0003689225707481474
3009,0.00036916966638226976
3010,0.0003695910491120647
3011,0.0003698648316543356
3012,0.0003701527784083344
3013,0.0003707142881676682
3014,0.0003708402458339199
3015,0.00037111951727856535
3016,0.0003715086842703601
3017,0.00037172444499760624
3018,0.00037212156988196117
3019,0.00037233310758866934
3020,0.0003728610374019867
3021,0.00037300678529654497
3022,0.00037310956429418467
3023,0.0003736357278007528
3024,0.000373817108608201
3025,0.000374017897014043
3026,0.0003743028547169732
3027,0.00037458407481408566
3028,0.000374709813257132
3029,0.0003752241169897452
3030,0.00037546276509274373
3031,0.0003756835305243333
3032,0.0003760009280801274
3033,0.0003762244997402596
3034,0.0003763820440169513
3035,0.00037692558292099794
3036,0.0003771607307443264
3037,0.0003774755880236642
3038,0.0003778564930286409
3039,0.00037836063860908386
3040,0.00037880025095924215
3041,0.00037908071336855857
3042,0.00037911020776351965
3043,0.0003795870456377017
3044,0.0003798891200486153
3045,0.00037992570243124726
3046,0.0003805827401942191
3047,0.0003806713411501577
3048,0.00038123311427398304
3049,0.0003815869950035659
3050,0.00038175078779405664
3051,0.0003819159767214621
3052,0.00038221592118051824
3053,0.00038235585287878763
3054,0.00038276413318323284
3055,0.0003832278275349014
3056,0.00038373962667260174
3057,0.00038395441479203686
3058,0.00038428508576018205
3059,0.0003845633169808157
3060,0.00038461650153727564
3061,0.0003854226504316536
3062,0.00038552652186179447
3063,0.00038578647768962917
3064,0.00038601443977066184
3065,0.00038614389168086676
3066,0.0003866013118333163
3067,0.0003870002079555986
3068,0.00038724161477487237
3069,0.00038748470758221223
3070,0.0003879158148563871
3071,0.00038847436426464957
3072,0.0003885410413136968
3073,0.00038865936150617815
3074,0.00038920382682559217
3075,0.00038982318228299683
3076,0.00039002973287639674
3077,0.0003901403587465791
3078,0.00039027566035728756
3079,0.0003905914600900715
3080,0.00039064000912419146
3081,0.00039162555661523165
3082,0.00039186515694954204
3083,0.0003920406640387308
3084,0.0003924514856096567
3085,0.0003927353940373855
3086,0.0003928780665184388
3087,0.0003932767456048713
3088,0.00039365696960058823
3089,0.0003941014950978457
3090,0.00039443968759377907
3091,0.00039477262462661936
3092,0.00039492749819896504
3093,0.0003953836731794415
3094,0.0003958075914181506
3095,0.00039616297434919256
3096,0.0003962457210139418
3097,0.0003967642780610716
3098,0.0003968630372772696
3099,0.0003974310009433248
3100,0.00039782809415147646
3101,0.0003980146168074528
3102,0.00039835691982425885
3103,0.00039849113307084883
3104,0.00039888795238183654
3105,0.00039933277699143725
3106,0.00039961683753963226
3107,0.0004000030216779674
3108,0.00040021831574150096
3109,0.00040037324890786614
3110,0.00040066366767704657
3111,0.0004009595162249231
3112,0.00040136780466157513
3113,0.00040178038762737987
3114,0.0004018400211548853
3115,0.00040244810612002116
3116,0.0004025762936604474
3117,0.00040269002135214795
3118,0.00040312494160533796
3119,0.0004036650294795364
3120,0.00040401963037899866
3121,0.00040414794068398713
3122,0.00040433925844569896
3123,0.0004047089156936266
3124,0.00040481453514580346
3125,0.0004049885134545197
3126,0.00040536458138270887
3127,0.0004060732458476615
3128,0.00040607505058199816
3129,0.0004064118084654348
3130,0.0004068472133078095
3131,0.00040696545037183126
3132,0.00040776492675990484
3133,0.0004081666211808672
3134,0.0004082747360621083
3135,0.00040885829509818505
3136,0.00040889850756741636
3137,0.00040925734461399153
3138,0.0004096937907137393
3139,0.0004101337719423977
3140,0.00041047797709413544
3141,0.00041080518815314127
3142,0.00041129878422869635
3143,0.0004118187213497799
3144,0.0004120617421144811
3145,0.0004124575758486088
3146,0.000412603845254235
3147,0.0004129579202788948
3148,0.0004133662640518191
3149,0.00041360306394175425
3150,0.0004139807147787458
3151,0.0004142200564574726
3152,0.0004149655915150145
3153,0.0004150981848752509
3154,0.0004154899230634826
3155,0.0004157010024419213
3156,0.0004160646667580998
3157,0.00041625766738058266
3158,0.00041668944356625126
3159,0.0004170505670790414
3160,0.0004172769595130702
3161,0.0004179758689451422
3162,0.00041817760799968726
3163,0.00041850478864161554
3164,0.0004187406712336074
3165,0.00041896220956976084
3166,0.0004195098808582117
3167,0.00041976706781123664
3168,0.00042017785014726935
3169,0.0004204274089475166
3170,0.0004208322601425201
3171,0.0004213822744001286
3172,0.00042167800390045443
3173,0.0004217873033779418
3174,0.0004223094585550766
3175,0.00042273504368974625
3176,0.00042297913379943706
3177,0.00042350527979066066
3178,0.0004237697737127873
3179,0.00042426582599012407
3180,0.0004246310783438286
3181,0.0004247523953395065
3182,0.00042509509900860726
3183,0.00042537170875088916
3184,0.0004255217771210753
3185,0.0004261518626552895
3186,0.0004262406706250177
3187,0.00042651149155231976
3188,0.0004266381386829121
3189,0.00042734987982411443
3190,0.00042792098480762687
3191,0.0004280744604459929
3192,0.0004283864649512201
3193,0.0004285884897693155
3194,0.0004291302291088405
3195,0.0004292951446161486
3196,0.0004298829066330423
3197,0.0004300039986168277
3198,0.00043008717410038857
3199,0.0004304058583977575
3200,0.00043085608581933495
3201,0.0004309830996770729
3202,0.0004313418130950922
3203,0.0004318874746528289
3204,0.0004321119842180782
3205,0.00043246738468765496
3206,0.0004328392069347327
3207,0.0004332120318373921
3208,0.0004335292660174524
3209,0.0004342498483333462
3210,0.00043472956803040637
3211,0.00043503856751717285
3212,0.0004354041748555938
3213,0.00043580179368659294
3214,0.0004359569978428273
3215,0.0004362362229024063
3216,0.0004364627590413811
3217,0.00043680436931020574
3218,0.00043734278130052543
3219,0.00043755536025754586
3220,0.00043795280622763546
3221,0.00043863275813678604
3222,0.0004386545808949198
3223,0.0004388795538560582
3224,0.0004392154666264336
3225,0.0004397309405019211
3226,0.0004400132046165686
3227,0.00044012732126142345
3228,0.0004403401451876399
3229,0.0004409935245278081
3230,0.00044143765909997976
3231,0.00044168245556493413
3232,0.0004421698102571858
3233,0.0004423666966339058
3234,0.000442684257231632
3235,0.00044323289652385564
3236,0.00044362198146740724
3237,0.00044413153506907846
3238,0.0004442399160720166
3239,0.0004445747414481191
3240,0.00044503577250684905
3241,0.00044511705463215706
3242,0.00044524683468252416
3243,0.0004458341502950788
3244,0.0004459393708683635
3245,0.0004467838715587959
3246,0.00044713450539676395
3247,0.00044754557218497864
3248,0.0004478703667226328
3249,0.0004482084214897809
3250,0.00044848715385901295
3251,0.0004486964311888377
3252,0.0004489163485499772
3253,0.0004495617512069542
3254,0.0004497518074690425
3255,0.0004501701409104133
3256,0.0004503323379885036
3257,0.00045082037710707674
3258,0.0004513700399365646
3259,0.0004515354390279589
3260,0.00045178832584071894
3261,0.0004520459570806179
3262,0.000452355577435683
3263,0.0004525925080498448
3264,0.00045269300056901185
3265,0.000453397853909093
3266,0.00045390171139521145
3267,0.0004543932818690208
3268,0.0004547346512253462
3269,0.000454764895448638
3270,0.0004551521703084157
3271,0.00045591386228966
3272,0.0004561968196531542
3273,0.0004567004189081812
3274,0.00045677843917153515
3275,0.00045718640765197034
3276,0.00045723854563533086
3277,0.0004578690656794471
3278,0.00045848394592551563
3279,0.00045903250363150754
3280,0.0004591418893894558
3281,0.00045972453625895077
3282,0.00046020772098165515
3283,0.0004604539770395036
3284,0.00046061171303012305
3285,0.0004610202492635661
3286,0.00046113059679726045
3287,0.00046144799615337965
3288,0.00046151255316662185
3289,0.0004618514564505543
3290,0.0004629114153017894
3291,0.0004632967605886626
3292,0.00046360484136654843
3293,0.00046412527575417743
3294,0.0004642965965916715
3295,0.0004644258716718056
3296,0.00046496151977963536
3297,0.0004654748212248263
3298,0.00046583267567279854
3299,0.00046600604636972743
3300,0.00046646632596253834
3301,0.0004667326462158345
3302,0.0004670237587970146
3303,0.000468170401410209
3304,0.000468377366206664
3305,0.0004684246496126263
3306,0.00046868215569226507
3307,0.00046884851594604284
3308,0.00046936979969543143
3309,0.0004695502681656545
3310,0.00047031160290096744
3311,0.00047038916993186473
3312,0.00047074345383552187
3313,0.0004709731829154886
3314,0.0004718743865318621
3315,0.00047230493716889235
3316,0.00047259193726945775
3317,0.0004729319060492025
3318,0.00047308981058073404
3319,0.00047389445108259645
3320,0.00047396946659944157
3321,0.00047438887522488796
3322,0.0004746822953096142
3323,0.00047479826667845885
3324,0.0004755140081069849
3325,0.0004755387227769379
3326,0.0004762714718253744
3327,0.00047661106307041683
3328,0.00047676293564727167
3329,0.000477395407599608
3330,0.00047795783301848063
3331,0.0004781422219195725
3332,0.0004787042819558493
3333,0.00047888554452002317
3334,0.0004790947013364281
3335,0.00047934922086396916
3336,0.0004798863291982873
3337,0.00048016578835639173
3338,0.0004804081299556114
3339,0.00048069653053992234
3340,0.0004812258675977568
3341,0.0004817998670797635
3342,0.0004824884240374246
3343,0.0004827105269117994
3344,0.00048317335725149026
3345,0.00048366622427790994
3346,0.000483915585638919
3347,0.00048405432143240466
3348,0.0004846481714256449
3349,0.0004851535048788929
3350,0.0004853385797013339
3351,0.0004855248606381323
3352,0.0004859929014105353
3353,0.00048648611378163836
3354,0.0004866002156085874
3355,0.00048706270661550295
3356,0.0004875892239937361
3357,0.0004878910877473192
3358,0.0004884665568758563
3359,0.0004891256735131192
3360,0.0004897865999765423
3361,0.0004900070621559547
3362,0.0004902678637844785
3363,0.0004905625935875923
3364,0.000491426137386796
3365,0.000491559172943156
3366,0.0004919219094088079
3367,0.0004921161656911815
3368,0.000492718051587379
3369,0.0004930135592254523
3370,0.0004933674467733619
3371,0.0004937669495513783
3372,0.0004943585451503605
3373,0.0004943954833359812
3374,0.0004946694660617728
3375,0.0004951958874997118
3376,0.0004954941661777655
3377,0.0004961551046587932
3378,0.0004964344749697516
3379,0.0004970253121819754
3380,0.000497170460355298
3381,0.0004973801799268621
3382,0.0004982841345673061
3383,0.0004985568748125934
3384,0.0004990339883360849
3385,0.000499386028291481
3386,0.0004994528147110683
3387,0.000499941798591488
3388,0.0005004272236668743
3389,0.0005006162197612987
3390,0.000501362928964525
3391,0.0005015646348200409
3392,0.0005017148103533405
3393,0.0005020037713756503
3394,0.0005025952079944026
3395,0.0005028787740365021
3396,0.0005031381338436118
3397,0.0005035423088051044
3398,0.0005041033476395139
3399,0.0005045239674224636
3400,0.0005047530293484412
3401,0.0005051527038578069
3402,0.0005057894933168351
3403,0.000506399353262116
3404,0.0005066548638661811
3405,0.0005071322566014051
3406,0.0005076787237605447
3407,0.000508152766528547
3408,0.0005088299407827936
3409,0.0005089500313496053
3410,0.0005091941335533121
3411,0.0005093372623689897
3412,0.0005095015771318443
3413,0.0005098145273987332
3414,0.000510697662608237
3415,0.0005112292177335853
3416,0.0005117709628031642
3417,0.0005117819073379109
3418,0.0005124528423673429
3419,0.0005127799811377765
3420,0.0005129350931440866
3421,0.000513555775167105
3422,0.0005140344290812407
3423,0.0005140671299781314
3424,0.000514759703307512
3425,0.0005149550734717447
3426,0.0005156239646625046
3427,0.0005160995643672412
3428,0.0005162836741188498
3429,0.0005170610536390976
3430,0.0005172665975383819
3431,0.0005175908182664168
3432,0.0005184230737968306
3433,0.0005190981217901148
3434,0.0005193289930312721
3435,0.0005196408929810746
3436,0.0005197912868461031
3437,0.0005202191239131951
3438,0.0005207617373154862
3439,0.000521163436113821
3440,0.0005213448800393658
3441,0.0005219397303048269
3442,0.0005224723964930266
3443,0.0005226237289423014
3444,0.0005229281331560173
3445,0.0005232911644775832
3446,0.0005235471030222855
3447,0.000524257649953019
3448,0.0005247296577235936
3449,0.000524930761039688
3450,0.0005253784067161902
3451,0.0005260854907440817
3452,0.0005265809058805903
3453,0.0005266293097072235
3454,0.0005273961665756013
3455,0.0005280138584427907
3456,0.0005282979867503744
3457,0.0005285523648587061
3458,0.0005289330669269482
3459,0.000529601363354628
3460,0.000530063243172652
3461,0.000530325881435409
3462,0.0005310725577120783
3463,0.0005313937011441289
3464,0.0005320449699341493
3465,0.0005323837936206364
3466,0.0005325753819650173
3467,0.0005331634490413707
3468,0.0005334451969488533
3469,0.0005336558808779553
3470,0.0005339331132358363
3471,0.0005348132179980389
3472,0.0005352921231644171
3473,0.0005358747794059537
3474,0.0005363867700966535
3475,0.0005368123756321822
3476,0.0005375542657377804
3477,0.0005376765946562514
3478,0.0005380934448074332
3479,0.0005382903237264702
3480,0.0005388225924560481
3481,0.000539447052593787
3482,0.0005395449575806736
3483,0.0005400685522890222
3484,0.0005405152639899665
3485,0.0005406860152570924
3486,0.0005410245948908191
3487,0.0005415355142867131
3488,0.00054204154973792
3489,0.0005425996981428951
3490,0.0005427999312580876
3491,0.0005435509061181243
3492,0.0005440947774188909
3493,0.0005442119285875733
3494,0.0005445882146353496
3495,0.0005449050171430623
3496,0.0005451124562035106
3497,0.0005459609018666222
3498,0.0005463180994695225
3499,0.0005471358007935713
3500,0.0005473274538522533
3501,0.0005479118514632074
3502,0.0005481254377544351
3503,0.0005485497367538458
3504,0.0005490209862085574
3505,0.0005491977904412103
3506,0.0005495961488531716
3507,0.0005504014387253837
3508,0.0005506721467955918
3509,0.0005510863749710901
3510,0.0005520291849915858
3511,0.0005520917502457584
3512,0.0005526892866969048
3513,0.0005538476689502966
3514,0.0005538766184862938
3515,0.0005539741646715579
3516,0.0005548518733583076
3517,0.0005552673259593012
3518,0.0005554176533103771
3519,0.0005557882907285183
3520,0.0005563399133608879
3521,0.0005571559147670415
3522,0.0005575230722004126
3523,0.0005580220513132357
3524,0.0005585621416220463
3525,0.0005589811315040504
3526,0.0005591667843559417
3527,0.0005599840947842571
3528,0.0005603029069653004
3529,0.0005608036994026977
3530,0.0005610871065436492
3531,0.0005617501181007196
3532,0.0005619950489186155
3533,0.0005622859747333687
3534,0.0005627137550385103
3535,0.0005628087501772962
3536,0.0005633143888120886
3537,0.0005643776951051962
3538,0.0005647274491301343
3539,0.0005650181992001373
3540,0.000565257403386973
3541,0.0005659506574845653
3542,0.0005660946862989261
3543,0.0005664543503137263
3544,0.0005676732381782995
3545,0.0005679421356992757
3546,0.0005686516222915978
3547,0.0005687287318533318
3548,0.0005694150045550902
3549,0.0005696784086926838
3550,0.0005698731292416052
3551,0.0005706223541791576
3552,0.0005717342714239863
3553,0.0005718556214617551
3554,0.0005722584102939065
3555,0.0005724481975140367
3556,0.0005731524051739893
3557,0.0005734812597133668
3558,0.0005735522003450885
3559,0.0005738125685976978
3560,0.0005744303084777703
3561,0.0005747986514523145
3562,0.0005752571672564164
3563,0.0005757405446093184
3564,0.0005764142935337982
3565,0.0005765852896297578
3566,0.0005771322428595361
3567,0.0005778026618512678
3568,0.000578511597120653
3569,0.000578994514497597
3570,0.0005795964534751666
3571,0.0005803687829205887
3572,0.0005805258796623358
3573,0.0005806932607523437
3574,0.0005808455557651887
3575,0.000581932331699989
3576,0.000582475874728988
3577,0.0005826094857454433
3578,0.00058283336060731
3579,0.0005833726680312668
3580,0.000583713618577883
3581,0.0005839228559851823
3582,0.0005846605173118702
3583,0.0005849754467804807
3584,0.0005855791991829329
3585,0.0005863346450260443
3586,0.0005869527241290508
3587,0.000587180535171639
3588,0.0005876432785634423
3589,0.0005881972072608227
3590,0.0005885268290102739
3591,0.0005887817760768531
3592,0.0005893553460975291
3593,0.0005895801082045288
3594,0.0005904515996274612
3595,0.0005906664450991594
3596,0.0005910270894662979
3597,0.0005916714932962152
3598,0.0005924625707851742
3599,0.0005928426192336589
3600,0.0005931155084318341
3601,0.0005937390069405865
3602,0.000594261799306828
3603,0.0005946747124044521
3604,0.0005951784535756835
3605,0.0005952737657085347
3606,0.0005962394314364599
3607,0.000596970923089642
3608,0.0005972516067196354
3609,0.0005976319208906068
3610,0.0005979936751152021
3611,0.0005984996509880156
3612,0.0005991950295810926
3613,0.0005998361651627317
3614,0.000600651591441339
3615,0.0006009360052671303
3616,0.0006015335185009208
3617,0.0006020971735922631
3618,0.0006025141883890159
3619,0.0006029852351406293
3620,0.000603345086811196
3621,0.0006036746897466334
3622,0.0006043623199997538
3623,0.0006051025550025171
3624,0.0006058920939687096
3625,0.0006063307002673033
3626,0.0006064847490998528
3627,0.0006068112484820862
3628,0.0006070868078753745
3629,0.0006084575716654089
3630,0.000608780312365734
3631,0.0006092660628336752
3632,0.000609975503412656
3633,0.0006105059137503029
3634,0.0006108593313222389
3635,0.0006111636914500763
3636,0.0006116098166793947
3637,0.000612488628860255
3638,0.0006130085075463399
3639,0.0006132384208496448
3640,0.0006136005605636961
3641,0.000614905252700959
3642,0.000615019258826126
3643,0.0006153731127187841
3644,0.0006163180168047208
3645,0.000616569244540838
3646,0.0006172287818853025
3647,0.0006175707090826037
3648,0.0006183301689655561
3649,0.000618560058455596
3650,0.0006189427138282526
3651,0.0006194694860674787
3652,0.0006201136253979738
3653,0.0006204338607134176
3654,0.0006210292030799497
3655,0.0006212937609011133
3656,0.0006217244241190034
3657,0.0006224055574597538
3658,0.0006231089584012122
3659,0.0006235634254835283
3660,0.0006237899382758611
3661,0.0006242448244038185
3662,0.0006247491258931171
3663,0.0006255498836856584
3664,0.0006256852529558974
3665,0.0006260751199715237
3666,0.0006266490713620065
3667,0.0006274649158590365
3668,0.0006285356702766354
3669,0.0006289165313738224
3670,0.000629576462335021
3671,0.0006305556463204609
3672,0.0006307941387572233
3673,0.00063088552419424
3674,0.0006314268374324258
3675,0.0006321484977574578
3676,0.0006323521411803175
3677,0.0006330130760140606
3678,0.0006335798347666161
3679,0.0006338135116946126
3680,0.0006349073167100213
3681,0.0006356019632432479
3682,0.0006360878781923268
3683,0.0006365900731152133
3684,0.0006371592001848627
3685,0.0006376809163718334
3686,0.0006378776530305731
3687,0.000638364273536749
3688,0.0006386294558907246
3689,0.000639601240244257
3690,0.0006405641055580154
3691,0.0006409090420886821
3692,0.0006410436022385683
3693,0.0006417175551227195
3694,0.0006424571980143482
3695,0.000643312501699139
3696,0.000643525263728067
3697,0.0006441995987733675
3698,0.0006444987096731398
3699,0.0006449191664866285
3700,0.0006454846728017407
3701,0.0006460747186622197
3702,0.0006467938622684245
3703,0.000647199186419807
3704,0.0006475914682884474
3705,0.0006478596912284737
3706,0.0006483789405877153
3707,0.0006489196832223083
3708,0.0006495273887714688
3709,0.0006497817485993595
3710,0.0006511074445429608
3711,0.0006514485321802055
3712,0.0006520825618358601
3713,0.0006525778185797269
3714,0.0006532983385216812
3715,0.0006542966334437839
3716,0.0006547781786467121
3717,0.0006552613322320293
3718,0.0006556502444674576
3719,0.0006561680579336728
3720,0.0006566514999157339
3721,0.0006572170376105063
3722,0.0006577895872950543
3723,0.0006580734064130402
3724,0.0006583869986067814
3725,0.0006601404567022015
3726,0.000660841111559726
3727,0.0006609060702106217
3728,0.0006612631095900856
3729,0.0006617207878149865
3730,0.0006626146265749914
3731,0.0006633184549920518
3732,0.0006634668960159401
3733,0.0006643802069937757
3734,0.000664725912081983
3735,0.0006650157251746919
3736,0.000665542753545765
3737,0.0006656425717789007
3738,0.0006669969279405816
3739,0.0006674104852363691
3740,0.000667783266993219
3741,0.0006683751659730978
3742,0.0006689546245948666
3743,0.0006702311897293948
3744,0.0006706802253839446
3745,0.0006707984928564901
3746,0.0006714079734470216
3747,0.000672438136718865
3748,0.0006727897097771447
3749,0.0006732559815033779
3750,0.0006743929495823099
3751,0.00067470469824233
3752,0.0006749107816093356
3753,0.0006755806357348056
3754,0.0006767295039619836
3755,0.0006772247317864914
3756,0.0006777110343382609
3757,0.0006785609352810417
3758,0.0006790371057469958
3759,0.0006797395301672889
3760,0.0006800464906713274
3761,0.0006807033907748376
3762,0.0006810466826910845
3763,0.0006812398115370684
3764,0.0006819777693500456
3765,0.0006825911874096744
3766,0.0006837281485950638
3767,0.0006840998141336471
3768,0.0006844325524760774
3769,0.0006846933671208869
3770,0.0006852225297879207
3771,0.0006856003483201873
3772,0.0006868154367068529
3773,0.0006874544923897416
3774,0.0006879370759475335
3775,0.0006886152964293192
3776,0.0006890505493613892
3777,0.0006896269718525383
3778,0.0006903291829682086
3779,0.0006910114146122229
3780,0.0006918176440998262
3781,0.0006923083178417158
3782,0.0006928444603937423
3783,0.0006934074193817974
3784,0.0006937681055432888
3785,0.0006942684418546912
3786,0.0006957153571589895
3787,0.0006961656037756801
3788,0.0006964547207521064
3789,0.0006969479281532248
3790,0.0006971277004136787
3791,0.0006984401975560167
3792,0.0006987208611531293
3793,0.0006997756825555563
3794,0.0006999904649953025
3795,0.0007011795217163859
3796,0.0007014936114742862
3797,0.0007016307034741789
3798,0.0007023160981463734
3799,0.0007037006393193235
3800,0.0007037436026575835
3801,0.0007050841875638331
3802,0.0007054538192787158
3803,0.0007056205036776722
3804,0.0007071929061843604
3805,0.0007074199353300428
3806,0.0007079114235483051
3807,0.0007084529151829728
3808,0.0007094699611490133
3809,0.0007097572461294119
3810,0.0007101819493673994
3811,0.0007111399824080059
3812,0.0007117137041323597
3813,0.0007119121154220675
3814,0.0007126980962092828
3815,0.0007131419513282601
3816,0.0007138228730208302
3817,0.0007142460418162189
3818,0.0007144981081488196
3819,0.000715353043588111
3820,0.000716156056117625
3821,0.0007169395479821545
3822,0.0007171647658040748
3823,0.0007176716239635999
3824,0.0007185415748855229
3825,0.0007193248096354692
3826,0.0007199599024684211
3827,0.0007214964411440456
3828,0.0007215714952092299
3829,0.0007225012296658206
3830,0.0007228893232457138
3831,0.0007235053118369167
3832,0.00072414607365394
3833,0.0007243588049124652
3834,0.0007257450671705022
3835,0.0007258981918080689
3836,0.000727423209839612
3837,0.0007281233006994893
3838,0.0007284458695482369
3839,0.0007293889760910788
3840,0.0007303973325552151
3841,0.0007308217562788351
3842,0.0007314575775263969
3843,0.0007324428390277013
3844,0.0007326838592870409
3845,0.0007330303181668484
3846,0.0007337069443394309
3847,0.000734280163881889
3848,0.0007351746775721026
3849,0.0007359906072458619
3850,0.0007361566823132814
3851,0.0007374304754023414
3852,0.000737762799876666
3853,0.0007382126508782153
3854,0.0007396465079945669
3855,0.0007401235834432468
3856,0.0007408313681891856
3857,0.0007410667666276271
3858,0.0007417285999488122
3859,0.0007420047759949058
3860,0.0007427209923299235
3861,0.0007437738022202004
3862,0.0007447040225470855
3863,0.0007452373525914041
3864,0.0007461711785546577
3865,0.0007468161102031744
3866,0.0007470568662190292
3867,0.0007483203718896632
3868,0.0007488471331657834
3869,0.0007491033010839325
3870,0.0007503926892850388
3871,0.00075142009178309
3872,0.0007518555663313972
3873,0.000752381334723217
3874,0.0007535893436830564
3875,0.0007538065187220797
3876,0.0007542822747586492
3877,0.0007554321204382761
3878,0.0007562085827837304
3879,0.0007565732878263184
3880,0.0007577194990200513
3881,0.0007585038746069931
3882,0.0007591735617299374
3883,0.0007600378391126815
3884,0.0007615959050554986
3885,0.0007622173294715444
3886,0.000763169769591305
3887,0.0007638523905805518
3888,0.0007645305449138064
3889,0.0007652346989063288
3890,0.0007653145534446739
3891,0.0007656462816006978
3892,0.0007662655268189525
3893,0.0007668712312348911
3894,0.0007679673426552244
3895,0.0007688768981609143
3896,0.0007695079535742171
3897,0.0007703942015404085
3898,0.0007709797211831602
3899,0.0007714763780648842
3900,0.0007721534724698324
3901,0.0007728721170047691
3902,0.0007734208900892253
3903,0.0007750704119704345
3904,0.000775180329352955
3905,0.0007759434388352998
3906,0.0007771450819257042
3907,0.0007773696602293249
3908,0.0007779315614594299
3909,0.0007790309010751745
3910,0.0007794518097977191
3911,0.0007798227582995565
3912,0.000781130333170392
3913,0.0007825308431314781
3914,0.0007833941222830682
3915,0.000783970387106774
3916,0.0007851574221557913
3917,0.0007855081657242345
3918,0.000785964380043147
3919,0.0007869725386654396
3920,0.000787914051434765
3921,0.0007883702004111354
3922,0.0007896122599283132
3923,0.0007903717288945199
3924,0.0007905504240628867
3925,0.0007918218731201429
3926,0.0007920805689446309
3927,0.000793533015277141
3928,0.0007938588331769419
3929,0.0007958714303518799
3930,0.0007960107869589429
3931,0.0007963598321617536
3932,0.0007969875889136769
3933,0.0007976300776847298
3934,0.000798444826538879
3935,0.0007992186362779968
3936,0.0007999394807512674
3937,0.0008009267280782571
3938,0.0008019890327122401
3939,0.0008025627084012033
3940,0.0008037525299731744
3941,0.0008050347038527148
3942,0.0008056576082164581
3943,0.0008075359290163759
3944,0.0008078182693898248
3945,0.0008086623626086535
3946,0.0008093436507479769
3947,0.0008110441141341787
3948,0.0008114011679400155
3949,0.0008125721903950459
3950,0.0008132149627955482
3951,0.0008133199311692075
3952,0.0008137709700260836
3953,0.0008159079312002449
3954,0.0008164685995734616
3955,0.0008171559782233618
3956,0.0008178158525535366
3957,0.0008188036733700311
3958,0.000820010610165583
3959,0.0008202640915057062
3960,0.0008212663143841377
3961,0.0008229709268599342
3962,0.0008234963669878766
3963,0.0008244580735910391
3964,0.0008254473201221574
3965,0.0008265033511663751
3966,0.0008272334903582619
3967,0.0008284571748888286
3968,0.0008298859584501745
3969,0.0008304120096317411
3970,0.0008308720542683007
3971,0.0008325314150827278
3972,0.0008329599617043113
3973,0.0008341073181165772
3974,0.0008350896129622414
3975,0.0008355896761558417
3976,0.0008366805546490828
3977,0.0008374672615537333
3978,0.0008379354416580832
3979,0.0008389718184001459
3980,0.0008404049258213383
3981,0.0008417427728908352
3982,0.000842619453101463
3983,0.0008436024437633759
3984,0.0008443874245653511
3985,0.0008448362861663647
3986,0.0008465039235227925
3987,0.0008467353117711181
3988,0.0008477122432587631
3989,0.0008491197684861417
3990,0.0008494484189786229
3991,0.000850763769239645
3992,0.0008524199297750982
3993,0.0008525232440022472
3994,0.0008532767109578647
3995,0.0008545344649547962
3996,0.0008550100260967786
3997,0.0008563286377340871
3998,0.0008582757078178016
3999,0.0008584481822639059
4000,0.0008592008439721419
4001,0.0008602324966694902
4002,0.0008618390734604389
4003,0.0008630053088179249
4004,0.0008635403773682045
4005,0.0008644633998523365
4006,0.0008664840487982177
4007,0.000867298966077408
4008,0.0008673242524347265
4009,0.0008692674747643299
4010,0.0008698685806072165
4011,0.0008714400934522669
4012,0.0008730786186531272
4013,0.0008742243645084882
4014,0.0008745646547095278
4015,0.0008755206185273658
4016,0.0008768052523161096
4017,0.0008781888835596942
4018,0.000878606996003133
4019,0.0008789962169618705
4020,0.000880260589025162
4021,0.0008817071674859356
4022,0.0008826484310458401
4023,0.0008835195902046251
4024,0.000884312462870452
4025,0.0008851491621067314
4026,0.0008873517020550802
4027,0.0008876970416254302
4028,0.0008885466078272889
4029,0.0008906610936481125
4030,0.0008915070808287806
4031,0.0008925560680825695
4032,0.0008935085627504612
4033,0.0008940230413257206
4034,0.0008968933929385206
4035,0.0008973204062122992
4036,0.0008986062657732269
4037,0.0008997493032119956
4038,0.0009009887255185452
4039,0.0009017983472179494
4040,0.0009033194374975681
4041,0.0009063713829763579
4042,0.0009069041898577333
4043,0.0009083279230745772
4044,0.0009096332938506711
4045,0.0009108920900700309
4046,0.0009112471812056976
4047,0.0009132172805993228
4048,0.000914405800114391
4049,0.0009163104567314434
4050,0.0009183140754936986
4051,0.000918872565494482
4052,0.0009197418025920863
4053,0.0009209541201224065
4054,0.0009215419533929606
4055,0.0009244166289226244
4056,0.0009247782823175887
4057,0.0009260553030472033
4058,0.0009261398212749185
4059,0.0009285680007115753
4060,0.0009311240745193841
4061,0.0009326818714270757
4062,0.0009358845738928184
4063,0.0009360454151124228
4064,0.000938983399938281
4065,0.0009400572031924149
4066,0.0009424983978187569
4067,0.0009443976285862821
4068,0.0009458493705743506
4069,0.0009481194732690168
4070,0.0009493527205218226
4071,0.0009501906968652304
4072,0.0009514585279575582
4073,0.0009528218795966328
4074,0.0009549700157596198
4075,0.0009581412441363516
4076,0.0009602006207627147
4077,0.0009621189869490043
4078,0.0009632250317877391
4079,0.0009662058239258511
4080,0.0009683774364635168
4081,0.0009711979488009533
4082,0.0009719209664337676
4083,0.0009735333084384327
4084,0.0009764615172582029
4085,0.0009796520200889482
4086,0.0009806914483795925
4087,0.0009833718339277348
4088,0.0009867553749976408
4089,0.000991842747931218
4090,0.0009955954975297801
4091,0.0009989052132825086
4092,0.0010005786378176386
4093,0.0010101831112751226
4094,0.001011804793627709
4095,0.006049741133982338
