n,M,family,sample,entropy
10,107,random_subsets_natural_partition,0,4.1577041647092665
10,107,random_subsets_natural_partition,1,4.067618061506241
10,107,random_subsets_natural_partition,2,4.063874967071281
10,107,random_subsets_natural_partition,3,4.080462324186493
10,107,random_subsets_natural_partition,4,4.138949962334309
10,107,random_subsets_natural_partition,5,4.107009217174189
10,107,random_subsets_natural_partition,6,4.204137507947411
10,107,random_subsets_natural_partition,7,4.105319140082815
10,107,random_subsets_natural_partition,8,4.119669612665789
10,107,random_subsets_natural_partition,9,4.078649147056892
10,107,random_subsets_natural_partition,10,4.095902962483329
10,107,random_subsets_natural_partition,11,3.955537334648239
10,107,random_subsets_natural_partition,12,4.140042064450899
10,107,random_subsets_natural_partition,13,3.967195126973294
10,107,random_subsets_natural_partition,14,4.062913376674024
10,107,random_subsets_natural_partition,15,3.995859671993283
10,107,random_subsets_natural_partition,16,4.0546372610459755
10,107,random_subsets_natural_partition,17,4.0920451650243885
10,107,random_subsets_natural_partition,18,4.05945508720383
10,107,random_subsets_natural_partition,19,4.066772489103435
10,107,random_subsets_natural_partition,20,3.9552508260889203
10,107,random_subsets_natural_partition,21,3.9533346464801227
10,107,random_subsets_natural_partition,22,4.111913278442046
10,107,random_subsets_natural_partition,23,3.992517218557075
10,107,random_subsets_natural_partition,24,4.21190007671568
10,107,random_subsets_natural_partition,25,4.100383758039432
10,107,random_subsets_natural_partition,26,4.056079779211761
10,107,random_subsets_natural_partition,27,4.0219448064851395
10,107,random_subsets_natural_partition,28,4.090382115134875
10,107,random_subsets_natural_partition,29,4.153554455457041
10,107,random_subsets_natural_partition,30,4.070160454462981
10,107,random_subsets_natural_partition,31,4.07628079760334
10,107,random_subsets_natural_partition,32,4.10392379566475
10,107,random_subsets_natural_partition,33,4.149767519166089
10,107,random_subsets_natural_partition,34,4.101525945525146
10,107,random_subsets_natural_partition,35,4.069847903899517
10,107,random_subsets_natural_partition,36,4.119543142541976
10,107,random_subsets_natural_partition,37,4.0149421346040866
10,107,random_subsets_natural_partition,38,4.08394430629475
10,107,random_subsets_natural_partition,39,4.09535511583258
10,107,random_subsets_natural_partition,40,3.997145858104528
10,107,random_subsets_natural_partition,41,4.064246114013307
10,107,random_subsets_natural_partition,42,3.975175123206589
10,107,random_subsets_natural_partition,43,4.082580867444926
10,107,random_subsets_natural_partition,44,4.00728939750372
10,107,random_subsets_natural_partition,45,4.1420772062122415
10,107,random_subsets_natural_partition,46,4.197899220569033
10,107,random_subsets_natural_partition,47,4.0973050427175535
10,107,random_subsets_natural_partition,48,4.01069028846512
10,107,random_subsets_natural_partition,49,4.027452796512566
10,107,random_subsets_natural_partition,50,4.032798499075426
10,107,random_subsets_natural_partition,51,4.174251278384674
10,107,random_subsets_natural_partition,52,4.068815062190885
10,107,random_subsets_natural_partition,53,4.0337527505299065
10,107,random_subsets_natural_partition,54,4.1006541590755665
10,107,random_subsets_natural_partition,55,4.122743741033336
10,107,random_subsets_natural_partition,56,4.044304895835282
10,107,random_subsets_natural_partition,57,4.0697430521661095
10,107,random_subsets_natural_partition,58,4.023871757341516
10,107,random_subsets_natural_partition,59,3.953976282196062
10,107,random_subsets_natural_partition,60,4.080953959878368
10,107,random_subsets_natural_partition,61,4.087956308749622
10,107,random_subsets_natural_partition,62,4.090408949385977
10,107,random_subsets_natural_partition,63,4.053897500699625
10,107,random_subsets_natural_partition,64,3.9823096821732493
10,107,random_subsets_natural_partition,65,4.1099582443503815
10,107,random_subsets_natural_partition,66,3.9965195736411205
10,107,random_subsets_natural_partition,67,4.073790670992651
10,107,random_subsets_natural_partition,68,4.093553853622994
10,107,random_subsets_natural_partition,69,4.060776455188594
10,107,random_subsets_natural_partition,70,3.944128519430047
10,107,random_subsets_natural_partition,71,4.0070073151678285
10,107,random_subsets_natural_partition,72,3.989818183888227
10,107,random_subsets_natural_partition,73,4.080191536421811
10,107,random_subsets_natural_partition,74,3.899315288579905
10,107,random_subsets_natural_partition,75,4.107690696270824
10,107,random_subsets_natural_partition,76,4.092549812256401
10,107,random_subsets_natural_partition,77,4.000448067855206
10,107,random_subsets_natural_partition,78,4.1803044451522045
10,107,random_subsets_natural_partition,79,4.161293285257209
10,107,random_subsets_natural_partition,80,4.078920994504862
10,107,random_subsets_natural_partition,81,4.096896321412775
10,107,random_subsets_natural_partition,82,4.054908097356425
10,107,random_subsets_natural_partition,83,4.049342347276597
10,107,random_subsets_natural_partition,84,4.124782213568608
10,107,random_subsets_natural_partition,85,4.086639012388192
10,107,random_subsets_natural_partition,86,4.101890105464591
10,107,random_subsets_natural_partition,87,4.104761426014581
10,107,random_subsets_natural_partition,88,4.074342007071176
10,107,random_subsets_natural_partition,89,4.135649378914544
10,107,random_subsets_natural_partition,90,4.142093956402753
10,107,random_subsets_natural_partition,91,4.006112152776311
10,107,random_subsets_natural_partition,92,4.033874441506273
10,107,random_subsets_natural_partition,93,4.150863001571282
10,107,random_subsets_natural_partition,94,4.120246766737419
10,107,random_subsets_natural_partition,95,4.162910933402394
10,107,random_subsets_natural_partition,96,3.9888122841181577
10,107,random_subsets_natural_partition,97,4.124951826829576
10,107,random_subsets_natural_partition,98,4.160322932480227
10,107,random_subsets_natural_partition,99,4.042010790199856
10,107,random_subsets_natural_partition,100,4.026675677087348
10,107,random_subsets_natural_partition,101,3.993367864323624
10,107,random_subsets_natural_partition,102,4.046826179100862
10,107,random_subsets_natural_partition,103,4.096073193760471
10,107,random_subsets_natural_partition,104,4.0168677797441426
10,107,random_subsets_natural_partition,105,4.015489020257523
10,107,random_subsets_natural_partition,106,3.969440094020096
10,107,random_subsets_natural_partition,107,4.064283764693932
10,107,random_subsets_natural_partition,108,4.074663610886583
10,107,random_subsets_natural_partition,109,4.0477894430441825
10,107,random_subsets_natural_partition,110,4.0615635187838315
10,107,random_subsets_natural_partition,111,4.131815081845057
10,107,random_subsets_natural_partition,112,4.159776744914407
10,107,random_subsets_natural_partition,113,4.1166935742910615
10,107,random_subsets_natural_partition,114,4.176496578673885
10,107,random_subsets_natural_partition,115,4.011435046722192
10,107,random_subsets_natural_partition,116,4.091881829853403
10,107,random_subsets_natural_partition,117,4.12494996165487
10,107,random_subsets_natural_partition,118,4.117125629016893
10,107,random_subsets_natural_partition,119,4.0893789773820455
10,107,random_subsets_natural_partition,120,4.120577189325765
10,107,random_subsets_natural_partition,121,4.158187594837734
10,107,random_subsets_natural_partition,122,3.986028360851746
10,107,random_subsets_natural_partition,123,4.1177362869084435
10,107,random_subsets_natural_partition,124,4.074914647716551
10,107,random_subsets_natural_partition,125,4.108337802142639
10,107,random_subsets_natural_partition,126,4.117865378972008
10,107,random_subsets_natural_partition,127,3.9058955403398383
10,107,random_subsets_natural_partition,128,4.166441301583916
10,107,random_subsets_natural_partition,129,3.9857575964157936
10,107,random_subsets_natural_partition,130,4.108235407050905
10,107,random_subsets_natural_partition,131,4.040914442442808
10,107,random_subsets_natural_partition,132,4.0646171826892425
10,107,random_subsets_natural_partition,133,4.092824995505252
10,107,random_subsets_natural_partition,134,4.1316836421567515
10,107,random_subsets_natural_partition,135,4.191756226157148
10,107,random_subsets_natural_partition,136,4.102415674903343
10,107,random_subsets_natural_partition,137,4.142263912575359
10,107,random_subsets_natural_partition,138,4.135471603145442
10,107,random_subsets_natural_partition,139,4.073278274556289
10,107,random_subsets_natural_partition,140,4.092478495774583
10,107,random_subsets_natural_partition,141,4.067219861394941
10,107,random_subsets_natural_partition,142,3.9893656006954763
10,107,random_subsets_natural_partition,143,4.137740994717752
10,107,random_subsets_natural_partition,144,3.958037802851951
10,107,random_subsets_natural_partition,145,3.993203286850179
10,107,random_subsets_natural_partition,146,3.9804767460927146
10,107,random_subsets_natural_partition,147,4.128708404172155
10,107,random_subsets_natural_partition,148,4.097225480284752
10,107,random_subsets_natural_partition,149,4.038329959310877
10,107,random_subsets_natural_partition,150,4.101471927974798
10,107,random_subsets_natural_partition,151,4.039689755968859
10,107,random_subsets_natural_partition,152,4.073225697505263
10,107,random_subsets_natural_partition,153,4.153411418406733
10,107,random_subsets_natural_partition,154,4.127084373020721
10,107,random_subsets_natural_partition,155,4.155050951316324
10,107,random_subsets_natural_partition,156,4.152937730046919
10,107,random_subsets_natural_partition,157,4.069740581007619
10,107,random_subsets_natural_partition,158,4.028967272294719
10,107,random_subsets_natural_partition,159,4.031783673232142
10,107,random_subsets_natural_partition,160,4.044312078902465
10,107,random_subsets_natural_partition,161,4.036989533866229
10,107,random_subsets_natural_partition,162,4.077001929922946
10,107,random_subsets_natural_partition,163,4.172366882174206
10,107,random_subsets_natural_partition,164,4.141595875699787
10,107,random_subsets_natural_partition,165,4.056645772275036
10,107,random_subsets_natural_partition,166,4.110484893008616
10,107,random_subsets_natural_partition,167,4.086085345745562
10,107,random_subsets_natural_partition,168,4.008833175072971
10,107,random_subsets_natural_partition,169,4.041251030302711
10,107,random_subsets_natural_partition,170,4.033779536870021
10,107,random_subsets_natural_partition,171,3.9584344220570005
10,107,random_subsets_natural_partition,172,4.0642396909775265
10,107,random_subsets_natural_partition,173,4.061274763916185
10,107,random_subsets_natural_partition,174,4.104957701603932
10,107,random_subsets_natural_partition,175,4.117369272137687
10,107,random_subsets_natural_partition,176,4.155651762398283
10,107,random_subsets_natural_partition,177,3.953888879608804
10,107,random_subsets_natural_partition,178,4.138509085353246
10,107,random_subsets_natural_partition,179,4.171664616122585
10,107,random_subsets_natural_partition,180,4.060124041408185
10,107,random_subsets_natural_partition,181,4.053346674238035
10,107,random_subsets_natural_partition,182,4.084863632983577
10,107,random_subsets_natural_partition,183,4.126685579052808
10,107,random_subsets_natural_partition,184,4.025555864083567
10,107,random_subsets_natural_partition,185,3.982032540004536
10,107,random_subsets_natural_partition,186,4.06240439723927
10,107,random_subsets_natural_partition,187,4.003347128602963
10,107,random_subsets_natural_partition,188,4.101220829663405
10,107,random_subsets_natural_partition,189,4.043734047219258
10,107,random_subsets_natural_partition,190,4.016836041478523
10,107,random_subsets_natural_partition,191,3.968137512548477
10,107,random_subsets_natural_partition,192,4.164648515534239
10,107,random_subsets_natural_partition,193,3.9127956264304333
10,107,random_subsets_natural_partition,194,4.109325139201782
10,107,random_subsets_natural_partition,195,4.044184391795625
10,107,random_subsets_natural_partition,196,3.999431998273493
10,107,random_subsets_natural_partition,197,4.1711768327615
10,107,random_subsets_natural_partition,198,4.0168590943376605
10,107,random_subsets_natural_partition,199,4.059840174562604
10,107,random_subsets_natural_partition,200,4.154006675809784
10,107,random_subsets_natural_partition,201,4.032451990919698
10,107,random_subsets_natural_partition,202,4.014602119304505
10,107,random_subsets_natural_partition,203,3.9997422014299104
10,107,random_subsets_natural_partition,204,4.046987406102158
10,107,random_subsets_natural_partition,205,4.078520944950291
10,107,random_subsets_natural_partition,206,3.9421381946508927
10,107,random_subsets_natural_partition,207,4.212101256863955
10,107,random_subsets_natural_partition,208,4.022960731173948
10,107,random_subsets_natural_partition,209,4.038205148527938
10,107,random_subsets_natural_partition,210,4.087402250465053
10,107,random_subsets_natural_partition,211,4.081805737853512
10,107,random_subsets_natural_partition,212,4.063345913106205
10,107,random_subsets_natural_partition,213,4.014562374126043
10,107,random_subsets_natural_partition,214,4.1123635579632465
10,107,random_subsets_natural_partition,215,4.100995056341591
10,107,random_subsets_natural_partition,216,4.132081512094843
10,107,random_subsets_natural_partition,217,4.172196895127438
10,107,random_subsets_natural_partition,218,4.1074019221896725
10,107,random_subsets_natural_partition,219,4.074293408035562
10,107,random_subsets_natural_partition,220,4.034777757782495
10,107,random_subsets_natural_partition,221,4.100886543922781
10,107,random_subsets_natural_partition,222,4.042370974039259
10,107,random_subsets_natural_partition,223,4.057492747242851
10,107,random_subsets_natural_partition,224,3.938339514575796
10,107,random_subsets_natural_partition,225,4.13646468225382
10,107,random_subsets_natural_partition,226,4.146823403350391
10,107,random_subsets_natural_partition,227,4.080136447547474
10,107,random_subsets_natural_partition,228,4.123152873092403
10,107,random_subsets_natural_partition,229,4.055331939541063
10,107,random_subsets_natural_partition,230,3.9882816495082816
10,107,random_subsets_natural_partition,231,4.081423420458365
10,107,random_subsets_natural_partition,232,4.069997413043001
10,107,random_subsets_natural_partition,233,4.077751059020265
10,107,random_subsets_natural_partition,234,4.005725826771542
10,107,random_subsets_natural_partition,235,4.146891331473538
10,107,random_subsets_natural_partition,236,4.037170119201383
10,107,random_subsets_natural_partition,237,3.9798911892533466
10,107,random_subsets_natural_partition,238,4.05069655006723
10,107,random_subsets_natural_partition,239,4.121707406310413
10,107,random_subsets_natural_partition,240,4.1195204709697775
10,107,random_subsets_natural_partition,241,4.08068229083971
10,107,random_subsets_natural_partition,242,4.015478756344028
10,107,random_subsets_natural_partition,243,4.128440632707463
10,107,random_subsets_natural_partition,244,4.10671699508674
10,107,random_subsets_natural_partition,245,4.138708745893535
10,107,random_subsets_natural_partition,246,4.179861151184628
10,107,random_subsets_natural_partition,247,4.091453213375483
10,107,random_subsets_natural_partition,248,4.1823040028623995
10,107,random_subsets_natural_partition,249,3.992618488976505
10,107,random_subsets_natural_partition,250,4.003411273613189
10,107,random_subsets_natural_partition,251,4.003073718839899
10,107,random_subsets_natural_partition,252,4.087018021023232
10,107,random_subsets_natural_partition,253,4.0556555478134415
10,107,random_subsets_natural_partition,254,4.160699122629323
10,107,random_subsets_natural_partition,255,4.041801086122131
10,107,random_subsets_natural_partition,256,4.113932929492037
10,107,random_subsets_natural_partition,257,3.874412471320502
10,107,random_subsets_natural_partition,258,4.072396653159154
10,107,random_subsets_natural_partition,259,4.005098606712707
10,107,random_subsets_natural_partition,260,4.002903118784749
10,107,random_subsets_natural_partition,261,4.065529713571975
10,107,random_subsets_natural_partition,262,3.9736927721907587
10,107,random_subsets_natural_partition,263,4.178208683558174
10,107,random_subsets_natural_partition,264,4.156780199487532
10,107,random_subsets_natural_partition,265,4.095169478383447
10,107,random_subsets_natural_partition,266,4.145312500641436
10,107,random_subsets_natural_partition,267,4.137270090486829
10,107,random_subsets_natural_partition,268,4.18789696865953
10,107,random_subsets_natural_partition,269,4.158164537828713
10,107,random_subsets_natural_partition,270,4.136798330786871
10,107,random_subsets_natural_partition,271,4.1607902421307665
10,107,random_subsets_natural_partition,272,4.035913804817584
10,107,random_subsets_natural_partition,273,4.091744762665937
10,107,random_subsets_natural_partition,274,4.144764473812259
10,107,random_subsets_natural_partition,275,4.034751456254109
10,107,random_subsets_natural_partition,276,4.07320165976702
10,107,random_subsets_natural_partition,277,4.0397944204737755
10,107,random_subsets_natural_partition,278,4.0905620159424165
10,107,random_subsets_natural_partition,279,4.145371439350759
10,107,random_subsets_natural_partition,280,4.0929902142088945
10,107,random_subsets_natural_partition,281,3.977799897433087
10,107,random_subsets_natural_partition,282,3.9756584929425594
10,107,random_subsets_natural_partition,283,3.8893997248281273
10,107,random_subsets_natural_partition,284,4.094971654771733
10,107,random_subsets_natural_partition,285,3.939731090175084
10,107,random_subsets_natural_partition,286,4.126066293216304
10,107,random_subsets_natural_partition,287,4.1218575606253065
10,107,random_subsets_natural_partition,288,3.982746362709875
10,107,random_subsets_natural_partition,289,4.019795493434162
10,107,random_subsets_natural_partition,290,4.099490058905227
10,107,random_subsets_natural_partition,291,3.989949671393728
10,107,random_subsets_natural_partition,292,3.944677790065621
10,107,random_subsets_natural_partition,293,4.1716138187347624
10,107,random_subsets_natural_partition,294,4.090150151878068
10,107,random_subsets_natural_partition,295,4.15847855328473
10,107,random_subsets_natural_partition,296,4.04549640605728
10,107,random_subsets_natural_partition,297,4.111574909943768
10,107,random_subsets_natural_partition,298,4.17703813222258
10,107,random_subsets_natural_partition,299,4.08769719646207
10,107,random_subsets_natural_partition,300,4.058012570728476
10,107,random_subsets_natural_partition,301,4.064927583796164
10,107,random_subsets_natural_partition,302,4.084385449159169
10,107,random_subsets_natural_partition,303,4.108744903657828
10,107,random_subsets_natural_partition,304,4.09496572421082
10,107,random_subsets_natural_partition,305,4.030381986831417
10,107,random_subsets_natural_partition,306,4.0898812863126865
10,107,random_subsets_natural_partition,307,4.029164114259824
10,107,random_subsets_natural_partition,308,4.134191261362356
10,107,random_subsets_natural_partition,309,4.044012714199507
10,107,random_subsets_natural_partition,310,4.202459209106539
10,107,random_subsets_natural_partition,311,4.09700187412678
10,107,random_subsets_natural_partition,312,4.083690884750984
10,107,random_subsets_natural_partition,313,4.116532931618066
10,107,random_subsets_natural_partition,314,3.960500952246014
10,107,random_subsets_natural_partition,315,4.095235300767119
10,107,random_subsets_natural_partition,316,4.157535862082419
10,107,random_subsets_natural_partition,317,4.056242297863291
10,107,random_subsets_natural_partition,318,4.057726993941181
10,107,random_subsets_natural_partition,319,4.123800804634284
10,107,random_subsets_natural_partition,320,4.16617920524788
10,107,random_subsets_natural_partition,321,4.007378790982179
10,107,random_subsets_natural_partition,322,4.059751468164362
10,107,random_subsets_natural_partition,323,4.10048272631205
10,107,random_subsets_natural_partition,324,4.032380137941059
10,107,random_subsets_natural_partition,325,4.0665687150509795
10,107,random_subsets_natural_partition,326,4.190587504948631
10,107,random_subsets_natural_partition,327,4.045843281776038
10,107,random_subsets_natural_partition,328,4.061085673973103
10,107,random_subsets_natural_partition,329,4.142769634919613
10,107,random_subsets_natural_partition,330,4.153523187754777
10,107,random_subsets_natural_partition,331,4.030106902266278
10,107,random_subsets_natural_partition,332,4.0753292399951855
10,107,random_subsets_natural_partition,333,4.028031631026098
10,107,random_subsets_natural_partition,334,4.096259664418174
10,107,random_subsets_natural_partition,335,3.969860028556351
10,107,random_subsets_natural_partition,336,4.0424140187744415
10,107,random_subsets_natural_partition,337,4.072738957114298
10,107,random_subsets_natural_partition,338,4.031346788848967
10,107,random_subsets_natural_partition,339,3.8460147132783002
10,107,random_subsets_natural_partition,340,4.22382230428452
10,107,random_subsets_natural_partition,341,4.028113704856404
10,107,random_subsets_natural_partition,342,4.138801916684335
10,107,random_subsets_natural_partition,343,4.0426267605937305
10,107,random_subsets_natural_partition,344,4.007199498557411
10,107,random_subsets_natural_partition,345,4.061943177774653
10,107,random_subsets_natural_partition,346,4.06588335500873
10,107,random_subsets_natural_partition,347,4.048018944711372
10,107,random_subsets_natural_partition,348,4.049038909728418
10,107,random_subsets_natural_partition,349,4.0847652678536175
10,107,random_subsets_natural_partition,350,4.105779082096183
10,107,random_subsets_natural_partition,351,3.9823586313269077
10,107,random_subsets_natural_partition,352,4.022096054253725
10,107,random_subsets_natural_partition,353,4.082391288538434
10,107,random_subsets_natural_partition,354,4.10232510921281
10,107,random_subsets_natural_partition,355,4.076569264850734
10,107,random_subsets_natural_partition,356,4.129156203426195
10,107,random_subsets_natural_partition,357,4.109874709207014
10,107,random_subsets_natural_partition,358,3.929174577610939
10,107,random_subsets_natural_partition,359,3.990686842635543
10,107,random_subsets_natural_partition,360,4.027151714482813
10,107,random_subsets_natural_partition,361,3.9251275197555056
10,107,random_subsets_natural_partition,362,4.090733167276747
10,107,random_subsets_natural_partition,363,4.017779529333277
10,107,random_subsets_natural_partition,364,4.072722765303606
10,107,random_subsets_natural_partition,365,3.8760482105887335
10,107,random_subsets_natural_partition,366,4.056704125462517
10,107,random_subsets_natural_partition,367,4.166810552066899
10,107,random_subsets_natural_partition,368,4.103427892992413
10,107,random_subsets_natural_partition,369,4.0656108330347065
10,107,random_subsets_natural_partition,370,4.186127434256591
10,107,random_subsets_natural_partition,371,4.104873135586206
10,107,random_subsets_natural_partition,372,4.106814768329773
10,107,random_subsets_natural_partition,373,4.1602950825415945
10,107,random_subsets_natural_partition,374,4.070156521455027
10,107,random_subsets_natural_partition,375,4.06442560542493
10,107,random_subsets_natural_partition,376,4.200679871796992
10,107,random_subsets_natural_partition,377,4.05975449994143
10,107,random_subsets_natural_partition,378,4.04672218092913
10,107,random_subsets_natural_partition,379,4.005127368680615
10,107,random_subsets_natural_partition,380,4.0530663855619276
10,107,random_subsets_natural_partition,381,4.140864909743597
10,107,random_subsets_natural_partition,382,4.100274657187778
10,107,random_subsets_natural_partition,383,4.051668120351663
10,107,random_subsets_natural_partition,384,3.9252788964182317
10,107,random_subsets_natural_partition,385,4.035482566555464
10,107,random_subsets_natural_partition,386,4.094628327281314
10,107,random_subsets_natural_partition,387,4.027184440377154
10,107,random_subsets_natural_partition,388,4.092896096046715
10,107,random_subsets_natural_partition,389,4.057441132475058
10,107,random_subsets_natural_partition,390,4.158383206604228
10,107,random_subsets_natural_partition,391,4.035074395685502
10,107,random_subsets_natural_partition,392,4.062366626243577
10,107,random_subsets_natural_partition,393,4.018380378691843
10,107,random_subsets_natural_partition,394,4.090735158615922
10,107,random_subsets_natural_partition,395,4.135544533728097
10,107,random_subsets_natural_partition,396,4.031092208697003
10,107,random_subsets_natural_partition,397,3.985854128419482
10,107,random_subsets_natural_partition,398,3.909330015840418
10,107,random_subsets_natural_partition,399,4.134547615554038
10,107,random_subsets_natural_partition,400,4.113904392127465
10,107,random_subsets_natural_partition,401,4.063320931315853
10,107,random_subsets_natural_partition,402,4.012715725914241
10,107,random_subsets_natural_partition,403,4.09723938224492
10,107,random_subsets_natural_partition,404,4.129057935861746
10,107,random_subsets_natural_partition,405,4.1092829232226435
10,107,random_subsets_natural_partition,406,4.018703664042716
10,107,random_subsets_natural_partition,407,4.072885804433278
10,107,random_subsets_natural_partition,408,4.097071162419118
10,107,random_subsets_natural_partition,409,3.9113290698059626
10,107,random_subsets_natural_partition,410,4.039418349344239
10,107,random_subsets_natural_partition,411,4.081916127884993
10,107,random_subsets_natural_partition,412,3.9585493931884406
10,107,random_subsets_natural_partition,413,4.197874996817733
10,107,random_subsets_natural_partition,414,4.05175011031723
10,107,random_subsets_natural_partition,415,4.017019339716186
10,107,random_subsets_natural_partition,416,4.083613463950688
10,107,random_subsets_natural_partition,417,4.127117519651522
10,107,random_subsets_natural_partition,418,3.958094490491369
10,107,random_subsets_natural_partition,419,4.185923707670014
10,107,random_subsets_natural_partition,420,4.1200940950361336
10,107,random_subsets_natural_partition,421,3.9725851391144875
10,107,random_subsets_natural_partition,422,4.114627022258686
10,107,random_subsets_natural_partition,423,4.095215540652732
10,107,random_subsets_natural_partition,424,4.088770849863723
10,107,random_subsets_natural_partition,425,4.103942648208914
10,107,random_subsets_natural_partition,426,4.03230280254477
10,107,random_subsets_natural_partition,427,4.161610350902352
10,107,random_subsets_natural_partition,428,4.107860539411867
10,107,random_subsets_natural_partition,429,4.04672548602911
10,107,random_subsets_natural_partition,430,4.07478617794442
10,107,random_subsets_natural_partition,431,4.142135101165826
10,107,random_subsets_natural_partition,432,4.0525850004570865
10,107,random_subsets_natural_partition,433,4.120594213650795
10,107,random_subsets_natural_partition,434,4.050201272023397
10,107,random_subsets_natural_partition,435,4.095609815204035
10,107,random_subsets_natural_partition,436,4.060739093784123
10,107,random_subsets_natural_partition,437,4.09205002608841
10,107,random_subsets_natural_partition,438,4.11804832210197
10,107,random_subsets_natural_partition,439,4.0197113019391635
10,107,random_subsets_natural_partition,440,3.954196604974463
10,107,random_subsets_natural_partition,441,4.132483319872031
10,107,random_subsets_natural_partition,442,3.9496651337835087
10,107,random_subsets_natural_partition,443,4.065445091024294
10,107,random_subsets_natural_partition,444,4.01154838724315
10,107,random_subsets_natural_partition,445,4.0994117145366396
10,107,random_subsets_natural_partition,446,4.101230769818923
10,107,random_subsets_natural_partition,447,4.070367965043697
10,107,random_subsets_natural_partition,448,4.026128671538487
10,107,random_subsets_natural_partition,449,4.004545322810924
10,107,random_subsets_natural_partition,450,3.982168159917225
10,107,random_subsets_natural_partition,451,4.127580304117776
10,107,random_subsets_natural_partition,452,4.0281720541080395
10,107,random_subsets_natural_partition,453,4.130448007690062
10,107,random_subsets_natural_partition,454,4.116200454659166
10,107,random_subsets_natural_partition,455,4.022413961939282
10,107,random_subsets_natural_partition,456,4.131130293848522
10,107,random_subsets_natural_partition,457,4.0799009937588675
10,107,random_subsets_natural_partition,458,4.151745901080708
10,107,random_subsets_natural_partition,459,3.996167842429168
10,107,random_subsets_natural_partition,460,4.119067983840031
10,107,random_subsets_natural_partition,461,3.9112191599096726
10,107,random_subsets_natural_partition,462,4.128748298733806
10,107,random_subsets_natural_partition,463,4.0924860257191265
10,107,random_subsets_natural_partition,464,4.065418882562426
10,107,random_subsets_natural_partition,465,4.054781341083039
10,107,random_subsets_natural_partition,466,4.138836242324291
10,107,random_subsets_natural_partition,467,4.126382967258557
10,107,random_subsets_natural_partition,468,3.9393604975317724
10,107,random_subsets_natural_partition,469,3.94934535124571
10,107,random_subsets_natural_partition,470,4.062144135223347
10,107,random_subsets_natural_partition,471,4.006231065867592
10,107,random_subsets_natural_partition,472,4.048446428784948
10,107,random_subsets_natural_partition,473,4.152470747148896
10,107,random_subsets_natural_partition,474,3.9966894676488813
10,107,random_subsets_natural_partition,475,4.131313408924931
10,107,random_subsets_natural_partition,476,4.009751095632131
10,107,random_subsets_natural_partition,477,4.0553390698553535
10,107,random_subsets_natural_partition,478,4.151700102808561
10,107,random_subsets_natural_partition,479,4.113651205409714
10,107,random_subsets_natural_partition,480,3.990584756672867
10,107,random_subsets_natural_partition,481,4.0386764053058455
10,107,random_subsets_natural_partition,482,4.129018348322587
10,107,random_subsets_natural_partition,483,4.166405228636955
10,107,random_subsets_natural_partition,484,4.021161860477129
10,107,random_subsets_natural_partition,485,4.157176184893173
10,107,random_subsets_natural_partition,486,4.145899446886469
10,107,random_subsets_natural_partition,487,4.163595824271237
10,107,random_subsets_natural_partition,488,4.062579824343583
10,107,random_subsets_natural_partition,489,3.978352982180476
10,107,random_subsets_natural_partition,490,4.02560293792119
10,107,random_subsets_natural_partition,491,4.084222184419114
10,107,random_subsets_natural_partition,492,3.9935401178582133
10,107,random_subsets_natural_partition,493,4.204648797254653
10,107,random_subsets_natural_partition,494,4.057883877805436
10,107,random_subsets_natural_partition,495,4.074798457541276
10,107,random_subsets_natural_partition,496,4.109558932114832
10,107,random_subsets_natural_partition,497,4.004038181956987
10,107,random_subsets_natural_partition,498,3.983460138357732
10,107,random_subsets_natural_partition,499,4.116637791963247
10,107,random_subsets_natural_partition,500,4.070057163748119
10,107,random_subsets_natural_partition,501,4.041996954771058
10,107,random_subsets_natural_partition,502,4.139158103314368
10,107,random_subsets_natural_partition,503,4.021930253929247
10,107,random_subsets_natural_partition,504,4.117655446588562
10,107,random_subsets_natural_partition,505,4.094565823017105
10,107,random_subsets_natural_partition,506,4.080032035034437
10,107,random_subsets_natural_partition,507,3.9875365327210415
10,107,random_subsets_natural_partition,508,4.165915421154651
10,107,random_subsets_natural_partition,509,4.066076215132713
10,107,random_subsets_natural_partition,510,4.132784587978225
10,107,random_subsets_natural_partition,511,4.0514222773798245
10,107,random_subsets_natural_partition,512,4.120418184940782
10,107,random_subsets_natural_partition,513,4.234959839041399
10,107,random_subsets_natural_partition,514,4.098095804997354
10,107,random_subsets_natural_partition,515,4.0143251099536545
10,107,random_subsets_natural_partition,516,4.0091733917605925
10,107,random_subsets_natural_partition,517,4.005188713196791
10,107,random_subsets_natural_partition,518,3.984140141305437
10,107,random_subsets_natural_partition,519,3.995803234040937
10,107,random_subsets_natural_partition,520,4.181541568143637
10,107,random_subsets_natural_partition,521,4.053099412065527
10,107,random_subsets_natural_partition,522,3.895366348226208
10,107,random_subsets_natural_partition,523,3.8382626192160165
10,107,random_subsets_natural_partition,524,4.109967814442328
10,107,random_subsets_natural_partition,525,4.066178460264018
10,107,random_subsets_natural_partition,526,4.08547265866195
10,107,random_subsets_natural_partition,527,4.053009705288793
10,107,random_subsets_natural_partition,528,4.1193339298433855
10,107,random_subsets_natural_partition,529,4.146365847456528
10,107,random_subsets_natural_partition,530,4.0766943174600305
10,107,random_subsets_natural_partition,531,4.105351885378414
10,107,random_subsets_natural_partition,532,4.155139184585678
10,107,random_subsets_natural_partition,533,4.064192247888489
10,107,random_subsets_natural_partition,534,4.116899715727389
10,107,random_subsets_natural_partition,535,4.080649442562139
10,107,random_subsets_natural_partition,536,4.119280205164679
10,107,random_subsets_natural_partition,537,4.060749652863999
10,107,random_subsets_natural_partition,538,4.073850366967568
10,107,random_subsets_natural_partition,539,4.129363209438481
10,107,random_subsets_natural_partition,540,4.086385493534617
10,107,random_subsets_natural_partition,541,4.185244371777973
10,107,random_subsets_natural_partition,542,3.9887326823144544
10,107,random_subsets_natural_partition,543,4.137560676991221
10,107,random_subsets_natural_partition,544,4.080053786056422
10,107,random_subsets_natural_partition,545,4.121198835915484
10,107,random_subsets_natural_partition,546,4.192667918265215
10,107,random_subsets_natural_partition,547,4.023270161112696
10,107,random_subsets_natural_partition,548,4.005171527976531
10,107,random_subsets_natural_partition,549,4.0888797349618695
10,107,random_subsets_natural_partition,550,4.130717365026124
10,107,random_subsets_natural_partition,551,4.130896027199294
10,107,random_subsets_natural_partition,552,4.134676464815827
10,107,random_subsets_natural_partition,553,4.099141653991903
10,107,random_subsets_natural_partition,554,3.947448803812963
10,107,random_subsets_natural_partition,555,4.010251246781853
10,107,random_subsets_natural_partition,556,4.132494564363169
10,107,random_subsets_natural_partition,557,4.23197910787521
10,107,random_subsets_natural_partition,558,4.110038114434762
10,107,random_subsets_natural_partition,559,4.1509411049453275
10,107,random_subsets_natural_partition,560,4.124860569139065
10,107,random_subsets_natural_partition,561,4.026850620945519
10,107,random_subsets_natural_partition,562,4.06405779731695
10,107,random_subsets_natural_partition,563,4.151604648746064
10,107,random_subsets_natural_partition,564,4.013486258065896
10,107,random_subsets_natural_partition,565,4.129797232798318
10,107,random_subsets_natural_partition,566,4.085455713860864
10,107,random_subsets_natural_partition,567,4.193706783768881
10,107,random_subsets_natural_partition,568,4.165378159131989
10,107,random_subsets_natural_partition,569,4.0216693872046365
10,107,random_subsets_natural_partition,570,3.9718726940636877
10,107,random_subsets_natural_partition,571,3.9897325583574896
10,107,random_subsets_natural_partition,572,4.048750729724125
10,107,random_subsets_natural_partition,573,4.004457638806267
10,107,random_subsets_natural_partition,574,4.089417380719422
10,107,random_subsets_natural_partition,575,4.155541695107779
10,107,random_subsets_natural_partition,576,4.040078032194163
10,107,random_subsets_natural_partition,577,4.054093941196026
10,107,random_subsets_natural_partition,578,4.117445520274967
10,107,random_subsets_natural_partition,579,4.123718937088931
10,107,random_subsets_natural_partition,580,3.9387688153129434
10,107,random_subsets_natural_partition,581,4.125878866639261
10,107,random_subsets_natural_partition,582,4.059319966237349
10,107,random_subsets_natural_partition,583,4.070413019748336
10,107,random_subsets_natural_partition,584,4.144844054793718
10,107,random_subsets_natural_partition,585,4.113762188156469
10,107,random_subsets_natural_partition,586,4.080523342964124
10,107,random_subsets_natural_partition,587,4.015649369603651
10,107,random_subsets_natural_partition,588,4.190462911519425
10,107,random_subsets_natural_partition,589,4.089184226430806
10,107,random_subsets_natural_partition,590,3.9571749034824837
10,107,random_subsets_natural_partition,591,4.109174556683433
10,107,random_subsets_natural_partition,592,4.040421404884365
10,107,random_subsets_natural_partition,593,4.104012323605309
10,107,random_subsets_natural_partition,594,4.0912554820705616
10,107,random_subsets_natural_partition,595,4.071399954467684
10,107,random_subsets_natural_partition,596,4.028879458304523
10,107,random_subsets_natural_partition,597,4.059893022538938
10,107,random_subsets_natural_partition,598,4.15766931665702
10,107,random_subsets_natural_partition,599,4.077784136593764
10,107,random_subsets_natural_partition,600,4.144949767218599
10,107,random_subsets_natural_partition,601,4.121809993669363
10,107,random_subsets_natural_partition,602,4.012886662856908
10,107,random_subsets_natural_partition,603,4.03535903175987
10,107,random_subsets_natural_partition,604,4.15986978474729
10,107,random_subsets_natural_partition,605,4.054720318842723
10,107,random_subsets_natural_partition,606,4.101505724566971
10,107,random_subsets_natural_partition,607,4.014834925688767
10,107,random_subsets_natural_partition,608,4.079947789318481
10,107,random_subsets_natural_partition,609,4.049056996929646
10,107,random_subsets_natural_partition,610,4.091958561597758
10,107,random_subsets_natural_partition,611,4.07989079255228
10,107,random_subsets_natural_partition,612,4.056438325476761
10,107,random_subsets_natural_partition,613,4.135791318515469
10,107,random_subsets_natural_partition,614,3.9780621213787453
10,107,random_subsets_natural_partition,615,4.127730447254081
10,107,random_subsets_natural_partition,616,4.105784298476305
10,107,random_subsets_natural_partition,617,4.161187282655594
10,107,random_subsets_natural_partition,618,4.097029666631417
10,107,random_subsets_natural_partition,619,4.119147601320248
10,107,random_subsets_natural_partition,620,4.106215500975145
10,107,random_subsets_natural_partition,621,4.115067071864114
10,107,random_subsets_natural_partition,622,4.1961474637932135
10,107,random_subsets_natural_partition,623,4.091437662026895
10,107,random_subsets_natural_partition,624,4.1298266994701605
10,107,random_subsets_natural_partition,625,4.080225042417564
10,107,random_subsets_natural_partition,626,4.015277556247017
10,107,random_subsets_natural_partition,627,3.937381176262022
10,107,random_subsets_natural_partition,628,4.173575045710222
10,107,random_subsets_natural_partition,629,4.128621651438472
10,107,random_subsets_natural_partition,630,4.087628522742171
10,107,random_subsets_natural_partition,631,4.0301856821435535
10,107,random_subsets_natural_partition,632,4.107323264069718
10,107,random_subsets_natural_partition,633,4.061136695400121
10,107,random_subsets_natural_partition,634,4.142782048133014
10,107,random_subsets_natural_partition,635,4.0226707731201765
10,107,random_subsets_natural_partition,636,4.013546903691137
10,107,random_subsets_natural_partition,637,4.02954859096208
10,107,random_subsets_natural_partition,638,3.980663265432868
10,107,random_subsets_natural_partition,639,4.021993594422012
10,107,random_subsets_natural_partition,640,4.002004440277535
10,107,random_subsets_natural_partition,641,4.1434452091228975
10,107,random_subsets_natural_partition,642,3.9771267234453176
10,107,random_subsets_natural_partition,643,4.049878696772069
10,107,random_subsets_natural_partition,644,4.1386686931698256
10,107,random_subsets_natural_partition,645,3.9930875786704942
10,107,random_subsets_natural_partition,646,4.197501894262354
10,107,random_subsets_natural_partition,647,3.9990269837436805
10,107,random_subsets_natural_partition,648,4.108459356790479
10,107,random_subsets_natural_partition,649,4.046532286372788
10,107,random_subsets_natural_partition,650,4.006574692656168
10,107,random_subsets_natural_partition,651,4.111846007072889
10,107,random_subsets_natural_partition,652,4.049277204426097
10,107,random_subsets_natural_partition,653,4.114837256184296
10,107,random_subsets_natural_partition,654,4.057387089847855
10,107,random_subsets_natural_partition,655,4.04600281833173
10,107,random_subsets_natural_partition,656,4.027670993876766
10,107,random_subsets_natural_partition,657,4.088653671967253
10,107,random_subsets_natural_partition,658,4.096127228944124
10,107,random_subsets_natural_partition,659,4.013598144113679
10,107,random_subsets_natural_partition,660,4.012024264052438
10,107,random_subsets_natural_partition,661,4.214572117792804
10,107,random_subsets_natural_partition,662,4.078607263843806
10,107,random_subsets_natural_partition,663,4.0548315812521345
10,107,random_subsets_natural_partition,664,4.039480119231522
10,107,random_subsets_natural_partition,665,4.101739683271788
10,107,random_subsets_natural_partition,666,3.978505529139568
10,107,random_subsets_natural_partition,667,4.077644782673133
10,107,random_subsets_natural_partition,668,4.020981870935885
10,107,random_subsets_natural_partition,669,4.076114184036184
10,107,random_subsets_natural_partition,670,4.1304716352140955
10,107,random_subsets_natural_partition,671,4.131020958917087
10,107,random_subsets_natural_partition,672,4.105690496749685
10,107,random_subsets_natural_partition,673,3.911647682089823
10,107,random_subsets_natural_partition,674,4.0291093259960284
10,107,random_subsets_natural_partition,675,3.960790354932182
10,107,random_subsets_natural_partition,676,4.1301682855052775
10,107,random_subsets_natural_partition,677,4.12178758564162
10,107,random_subsets_natural_partition,678,3.970871349919642
10,107,random_subsets_natural_partition,679,4.125613449035838
10,107,random_subsets_natural_partition,680,4.1892152757522645
10,107,random_subsets_natural_partition,681,4.149960250092146
10,107,random_subsets_natural_partition,682,4.078371928460116
10,107,random_subsets_natural_partition,683,4.0733518484685955
10,107,random_subsets_natural_partition,684,4.056536160438691
10,107,random_subsets_natural_partition,685,4.072887731764191
10,107,random_subsets_natural_partition,686,4.011814068654792
10,107,random_subsets_natural_partition,687,4.045037671143441
10,107,random_subsets_natural_partition,688,4.217839714101262
10,107,random_subsets_natural_partition,689,3.974154669417298
10,107,random_subsets_natural_partition,690,4.028990865680306
10,107,random_subsets_natural_partition,691,4.077863395451259
10,107,random_subsets_natural_partition,692,4.108070574604086
10,107,random_subsets_natural_partition,693,4.0076664935592055
10,107,random_subsets_natural_partition,694,3.901900337309961
10,107,random_subsets_natural_partition,695,4.1429916779596025
10,107,random_subsets_natural_partition,696,4.105742509039713
10,107,random_subsets_natural_partition,697,4.0496537727192
10,107,random_subsets_natural_partition,698,4.065687019805436
10,107,random_subsets_natural_partition,699,4.126027903605659
10,107,random_subsets_natural_partition,700,4.060982406992498
10,107,random_subsets_natural_partition,701,4.006653200423833
10,107,random_subsets_natural_partition,702,4.079281123367944
10,107,random_subsets_natural_partition,703,4.105021069413084
10,107,random_subsets_natural_partition,704,4.093665532771527
10,107,random_subsets_natural_partition,705,4.129823258366855
10,107,random_subsets_natural_partition,706,4.099095862136895
10,107,random_subsets_natural_partition,707,4.098634197468606
10,107,random_subsets_natural_partition,708,4.084136523796709
10,107,random_subsets_natural_partition,709,4.061665132818871
10,107,random_subsets_natural_partition,710,4.044336911778625
10,107,random_subsets_natural_partition,711,4.150826480388628
10,107,random_subsets_natural_partition,712,4.096212487310819
10,107,random_subsets_natural_partition,713,4.076414065091803
10,107,random_subsets_natural_partition,714,4.114537430103179
10,107,random_subsets_natural_partition,715,4.01084886516478
10,107,random_subsets_natural_partition,716,3.985729411155278
10,107,random_subsets_natural_partition,717,4.022835799748841
10,107,random_subsets_natural_partition,718,4.1298603649946735
10,107,random_subsets_natural_partition,719,4.1093964896042525
10,107,random_subsets_natural_partition,720,4.154945905519554
10,107,random_subsets_natural_partition,721,3.9935189436504532
10,107,random_subsets_natural_partition,722,4.052839724754812
10,107,random_subsets_natural_partition,723,4.092946942957564
10,107,random_subsets_natural_partition,724,4.087611326906564
10,107,random_subsets_natural_partition,725,4.037387221013893
10,107,random_subsets_natural_partition,726,4.065824351345379
10,107,random_subsets_natural_partition,727,4.0407047745581135
10,107,random_subsets_natural_partition,728,4.169161022136338
10,107,random_subsets_natural_partition,729,4.125241445836592
10,107,random_subsets_natural_partition,730,4.098415149945873
10,107,random_subsets_natural_partition,731,4.0332956780588844
10,107,random_subsets_natural_partition,732,4.066349647467318
10,107,random_subsets_natural_partition,733,4.082013541792812
10,107,random_subsets_natural_partition,734,4.013624883653751
10,107,random_subsets_natural_partition,735,4.125074707929862
10,107,random_subsets_natural_partition,736,4.100386448548939
10,107,random_subsets_natural_partition,737,4.078900358690151
10,107,random_subsets_natural_partition,738,4.075860238382833
10,107,random_subsets_natural_partition,739,3.9848652722858313
10,107,random_subsets_natural_partition,740,4.0453869678516545
10,107,random_subsets_natural_partition,741,4.1313954495978225
10,107,random_subsets_natural_partition,742,4.119773699005747
10,107,random_subsets_natural_partition,743,4.072321200189164
10,107,random_subsets_natural_partition,744,4.078337053074712
10,107,random_subsets_natural_partition,745,4.0135250743112
10,107,random_subsets_natural_partition,746,4.105855504317979
10,107,random_subsets_natural_partition,747,4.121432839906456
10,107,random_subsets_natural_partition,748,4.179795973058645
10,107,random_subsets_natural_partition,749,4.066388940265393
10,107,random_subsets_natural_partition,750,4.127949287692925
10,107,random_subsets_natural_partition,751,4.151842246016163
10,107,random_subsets_natural_partition,752,4.051580005525085
10,107,random_subsets_natural_partition,753,4.084529495263117
10,107,random_subsets_natural_partition,754,4.119829466178589
10,107,random_subsets_natural_partition,755,4.183257002003101
10,107,random_subsets_natural_partition,756,4.059834824526535
10,107,random_subsets_natural_partition,757,4.036992875356369
10,107,random_subsets_natural_partition,758,4.046417723764254
10,107,random_subsets_natural_partition,759,3.9862926082643866
10,107,random_subsets_natural_partition,760,4.0493845494650715
10,107,random_subsets_natural_partition,761,4.043550002506607
10,107,random_subsets_natural_partition,762,4.177266409996622
10,107,random_subsets_natural_partition,763,4.143502780517179
10,107,random_subsets_natural_partition,764,4.0018563916155365
10,107,random_subsets_natural_partition,765,4.0405196216695165
10,107,random_subsets_natural_partition,766,4.174408612603854
10,107,random_subsets_natural_partition,767,4.0931174296889745
10,107,random_subsets_natural_partition,768,4.011767921835514
10,107,random_subsets_natural_partition,769,4.0555507390427366
10,107,random_subsets_natural_partition,770,4.049479949976715
10,107,random_subsets_natural_partition,771,4.101616842282814
10,107,random_subsets_natural_partition,772,4.002928290782471
10,107,random_subsets_natural_partition,773,4.030245949870297
10,107,random_subsets_natural_partition,774,4.079141250779686
10,107,random_subsets_natural_partition,775,4.1117946253819895
10,107,random_subsets_natural_partition,776,4.032883611032082
10,107,random_subsets_natural_partition,777,4.008685370148708
10,107,random_subsets_natural_partition,778,3.9913723799786944
10,107,random_subsets_natural_partition,779,4.068444165877843
10,107,random_subsets_natural_partition,780,4.108151281837363
10,107,random_subsets_natural_partition,781,4.06444109411289
10,107,random_subsets_natural_partition,782,3.9864395059498072
10,107,random_subsets_natural_partition,783,4.175747599736273
10,107,random_subsets_natural_partition,784,4.092993220925525
10,107,random_subsets_natural_partition,785,4.102970007915226
10,107,random_subsets_natural_partition,786,3.9511756238524223
10,107,random_subsets_natural_partition,787,4.033412715671468
10,107,random_subsets_natural_partition,788,4.10464713131346
10,107,random_subsets_natural_partition,789,4.040661218700909
10,107,random_subsets_natural_partition,790,4.051543401262526
10,107,random_subsets_natural_partition,791,4.090205715643509
10,107,random_subsets_natural_partition,792,4.009838180800194
10,107,random_subsets_natural_partition,793,3.983921390378008
10,107,random_subsets_natural_partition,794,4.073663317480276
10,107,random_subsets_natural_partition,795,4.054541608031975
10,107,random_subsets_natural_partition,796,4.137098666945084
10,107,random_subsets_natural_partition,797,4.068278290212357
10,107,random_subsets_natural_partition,798,4.051095608650315
10,107,random_subsets_natural_partition,799,4.0615356186963405
10,107,random_subsets_natural_partition,800,4.078062482168899
10,107,random_subsets_natural_partition,801,4.07806122799637
10,107,random_subsets_natural_partition,802,4.095516810684119
10,107,random_subsets_natural_partition,803,3.995504106264167
10,107,random_subsets_natural_partition,804,4.046216767094549
10,107,random_subsets_natural_partition,805,4.106498062630673
10,107,random_subsets_natural_partition,806,3.9932952526333922
10,107,random_subsets_natural_partition,807,4.091169972607072
10,107,random_subsets_natural_partition,808,4.131602980016793
10,107,random_subsets_natural_partition,809,4.093028854553887
10,107,random_subsets_natural_partition,810,4.098299075663393
10,107,random_subsets_natural_partition,811,3.9870508192926963
10,107,random_subsets_natural_partition,812,4.095127664471215
10,107,random_subsets_natural_partition,813,4.0974111467557215
10,107,random_subsets_natural_partition,814,4.050090574341669
10,107,random_subsets_natural_partition,815,4.088298721441026
10,107,random_subsets_natural_partition,816,4.0064524293563775
10,107,random_subsets_natural_partition,817,3.950628069921533
10,107,random_subsets_natural_partition,818,3.969499392311427
10,107,random_subsets_natural_partition,819,4.032557682189508
10,107,random_subsets_natural_partition,820,4.054540861248205
10,107,random_subsets_natural_partition,821,4.022466708588637
10,107,random_subsets_natural_partition,822,4.024060955390731
10,107,random_subsets_natural_partition,823,4.037235022728485
10,107,random_subsets_natural_partition,824,4.066299519574451
10,107,random_subsets_natural_partition,825,4.038931999285464
10,107,random_subsets_natural_partition,826,4.083823137969827
10,107,random_subsets_natural_partition,827,3.887090238062406
10,107,random_subsets_natural_partition,828,4.155788114892949
10,107,random_subsets_natural_partition,829,4.023239443892118
10,107,random_subsets_natural_partition,830,4.048881799690998
10,107,random_subsets_natural_partition,831,4.088672631774859
10,107,random_subsets_natural_partition,832,4.104643621909384
10,107,random_subsets_natural_partition,833,4.116046990114847
10,107,random_subsets_natural_partition,834,3.9844134239682
10,107,random_subsets_natural_partition,835,4.078403181602328
10,107,random_subsets_natural_partition,836,4.132124659605261
10,107,random_subsets_natural_partition,837,4.029344100626696
10,107,random_subsets_natural_partition,838,4.041826974186385
10,107,random_subsets_natural_partition,839,4.183374981010592
10,107,random_subsets_natural_partition,840,4.092334793457085
10,107,random_subsets_natural_partition,841,4.147394436763032
10,107,random_subsets_natural_partition,842,3.9205203483534854
10,107,random_subsets_natural_partition,843,4.040542392517516
10,107,random_subsets_natural_partition,844,4.0927978468313135
10,107,random_subsets_natural_partition,845,4.067957600140127
10,107,random_subsets_natural_partition,846,3.9847498381937867
10,107,random_subsets_natural_partition,847,4.118547440839665
10,107,random_subsets_natural_partition,848,3.996216462116526
10,107,random_subsets_natural_partition,849,4.0590710178552225
10,107,random_subsets_natural_partition,850,4.085817434351437
10,107,random_subsets_natural_partition,851,4.074311153014876
10,107,random_subsets_natural_partition,852,4.049180437877453
10,107,random_subsets_natural_partition,853,4.016309638907002
10,107,random_subsets_natural_partition,854,4.135739573729414
10,107,random_subsets_natural_partition,855,4.1023699665392
10,107,random_subsets_natural_partition,856,4.067536764641406
10,107,random_subsets_natural_partition,857,4.055921979773567
10,107,random_subsets_natural_partition,858,4.1387045764627075
10,107,random_subsets_natural_partition,859,4.0159103739104935
10,107,random_subsets_natural_partition,860,4.01447123453448
10,107,random_subsets_natural_partition,861,4.088812114747529
10,107,random_subsets_natural_partition,862,4.06849820066386
10,107,random_subsets_natural_partition,863,4.059318886998075
10,107,random_subsets_natural_partition,864,4.0064611825710825
10,107,random_subsets_natural_partition,865,4.165527965519793
10,107,random_subsets_natural_partition,866,4.1564673221452075
10,107,random_subsets_natural_partition,867,4.04978872570018
10,107,random_subsets_natural_partition,868,4.088320168843124
10,107,random_subsets_natural_partition,869,4.098626958039581
10,107,random_subsets_natural_partition,870,4.019754738729962
10,107,random_subsets_natural_partition,871,4.0441638293545
10,107,random_subsets_natural_partition,872,4.1129064299252285
10,107,random_subsets_natural_partition,873,3.981284303860163
10,107,random_subsets_natural_partition,874,4.003888905740819
10,107,random_subsets_natural_partition,875,4.018384138946525
10,107,random_subsets_natural_partition,876,4.047365624898779
10,107,random_subsets_natural_partition,877,4.098469180086084
10,107,random_subsets_natural_partition,878,4.11290081917737
10,107,random_subsets_natural_partition,879,3.961507831969159
10,107,random_subsets_natural_partition,880,4.033767052645574
10,107,random_subsets_natural_partition,881,4.023530862633356
10,107,random_subsets_natural_partition,882,4.115911908189723
10,107,random_subsets_natural_partition,883,3.93128585270902
10,107,random_subsets_natural_partition,884,4.024802762203669
10,107,random_subsets_natural_partition,885,3.996504638911891
10,107,random_subsets_natural_partition,886,4.1045815058369435
10,107,random_subsets_natural_partition,887,4.150450609607696
10,107,random_subsets_natural_partition,888,3.998317643609604
10,107,random_subsets_natural_partition,889,4.0535324785154465
10,107,random_subsets_natural_partition,890,4.176679192138535
10,107,random_subsets_natural_partition,891,4.0652641320897684
10,107,random_subsets_natural_partition,892,4.134437917199358
10,107,random_subsets_natural_partition,893,4.059761536132636
10,107,random_subsets_natural_partition,894,4.038797432766301
10,107,random_subsets_natural_partition,895,4.007588729611575
10,107,random_subsets_natural_partition,896,4.157944651347127
10,107,random_subsets_natural_partition,897,4.006531706968148
10,107,random_subsets_natural_partition,898,4.199809445709094
10,107,random_subsets_natural_partition,899,4.139106402298647
10,107,random_subsets_natural_partition,900,4.056602258985394
10,107,random_subsets_natural_partition,901,4.091934765105922
10,107,random_subsets_natural_partition,902,3.9974170713498967
10,107,random_subsets_natural_partition,903,4.042669818568298
10,107,random_subsets_natural_partition,904,4.10373573811345
10,107,random_subsets_natural_partition,905,4.100703168185443
10,107,random_subsets_natural_partition,906,3.9510755506538398
10,107,random_subsets_natural_partition,907,4.022504529257474
10,107,random_subsets_natural_partition,908,3.973634236272605
10,107,random_subsets_natural_partition,909,4.110956555962789
10,107,random_subsets_natural_partition,910,4.033364519779937
10,107,random_subsets_natural_partition,911,3.948310193013041
10,107,random_subsets_natural_partition,912,4.133045171331712
10,107,random_subsets_natural_partition,913,4.125669681263534
10,107,random_subsets_natural_partition,914,4.02547165009452
10,107,random_subsets_natural_partition,915,4.107827693164754
10,107,random_subsets_natural_partition,916,3.9996034546457886
10,107,random_subsets_natural_partition,917,4.167355791140107
10,107,random_subsets_natural_partition,918,4.174827949319419
10,107,random_subsets_natural_partition,919,4.169528736242692
10,107,random_subsets_natural_partition,920,4.0740551337991855
10,107,random_subsets_natural_partition,921,4.036302194779202
10,107,random_subsets_natural_partition,922,4.132985504431299
10,107,random_subsets_natural_partition,923,4.046348228434667
10,107,random_subsets_natural_partition,924,4.0873311446550655
10,107,random_subsets_natural_partition,925,3.9714136071082615
10,107,random_subsets_natural_partition,926,4.112080424507811
10,107,random_subsets_natural_partition,927,4.013227030305021
10,107,random_subsets_natural_partition,928,4.087335288599156
10,107,random_subsets_natural_partition,929,4.013792383670373
10,107,random_subsets_natural_partition,930,4.043708493910606
10,107,random_subsets_natural_partition,931,4.1267947779793115
10,107,random_subsets_natural_partition,932,4.031583660218816
10,107,random_subsets_natural_partition,933,4.096833188911331
10,107,random_subsets_natural_partition,934,4.108536359425745
10,107,random_subsets_natural_partition,935,4.120511362482879
10,107,random_subsets_natural_partition,936,4.090926507089134
10,107,random_subsets_natural_partition,937,4.008485305557426
10,107,random_subsets_natural_partition,938,4.120748881717677
10,107,random_subsets_natural_partition,939,4.134212031052625
10,107,random_subsets_natural_partition,940,3.9593415876144324
10,107,random_subsets_natural_partition,941,4.133877750487864
10,107,random_subsets_natural_partition,942,4.024936059944346
10,107,random_subsets_natural_partition,943,4.067265965381406
10,107,random_subsets_natural_partition,944,4.03301591508348
10,107,random_subsets_natural_partition,945,4.092929002912759
10,107,random_subsets_natural_partition,946,4.110163029635283
10,107,random_subsets_natural_partition,947,4.059252097077552
10,107,random_subsets_natural_partition,948,4.0448079186771615
10,107,random_subsets_natural_partition,949,4.125852594731633
10,107,random_subsets_natural_partition,950,4.0946162512118
10,107,random_subsets_natural_partition,951,4.022216011577624
10,107,random_subsets_natural_partition,952,4.126498109817975
10,107,random_subsets_natural_partition,953,4.027811640011199
10,107,random_subsets_natural_partition,954,4.086551969092841
10,107,random_subsets_natural_partition,955,3.9972118153022587
10,107,random_subsets_natural_partition,956,4.070203323611768
10,107,random_subsets_natural_partition,957,4.119801888156543
10,107,random_subsets_natural_partition,958,4.09265999340282
10,107,random_subsets_natural_partition,959,4.069228013695538
10,107,random_subsets_natural_partition,960,4.132292255972855
10,107,random_subsets_natural_partition,961,4.099457114377711
10,107,random_subsets_natural_partition,962,4.085619339646714
10,107,random_subsets_natural_partition,963,3.985950161088336
10,107,random_subsets_natural_partition,964,4.108367589538515
10,107,random_subsets_natural_partition,965,4.076149959855969
10,107,random_subsets_natural_partition,966,4.033691429349301
10,107,random_subsets_natural_partition,967,4.038896796210603
10,107,random_subsets_natural_partition,968,4.045020781802881
10,107,random_subsets_natural_partition,969,4.0829800431061924
10,107,random_subsets_natural_partition,970,4.139644025416943
10,107,random_subsets_natural_partition,971,4.099651697817205
10,107,random_subsets_natural_partition,972,4.083938461409812
10,107,random_subsets_natural_partition,973,3.9190518574361835
10,107,random_subsets_natural_partition,974,4.024545773604201
10,107,random_subsets_natural_partition,975,4.052894684384709
10,107,random_subsets_natural_partition,976,3.9473401296346595
10,107,random_subsets_natural_partition,977,4.052489890324464
10,107,random_subsets_natural_partition,978,4.037514304916932
10,107,random_subsets_natural_partition,979,4.0423461934938105
10,107,random_subsets_natural_partition,980,4.067117299643788
10,107,random_subsets_natural_partition,981,4.086955294823788
10,107,random_subsets_natural_partition,982,4.114291523004746
10,107,random_subsets_natural_partition,983,4.0988422247965435
10,107,random_subsets_natural_partition,984,4.014728201128802
10,107,random_subsets_natural_partition,985,4.074070464614028
10,107,random_subsets_natural_partition,986,3.9730637798922346
10,107,random_subsets_natural_partition,987,4.052959638293436
10,107,random_subsets_natural_partition,988,4.121420579274937
10,107,random_subsets_natural_partition,989,3.9084327464926187
10,107,random_subsets_natural_partition,990,4.089411124297161
10,107,random_subsets_natural_partition,991,4.118734686744958
10,107,random_subsets_natural_partition,992,4.077955668281774
10,107,random_subsets_natural_partition,993,4.156935890772752
10,107,random_subsets_natural_partition,994,4.001381714555564
10,107,random_subsets_natural_partition,995,4.19596980523875
10,107,random_subsets_natural_partition,996,3.9176066696872183
10,107,random_subsets_natural_partition,997,3.931102016292169
10,107,random_subsets_natural_partition,998,4.00613945672189
10,107,random_subsets_natural_partition,999,4.046921643855552
10,107,random_subsets_natural_partition,1000,4.096037302356741
10,107,random_subsets_natural_partition,1001,4.199380306021081
10,107,random_subsets_natural_partition,1002,4.121823342862611
10,107,random_subsets_natural_partition,1003,4.075636982440011
10,107,random_subsets_natural_partition,1004,4.065307875470149
10,107,random_subsets_natural_partition,1005,4.1049698014187115
10,107,random_subsets_natural_partition,1006,4.070932150643096
10,107,random_subsets_natural_partition,1007,4.147609974355642
10,107,random_subsets_natural_partition,1008,4.08028395516778
10,107,random_subsets_natural_partition,1009,4.062555753318585
10,107,random_subsets_natural_partition,1010,4.048142276079331
10,107,random_subsets_natural_partition,1011,4.0700696433812125
10,107,random_subsets_natural_partition,1012,4.089424589981206
10,107,random_subsets_natural_partition,1013,4.082861247142746
10,107,random_subsets_natural_partition,1014,4.057575139272658
10,107,random_subsets_natural_partition,1015,4.050966039309221
10,107,random_subsets_natural_partition,1016,4.12634886033576
10,107,random_subsets_natural_partition,1017,4.050463393029664
10,107,random_subsets_natural_partition,1018,3.9593832904364628
10,107,random_subsets_natural_partition,1019,3.9504663333355565
10,107,random_subsets_natural_partition,1020,4.079686512843473
10,107,random_subsets_natural_partition,1021,4.033531555089908
10,107,random_subsets_natural_partition,1022,4.102602413093483
10,107,random_subsets_natural_partition,1023,4.010955059079197
10,107,random_subsets_natural_partition,1024,4.095988362426829
10,107,random_subsets_natural_partition,1025,4.071903493722128
10,107,random_subsets_natural_partition,1026,4.019834340450325
10,107,random_subsets_natural_partition,1027,4.056997160755611
10,107,random_subsets_natural_partition,1028,4.064664957115498
10,107,random_subsets_natural_partition,1029,4.115977531690906
10,107,random_subsets_natural_partition,1030,4.0935510739452745
10,107,random_subsets_natural_partition,1031,4.058958767954062
10,107,random_subsets_natural_partition,1032,4.069114975102113
10,107,random_subsets_natural_partition,1033,4.063952106367136
10,107,random_subsets_natural_partition,1034,4.043221894965519
10,107,random_subsets_natural_partition,1035,4.064110303009411
10,107,random_subsets_natural_partition,1036,4.101191348204213
10,107,random_subsets_natural_partition,1037,4.153880041321793
10,107,random_subsets_natural_partition,1038,4.080463916220018
10,107,random_subsets_natural_partition,1039,4.1459777257717
10,107,random_subsets_natural_partition,1040,4.1407445597856825
10,107,random_subsets_natural_partition,1041,4.089811943353481
10,107,random_subsets_natural_partition,1042,4.019968617808206
10,107,random_subsets_natural_partition,1043,4.011590147261057
10,107,random_subsets_natural_partition,1044,4.046177498399906
10,107,random_subsets_natural_partition,1045,3.983954131038175
10,107,random_subsets_natural_partition,1046,4.117034131518501
10,107,random_subsets_natural_partition,1047,4.095735803774019
10,107,random_subsets_natural_partition,1048,4.094172121280233
10,107,random_subsets_natural_partition,1049,4.160730694357638
10,107,random_subsets_natural_partition,1050,4.017899085613602
10,107,random_subsets_natural_partition,1051,3.992689343861804
10,107,random_subsets_natural_partition,1052,4.074122199932808
10,107,random_subsets_natural_partition,1053,3.9992624210931673
10,107,random_subsets_natural_partition,1054,4.0598172849528
10,107,random_subsets_natural_partition,1055,4.182196064518689
10,107,random_subsets_natural_partition,1056,4.141181220411624
10,107,random_subsets_natural_partition,1057,4.023117349982049
10,107,random_subsets_natural_partition,1058,4.215854244841495
10,107,random_subsets_natural_partition,1059,4.144184633477652
10,107,random_subsets_natural_partition,1060,4.130540738756932
10,107,random_subsets_natural_partition,1061,4.02307317653357
10,107,random_subsets_natural_partition,1062,4.228184835430606
10,107,random_subsets_natural_partition,1063,4.1847493799729945
10,107,random_subsets_natural_partition,1064,4.043923678362729
10,107,random_subsets_natural_partition,1065,4.0464030251896554
10,107,random_subsets_natural_partition,1066,4.095555694745275
10,107,random_subsets_natural_partition,1067,4.004127429343303
10,107,random_subsets_natural_partition,1068,4.046584745614923
10,107,random_subsets_natural_partition,1069,4.092084111824297
10,107,random_subsets_natural_partition,1070,4.08997481897284
10,107,random_subsets_natural_partition,1071,4.183596820591609
10,107,random_subsets_natural_partition,1072,4.129485257458415
10,107,random_subsets_natural_partition,1073,4.043737338261582
10,107,random_subsets_natural_partition,1074,4.161794709440079
10,107,random_subsets_natural_partition,1075,4.07284175870273
10,107,random_subsets_natural_partition,1076,3.9841520029991537
10,107,random_subsets_natural_partition,1077,4.008447563378227
10,107,random_subsets_natural_partition,1078,3.9719976658790315
10,107,random_subsets_natural_partition,1079,4.085284558772384
10,107,random_subsets_natural_partition,1080,4.080661425426514
10,107,random_subsets_natural_partition,1081,4.171925870276528
10,107,random_subsets_natural_partition,1082,4.112909129710108
10,107,random_subsets_natural_partition,1083,4.068316454929977
10,107,random_subsets_natural_partition,1084,4.155603371309588
10,107,random_subsets_natural_partition,1085,3.991140161088851
10,107,random_subsets_natural_partition,1086,4.026049258903637
10,107,random_subsets_natural_partition,1087,4.146734481346294
10,107,random_subsets_natural_partition,1088,4.065729545783881
10,107,random_subsets_natural_partition,1089,4.07237085268202
10,107,random_subsets_natural_partition,1090,4.107859154778351
10,107,random_subsets_natural_partition,1091,4.12868709167754
10,107,random_subsets_natural_partition,1092,4.027952444231225
10,107,random_subsets_natural_partition,1093,4.047046959737069
10,107,random_subsets_natural_partition,1094,4.028864552894269
10,107,random_subsets_natural_partition,1095,4.033437431272508
10,107,random_subsets_natural_partition,1096,4.112530514852015
10,107,random_subsets_natural_partition,1097,4.013755300431159
10,107,random_subsets_natural_partition,1098,4.06761367273848
10,107,random_subsets_natural_partition,1099,3.989468261465141
10,107,random_subsets_natural_partition,1100,4.078228106648734
10,107,random_subsets_natural_partition,1101,4.032319211663066
10,107,random_subsets_natural_partition,1102,4.008033664769128
10,107,random_subsets_natural_partition,1103,4.120625891764258
10,107,random_subsets_natural_partition,1104,4.08360255936199
10,107,random_subsets_natural_partition,1105,4.053056646182725
10,107,random_subsets_natural_partition,1106,4.184633980277031
10,107,random_subsets_natural_partition,1107,4.108989665748935
10,107,random_subsets_natural_partition,1108,4.055662459505238
10,107,random_subsets_natural_partition,1109,4.1642570358330655
10,107,random_subsets_natural_partition,1110,3.9706629416462293
10,107,random_subsets_natural_partition,1111,3.9961829827637523
10,107,random_subsets_natural_partition,1112,4.1032415991381805
10,107,random_subsets_natural_partition,1113,4.1314109715809995
10,107,random_subsets_natural_partition,1114,4.122861847802859
10,107,random_subsets_natural_partition,1115,4.058728870380999
10,107,random_subsets_natural_partition,1116,4.106007404142458
10,107,random_subsets_natural_partition,1117,4.0832219177597935
10,107,random_subsets_natural_partition,1118,3.9617073005753967
10,107,random_subsets_natural_partition,1119,4.110846093052355
10,107,random_subsets_natural_partition,1120,4.205401418518406
10,107,random_subsets_natural_partition,1121,4.053049224674371
10,107,random_subsets_natural_partition,1122,4.103690739701876
10,107,random_subsets_natural_partition,1123,4.041917965654261
10,107,random_subsets_natural_partition,1124,4.107827691461027
10,107,random_subsets_natural_partition,1125,4.05155399047385
10,107,random_subsets_natural_partition,1126,4.132748497876713
10,107,random_subsets_natural_partition,1127,3.9871517173938518
10,107,random_subsets_natural_partition,1128,4.14747112910456
10,107,random_subsets_natural_partition,1129,4.125553808943216
10,107,random_subsets_natural_partition,1130,4.130634678550927
10,107,random_subsets_natural_partition,1131,4.162192909298506
10,107,random_subsets_natural_partition,1132,4.001414662174888
10,107,random_subsets_natural_partition,1133,4.090526038578837
10,107,random_subsets_natural_partition,1134,4.146741310492748
10,107,random_subsets_natural_partition,1135,4.143308005147682
10,107,random_subsets_natural_partition,1136,4.075494655441204
10,107,random_subsets_natural_partition,1137,4.119628093548015
10,107,random_subsets_natural_partition,1138,4.045123625981569
10,107,random_subsets_natural_partition,1139,4.056058073351668
10,107,random_subsets_natural_partition,1140,4.047418876757291
10,107,random_subsets_natural_partition,1141,4.082828434468848
10,107,random_subsets_natural_partition,1142,4.064016318076083
10,107,random_subsets_natural_partition,1143,3.988158938437581
10,107,random_subsets_natural_partition,1144,4.000434659589549
10,107,random_subsets_natural_partition,1145,4.104887972330055
10,107,random_subsets_natural_partition,1146,4.093811278617704
10,107,random_subsets_natural_partition,1147,4.071838264077465
10,107,random_subsets_natural_partition,1148,4.105608298186869
10,107,random_subsets_natural_partition,1149,4.047656719130136
10,107,random_subsets_natural_partition,1150,3.9929048524231345
10,107,random_subsets_natural_partition,1151,3.9998276621483217
10,107,random_subsets_natural_partition,1152,4.179026828210457
10,107,random_subsets_natural_partition,1153,4.0536084171198805
10,107,random_subsets_natural_partition,1154,4.072966068350934
10,107,random_subsets_natural_partition,1155,3.983000479825604
10,107,random_subsets_natural_partition,1156,4.073671335571568
10,107,random_subsets_natural_partition,1157,4.066756916516744
10,107,random_subsets_natural_partition,1158,4.0955078125792514
10,107,random_subsets_natural_partition,1159,4.1622236998962165
10,107,random_subsets_natural_partition,1160,4.152382612282693
10,107,random_subsets_natural_partition,1161,4.0648155951382545
10,107,random_subsets_natural_partition,1162,3.922994955110687
10,107,random_subsets_natural_partition,1163,3.9920292032590425
10,107,random_subsets_natural_partition,1164,4.078803847271181
10,107,random_subsets_natural_partition,1165,4.034456148769636
10,107,random_subsets_natural_partition,1166,4.168563852475208
10,107,random_subsets_natural_partition,1167,4.029433083528166
10,107,random_subsets_natural_partition,1168,3.9132368827357507
10,107,random_subsets_natural_partition,1169,4.119164355784687
10,107,random_subsets_natural_partition,1170,4.02692680871784
10,107,random_subsets_natural_partition,1171,4.115098471770033
10,107,random_subsets_natural_partition,1172,4.046697862314155
10,107,random_subsets_natural_partition,1173,4.092650033379162
10,107,random_subsets_natural_partition,1174,4.029041261463662
10,107,random_subsets_natural_partition,1175,4.067609423951611
10,107,random_subsets_natural_partition,1176,4.1118810195787985
10,107,random_subsets_natural_partition,1177,3.9671179488419983
10,107,random_subsets_natural_partition,1178,4.058138569925342
10,107,random_subsets_natural_partition,1179,4.112602498106121
10,107,random_subsets_natural_partition,1180,4.088122799322805
10,107,random_subsets_natural_partition,1181,4.107959753057087
10,107,random_subsets_natural_partition,1182,4.119626838163484
10,107,random_subsets_natural_partition,1183,4.054865741774661
10,107,random_subsets_natural_partition,1184,4.123026786547731
10,107,random_subsets_natural_partition,1185,3.9992053364787346
10,107,random_subsets_natural_partition,1186,4.163344881571786
10,107,random_subsets_natural_partition,1187,4.081213553567166
10,107,random_subsets_natural_partition,1188,4.048600082975285
10,107,random_subsets_natural_partition,1189,4.068165376435389
10,107,random_subsets_natural_partition,1190,4.081123905052853
10,107,random_subsets_natural_partition,1191,4.0411174544639
10,107,random_subsets_natural_partition,1192,4.029953444933858
10,107,random_subsets_natural_partition,1193,4.050238804703555
10,107,random_subsets_natural_partition,1194,4.037354619885319
10,107,random_subsets_natural_partition,1195,4.109571972354726
10,107,random_subsets_natural_partition,1196,4.1360022358907145
10,107,random_subsets_natural_partition,1197,4.105509843920619
10,107,random_subsets_natural_partition,1198,4.018359421593563
10,107,random_subsets_natural_partition,1199,4.026793885458252
10,107,random_subsets_natural_partition,1200,4.009562599596254
10,107,random_subsets_natural_partition,1201,4.0831966678025395
10,107,random_subsets_natural_partition,1202,4.0445359976914235
10,107,random_subsets_natural_partition,1203,4.049709191961081
10,107,random_subsets_natural_partition,1204,4.138434155624872
10,107,random_subsets_natural_partition,1205,4.125385751954138
10,107,random_subsets_natural_partition,1206,4.123464153403377
10,107,random_subsets_natural_partition,1207,4.045898359539979
10,107,random_subsets_natural_partition,1208,4.082385016066295
10,107,random_subsets_natural_partition,1209,4.0049571951957805
10,107,random_subsets_natural_partition,1210,4.088397803634341
10,107,random_subsets_natural_partition,1211,4.0363383527838845
10,107,random_subsets_natural_partition,1212,4.175760546887137
10,107,random_subsets_natural_partition,1213,4.026734924994376
10,107,random_subsets_natural_partition,1214,4.075423650740037
10,107,random_subsets_natural_partition,1215,4.013352330328981
10,107,random_subsets_natural_partition,1216,4.145441043157846
10,107,random_subsets_natural_partition,1217,4.119720445020503
10,107,random_subsets_natural_partition,1218,4.0891693951682715
10,107,random_subsets_natural_partition,1219,4.11334672665013
10,107,random_subsets_natural_partition,1220,4.110407072504138
10,107,random_subsets_natural_partition,1221,4.168320082953594
10,107,random_subsets_natural_partition,1222,4.053820064440119
10,107,random_subsets_natural_partition,1223,4.119366833269838
10,107,random_subsets_natural_partition,1224,4.072711743435285
10,107,random_subsets_natural_partition,1225,4.031212120466178
10,107,random_subsets_natural_partition,1226,4.120375366277043
10,107,random_subsets_natural_partition,1227,4.018738484558328
10,107,random_subsets_natural_partition,1228,3.951920324472666
10,107,random_subsets_natural_partition,1229,4.104093052485815
10,107,random_subsets_natural_partition,1230,4.061488556487147
10,107,random_subsets_natural_partition,1231,4.050395542351419
10,107,random_subsets_natural_partition,1232,4.0487110713405965
10,107,random_subsets_natural_partition,1233,3.9364716379926468
10,107,random_subsets_natural_partition,1234,3.978131327548053
10,107,random_subsets_natural_partition,1235,4.006862011855164
10,107,random_subsets_natural_partition,1236,4.057482793637603
10,107,random_subsets_natural_partition,1237,4.1113871824589285
10,107,random_subsets_natural_partition,1238,4.0614376162243016
10,107,random_subsets_natural_partition,1239,4.122345061341897
10,107,random_subsets_natural_partition,1240,4.091990643472015
10,107,random_subsets_natural_partition,1241,4.011164489987849
10,107,random_subsets_natural_partition,1242,4.092750872327795
10,107,random_subsets_natural_partition,1243,4.001948886757433
10,107,random_subsets_natural_partition,1244,4.04790306827508
10,107,random_subsets_natural_partition,1245,4.223565291135428
10,107,random_subsets_natural_partition,1246,3.9541799005988514
10,107,random_subsets_natural_partition,1247,4.094252340600812
10,107,random_subsets_natural_partition,1248,4.0084651308749875
10,107,random_subsets_natural_partition,1249,4.075280726604043
10,107,random_subsets_natural_partition,1250,4.06131059778982
10,107,random_subsets_natural_partition,1251,4.047527223676236
10,107,random_subsets_natural_partition,1252,4.116948926007138
10,107,random_subsets_natural_partition,1253,4.086280595930654
10,107,random_subsets_natural_partition,1254,4.063724872782999
10,107,random_subsets_natural_partition,1255,4.073483114087711
10,107,random_subsets_natural_partition,1256,3.949105973336649
10,107,random_subsets_natural_partition,1257,4.0045087725880055
10,107,random_subsets_natural_partition,1258,4.073627882901118
10,107,random_subsets_natural_partition,1259,4.084732919173112
10,107,random_subsets_natural_partition,1260,3.9499445790202814
10,107,random_subsets_natural_partition,1261,4.1853899207564425
10,107,random_subsets_natural_partition,1262,4.080137992563161
10,107,random_subsets_natural_partition,1263,4.064877033319337
10,107,random_subsets_natural_partition,1264,3.956105440114136
10,107,random_subsets_natural_partition,1265,3.947237350911612
10,107,random_subsets_natural_partition,1266,4.133186408477412
10,107,random_subsets_natural_partition,1267,4.018962823951713
10,107,random_subsets_natural_partition,1268,4.134955141255578
10,107,random_subsets_natural_partition,1269,4.179713878613565
10,107,random_subsets_natural_partition,1270,4.026771547012148
10,107,random_subsets_natural_partition,1271,4.135833583774425
10,107,random_subsets_natural_partition,1272,4.030131423990787
10,107,random_subsets_natural_partition,1273,3.997199187770246
10,107,random_subsets_natural_partition,1274,4.209167459751713
10,107,random_subsets_natural_partition,1275,4.133233620114279
10,107,random_subsets_natural_partition,1276,4.094212394427233
10,107,random_subsets_natural_partition,1277,3.9603737535884402
10,107,random_subsets_natural_partition,1278,4.160746925663811
10,107,random_subsets_natural_partition,1279,4.117865155146167
10,107,random_subsets_natural_partition,1280,4.1974404332800725
10,107,random_subsets_natural_partition,1281,4.027405778257467
10,107,random_subsets_natural_partition,1282,3.9264775442045607
10,107,random_subsets_natural_partition,1283,4.09341304647992
10,107,random_subsets_natural_partition,1284,4.028785844061881
10,107,random_subsets_natural_partition,1285,4.148492759612194
10,107,random_subsets_natural_partition,1286,3.9275075798123456
10,107,random_subsets_natural_partition,1287,4.187429765676691
10,107,random_subsets_natural_partition,1288,4.0321914047765866
10,107,random_subsets_natural_partition,1289,4.118304928639622
10,107,random_subsets_natural_partition,1290,3.974796977496593
10,107,random_subsets_natural_partition,1291,4.107738536031452
10,107,random_subsets_natural_partition,1292,4.0459303061779295
10,107,random_subsets_natural_partition,1293,4.006443902225111
10,107,random_subsets_natural_partition,1294,4.075483321873133
10,107,random_subsets_natural_partition,1295,4.176555186730304
10,107,random_subsets_natural_partition,1296,4.159576319803729
10,107,random_subsets_natural_partition,1297,4.016775320470349
10,107,random_subsets_natural_partition,1298,4.052855461974386
10,107,random_subsets_natural_partition,1299,4.147838191945444
10,107,random_subsets_natural_partition,1300,4.095003562034996
10,107,random_subsets_natural_partition,1301,4.117364772487914
10,107,random_subsets_natural_partition,1302,4.003104089578129
10,107,random_subsets_natural_partition,1303,4.103380048749945
10,107,random_subsets_natural_partition,1304,4.0446581229516445
10,107,random_subsets_natural_partition,1305,4.076421799429487
10,107,random_subsets_natural_partition,1306,4.001412731071052
10,107,random_subsets_natural_partition,1307,4.119817489383638
10,107,random_subsets_natural_partition,1308,4.071757835461403
10,107,random_subsets_natural_partition,1309,4.060363575631678
10,107,random_subsets_natural_partition,1310,4.105875123785789
10,107,random_subsets_natural_partition,1311,4.109128808892653
10,107,random_subsets_natural_partition,1312,4.096540454707479
10,107,random_subsets_natural_partition,1313,4.082945026388003
10,107,random_subsets_natural_partition,1314,4.0972683240259835
10,107,random_subsets_natural_partition,1315,4.011722230461256
10,107,random_subsets_natural_partition,1316,4.102326933664904
10,107,random_subsets_natural_partition,1317,4.085169607684484
10,107,random_subsets_natural_partition,1318,4.09582035756479
10,107,random_subsets_natural_partition,1319,4.094904974760284
10,107,random_subsets_natural_partition,1320,4.0971548157760385
10,107,random_subsets_natural_partition,1321,4.085912284255611
10,107,random_subsets_natural_partition,1322,4.120779680231337
10,107,random_subsets_natural_partition,1323,4.149049716843311
10,107,random_subsets_natural_partition,1324,4.081474122959323
10,107,random_subsets_natural_partition,1325,4.11349987734438
10,107,random_subsets_natural_partition,1326,4.026195929326773
10,107,random_subsets_natural_partition,1327,4.124988183064676
10,107,random_subsets_natural_partition,1328,4.0694044008939905
10,107,random_subsets_natural_partition,1329,4.119075020277547
10,107,random_subsets_natural_partition,1330,4.160182486003735
10,107,random_subsets_natural_partition,1331,4.122323908125105
10,107,random_subsets_natural_partition,1332,4.035747737243438
10,107,random_subsets_natural_partition,1333,3.9900565423375918
10,107,random_subsets_natural_partition,1334,4.118432626900438
10,107,random_subsets_natural_partition,1335,4.003053596542608
10,107,random_subsets_natural_partition,1336,4.061491173380401
10,107,random_subsets_natural_partition,1337,4.154282013829663
10,107,random_subsets_natural_partition,1338,4.0479204391445
10,107,random_subsets_natural_partition,1339,4.061859439041571
10,107,random_subsets_natural_partition,1340,4.077816780056031
10,107,random_subsets_natural_partition,1341,4.011554502687375
10,107,random_subsets_natural_partition,1342,4.072736559342276
10,107,random_subsets_natural_partition,1343,4.119580802250479
10,107,random_subsets_natural_partition,1344,4.099169611123165
10,107,random_subsets_natural_partition,1345,3.9750910563838455
10,107,random_subsets_natural_partition,1346,3.9621207625483894
10,107,random_subsets_natural_partition,1347,4.155739338930156
10,107,random_subsets_natural_partition,1348,4.041094454984879
10,107,random_subsets_natural_partition,1349,4.046931018258161
10,107,random_subsets_natural_partition,1350,4.066566427886453
10,107,random_subsets_natural_partition,1351,3.9754654434775585
10,107,random_subsets_natural_partition,1352,4.102869357048895
10,107,random_subsets_natural_partition,1353,4.063684064079036
10,107,random_subsets_natural_partition,1354,4.003869030016831
10,107,random_subsets_natural_partition,1355,4.083446808357655
10,107,random_subsets_natural_partition,1356,4.016385015326363
10,107,random_subsets_natural_partition,1357,4.056692224269522
10,107,random_subsets_natural_partition,1358,4.09461128382023
10,107,random_subsets_natural_partition,1359,4.123352122664318
10,107,random_subsets_natural_partition,1360,4.185596703888725
10,107,random_subsets_natural_partition,1361,4.095246694212562
10,107,random_subsets_natural_partition,1362,4.12574937382167
10,107,random_subsets_natural_partition,1363,4.097066789805457
10,107,random_subsets_natural_partition,1364,4.060242534083095
10,107,random_subsets_natural_partition,1365,4.068913712426699
10,107,random_subsets_natural_partition,1366,4.078630780315582
10,107,random_subsets_natural_partition,1367,4.077776654685622
10,107,random_subsets_natural_partition,1368,4.055876707186287
10,107,random_subsets_natural_partition,1369,4.077013498981662
10,107,random_subsets_natural_partition,1370,4.115847809255724
10,107,random_subsets_natural_partition,1371,3.977163488259058
10,107,random_subsets_natural_partition,1372,4.022379392701968
10,107,random_subsets_natural_partition,1373,4.085082449747705
10,107,random_subsets_natural_partition,1374,4.09411400748851
10,107,random_subsets_natural_partition,1375,4.144532824876685
10,107,random_subsets_natural_partition,1376,4.006970355420789
10,107,random_subsets_natural_partition,1377,4.030945563248913
10,107,random_subsets_natural_partition,1378,4.1145044891484694
10,107,random_subsets_natural_partition,1379,4.091402787019547
10,107,random_subsets_natural_partition,1380,4.010893578604811
10,107,random_subsets_natural_partition,1381,4.06959978403165
10,107,random_subsets_natural_partition,1382,4.157644619098545
10,107,random_subsets_natural_partition,1383,4.0863089662553485
10,107,random_subsets_natural_partition,1384,4.071726241473307
10,107,random_subsets_natural_partition,1385,4.027361879528806
10,107,random_subsets_natural_partition,1386,4.028618211390381
10,107,random_subsets_natural_partition,1387,4.015965525169859
10,107,random_subsets_natural_partition,1388,4.108399000578147
10,107,random_subsets_natural_partition,1389,4.0427209286485635
10,107,random_subsets_natural_partition,1390,3.9879188802707217
10,107,random_subsets_natural_partition,1391,4.065035799245138
10,107,random_subsets_natural_partition,1392,4.070023949773298
10,107,random_subsets_natural_partition,1393,4.093954805621936
10,107,random_subsets_natural_partition,1394,4.159370870719673
10,107,random_subsets_natural_partition,1395,4.012830471565889
10,107,random_subsets_natural_partition,1396,4.076356279531247
10,107,random_subsets_natural_partition,1397,4.131443245578107
10,107,random_subsets_natural_partition,1398,3.945249761522413
10,107,random_subsets_natural_partition,1399,4.057762576589044
10,107,random_subsets_natural_partition,1400,4.088103068121226
10,107,random_subsets_natural_partition,1401,3.9462920758504896
10,107,random_subsets_natural_partition,1402,4.1622680126562255
10,107,random_subsets_natural_partition,1403,4.182271074914595
10,107,random_subsets_natural_partition,1404,3.9931448819383233
10,107,random_subsets_natural_partition,1405,4.129739623720486
10,107,random_subsets_natural_partition,1406,4.0389238289042515
10,107,random_subsets_natural_partition,1407,3.9847457406817117
10,107,random_subsets_natural_partition,1408,4.062515174330439
10,107,random_subsets_natural_partition,1409,3.957011891138247
10,107,random_subsets_natural_partition,1410,4.008307188261404
10,107,random_subsets_natural_partition,1411,4.096723588852687
10,107,random_subsets_natural_partition,1412,3.9955245807577775
10,107,random_subsets_natural_partition,1413,4.119509372088607
10,107,random_subsets_natural_partition,1414,4.172860542717269
10,107,random_subsets_natural_partition,1415,4.069603309266804
10,107,random_subsets_natural_partition,1416,4.1303320143502225
10,107,random_subsets_natural_partition,1417,4.002232812985507
10,107,random_subsets_natural_partition,1418,4.106929072574168
10,107,random_subsets_natural_partition,1419,4.012857453956197
10,107,random_subsets_natural_partition,1420,4.050098445187197
10,107,random_subsets_natural_partition,1421,4.094565783377521
10,107,random_subsets_natural_partition,1422,4.1038474449605635
10,107,random_subsets_natural_partition,1423,4.121329082198257
10,107,random_subsets_natural_partition,1424,4.167335961651727
10,107,random_subsets_natural_partition,1425,4.134367837238593
10,107,random_subsets_natural_partition,1426,4.048560367421803
10,107,random_subsets_natural_partition,1427,4.021256790608999
10,107,random_subsets_natural_partition,1428,3.955395727918881
10,107,random_subsets_natural_partition,1429,4.0078189884369095
10,107,random_subsets_natural_partition,1430,4.103787205341319
10,107,random_subsets_natural_partition,1431,4.14421948416722
10,107,random_subsets_natural_partition,1432,4.12620841353427
10,107,random_subsets_natural_partition,1433,4.089527904668002
10,107,random_subsets_natural_partition,1434,4.010937423585408
10,107,random_subsets_natural_partition,1435,3.989376475945727
10,107,random_subsets_natural_partition,1436,4.053319456800852
10,107,random_subsets_natural_partition,1437,4.088112628354001
10,107,random_subsets_natural_partition,1438,4.133839945293744
10,107,random_subsets_natural_partition,1439,4.103359689452293
10,107,random_subsets_natural_partition,1440,4.0825008132560585
10,107,random_subsets_natural_partition,1441,4.109021059945297
10,107,random_subsets_natural_partition,1442,4.047086090467828
10,107,random_subsets_natural_partition,1443,4.054429453485019
10,107,random_subsets_natural_partition,1444,4.071689968588966
10,107,random_subsets_natural_partition,1445,4.073128134785708
10,107,random_subsets_natural_partition,1446,4.081482464783557
10,107,random_subsets_natural_partition,1447,4.078080854625209
10,107,random_subsets_natural_partition,1448,4.149626732807708
10,107,random_subsets_natural_partition,1449,4.060817513041833
10,107,random_subsets_natural_partition,1450,4.146796726607277
10,107,random_subsets_natural_partition,1451,4.060472814746914
10,107,random_subsets_natural_partition,1452,4.0647502734447
10,107,random_subsets_natural_partition,1453,4.038352253846102
10,107,random_subsets_natural_partition,1454,4.19820403988995
10,107,random_subsets_natural_partition,1455,4.13662424249666
10,107,random_subsets_natural_partition,1456,4.1135469632119195
10,107,random_subsets_natural_partition,1457,4.144121049541604
10,107,random_subsets_natural_partition,1458,4.006874796335553
10,107,random_subsets_natural_partition,1459,4.041781813105058
10,107,random_subsets_natural_partition,1460,4.023482220151133
10,107,random_subsets_natural_partition,1461,3.946464404919233
10,107,random_subsets_natural_partition,1462,4.122310455135127
10,107,random_subsets_natural_partition,1463,4.200744300373457
10,107,random_subsets_natural_partition,1464,4.103763854865881
10,107,random_subsets_natural_partition,1465,4.096739648912012
10,107,random_subsets_natural_partition,1466,4.076472861822357
10,107,random_subsets_natural_partition,1467,4.099300843192147
10,107,random_subsets_natural_partition,1468,4.028595440885123
10,107,random_subsets_natural_partition,1469,4.011549141087899
10,107,random_subsets_natural_partition,1470,3.974623205571389
10,107,random_subsets_natural_partition,1471,3.959010323200434
10,107,random_subsets_natural_partition,1472,4.00644262796949
10,107,random_subsets_natural_partition,1473,4.155597936299992
10,107,random_subsets_natural_partition,1474,4.100505925129088
10,107,random_subsets_natural_partition,1475,3.9891919773403823
10,107,random_subsets_natural_partition,1476,4.069382530958479
10,107,random_subsets_natural_partition,1477,4.058018821045186
10,107,random_subsets_natural_partition,1478,4.074326190846512
10,107,random_subsets_natural_partition,1479,3.9909079815203836
10,107,random_subsets_natural_partition,1480,4.076728193460915
10,107,random_subsets_natural_partition,1481,3.945379803305796
10,107,random_subsets_natural_partition,1482,4.101251158395758
10,107,random_subsets_natural_partition,1483,4.0247270431184585
10,107,random_subsets_natural_partition,1484,4.151540410737977
10,107,random_subsets_natural_partition,1485,4.055124061163307
10,107,random_subsets_natural_partition,1486,4.087166789688315
10,107,random_subsets_natural_partition,1487,4.032217111813729
10,107,random_subsets_natural_partition,1488,4.141694537110014
10,107,random_subsets_natural_partition,1489,4.114901199505477
10,107,random_subsets_natural_partition,1490,4.053193041452403
10,107,random_subsets_natural_partition,1491,4.081934407823209
10,107,random_subsets_natural_partition,1492,4.024439841218657
10,107,random_subsets_natural_partition,1493,4.038162040836634
10,107,random_subsets_natural_partition,1494,4.0898779009471875
10,107,random_subsets_natural_partition,1495,3.915073785420712
10,107,random_subsets_natural_partition,1496,4.007430212268662
10,107,random_subsets_natural_partition,1497,4.018770238444265
10,107,random_subsets_natural_partition,1498,4.118329291554823
10,107,random_subsets_natural_partition,1499,3.984393256017095
10,107,random_subsets_natural_partition,1500,4.054916736452496
10,107,random_subsets_natural_partition,1501,4.082845062076963
10,107,random_subsets_natural_partition,1502,3.996968002870145
10,107,random_subsets_natural_partition,1503,4.106938297935331
10,107,random_subsets_natural_partition,1504,4.064051042189784
10,107,random_subsets_natural_partition,1505,4.042146366374191
10,107,random_subsets_natural_partition,1506,4.134823853598459
10,107,random_subsets_natural_partition,1507,4.011373635586721
10,107,random_subsets_natural_partition,1508,4.0527359029026675
10,107,random_subsets_natural_partition,1509,4.107544936751017
10,107,random_subsets_natural_partition,1510,4.045115591444777
10,107,random_subsets_natural_partition,1511,4.0238705628909734
10,107,random_subsets_natural_partition,1512,4.015410617176055
10,107,random_subsets_natural_partition,1513,4.105892972910434
10,107,random_subsets_natural_partition,1514,4.133114270128734
10,107,random_subsets_natural_partition,1515,3.9775114762792154
10,107,random_subsets_natural_partition,1516,4.081271833224549
10,107,random_subsets_natural_partition,1517,4.032080330480883
10,107,random_subsets_natural_partition,1518,3.9831960048824433
10,107,random_subsets_natural_partition,1519,4.189254997346148
10,107,random_subsets_natural_partition,1520,4.074820465498999
10,107,random_subsets_natural_partition,1521,4.08290324399845
10,107,random_subsets_natural_partition,1522,4.016940616252815
10,107,random_subsets_natural_partition,1523,4.113606575190341
10,107,random_subsets_natural_partition,1524,4.046380535984849
10,107,random_subsets_natural_partition,1525,4.116396002361985
10,107,random_subsets_natural_partition,1526,4.005234800446357
10,107,random_subsets_natural_partition,1527,4.17374147688791
10,107,random_subsets_natural_partition,1528,4.038792972439464
10,107,random_subsets_natural_partition,1529,4.056814869652689
10,107,random_subsets_natural_partition,1530,4.062179364241013
10,107,random_subsets_natural_partition,1531,4.171739320174108
10,107,random_subsets_natural_partition,1532,4.144868601117835
10,107,random_subsets_natural_partition,1533,4.187508350686829
10,107,random_subsets_natural_partition,1534,4.128139701362841
10,107,random_subsets_natural_partition,1535,4.061761039972785
10,107,random_subsets_natural_partition,1536,4.092767203522165
10,107,random_subsets_natural_partition,1537,4.050312142558592
10,107,random_subsets_natural_partition,1538,4.157666656806586
10,107,random_subsets_natural_partition,1539,3.988898103756738
10,107,random_subsets_natural_partition,1540,4.039518316404545
10,107,random_subsets_natural_partition,1541,4.089966243635836
10,107,random_subsets_natural_partition,1542,4.070038379036928
10,107,random_subsets_natural_partition,1543,4.077373497436626
10,107,random_subsets_natural_partition,1544,4.042921782040048
10,107,random_subsets_natural_partition,1545,4.120357376841944
10,107,random_subsets_natural_partition,1546,3.991677291532103
10,107,random_subsets_natural_partition,1547,4.031792004674216
10,107,random_subsets_natural_partition,1548,3.9736961863553217
10,107,random_subsets_natural_partition,1549,4.210025775472719
10,107,random_subsets_natural_partition,1550,4.10467757508356
10,107,random_subsets_natural_partition,1551,4.11258840228989
10,107,random_subsets_natural_partition,1552,4.0665149327992385
10,107,random_subsets_natural_partition,1553,4.1117178431832215
10,107,random_subsets_natural_partition,1554,4.153907067715247
10,107,random_subsets_natural_partition,1555,4.078751779625584
10,107,random_subsets_natural_partition,1556,4.132887234131799
10,107,random_subsets_natural_partition,1557,3.9492309330661906
10,107,random_subsets_natural_partition,1558,4.122655921220581
10,107,random_subsets_natural_partition,1559,4.085662551271997
10,107,random_subsets_natural_partition,1560,4.109560816522419
10,107,random_subsets_natural_partition,1561,4.060982901212148
10,107,random_subsets_natural_partition,1562,3.9631270647760672
10,107,random_subsets_natural_partition,1563,4.123010932994056
10,107,random_subsets_natural_partition,1564,3.9850808413954733
10,107,random_subsets_natural_partition,1565,3.9948106383225377
10,107,random_subsets_natural_partition,1566,4.0530710527337375
10,107,random_subsets_natural_partition,1567,4.114720292899059
10,107,random_subsets_natural_partition,1568,4.081750741386765
10,107,random_subsets_natural_partition,1569,4.05675654432335
10,107,random_subsets_natural_partition,1570,4.065675189867752
10,107,random_subsets_natural_partition,1571,4.116829642152662
10,107,random_subsets_natural_partition,1572,4.088019972624304
10,107,random_subsets_natural_partition,1573,4.129270343752195
10,107,random_subsets_natural_partition,1574,4.094967268698789
10,107,random_subsets_natural_partition,1575,4.034378530815412
10,107,random_subsets_natural_partition,1576,4.069077840632019
10,107,random_subsets_natural_partition,1577,4.039154744209804
10,107,random_subsets_natural_partition,1578,4.128997988870726
10,107,random_subsets_natural_partition,1579,4.063373357309966
10,107,random_subsets_natural_partition,1580,4.155883292222916
10,107,random_subsets_natural_partition,1581,3.9670814553585267
10,107,random_subsets_natural_partition,1582,4.119284647267556
10,107,random_subsets_natural_partition,1583,4.099254300316115
10,107,random_subsets_natural_partition,1584,3.918900271867711
10,107,random_subsets_natural_partition,1585,4.09436516190913
10,107,random_subsets_natural_partition,1586,4.068360876183161
10,107,random_subsets_natural_partition,1587,4.117115596853118
10,107,random_subsets_natural_partition,1588,4.052887575226335
10,107,random_subsets_natural_partition,1589,4.212802561747587
10,107,random_subsets_natural_partition,1590,4.053730519199325
10,107,random_subsets_natural_partition,1591,4.080452569197896
10,107,random_subsets_natural_partition,1592,4.08999055777083
10,107,random_subsets_natural_partition,1593,4.083224752384885
10,107,random_subsets_natural_partition,1594,4.02784304504519
10,107,random_subsets_natural_partition,1595,4.177455115590097
10,107,random_subsets_natural_partition,1596,4.014446925193904
10,107,random_subsets_natural_partition,1597,4.117976312109468
10,107,random_subsets_natural_partition,1598,4.128193469777804
10,107,random_subsets_natural_partition,1599,4.079280074547031
10,107,random_subsets_natural_partition,1600,4.1046354028606
10,107,random_subsets_natural_partition,1601,4.057874517721237
10,107,random_subsets_natural_partition,1602,4.132103799477952
10,107,random_subsets_natural_partition,1603,4.052165370135845
10,107,random_subsets_natural_partition,1604,4.150671342286836
10,107,random_subsets_natural_partition,1605,4.006463293446402
10,107,random_subsets_natural_partition,1606,4.075444599773925
10,107,random_subsets_natural_partition,1607,4.067116344372395
10,107,random_subsets_natural_partition,1608,4.025342412460008
10,107,random_subsets_natural_partition,1609,4.070382441551921
10,107,random_subsets_natural_partition,1610,4.006718348257141
10,107,random_subsets_natural_partition,1611,3.9982983267284755
10,107,random_subsets_natural_partition,1612,4.050256770836918
10,107,random_subsets_natural_partition,1613,3.9704500016776487
10,107,random_subsets_natural_partition,1614,4.1095813087216575
10,107,random_subsets_natural_partition,1615,4.064988744502431
10,107,random_subsets_natural_partition,1616,4.101830625064079
10,107,random_subsets_natural_partition,1617,4.07695380129368
10,107,random_subsets_natural_partition,1618,4.017843256971517
10,107,random_subsets_natural_partition,1619,4.029858363067221
10,107,random_subsets_natural_partition,1620,4.0639290460085205
10,107,random_subsets_natural_partition,1621,4.052615089594103
10,107,random_subsets_natural_partition,1622,4.0120164310964235
10,107,random_subsets_natural_partition,1623,4.113237069033473
10,107,random_subsets_natural_partition,1624,4.096795370369057
10,107,random_subsets_natural_partition,1625,4.1730030846124775
10,107,random_subsets_natural_partition,1626,4.048737334232453
10,107,random_subsets_natural_partition,1627,3.995648024795365
10,107,random_subsets_natural_partition,1628,4.082795097148965
10,107,random_subsets_natural_partition,1629,4.0551994176389865
10,107,random_subsets_natural_partition,1630,3.947115866528873
10,107,random_subsets_natural_partition,1631,4.061948517405006
10,107,random_subsets_natural_partition,1632,4.087869951313929
10,107,random_subsets_natural_partition,1633,4.061134434387619
10,107,random_subsets_natural_partition,1634,4.109383824892016
10,107,random_subsets_natural_partition,1635,4.074018659525175
10,107,random_subsets_natural_partition,1636,4.147215896955398
10,107,random_subsets_natural_partition,1637,4.04043449369668
10,107,random_subsets_natural_partition,1638,4.167257294957832
10,107,random_subsets_natural_partition,1639,4.071825243505676
10,107,random_subsets_natural_partition,1640,4.041027774069459
10,107,random_subsets_natural_partition,1641,4.119290840028945
10,107,random_subsets_natural_partition,1642,4.146178894402993
10,107,random_subsets_natural_partition,1643,4.0606000603008265
10,107,random_subsets_natural_partition,1644,4.136752584054063
10,107,random_subsets_natural_partition,1645,4.104959493134476
10,107,random_subsets_natural_partition,1646,4.2061373706393494
10,107,random_subsets_natural_partition,1647,4.0896663178505355
10,107,random_subsets_natural_partition,1648,3.988880486085932
10,107,random_subsets_natural_partition,1649,4.146075430688735
10,107,random_subsets_natural_partition,1650,4.038547559075483
10,107,random_subsets_natural_partition,1651,4.017605654895927
10,107,random_subsets_natural_partition,1652,4.058087736515749
10,107,random_subsets_natural_partition,1653,4.016464353167069
10,107,random_subsets_natural_partition,1654,4.0882676241981954
10,107,random_subsets_natural_partition,1655,4.0851918737303
10,107,random_subsets_natural_partition,1656,4.177093697216555
10,107,random_subsets_natural_partition,1657,3.9939143313360534
10,107,random_subsets_natural_partition,1658,4.141455906183318
10,107,random_subsets_natural_partition,1659,4.113641472585267
10,107,random_subsets_natural_partition,1660,4.148399834345423
10,107,random_subsets_natural_partition,1661,4.1094625868520325
10,107,random_subsets_natural_partition,1662,4.139671952547569
10,107,random_subsets_natural_partition,1663,4.119171779979635
10,107,random_subsets_natural_partition,1664,4.070089329322922
10,107,random_subsets_natural_partition,1665,4.1353354047550175
10,107,random_subsets_natural_partition,1666,4.121110056337449
10,107,random_subsets_natural_partition,1667,4.04616116400026
10,107,random_subsets_natural_partition,1668,3.998587098690269
10,107,random_subsets_natural_partition,1669,4.133840425843265
10,107,random_subsets_natural_partition,1670,4.155379949509743
10,107,random_subsets_natural_partition,1671,4.070056582794651
10,107,random_subsets_natural_partition,1672,4.062331757221315
10,107,random_subsets_natural_partition,1673,4.090781919645207
10,107,random_subsets_natural_partition,1674,4.0522975084040045
10,107,random_subsets_natural_partition,1675,4.118123327531561
10,107,random_subsets_natural_partition,1676,4.0647216760538205
10,107,random_subsets_natural_partition,1677,4.123110479931483
10,107,random_subsets_natural_partition,1678,4.039493691007791
10,107,random_subsets_natural_partition,1679,4.2200307575492495
10,107,random_subsets_natural_partition,1680,4.063779735077251
10,107,random_subsets_natural_partition,1681,4.071862893800711
10,107,random_subsets_natural_partition,1682,3.962158890243583
10,107,random_subsets_natural_partition,1683,4.051040923208903
10,107,random_subsets_natural_partition,1684,3.990961650417235
10,107,random_subsets_natural_partition,1685,4.026260151334911
10,107,random_subsets_natural_partition,1686,4.025785950944328
10,107,random_subsets_natural_partition,1687,4.070531989978339
10,107,random_subsets_natural_partition,1688,4.022917511075485
10,107,random_subsets_natural_partition,1689,4.073127030205752
10,107,random_subsets_natural_partition,1690,4.083579814606757
10,107,random_subsets_natural_partition,1691,4.019788993682947
10,107,random_subsets_natural_partition,1692,4.155662521563678
10,107,random_subsets_natural_partition,1693,4.054451766568146
10,107,random_subsets_natural_partition,1694,4.13233054620833
10,107,random_subsets_natural_partition,1695,4.08112960889514
10,107,random_subsets_natural_partition,1696,4.139864094902896
10,107,random_subsets_natural_partition,1697,4.022013385649688
10,107,random_subsets_natural_partition,1698,4.128815621178633
10,107,random_subsets_natural_partition,1699,4.084492813553685
10,107,random_subsets_natural_partition,1700,4.025550602058847
10,107,random_subsets_natural_partition,1701,3.968841846903867
10,107,random_subsets_natural_partition,1702,4.002467856104703
10,107,random_subsets_natural_partition,1703,4.091263219761174
10,107,random_subsets_natural_partition,1704,4.081223885492418
10,107,random_subsets_natural_partition,1705,4.067813731423517
10,107,random_subsets_natural_partition,1706,4.161145342681063
10,107,random_subsets_natural_partition,1707,3.945557975128798
10,107,random_subsets_natural_partition,1708,4.018733069349871
10,107,random_subsets_natural_partition,1709,4.072626294251908
10,107,random_subsets_natural_partition,1710,4.120214804239034
10,107,random_subsets_natural_partition,1711,4.048313554226335
10,107,random_subsets_natural_partition,1712,4.10286028813552
10,107,random_subsets_natural_partition,1713,3.9058028874483894
10,107,random_subsets_natural_partition,1714,3.9425490169613444
10,107,random_subsets_natural_partition,1715,4.089724106632229
10,107,random_subsets_natural_partition,1716,4.077318192401795
10,107,random_subsets_natural_partition,1717,4.184991001837501
10,107,random_subsets_natural_partition,1718,4.08806484929803
10,107,random_subsets_natural_partition,1719,4.080530042847832
10,107,random_subsets_natural_partition,1720,4.174080946638241
10,107,random_subsets_natural_partition,1721,4.16623626112147
10,107,random_subsets_natural_partition,1722,4.17824884449898
10,107,random_subsets_natural_partition,1723,4.0333435804791735
10,107,random_subsets_natural_partition,1724,4.128772067282871
10,107,random_subsets_natural_partition,1725,4.1434378117390755
10,107,random_subsets_natural_partition,1726,4.013980945172162
10,107,random_subsets_natural_partition,1727,4.1830318180351265
10,107,random_subsets_natural_partition,1728,4.068964254885226
10,107,random_subsets_natural_partition,1729,4.146660560638673
10,107,random_subsets_natural_partition,1730,3.9297499772425697
10,107,random_subsets_natural_partition,1731,4.119145821726549
10,107,random_subsets_natural_partition,1732,3.990709161243576
10,107,random_subsets_natural_partition,1733,4.050767833263119
10,107,random_subsets_natural_partition,1734,4.086736405479872
10,107,random_subsets_natural_partition,1735,4.0072490114529415
10,107,random_subsets_natural_partition,1736,4.036098274752155
10,107,random_subsets_natural_partition,1737,4.107245643448865
10,107,random_subsets_natural_partition,1738,4.059636593712838
10,107,random_subsets_natural_partition,1739,4.148939914622627
10,107,random_subsets_natural_partition,1740,3.899347935081082
10,107,random_subsets_natural_partition,1741,4.061595601467455
10,107,random_subsets_natural_partition,1742,4.07942863956989
10,107,random_subsets_natural_partition,1743,4.221973487556215
10,107,random_subsets_natural_partition,1744,4.175294025249276
10,107,random_subsets_natural_partition,1745,4.076577058316696
10,107,random_subsets_natural_partition,1746,4.044647172639603
10,107,random_subsets_natural_partition,1747,4.0105669738816
10,107,random_subsets_natural_partition,1748,3.9675608038907546
10,107,random_subsets_natural_partition,1749,4.052195331535657
10,107,random_subsets_natural_partition,1750,4.072509824164333
10,107,random_subsets_natural_partition,1751,4.121051727988649
10,107,random_subsets_natural_partition,1752,4.183605361141043
10,107,random_subsets_natural_partition,1753,4.173781234714296
10,107,random_subsets_natural_partition,1754,4.105872654558613
10,107,random_subsets_natural_partition,1755,4.115805468458862
10,107,random_subsets_natural_partition,1756,3.963137738928482
10,107,random_subsets_natural_partition,1757,4.132444355468507
10,107,random_subsets_natural_partition,1758,3.910631355197336
10,107,random_subsets_natural_partition,1759,4.025910811212127
10,107,random_subsets_natural_partition,1760,4.144224227702904
10,107,random_subsets_natural_partition,1761,4.047771450696
10,107,random_subsets_natural_partition,1762,4.037706456958533
10,107,random_subsets_natural_partition,1763,4.027433313526282
10,107,random_subsets_natural_partition,1764,4.046032779112882
10,107,random_subsets_natural_partition,1765,4.1400549997314835
10,107,random_subsets_natural_partition,1766,4.197645633442948
10,107,random_subsets_natural_partition,1767,4.143086269883813
10,107,random_subsets_natural_partition,1768,4.072405607165414
10,107,random_subsets_natural_partition,1769,3.955948424786343
10,107,random_subsets_natural_partition,1770,4.10955839818788
10,107,random_subsets_natural_partition,1771,4.116247628049449
10,107,random_subsets_natural_partition,1772,4.133114190101703
10,107,random_subsets_natural_partition,1773,4.146010926477955
10,107,random_subsets_natural_partition,1774,4.164541170857317
10,107,random_subsets_natural_partition,1775,4.044347050645511
10,107,random_subsets_natural_partition,1776,4.062409464358423
10,107,random_subsets_natural_partition,1777,4.113694353004261
10,107,random_subsets_natural_partition,1778,4.009073896600553
10,107,random_subsets_natural_partition,1779,4.041233052732761
10,107,random_subsets_natural_partition,1780,4.136974888212787
10,107,random_subsets_natural_partition,1781,4.046289689055215
10,107,random_subsets_natural_partition,1782,4.049159068308038
10,107,random_subsets_natural_partition,1783,3.894127310378355
10,107,random_subsets_natural_partition,1784,4.144409539934498
10,107,random_subsets_natural_partition,1785,4.035587924467733
10,107,random_subsets_natural_partition,1786,4.19004629444691
10,107,random_subsets_natural_partition,1787,4.057081856696322
10,107,random_subsets_natural_partition,1788,3.9962057019345054
10,107,random_subsets_natural_partition,1789,4.1415351729567
10,107,random_subsets_natural_partition,1790,4.0687321849947375
10,107,random_subsets_natural_partition,1791,4.1693137257030175
10,107,random_subsets_natural_partition,1792,4.027024983800424
10,107,random_subsets_natural_partition,1793,4.00884438407328
10,107,random_subsets_natural_partition,1794,4.082352912909714
10,107,random_subsets_natural_partition,1795,4.014569198048602
10,107,random_subsets_natural_partition,1796,3.941708343929051
10,107,random_subsets_natural_partition,1797,4.022785441977276
10,107,random_subsets_natural_partition,1798,4.09726518014295
10,107,random_subsets_natural_partition,1799,4.136788931080711
10,107,random_subsets_natural_partition,1800,4.096755332379029
10,107,random_subsets_natural_partition,1801,3.979716173857748
10,107,random_subsets_natural_partition,1802,4.008701311017949
10,107,random_subsets_natural_partition,1803,4.092582135788412
10,107,random_subsets_natural_partition,1804,4.106971263516321
10,107,random_subsets_natural_partition,1805,4.194400495247913
10,107,random_subsets_natural_partition,1806,4.017630404877489
10,107,random_subsets_natural_partition,1807,4.075733232759904
10,107,random_subsets_natural_partition,1808,4.105527588523369
10,107,random_subsets_natural_partition,1809,4.1643547573844755
10,107,random_subsets_natural_partition,1810,4.115171391042691
10,107,random_subsets_natural_partition,1811,4.05327511930995
10,107,random_subsets_natural_partition,1812,4.072282808478017
10,107,random_subsets_natural_partition,1813,4.084674639585766
10,107,random_subsets_natural_partition,1814,4.067006116097221
10,107,random_subsets_natural_partition,1815,4.053704933511181
10,107,random_subsets_natural_partition,1816,4.076124070532541
10,107,random_subsets_natural_partition,1817,4.139138295627122
10,107,random_subsets_natural_partition,1818,4.045794207603736
10,107,random_subsets_natural_partition,1819,4.109581419565109
10,107,random_subsets_natural_partition,1820,4.088155862583008
10,107,random_subsets_natural_partition,1821,3.982023768965078
10,107,random_subsets_natural_partition,1822,4.158773298565119
10,107,random_subsets_natural_partition,1823,4.188296885430188
10,107,random_subsets_natural_partition,1824,4.14618220286983
10,107,random_subsets_natural_partition,1825,4.034120689643745
10,107,random_subsets_natural_partition,1826,4.159626523903668
10,107,random_subsets_natural_partition,1827,4.156956270910953
10,107,random_subsets_natural_partition,1828,4.020070068516725
10,107,random_subsets_natural_partition,1829,4.100392241999453
10,107,random_subsets_natural_partition,1830,4.14026275836268
10,107,random_subsets_natural_partition,1831,4.040305658200771
10,107,random_subsets_natural_partition,1832,4.075592004193841
10,107,random_subsets_natural_partition,1833,4.074943683684916
10,107,random_subsets_natural_partition,1834,4.1271251071039305
10,107,random_subsets_natural_partition,1835,4.073458399479632
10,107,random_subsets_natural_partition,1836,4.181458160963393
10,107,random_subsets_natural_partition,1837,4.0570555375835555
10,107,random_subsets_natural_partition,1838,4.126453821236857
10,107,random_subsets_natural_partition,1839,4.062429210870621
10,107,random_subsets_natural_partition,1840,4.079703582054112
10,107,random_subsets_natural_partition,1841,4.132602758918824
10,107,random_subsets_natural_partition,1842,4.049583664098167
10,107,random_subsets_natural_partition,1843,4.114485694534234
10,107,random_subsets_natural_partition,1844,4.045927147429382
10,107,random_subsets_natural_partition,1845,4.060916434828958
10,107,random_subsets_natural_partition,1846,4.105651312739269
10,107,random_subsets_natural_partition,1847,4.074643230834601
10,107,random_subsets_natural_partition,1848,4.1136637157207625
10,107,random_subsets_natural_partition,1849,4.199221925570059
10,107,random_subsets_natural_partition,1850,3.9538622177262837
10,107,random_subsets_natural_partition,1851,4.068523326941419
10,107,random_subsets_natural_partition,1852,4.009661895941397
10,107,random_subsets_natural_partition,1853,3.9672794073905733
10,107,random_subsets_natural_partition,1854,4.140171314761883
10,107,random_subsets_natural_partition,1855,4.1084264918512865
10,107,random_subsets_natural_partition,1856,3.9745012159145094
10,107,random_subsets_natural_partition,1857,4.120405798598163
10,107,random_subsets_natural_partition,1858,4.071439875216089
10,107,random_subsets_natural_partition,1859,4.137787083127781
10,107,random_subsets_natural_partition,1860,4.011107729008668
10,107,random_subsets_natural_partition,1861,4.035523148209077
10,107,random_subsets_natural_partition,1862,4.0893666971472395
10,107,random_subsets_natural_partition,1863,4.130653432938502
10,107,random_subsets_natural_partition,1864,4.103545870370733
10,107,random_subsets_natural_partition,1865,4.058696051500155
10,107,random_subsets_natural_partition,1866,4.025721223202668
10,107,random_subsets_natural_partition,1867,4.137639310770625
10,107,random_subsets_natural_partition,1868,4.080305954393208
10,107,random_subsets_natural_partition,1869,4.056692704300435
10,107,random_subsets_natural_partition,1870,4.142377382443537
10,107,random_subsets_natural_partition,1871,4.152376610399387
10,107,random_subsets_natural_partition,1872,4.180932588395572
10,107,random_subsets_natural_partition,1873,4.066243541748045
10,107,random_subsets_natural_partition,1874,4.090667330449819
10,107,random_subsets_natural_partition,1875,4.092521687240687
10,107,random_subsets_natural_partition,1876,3.923006858987523
10,107,random_subsets_natural_partition,1877,3.9666667005998875
10,107,random_subsets_natural_partition,1878,4.122719208260188
10,107,random_subsets_natural_partition,1879,3.9973969665927545
10,107,random_subsets_natural_partition,1880,4.017006986948816
10,107,random_subsets_natural_partition,1881,4.1752627238481015
10,107,random_subsets_natural_partition,1882,4.148314899709294
10,107,random_subsets_natural_partition,1883,3.9323048734333597
10,107,random_subsets_natural_partition,1884,4.1518681380055105
10,107,random_subsets_natural_partition,1885,4.000373222147091
10,107,random_subsets_natural_partition,1886,4.099254297829632
10,107,random_subsets_natural_partition,1887,4.153461609082149
10,107,random_subsets_natural_partition,1888,3.997058220795609
10,107,random_subsets_natural_partition,1889,4.147824136910378
10,107,random_subsets_natural_partition,1890,4.067369569090676
10,107,random_subsets_natural_partition,1891,4.208395966538112
10,107,random_subsets_natural_partition,1892,4.023391647826665
10,107,random_subsets_natural_partition,1893,4.047801284428091
10,107,random_subsets_natural_partition,1894,4.014032035817856
10,107,random_subsets_natural_partition,1895,4.112819942885194
10,107,random_subsets_natural_partition,1896,4.112244008037337
10,107,random_subsets_natural_partition,1897,4.079079066953566
10,107,random_subsets_natural_partition,1898,4.000596691707007
10,107,random_subsets_natural_partition,1899,4.117896106816726
10,107,random_subsets_natural_partition,1900,4.111303287379456
10,107,random_subsets_natural_partition,1901,4.1820148998009525
10,107,random_subsets_natural_partition,1902,4.080668494621579
10,107,random_subsets_natural_partition,1903,4.124679490698627
10,107,random_subsets_natural_partition,1904,4.144039386210172
10,107,random_subsets_natural_partition,1905,3.963439387539332
10,107,random_subsets_natural_partition,1906,4.091722647447882
10,107,random_subsets_natural_partition,1907,4.065062607818388
10,107,random_subsets_natural_partition,1908,4.117718738979056
10,107,random_subsets_natural_partition,1909,4.0126244714473245
10,107,random_subsets_natural_partition,1910,4.055795509855203
10,107,random_subsets_natural_partition,1911,3.962188994320372
10,107,random_subsets_natural_partition,1912,4.02331225363787
10,107,random_subsets_natural_partition,1913,4.037626010888862
10,107,random_subsets_natural_partition,1914,4.164712261256683
10,107,random_subsets_natural_partition,1915,4.007033349761122
10,107,random_subsets_natural_partition,1916,4.075533938592656
10,107,random_subsets_natural_partition,1917,4.091562078568815
10,107,random_subsets_natural_partition,1918,4.080541486647311
10,107,random_subsets_natural_partition,1919,4.014320115515263
10,107,random_subsets_natural_partition,1920,4.111077532453256
10,107,random_subsets_natural_partition,1921,4.009780285019197
10,107,random_subsets_natural_partition,1922,4.207092427246239
10,107,random_subsets_natural_partition,1923,4.074783777013392
10,107,random_subsets_natural_partition,1924,4.012339807343341
10,107,random_subsets_natural_partition,1925,4.004871748958063
10,107,random_subsets_natural_partition,1926,4.098391684808126
10,107,random_subsets_natural_partition,1927,4.086300845426632
10,107,random_subsets_natural_partition,1928,4.080705564651448
10,107,random_subsets_natural_partition,1929,4.012821444087718
10,107,random_subsets_natural_partition,1930,4.090187837390696
10,107,random_subsets_natural_partition,1931,4.046226881377892
10,107,random_subsets_natural_partition,1932,4.1746865880059305
10,107,random_subsets_natural_partition,1933,4.104004684628271
10,107,random_subsets_natural_partition,1934,4.117145538456314
10,107,random_subsets_natural_partition,1935,4.099780589631758
10,107,random_subsets_natural_partition,1936,4.111922961535717
10,107,random_subsets_natural_partition,1937,4.132934672798511
10,107,random_subsets_natural_partition,1938,3.990252659985069
10,107,random_subsets_natural_partition,1939,4.012869075032229
10,107,random_subsets_natural_partition,1940,4.120041984850077
10,107,random_subsets_natural_partition,1941,4.017289593204391
10,107,random_subsets_natural_partition,1942,4.021362690257658
10,107,random_subsets_natural_partition,1943,3.994768555268118
10,107,random_subsets_natural_partition,1944,4.075540425237775
10,107,random_subsets_natural_partition,1945,4.044651852582172
10,107,random_subsets_natural_partition,1946,4.083513791864029
10,107,random_subsets_natural_partition,1947,4.079964263421135
10,107,random_subsets_natural_partition,1948,3.9627270087120547
10,107,random_subsets_natural_partition,1949,4.106068503379195
10,107,random_subsets_natural_partition,1950,4.086550012976252
10,107,random_subsets_natural_partition,1951,4.0171810205351655
10,107,random_subsets_natural_partition,1952,3.986735331877555
10,107,random_subsets_natural_partition,1953,4.047405738830953
10,107,random_subsets_natural_partition,1954,4.077097322566386
10,107,random_subsets_natural_partition,1955,4.157068420854699
10,107,random_subsets_natural_partition,1956,4.1150570576602155
10,107,random_subsets_natural_partition,1957,4.0738356342213216
10,107,random_subsets_natural_partition,1958,4.169658664148476
10,107,random_subsets_natural_partition,1959,4.054841322675125
10,107,random_subsets_natural_partition,1960,4.113247726753736
10,107,random_subsets_natural_partition,1961,4.05839147312725
10,107,random_subsets_natural_partition,1962,3.99229961734072
10,107,random_subsets_natural_partition,1963,3.8771188770453158
10,107,random_subsets_natural_partition,1964,4.109172405435743
10,107,random_subsets_natural_partition,1965,4.037727858868182
10,107,random_subsets_natural_partition,1966,4.156330758738243
10,107,random_subsets_natural_partition,1967,3.9700416697153673
10,107,random_subsets_natural_partition,1968,4.069322829386358
10,107,random_subsets_natural_partition,1969,4.080140032485629
10,107,random_subsets_natural_partition,1970,3.976588513491211
10,107,random_subsets_natural_partition,1971,4.04850595305762
10,107,random_subsets_natural_partition,1972,4.1080341939334835
10,107,random_subsets_natural_partition,1973,4.035090004835105
10,107,random_subsets_natural_partition,1974,4.144178138518293
10,107,random_subsets_natural_partition,1975,4.063062550881316
10,107,random_subsets_natural_partition,1976,4.137136280971031
10,107,random_subsets_natural_partition,1977,4.079671345749478
10,107,random_subsets_natural_partition,1978,4.0769363381285535
10,107,random_subsets_natural_partition,1979,4.140858522461013
10,107,random_subsets_natural_partition,1980,4.149040804254774
10,107,random_subsets_natural_partition,1981,4.10144813505266
10,107,random_subsets_natural_partition,1982,4.200877715455871
10,107,random_subsets_natural_partition,1983,4.095994254042953
10,107,random_subsets_natural_partition,1984,4.124838848023286
10,107,random_subsets_natural_partition,1985,3.995813721066112
10,107,random_subsets_natural_partition,1986,4.024369415460256
10,107,random_subsets_natural_partition,1987,4.020921402303605
10,107,random_subsets_natural_partition,1988,4.0546971715916165
10,107,random_subsets_natural_partition,1989,4.073607983117676
10,107,random_subsets_natural_partition,1990,4.089756377094518
10,107,random_subsets_natural_partition,1991,4.122019437073573
10,107,random_subsets_natural_partition,1992,4.010324287357595
10,107,random_subsets_natural_partition,1993,4.089501395917906
10,107,random_subsets_natural_partition,1994,3.996166227061515
10,107,random_subsets_natural_partition,1995,4.061731987188347
10,107,random_subsets_natural_partition,1996,4.059897359970426
10,107,random_subsets_natural_partition,1997,4.069487437473791
10,107,random_subsets_natural_partition,1998,4.125116343908192
10,107,random_subsets_natural_partition,1999,4.080483809486671
10,107,random_subsets_natural_partition,2000,4.017660260391542
10,107,random_subsets_natural_partition,2001,3.955162580354938
10,107,random_subsets_natural_partition,2002,4.053665848491483
10,107,random_subsets_natural_partition,2003,4.141705384673352
10,107,random_subsets_natural_partition,2004,4.138352587600761
10,107,random_subsets_natural_partition,2005,4.161475203430229
10,107,random_subsets_natural_partition,2006,4.109033286771649
10,107,random_subsets_natural_partition,2007,4.093348566783136
10,107,random_subsets_natural_partition,2008,4.086044986479432
10,107,random_subsets_natural_partition,2009,4.00219422223863
10,107,random_subsets_natural_partition,2010,4.040220423995867
10,107,random_subsets_natural_partition,2011,4.003366238093769
10,107,random_subsets_natural_partition,2012,4.1147171102805356
10,107,random_subsets_natural_partition,2013,4.0050480859318
10,107,random_subsets_natural_partition,2014,4.151976643356751
10,107,random_subsets_natural_partition,2015,4.1401302148139685
10,107,random_subsets_natural_partition,2016,4.091444957364742
10,107,random_subsets_natural_partition,2017,3.9701938426764
10,107,random_subsets_natural_partition,2018,4.077264436791524
10,107,random_subsets_natural_partition,2019,4.060342743761287
10,107,random_subsets_natural_partition,2020,4.0865375590099005
10,107,random_subsets_natural_partition,2021,4.075725323412428
10,107,random_subsets_natural_partition,2022,4.053021990616761
10,107,random_subsets_natural_partition,2023,4.136296129880018
10,107,random_subsets_natural_partition,2024,4.154935774167599
10,107,random_subsets_natural_partition,2025,4.054904719327816
10,107,random_subsets_natural_partition,2026,4.027836159960042
10,107,random_subsets_natural_partition,2027,3.9600981322828877
10,107,random_subsets_natural_partition,2028,4.085687218967757
10,107,random_subsets_natural_partition,2029,4.151512070783934
10,107,random_subsets_natural_partition,2030,3.9883114866411478
10,107,random_subsets_natural_partition,2031,4.103172538423341
10,107,random_subsets_natural_partition,2032,4.143093031568067
10,107,random_subsets_natural_partition,2033,4.025266047777704
10,107,random_subsets_natural_partition,2034,4.165848253365235
10,107,random_subsets_natural_partition,2035,3.977329960128832
10,107,random_subsets_natural_partition,2036,4.092144712208979
10,107,random_subsets_natural_partition,2037,4.180368856847831
10,107,random_subsets_natural_partition,2038,4.115705968074476
10,107,random_subsets_natural_partition,2039,4.106667354910466
10,107,random_subsets_natural_partition,2040,4.0193223643744345
10,107,random_subsets_natural_partition,2041,4.166453714911201
10,107,random_subsets_natural_partition,2042,4.036566478237032
10,107,random_subsets_natural_partition,2043,4.024994705563715
10,107,random_subsets_natural_partition,2044,4.156817461323314
10,107,random_subsets_natural_partition,2045,4.163080408610085
10,107,random_subsets_natural_partition,2046,4.059305255867254
10,107,random_subsets_natural_partition,2047,4.118677267856052
10,107,random_subsets_natural_partition,2048,4.00950168216477
10,107,random_subsets_natural_partition,2049,3.9656739555857308
10,107,random_subsets_natural_partition,2050,3.8860371965678846
10,107,random_subsets_natural_partition,2051,4.01893148049247
10,107,random_subsets_natural_partition,2052,4.088207625235784
10,107,random_subsets_natural_partition,2053,4.085545381985006
10,107,random_subsets_natural_partition,2054,4.00556503442412
10,107,random_subsets_natural_partition,2055,4.0370436676452135
10,107,random_subsets_natural_partition,2056,4.074451146050979
10,107,random_subsets_natural_partition,2057,4.085136056041149
10,107,random_subsets_natural_partition,2058,3.982536002693945
10,107,random_subsets_natural_partition,2059,4.1216267424006565
10,107,random_subsets_natural_partition,2060,4.021460155878905
10,107,random_subsets_natural_partition,2061,4.019511557567009
10,107,random_subsets_natural_partition,2062,4.054329733546666
10,107,random_subsets_natural_partition,2063,4.096391518991915
10,107,random_subsets_natural_partition,2064,4.098283073156841
10,107,random_subsets_natural_partition,2065,4.019906843340519
10,107,random_subsets_natural_partition,2066,4.040846622703931
10,107,random_subsets_natural_partition,2067,4.107707939933563
10,107,random_subsets_natural_partition,2068,4.025076477025703
10,107,random_subsets_natural_partition,2069,4.138683982688616
10,107,random_subsets_natural_partition,2070,4.062808586782152
10,107,random_subsets_natural_partition,2071,3.977082216552765
10,107,random_subsets_natural_partition,2072,4.065375209036975
10,107,random_subsets_natural_partition,2073,4.076659185631243
10,107,random_subsets_natural_partition,2074,4.1357796094267085
10,107,random_subsets_natural_partition,2075,4.000309546927155
10,107,random_subsets_natural_partition,2076,4.075768164202065
10,107,random_subsets_natural_partition,2077,4.112114957897748
10,107,random_subsets_natural_partition,2078,4.055953339605004
10,107,random_subsets_natural_partition,2079,4.062362975084615
10,107,random_subsets_natural_partition,2080,4.165797479684033
10,107,random_subsets_natural_partition,2081,4.098221747114237
10,107,random_subsets_natural_partition,2082,4.0696683813954175
10,107,random_subsets_natural_partition,2083,3.968391018839438
10,107,random_subsets_natural_partition,2084,4.066791228192905
10,107,random_subsets_natural_partition,2085,4.052455325000839
10,107,random_subsets_natural_partition,2086,4.041337246917896
10,107,random_subsets_natural_partition,2087,4.141313683699672
10,107,random_subsets_natural_partition,2088,4.033465948492116
10,107,random_subsets_natural_partition,2089,4.072925572402985
10,107,random_subsets_natural_partition,2090,4.037090174823725
10,107,random_subsets_natural_partition,2091,4.031941857319599
10,107,random_subsets_natural_partition,2092,4.042610553785179
10,107,random_subsets_natural_partition,2093,4.021374610183065
10,107,random_subsets_natural_partition,2094,4.160738175540987
10,107,random_subsets_natural_partition,2095,4.006356214196438
10,107,random_subsets_natural_partition,2096,4.076451823821993
10,107,random_subsets_natural_partition,2097,4.157268020391758
10,107,random_subsets_natural_partition,2098,4.067504114041335
10,107,random_subsets_natural_partition,2099,4.105399895856625
10,107,random_subsets_natural_partition,2100,4.017829873662074
10,107,random_subsets_natural_partition,2101,4.087900158746867
10,107,random_subsets_natural_partition,2102,4.0963905239024685
10,107,random_subsets_natural_partition,2103,4.209206818805649
10,107,random_subsets_natural_partition,2104,4.042203929701906
10,107,random_subsets_natural_partition,2105,4.120515137193357
10,107,random_subsets_natural_partition,2106,3.961905911749237
10,107,random_subsets_natural_partition,2107,4.023366353988452
10,107,random_subsets_natural_partition,2108,4.060679994456737
10,107,random_subsets_natural_partition,2109,4.156566314406075
10,107,random_subsets_natural_partition,2110,4.095252868095402
10,107,random_subsets_natural_partition,2111,4.105361201331981
10,107,random_subsets_natural_partition,2112,4.136322553505391
10,107,random_subsets_natural_partition,2113,4.006937085525558
10,107,random_subsets_natural_partition,2114,4.0835574947953415
10,107,random_subsets_natural_partition,2115,4.0718707384056465
10,107,random_subsets_natural_partition,2116,4.075401749003602
10,107,random_subsets_natural_partition,2117,3.957608168552132
10,107,random_subsets_natural_partition,2118,4.1181450956508145
10,107,random_subsets_natural_partition,2119,4.031703787754198
10,107,random_subsets_natural_partition,2120,4.1124654133295175
10,107,random_subsets_natural_partition,2121,4.058083203586799
10,107,random_subsets_natural_partition,2122,4.034459293331176
10,107,random_subsets_natural_partition,2123,4.084886475746838
10,107,random_subsets_natural_partition,2124,4.036700752214632
10,107,random_subsets_natural_partition,2125,4.119250985582735
10,107,random_subsets_natural_partition,2126,3.9852126621006443
10,107,random_subsets_natural_partition,2127,4.065214475533953
10,107,random_subsets_natural_partition,2128,4.136015951034035
10,107,random_subsets_natural_partition,2129,4.025074922347381
10,107,random_subsets_natural_partition,2130,4.084892555618027
10,107,random_subsets_natural_partition,2131,4.13555095753987
10,107,random_subsets_natural_partition,2132,4.088551921325008
10,107,random_subsets_natural_partition,2133,4.054029528530319
10,107,random_subsets_natural_partition,2134,3.978631370553455
10,107,random_subsets_natural_partition,2135,4.119028328218041
10,107,random_subsets_natural_partition,2136,4.12001812905482
10,107,random_subsets_natural_partition,2137,4.118780394733481
10,107,random_subsets_natural_partition,2138,4.060481471109086
10,107,random_subsets_natural_partition,2139,4.133296723023524
10,107,random_subsets_natural_partition,2140,4.10973442587226
10,107,random_subsets_natural_partition,2141,4.079339228920398
10,107,random_subsets_natural_partition,2142,4.006764329799145
10,107,random_subsets_natural_partition,2143,4.172465063521755
10,107,random_subsets_natural_partition,2144,4.1450297645121665
10,107,random_subsets_natural_partition,2145,4.05312662845901
10,107,random_subsets_natural_partition,2146,4.04039309175815
10,107,random_subsets_natural_partition,2147,4.0987655396652745
10,107,random_subsets_natural_partition,2148,4.0102015375387765
10,107,random_subsets_natural_partition,2149,4.167701573174393
10,107,random_subsets_natural_partition,2150,4.105964437448079
10,107,random_subsets_natural_partition,2151,3.9680146319121423
10,107,random_subsets_natural_partition,2152,4.104150661311076
10,107,random_subsets_natural_partition,2153,4.070692259546946
10,107,random_subsets_natural_partition,2154,3.962061917934088
10,107,random_subsets_natural_partition,2155,4.023195491700445
10,107,random_subsets_natural_partition,2156,4.048989837489844
10,107,random_subsets_natural_partition,2157,4.054435847429179
10,107,random_subsets_natural_partition,2158,4.112048832516925
10,107,random_subsets_natural_partition,2159,3.9985397985926223
10,107,random_subsets_natural_partition,2160,4.026453521051779
10,107,random_subsets_natural_partition,2161,4.050969869662882
10,107,random_subsets_natural_partition,2162,4.001503886827843
10,107,random_subsets_natural_partition,2163,4.0384233240905045
10,107,random_subsets_natural_partition,2164,3.9998364796514485
10,107,random_subsets_natural_partition,2165,4.095643363594209
10,107,random_subsets_natural_partition,2166,4.146035877512931
10,107,random_subsets_natural_partition,2167,4.027984993726278
10,107,random_subsets_natural_partition,2168,4.092363407244204
10,107,random_subsets_natural_partition,2169,3.9883808487978984
10,107,random_subsets_natural_partition,2170,4.090287146859657
10,107,random_subsets_natural_partition,2171,4.140637257615691
10,107,random_subsets_natural_partition,2172,4.051475679903067
10,107,random_subsets_natural_partition,2173,3.962562644761417
10,107,random_subsets_natural_partition,2174,4.09436212933684
10,107,random_subsets_natural_partition,2175,4.071728033298389
10,107,random_subsets_natural_partition,2176,4.160349521298173
10,107,random_subsets_natural_partition,2177,4.062654854738077
10,107,random_subsets_natural_partition,2178,4.045161210166231
10,107,random_subsets_natural_partition,2179,3.99297894802101
10,107,random_subsets_natural_partition,2180,4.021900810888074
10,107,random_subsets_natural_partition,2181,4.045131979671888
10,107,random_subsets_natural_partition,2182,4.184577908006622
10,107,random_subsets_natural_partition,2183,4.064336464436204
10,107,random_subsets_natural_partition,2184,4.1827730356912385
10,107,random_subsets_natural_partition,2185,3.9827248862045272
10,107,random_subsets_natural_partition,2186,4.07488363643854
10,107,random_subsets_natural_partition,2187,4.105155651095737
10,107,random_subsets_natural_partition,2188,3.8483715839685098
10,107,random_subsets_natural_partition,2189,4.183869986676816
10,107,random_subsets_natural_partition,2190,4.107105559070429
10,107,random_subsets_natural_partition,2191,4.135575665452926
10,107,random_subsets_natural_partition,2192,4.093934537769332
10,107,random_subsets_natural_partition,2193,4.187041593250597
10,107,random_subsets_natural_partition,2194,3.976782527230735
10,107,random_subsets_natural_partition,2195,4.120888680812765
10,107,random_subsets_natural_partition,2196,4.048358557765114
10,107,random_subsets_natural_partition,2197,3.9983519340369487
10,107,random_subsets_natural_partition,2198,4.133712436338124
10,107,random_subsets_natural_partition,2199,3.9181211760670034
10,107,random_subsets_natural_partition,2200,4.094518905034391
10,107,random_subsets_natural_partition,2201,4.151739656156606
10,107,random_subsets_natural_partition,2202,4.101165357245177
10,107,random_subsets_natural_partition,2203,3.92393922899775
10,107,random_subsets_natural_partition,2204,4.180665704235132
10,107,random_subsets_natural_partition,2205,4.093754444281823
10,107,random_subsets_natural_partition,2206,4.140809841696814
10,107,random_subsets_natural_partition,2207,4.163781505472579
10,107,random_subsets_natural_partition,2208,4.062809157083458
10,107,random_subsets_natural_partition,2209,4.144357564963046
10,107,random_subsets_natural_partition,2210,4.111873461317104
10,107,random_subsets_natural_partition,2211,4.114134097892407
10,107,random_subsets_natural_partition,2212,4.032605387567919
10,107,random_subsets_natural_partition,2213,4.147012637578177
10,107,random_subsets_natural_partition,2214,4.121370320851062
10,107,random_subsets_natural_partition,2215,4.105113759785879
10,107,random_subsets_natural_partition,2216,4.176807305291665
10,107,random_subsets_natural_partition,2217,4.128440835973712
10,107,random_subsets_natural_partition,2218,3.9588975173732903
10,107,random_subsets_natural_partition,2219,4.152148651004175
10,107,random_subsets_natural_partition,2220,4.10732762905775
10,107,random_subsets_natural_partition,2221,4.039665745215492
10,107,random_subsets_natural_partition,2222,4.100849111611497
10,107,random_subsets_natural_partition,2223,4.074224133868459
10,107,random_subsets_natural_partition,2224,3.9479081153835582
10,107,random_subsets_natural_partition,2225,4.016394487147732
10,107,random_subsets_natural_partition,2226,4.074945934416096
10,107,random_subsets_natural_partition,2227,4.057578171053571
10,107,random_subsets_natural_partition,2228,3.9428897118869832
10,107,random_subsets_natural_partition,2229,4.08380573246795
10,107,random_subsets_natural_partition,2230,4.018589628256408
10,107,random_subsets_natural_partition,2231,4.000392355208798
10,107,random_subsets_natural_partition,2232,4.089032435905005
10,107,random_subsets_natural_partition,2233,4.132124084450651
10,107,random_subsets_natural_partition,2234,4.1614172755024725
10,107,random_subsets_natural_partition,2235,4.118208683103487
10,107,random_subsets_natural_partition,2236,4.079018378397102
10,107,random_subsets_natural_partition,2237,4.086448734883781
10,107,random_subsets_natural_partition,2238,4.058067255735894
10,107,random_subsets_natural_partition,2239,3.9807179758701925
10,107,random_subsets_natural_partition,2240,4.088944049919281
10,107,random_subsets_natural_partition,2241,3.9790913294645733
10,107,random_subsets_natural_partition,2242,3.926070768516402
10,107,random_subsets_natural_partition,2243,4.068411624628181
10,107,random_subsets_natural_partition,2244,4.034317440033939
10,107,random_subsets_natural_partition,2245,4.018663865764987
10,107,random_subsets_natural_partition,2246,4.025532231243251
10,107,random_subsets_natural_partition,2247,4.0714443711044455
10,107,random_subsets_natural_partition,2248,4.184809974288833
10,107,random_subsets_natural_partition,2249,4.111465527905821
10,107,random_subsets_natural_partition,2250,4.124254700474195
10,107,random_subsets_natural_partition,2251,4.16371304979365
10,107,random_subsets_natural_partition,2252,4.18942073817603
10,107,random_subsets_natural_partition,2253,4.012311329598464
10,107,random_subsets_natural_partition,2254,4.084243424000407
10,107,random_subsets_natural_partition,2255,4.078694910773979
10,107,random_subsets_natural_partition,2256,4.106011603067687
10,107,random_subsets_natural_partition,2257,4.098963618487171
10,107,random_subsets_natural_partition,2258,4.0297439485201645
10,107,random_subsets_natural_partition,2259,4.103491506961181
10,107,random_subsets_natural_partition,2260,4.0716566071629705
10,107,random_subsets_natural_partition,2261,4.114390767366272
10,107,random_subsets_natural_partition,2262,4.133106385123712
10,107,random_subsets_natural_partition,2263,4.107377746685637
10,107,random_subsets_natural_partition,2264,4.119670461418689
10,107,random_subsets_natural_partition,2265,3.985888229491291
10,107,random_subsets_natural_partition,2266,4.018287958665076
10,107,random_subsets_natural_partition,2267,4.069710544029078
10,107,random_subsets_natural_partition,2268,4.010296969380429
10,107,random_subsets_natural_partition,2269,4.049230489805083
10,107,random_subsets_natural_partition,2270,3.986123258328467
10,107,random_subsets_natural_partition,2271,4.123789991236074
10,107,random_subsets_natural_partition,2272,4.123687392820668
10,107,random_subsets_natural_partition,2273,4.141054309210038
10,107,random_subsets_natural_partition,2274,4.169416373819352
10,107,random_subsets_natural_partition,2275,4.037746053041173
10,107,random_subsets_natural_partition,2276,4.121970266900389
10,107,random_subsets_natural_partition,2277,4.153638331979394
10,107,random_subsets_natural_partition,2278,4.027149129809662
10,107,random_subsets_natural_partition,2279,4.109535101426557
10,107,random_subsets_natural_partition,2280,4.171871866943202
10,107,random_subsets_natural_partition,2281,4.078543891465626
10,107,random_subsets_natural_partition,2282,4.071514026009971
10,107,random_subsets_natural_partition,2283,4.045400352965798
10,107,random_subsets_natural_partition,2284,3.9934164056116948
10,107,random_subsets_natural_partition,2285,4.001383824712955
10,107,random_subsets_natural_partition,2286,4.053379700470784
10,107,random_subsets_natural_partition,2287,4.084775455409522
10,107,random_subsets_natural_partition,2288,4.163087102884487
10,107,random_subsets_natural_partition,2289,4.049543547630191
10,107,random_subsets_natural_partition,2290,4.090432276037101
10,107,random_subsets_natural_partition,2291,4.006161488519985
10,107,random_subsets_natural_partition,2292,4.119819945830517
10,107,random_subsets_natural_partition,2293,3.9968789352393403
10,107,random_subsets_natural_partition,2294,4.098315263809171
10,107,random_subsets_natural_partition,2295,4.03956746473193
10,107,random_subsets_natural_partition,2296,4.074541238219473
10,107,random_subsets_natural_partition,2297,4.076085137672005
10,107,random_subsets_natural_partition,2298,3.910025268886301
10,107,random_subsets_natural_partition,2299,4.068379635731963
10,107,random_subsets_natural_partition,2300,4.064175173644353
10,107,random_subsets_natural_partition,2301,3.9524039427607174
10,107,random_subsets_natural_partition,2302,4.108928389265253
10,107,random_subsets_natural_partition,2303,4.058039022380945
10,107,random_subsets_natural_partition,2304,4.059462263000119
10,107,random_subsets_natural_partition,2305,4.041044146026499
10,107,random_subsets_natural_partition,2306,4.087342200731469
10,107,random_subsets_natural_partition,2307,3.992954446648645
10,107,random_subsets_natural_partition,2308,4.096744719593055
10,107,random_subsets_natural_partition,2309,4.135449303753447
10,107,random_subsets_natural_partition,2310,4.000650693643231
10,107,random_subsets_natural_partition,2311,4.108849542074065
10,107,random_subsets_natural_partition,2312,3.904787478577479
10,107,random_subsets_natural_partition,2313,4.129252703173728
10,107,random_subsets_natural_partition,2314,4.116026811441695
10,107,random_subsets_natural_partition,2315,4.112809399567601
10,107,random_subsets_natural_partition,2316,4.017897307275675
10,107,random_subsets_natural_partition,2317,4.088259373878342
10,107,random_subsets_natural_partition,2318,4.029592290019218
10,107,random_subsets_natural_partition,2319,4.140374311066267
10,107,random_subsets_natural_partition,2320,4.066357610599225
10,107,random_subsets_natural_partition,2321,4.153630815173563
10,107,random_subsets_natural_partition,2322,4.186048968814733
10,107,random_subsets_natural_partition,2323,3.9898966460123586
10,107,random_subsets_natural_partition,2324,4.089429550501201
10,107,random_subsets_natural_partition,2325,4.025956563842377
10,107,random_subsets_natural_partition,2326,4.014410076922511
10,107,random_subsets_natural_partition,2327,3.9831470077173443
10,107,random_subsets_natural_partition,2328,4.023934056896236
10,107,random_subsets_natural_partition,2329,4.012494809739283
10,107,random_subsets_natural_partition,2330,4.057600316657288
10,107,random_subsets_natural_partition,2331,3.98899324758521
10,107,random_subsets_natural_partition,2332,4.0810518873157475
10,107,random_subsets_natural_partition,2333,4.075564223312264
10,107,random_subsets_natural_partition,2334,4.0887656011478075
10,107,random_subsets_natural_partition,2335,4.0690107153187505
10,107,random_subsets_natural_partition,2336,4.005768423816555
10,107,random_subsets_natural_partition,2337,4.039351099120236
10,107,random_subsets_natural_partition,2338,4.152986257220586
10,107,random_subsets_natural_partition,2339,4.047236978762563
10,107,random_subsets_natural_partition,2340,3.9797827657138565
10,107,random_subsets_natural_partition,2341,3.9800791143922036
10,107,random_subsets_natural_partition,2342,4.044708005670759
10,107,random_subsets_natural_partition,2343,4.075223313060972
10,107,random_subsets_natural_partition,2344,3.9204005428487045
10,107,random_subsets_natural_partition,2345,4.114501285116403
10,107,random_subsets_natural_partition,2346,4.050150874303984
10,107,random_subsets_natural_partition,2347,4.113022122422705
10,107,random_subsets_natural_partition,2348,4.175782429259024
10,107,random_subsets_natural_partition,2349,4.171170364762842
10,107,random_subsets_natural_partition,2350,4.095680769106152
10,107,random_subsets_natural_partition,2351,4.110923151382122
10,107,random_subsets_natural_partition,2352,4.059224012285261
10,107,random_subsets_natural_partition,2353,4.03044123534158
10,107,random_subsets_natural_partition,2354,4.127761989488527
10,107,random_subsets_natural_partition,2355,4.103071520073121
10,107,random_subsets_natural_partition,2356,4.127246674234947
10,107,random_subsets_natural_partition,2357,4.144646482130264
10,107,random_subsets_natural_partition,2358,4.034042992283199
10,107,random_subsets_natural_partition,2359,3.9871497389494595
10,107,random_subsets_natural_partition,2360,4.113131329437284
10,107,random_subsets_natural_partition,2361,4.082040808510568
10,107,random_subsets_natural_partition,2362,4.175833931076614
10,107,random_subsets_natural_partition,2363,4.1238957665717075
10,107,random_subsets_natural_partition,2364,4.107465590740266
10,107,random_subsets_natural_partition,2365,4.109795985486755
10,107,random_subsets_natural_partition,2366,4.074673741416663
10,107,random_subsets_natural_partition,2367,4.062089865815934
10,107,random_subsets_natural_partition,2368,4.11772403824603
10,107,random_subsets_natural_partition,2369,4.033100141442559
10,107,random_subsets_natural_partition,2370,4.1498279781267
10,107,random_subsets_natural_partition,2371,4.023532101916439
10,107,random_subsets_natural_partition,2372,4.156650984984167
10,107,random_subsets_natural_partition,2373,4.0878789196225025
10,107,random_subsets_natural_partition,2374,4.108488670839912
10,107,random_subsets_natural_partition,2375,4.018189898746462
10,107,random_subsets_natural_partition,2376,4.133887143830844
10,107,random_subsets_natural_partition,2377,4.05241094023035
10,107,random_subsets_natural_partition,2378,4.086409329466932
10,107,random_subsets_natural_partition,2379,4.06457407416847
10,107,random_subsets_natural_partition,2380,4.101286152437456
10,107,random_subsets_natural_partition,2381,4.073222065685036
10,107,random_subsets_natural_partition,2382,4.081866406237112
10,107,random_subsets_natural_partition,2383,3.975545361228922
10,107,random_subsets_natural_partition,2384,4.161662833152246
10,107,random_subsets_natural_partition,2385,4.134254339848606
10,107,random_subsets_natural_partition,2386,4.083566633886897
10,107,random_subsets_natural_partition,2387,4.033388203448661
10,107,random_subsets_natural_partition,2388,4.045340434905951
10,107,random_subsets_natural_partition,2389,4.057544317972004
10,107,random_subsets_natural_partition,2390,4.024253019929703
10,107,random_subsets_natural_partition,2391,4.1374744802288
10,107,random_subsets_natural_partition,2392,3.9874365191369434
10,107,random_subsets_natural_partition,2393,3.9902147582082144
10,107,random_subsets_natural_partition,2394,4.074922723598709
10,107,random_subsets_natural_partition,2395,4.143625223023564
10,107,random_subsets_natural_partition,2396,4.044379842589517
10,107,random_subsets_natural_partition,2397,4.103309509039532
10,107,random_subsets_natural_partition,2398,4.068916612095178
10,107,random_subsets_natural_partition,2399,4.108713663659842
10,107,random_subsets_natural_partition,2400,4.069856290826943
10,107,random_subsets_natural_partition,2401,4.068428666048191
10,107,random_subsets_natural_partition,2402,3.995144102591988
10,107,random_subsets_natural_partition,2403,4.083659817396916
10,107,random_subsets_natural_partition,2404,4.076540540223835
10,107,random_subsets_natural_partition,2405,4.10489502406808
10,107,random_subsets_natural_partition,2406,4.173172109387714
10,107,random_subsets_natural_partition,2407,4.185127868462334
10,107,random_subsets_natural_partition,2408,4.0223750602468495
10,107,random_subsets_natural_partition,2409,4.081372807507963
10,107,random_subsets_natural_partition,2410,4.172993325866631
10,107,random_subsets_natural_partition,2411,3.9696896237659853
10,107,random_subsets_natural_partition,2412,4.128659593352175
10,107,random_subsets_natural_partition,2413,4.067498260739819
10,107,random_subsets_natural_partition,2414,4.0687168485717455
10,107,random_subsets_natural_partition,2415,4.135584589542887
10,107,random_subsets_natural_partition,2416,4.082116963797836
10,107,random_subsets_natural_partition,2417,4.1657410542616375
10,107,random_subsets_natural_partition,2418,4.069960932728708
10,107,random_subsets_natural_partition,2419,4.04043702468593
10,107,random_subsets_natural_partition,2420,4.120414532288179
10,107,random_subsets_natural_partition,2421,4.095083806518697
10,107,random_subsets_natural_partition,2422,4.025715145176293
10,107,random_subsets_natural_partition,2423,4.169689076582409
10,107,random_subsets_natural_partition,2424,4.097742037964354
10,107,random_subsets_natural_partition,2425,4.050927272812296
10,107,random_subsets_natural_partition,2426,4.07810974502889
10,107,random_subsets_natural_partition,2427,4.106727709730999
10,107,random_subsets_natural_partition,2428,4.054109280144345
10,107,random_subsets_natural_partition,2429,4.098798705929407
10,107,random_subsets_natural_partition,2430,3.982492611586731
10,107,random_subsets_natural_partition,2431,3.9849119304745444
10,107,random_subsets_natural_partition,2432,4.102619673878387
10,107,random_subsets_natural_partition,2433,4.091939186061614
10,107,random_subsets_natural_partition,2434,4.01777863821815
10,107,random_subsets_natural_partition,2435,4.0160041873809
10,107,random_subsets_natural_partition,2436,4.1763120219162335
10,107,random_subsets_natural_partition,2437,4.077194032113911
10,107,random_subsets_natural_partition,2438,3.9753573592587395
10,107,random_subsets_natural_partition,2439,4.069753331325669
10,107,random_subsets_natural_partition,2440,4.175689393517878
10,107,random_subsets_natural_partition,2441,3.8306657730650504
10,107,random_subsets_natural_partition,2442,4.05402829739263
10,107,random_subsets_natural_partition,2443,3.9731795745207115
10,107,random_subsets_natural_partition,2444,3.9086309750902535
10,107,random_subsets_natural_partition,2445,3.9999589802490565
10,107,random_subsets_natural_partition,2446,4.063818625068461
10,107,random_subsets_natural_partition,2447,4.049812255797912
10,107,random_subsets_natural_partition,2448,4.105397757994611
10,107,random_subsets_natural_partition,2449,4.097818575564058
10,107,random_subsets_natural_partition,2450,3.974434235243665
10,107,random_subsets_natural_partition,2451,4.1275053407441105
10,107,random_subsets_natural_partition,2452,4.135414188694523
10,107,random_subsets_natural_partition,2453,4.044457657645866
10,107,random_subsets_natural_partition,2454,4.001105503847347
10,107,random_subsets_natural_partition,2455,4.023463322921527
10,107,random_subsets_natural_partition,2456,4.038483960064957
10,107,random_subsets_natural_partition,2457,3.984206015940614
10,107,random_subsets_natural_partition,2458,4.027741021879547
10,107,random_subsets_natural_partition,2459,4.1413899708504225
10,107,random_subsets_natural_partition,2460,4.0827740294794435
10,107,random_subsets_natural_partition,2461,4.067399924911115
10,107,random_subsets_natural_partition,2462,4.18219302889999
10,107,random_subsets_natural_partition,2463,4.046391134444103
10,107,random_subsets_natural_partition,2464,4.107981318649098
10,107,random_subsets_natural_partition,2465,4.067377572835231
10,107,random_subsets_natural_partition,2466,4.036819475845425
10,107,random_subsets_natural_partition,2467,4.061413197719622
10,107,random_subsets_natural_partition,2468,4.091322858252119
10,107,random_subsets_natural_partition,2469,4.0318491249057145
10,107,random_subsets_natural_partition,2470,3.9471839442688785
10,107,random_subsets_natural_partition,2471,4.1608341487367415
10,107,random_subsets_natural_partition,2472,4.030353129556672
10,107,random_subsets_natural_partition,2473,4.067901021679017
10,107,random_subsets_natural_partition,2474,4.027487691551904
10,107,random_subsets_natural_partition,2475,4.0038491543402595
10,107,random_subsets_natural_partition,2476,4.129007764714147
10,107,random_subsets_natural_partition,2477,4.08101883508805
10,107,random_subsets_natural_partition,2478,4.089801446974613
10,107,random_subsets_natural_partition,2479,4.1402009369677835
10,107,random_subsets_natural_partition,2480,4.0811366323986595
10,107,random_subsets_natural_partition,2481,4.054972997253621
10,107,random_subsets_natural_partition,2482,4.0807316999953835
10,107,random_subsets_natural_partition,2483,4.091554034067759
10,107,random_subsets_natural_partition,2484,4.073483191445156
10,107,random_subsets_natural_partition,2485,4.230605360952739
10,107,random_subsets_natural_partition,2486,3.9482763700668184
10,107,random_subsets_natural_partition,2487,4.096679740524786
10,107,random_subsets_natural_partition,2488,4.126815769921481
10,107,random_subsets_natural_partition,2489,4.1086520749451285
10,107,random_subsets_natural_partition,2490,4.065208785167009
10,107,random_subsets_natural_partition,2491,4.117684541235225
10,107,random_subsets_natural_partition,2492,4.08526489622336
10,107,random_subsets_natural_partition,2493,4.125272560005676
10,107,random_subsets_natural_partition,2494,4.129360157407629
10,107,random_subsets_natural_partition,2495,4.203441905489108
10,107,random_subsets_natural_partition,2496,4.2052076297941525
10,107,random_subsets_natural_partition,2497,4.191442255446193
10,107,random_subsets_natural_partition,2498,4.13742187746856
10,107,random_subsets_natural_partition,2499,4.049975300594978
10,107,random_subsets_natural_partition,2500,4.088867804361864
10,107,random_subsets_natural_partition,2501,3.983188628264377
10,107,random_subsets_natural_partition,2502,3.9192084945337977
10,107,random_subsets_natural_partition,2503,4.0266458230410525
10,107,random_subsets_natural_partition,2504,4.062421218010729
10,107,random_subsets_natural_partition,2505,4.0601185834070925
10,107,random_subsets_natural_partition,2506,4.077910548093394
10,107,random_subsets_natural_partition,2507,3.948973371049535
10,107,random_subsets_natural_partition,2508,4.068983639885668
10,107,random_subsets_natural_partition,2509,4.059923529723164
10,107,random_subsets_natural_partition,2510,4.121155387964588
10,107,random_subsets_natural_partition,2511,4.132856318695449
10,107,random_subsets_natural_partition,2512,4.002710100014674
10,107,random_subsets_natural_partition,2513,4.072255298625133
10,107,random_subsets_natural_partition,2514,4.08234351166535
10,107,random_subsets_natural_partition,2515,4.084478366772007
10,107,random_subsets_natural_partition,2516,4.103959433699813
10,107,random_subsets_natural_partition,2517,4.0922464254036655
10,107,random_subsets_natural_partition,2518,4.110530821102702
10,107,random_subsets_natural_partition,2519,4.076396851499045
10,107,random_subsets_natural_partition,2520,4.165914126814985
10,107,random_subsets_natural_partition,2521,4.160156353708173
10,107,random_subsets_natural_partition,2522,4.15049190743132
10,107,random_subsets_natural_partition,2523,4.139484789054821
10,107,random_subsets_natural_partition,2524,4.041769839335891
10,107,random_subsets_natural_partition,2525,4.190956233416608
10,107,random_subsets_natural_partition,2526,3.9460539443422777
10,107,random_subsets_natural_partition,2527,4.170803979350681
10,107,random_subsets_natural_partition,2528,4.162077003919723
10,107,random_subsets_natural_partition,2529,4.0865871231201
10,107,random_subsets_natural_partition,2530,4.108786621574207
10,107,random_subsets_natural_partition,2531,4.111090065179554
10,107,random_subsets_natural_partition,2532,4.070505913984296
10,107,random_subsets_natural_partition,2533,4.063936186908613
10,107,random_subsets_natural_partition,2534,4.072521991581094
10,107,random_subsets_natural_partition,2535,4.061834432219165
10,107,random_subsets_natural_partition,2536,4.1109632168480355
10,107,random_subsets_natural_partition,2537,4.083093755302398
10,107,random_subsets_natural_partition,2538,4.073428522959789
10,107,random_subsets_natural_partition,2539,4.090870241994876
10,107,random_subsets_natural_partition,2540,4.044769642740832
10,107,random_subsets_natural_partition,2541,4.106617644647115
10,107,random_subsets_natural_partition,2542,4.085120245767483
10,107,random_subsets_natural_partition,2543,4.089845065425619
10,107,random_subsets_natural_partition,2544,4.094232244686451
10,107,random_subsets_natural_partition,2545,4.011180501270897
10,107,random_subsets_natural_partition,2546,4.186070196315167
10,107,random_subsets_natural_partition,2547,4.108527037304291
10,107,random_subsets_natural_partition,2548,4.065069181985527
10,107,random_subsets_natural_partition,2549,4.122719487960752
10,107,random_subsets_natural_partition,2550,4.061974221937035
10,107,random_subsets_natural_partition,2551,4.009142880719685
10,107,random_subsets_natural_partition,2552,4.1178555023953285
10,107,random_subsets_natural_partition,2553,4.117436770877919
10,107,random_subsets_natural_partition,2554,4.01907082896371
10,107,random_subsets_natural_partition,2555,4.125669703794281
10,107,random_subsets_natural_partition,2556,4.097729884962752
10,107,random_subsets_natural_partition,2557,4.089160288523898
10,107,random_subsets_natural_partition,2558,4.114798387933668
10,107,random_subsets_natural_partition,2559,4.160385710593204
10,107,random_subsets_natural_partition,2560,4.101018766496418
10,107,random_subsets_natural_partition,2561,4.064905595705791
10,107,random_subsets_natural_partition,2562,4.126733753305131
10,107,random_subsets_natural_partition,2563,4.051525577138447
10,107,random_subsets_natural_partition,2564,4.053732309853518
10,107,random_subsets_natural_partition,2565,4.197641782230477
10,107,random_subsets_natural_partition,2566,4.129729619038522
10,107,random_subsets_natural_partition,2567,4.182025684608014
10,107,random_subsets_natural_partition,2568,4.041229316695232
10,107,random_subsets_natural_partition,2569,4.0966134187893175
10,107,random_subsets_natural_partition,2570,4.1240389320975845
10,107,random_subsets_natural_partition,2571,4.074688858042028
10,107,random_subsets_natural_partition,2572,4.13184195572243
10,107,random_subsets_natural_partition,2573,4.04959109749996
10,107,random_subsets_natural_partition,2574,4.184796920760665
10,107,random_subsets_natural_partition,2575,4.163497056424469
10,107,random_subsets_natural_partition,2576,4.092169796328548
10,107,random_subsets_natural_partition,2577,4.063936586446451
10,107,random_subsets_natural_partition,2578,4.075340900831494
10,107,random_subsets_natural_partition,2579,4.065816589849712
10,107,random_subsets_natural_partition,2580,4.033737183943317
10,107,random_subsets_natural_partition,2581,3.913264121718485
10,107,random_subsets_natural_partition,2582,4.0978050755103865
10,107,random_subsets_natural_partition,2583,3.9998760817007875
10,107,random_subsets_natural_partition,2584,4.116589497455336
10,107,random_subsets_natural_partition,2585,4.154489594038851
10,107,random_subsets_natural_partition,2586,4.049444868412106
10,107,random_subsets_natural_partition,2587,4.092667077918538
10,107,random_subsets_natural_partition,2588,4.11080726124718
10,107,random_subsets_natural_partition,2589,4.000573496544898
10,107,random_subsets_natural_partition,2590,4.068310296561275
10,107,random_subsets_natural_partition,2591,4.04814566465053
10,107,random_subsets_natural_partition,2592,4.059491251008775
10,107,random_subsets_natural_partition,2593,3.9714188414194442
10,107,random_subsets_natural_partition,2594,4.113941651844202
10,107,random_subsets_natural_partition,2595,4.112051767605644
10,107,random_subsets_natural_partition,2596,4.118260034104703
10,107,random_subsets_natural_partition,2597,4.0500078008440195
10,107,random_subsets_natural_partition,2598,4.148737953985595
10,107,random_subsets_natural_partition,2599,3.9770035025819506
10,107,random_subsets_natural_partition,2600,4.068424624921904
10,107,random_subsets_natural_partition,2601,4.085195385865075
10,107,random_subsets_natural_partition,2602,4.106213119096947
10,107,random_subsets_natural_partition,2603,4.038708200420803
10,107,random_subsets_natural_partition,2604,4.027732713381179
10,107,random_subsets_natural_partition,2605,4.131830121757323
10,107,random_subsets_natural_partition,2606,4.04505103699098
10,107,random_subsets_natural_partition,2607,4.101342598256931
10,107,random_subsets_natural_partition,2608,4.0738541312744125
10,107,random_subsets_natural_partition,2609,4.003771589051682
10,107,random_subsets_natural_partition,2610,4.040777170413379
10,107,random_subsets_natural_partition,2611,4.01632381587815
10,107,random_subsets_natural_partition,2612,4.077948595558956
10,107,random_subsets_natural_partition,2613,4.139552986209693
10,107,random_subsets_natural_partition,2614,3.9425473471508514
10,107,random_subsets_natural_partition,2615,4.134476657357418
10,107,random_subsets_natural_partition,2616,4.133523756488232
10,107,random_subsets_natural_partition,2617,4.055633748518047
10,107,random_subsets_natural_partition,2618,4.031310365177668
10,107,random_subsets_natural_partition,2619,4.100543372850093
10,107,random_subsets_natural_partition,2620,4.037190817941701
10,107,random_subsets_natural_partition,2621,4.068618732404778
10,107,random_subsets_natural_partition,2622,4.06717714076459
10,107,random_subsets_natural_partition,2623,3.914635398792021
10,107,random_subsets_natural_partition,2624,3.889946360617612
10,107,random_subsets_natural_partition,2625,4.0345972328103406
10,107,random_subsets_natural_partition,2626,3.997139737553393
10,107,random_subsets_natural_partition,2627,4.027900153486609
10,107,random_subsets_natural_partition,2628,4.176254409567427
10,107,random_subsets_natural_partition,2629,4.019340103117542
10,107,random_subsets_natural_partition,2630,4.003572635522096
10,107,random_subsets_natural_partition,2631,4.107256529586636
10,107,random_subsets_natural_partition,2632,4.120873965765253
10,107,random_subsets_natural_partition,2633,4.095141544684295
10,107,random_subsets_natural_partition,2634,3.99519489274998
10,107,random_subsets_natural_partition,2635,4.1192186079908115
10,107,random_subsets_natural_partition,2636,4.056300181293903
10,107,random_subsets_natural_partition,2637,3.938835310311644
10,107,random_subsets_natural_partition,2638,4.039436884155502
10,107,random_subsets_natural_partition,2639,4.0509674629956445
10,107,random_subsets_natural_partition,2640,4.081663625140398
10,107,random_subsets_natural_partition,2641,4.105559904548058
10,107,random_subsets_natural_partition,2642,4.175698311853765
10,107,random_subsets_natural_partition,2643,4.186458529836593
10,107,random_subsets_natural_partition,2644,4.058162454259188
10,107,random_subsets_natural_partition,2645,4.138499263766326
10,107,random_subsets_natural_partition,2646,4.003281214261474
10,107,random_subsets_natural_partition,2647,4.048215951022426
10,107,random_subsets_natural_partition,2648,4.18190450529998
10,107,random_subsets_natural_partition,2649,4.094077341789077
10,107,random_subsets_natural_partition,2650,4.024676699816596
10,107,random_subsets_natural_partition,2651,4.0908750246002885
10,107,random_subsets_natural_partition,2652,4.1109396332680745
10,107,random_subsets_natural_partition,2653,4.087783549659123
10,107,random_subsets_natural_partition,2654,4.1283326016187045
10,107,random_subsets_natural_partition,2655,4.097336246455706
10,107,random_subsets_natural_partition,2656,4.085681605935599
10,107,random_subsets_natural_partition,2657,4.108689247599189
10,107,random_subsets_natural_partition,2658,4.147017740989882
10,107,random_subsets_natural_partition,2659,4.030865101593217
10,107,random_subsets_natural_partition,2660,4.0899642617281
10,107,random_subsets_natural_partition,2661,4.042526645402079
10,107,random_subsets_natural_partition,2662,4.091378225686387
10,107,random_subsets_natural_partition,2663,3.9794127657566665
10,107,random_subsets_natural_partition,2664,4.087650711164567
10,107,random_subsets_natural_partition,2665,4.130363583798089
10,107,random_subsets_natural_partition,2666,4.0655498722597585
10,107,random_subsets_natural_partition,2667,4.0920311619771095
10,107,random_subsets_natural_partition,2668,4.11351269955802
10,107,random_subsets_natural_partition,2669,4.09480360128367
10,107,random_subsets_natural_partition,2670,4.195962373611621
10,107,random_subsets_natural_partition,2671,3.989603306626112
10,107,random_subsets_natural_partition,2672,3.9608439901665586
10,107,random_subsets_natural_partition,2673,4.159400384590538
10,107,random_subsets_natural_partition,2674,4.024125340586306
10,107,random_subsets_natural_partition,2675,4.134591644132665
10,107,random_subsets_natural_partition,2676,4.0201598135974095
10,107,random_subsets_natural_partition,2677,4.031212769046536
10,107,random_subsets_natural_partition,2678,4.16042490815628
10,107,random_subsets_natural_partition,2679,4.167116638234753
10,107,random_subsets_natural_partition,2680,4.024877001497011
10,107,random_subsets_natural_partition,2681,4.07390948434808
10,107,random_subsets_natural_partition,2682,4.064027481718064
10,107,random_subsets_natural_partition,2683,4.115317956733147
10,107,random_subsets_natural_partition,2684,4.018767137075619
10,107,random_subsets_natural_partition,2685,4.190454563883484
10,107,random_subsets_natural_partition,2686,4.075807025818752
10,107,random_subsets_natural_partition,2687,4.041446379586094
10,107,random_subsets_natural_partition,2688,4.173408228817917
10,107,random_subsets_natural_partition,2689,4.127391167011901
10,107,random_subsets_natural_partition,2690,4.1896919036512985
10,107,random_subsets_natural_partition,2691,4.103602608078167
10,107,random_subsets_natural_partition,2692,4.084351437926385
10,107,random_subsets_natural_partition,2693,4.0339496889649515
10,107,random_subsets_natural_partition,2694,4.061642750752811
10,107,random_subsets_natural_partition,2695,4.09022304024781
10,107,random_subsets_natural_partition,2696,4.084440428585787
10,107,random_subsets_natural_partition,2697,4.0758935066804005
10,107,random_subsets_natural_partition,2698,4.099291158773774
10,107,random_subsets_natural_partition,2699,4.06318619629897
10,107,random_subsets_natural_partition,2700,3.9948075267722443
10,107,random_subsets_natural_partition,2701,4.071944065439488
10,107,random_subsets_natural_partition,2702,4.11486786401309
10,107,random_subsets_natural_partition,2703,4.050334872967995
10,107,random_subsets_natural_partition,2704,4.064073848055732
10,107,random_subsets_natural_partition,2705,4.142078874065395
10,107,random_subsets_natural_partition,2706,4.130731145595006
10,107,random_subsets_natural_partition,2707,4.0696286063471785
10,107,random_subsets_natural_partition,2708,3.966172032781214
10,107,random_subsets_natural_partition,2709,4.130553787999827
10,107,random_subsets_natural_partition,2710,4.078580444382317
10,107,random_subsets_natural_partition,2711,4.104462835156085
10,107,random_subsets_natural_partition,2712,4.075100319260451
10,107,random_subsets_natural_partition,2713,4.07182787077191
10,107,random_subsets_natural_partition,2714,4.113941015261982
10,107,random_subsets_natural_partition,2715,4.118684293419492
10,107,random_subsets_natural_partition,2716,4.091087250930841
10,107,random_subsets_natural_partition,2717,4.106566866291941
10,107,random_subsets_natural_partition,2718,4.101606875155597
10,107,random_subsets_natural_partition,2719,4.091178414852443
10,107,random_subsets_natural_partition,2720,4.024370696104495
10,107,random_subsets_natural_partition,2721,4.079596008836518
10,107,random_subsets_natural_partition,2722,4.113863624508268
10,107,random_subsets_natural_partition,2723,4.147389935613045
10,107,random_subsets_natural_partition,2724,4.022787752554817
10,107,random_subsets_natural_partition,2725,4.140341302403638
10,107,random_subsets_natural_partition,2726,4.027319901807853
10,107,random_subsets_natural_partition,2727,4.1012880744250735
10,107,random_subsets_natural_partition,2728,4.190992552312779
10,107,random_subsets_natural_partition,2729,4.102632721570327
10,107,random_subsets_natural_partition,2730,4.0922421779422145
10,107,random_subsets_natural_partition,2731,4.080967586928994
10,107,random_subsets_natural_partition,2732,4.0911822610136115
10,107,random_subsets_natural_partition,2733,4.0808763913571235
10,107,random_subsets_natural_partition,2734,4.108237799895952
10,107,random_subsets_natural_partition,2735,4.0753077116425525
10,107,random_subsets_natural_partition,2736,4.123067674329951
10,107,random_subsets_natural_partition,2737,3.9950843216216905
10,107,random_subsets_natural_partition,2738,3.900619881684057
10,107,random_subsets_natural_partition,2739,4.031412735163938
10,107,random_subsets_natural_partition,2740,4.197180458504487
10,107,random_subsets_natural_partition,2741,4.124110805022174
10,107,random_subsets_natural_partition,2742,4.073080459309035
10,107,random_subsets_natural_partition,2743,4.124118748581081
10,107,random_subsets_natural_partition,2744,4.134695219810504
10,107,random_subsets_natural_partition,2745,4.070350369669103
10,107,random_subsets_natural_partition,2746,4.053774835991207
10,107,random_subsets_natural_partition,2747,4.074711174086631
10,107,random_subsets_natural_partition,2748,4.107191778427095
10,107,random_subsets_natural_partition,2749,4.089702364650843
10,107,random_subsets_natural_partition,2750,4.1163835439392455
10,107,random_subsets_natural_partition,2751,4.065922598520738
10,107,random_subsets_natural_partition,2752,4.093755056583914
10,107,random_subsets_natural_partition,2753,4.017388950228371
10,107,random_subsets_natural_partition,2754,4.086077322747587
10,107,random_subsets_natural_partition,2755,4.041954008242625
10,107,random_subsets_natural_partition,2756,4.157466219905885
10,107,random_subsets_natural_partition,2757,4.113335757393843
10,107,random_subsets_natural_partition,2758,4.151553283278183
10,107,random_subsets_natural_partition,2759,4.06938877651502
10,107,random_subsets_natural_partition,2760,3.9654107236965297
10,107,random_subsets_natural_partition,2761,4.082262346299463
10,107,random_subsets_natural_partition,2762,4.160620522806479
10,107,random_subsets_natural_partition,2763,4.053478999191902
10,107,random_subsets_natural_partition,2764,4.0951596349437684
10,107,random_subsets_natural_partition,2765,3.9333330149091914
10,107,random_subsets_natural_partition,2766,4.1010582598952245
10,107,random_subsets_natural_partition,2767,3.9874782318627404
10,107,random_subsets_natural_partition,2768,3.973969735744914
10,107,random_subsets_natural_partition,2769,4.138571468903977
10,107,random_subsets_natural_partition,2770,4.050206304906648
10,107,random_subsets_natural_partition,2771,3.9222811005214036
10,107,random_subsets_natural_partition,2772,4.107610238908124
10,107,random_subsets_natural_partition,2773,4.132611739602861
10,107,random_subsets_natural_partition,2774,3.888755909614736
10,107,random_subsets_natural_partition,2775,4.0365965721994925
10,107,random_subsets_natural_partition,2776,4.094202125601196
10,107,random_subsets_natural_partition,2777,4.0168836445024505
10,107,random_subsets_natural_partition,2778,4.1216251218268845
10,107,random_subsets_natural_partition,2779,4.153885606673773
10,107,random_subsets_natural_partition,2780,4.134036943525331
10,107,random_subsets_natural_partition,2781,4.124376259630139
10,107,random_subsets_natural_partition,2782,4.016826576722223
10,107,random_subsets_natural_partition,2783,4.063583703362842
10,107,random_subsets_natural_partition,2784,4.054979551532268
10,107,random_subsets_natural_partition,2785,4.115903163994546
10,107,random_subsets_natural_partition,2786,4.035754064894637
10,107,random_subsets_natural_partition,2787,4.029099584756868
10,107,random_subsets_natural_partition,2788,4.149270473006777
10,107,random_subsets_natural_partition,2789,4.037214737314474
10,107,random_subsets_natural_partition,2790,3.9284832573141375
10,107,random_subsets_natural_partition,2791,4.126810520416668
10,107,random_subsets_natural_partition,2792,3.9952275146570853
10,107,random_subsets_natural_partition,2793,3.9945439475874696
10,107,random_subsets_natural_partition,2794,4.092979910040209
10,107,random_subsets_natural_partition,2795,4.022209757880424
10,107,random_subsets_natural_partition,2796,4.003678883793393
10,107,random_subsets_natural_partition,2797,3.9808466723595606
10,107,random_subsets_natural_partition,2798,4.051209489497766
10,107,random_subsets_natural_partition,2799,4.029948595313735
10,107,random_subsets_natural_partition,2800,3.988912656321977
10,107,random_subsets_natural_partition,2801,4.0441964355377085
10,107,random_subsets_natural_partition,2802,4.076149001341824
10,107,random_subsets_natural_partition,2803,4.047221066055575
10,107,random_subsets_natural_partition,2804,4.127297898567336
10,107,random_subsets_natural_partition,2805,4.070338628037857
10,107,random_subsets_natural_partition,2806,4.033824003635226
10,107,random_subsets_natural_partition,2807,4.0754665320751435
10,107,random_subsets_natural_partition,2808,4.156516809091521
10,107,random_subsets_natural_partition,2809,3.9427777790757825
10,107,random_subsets_natural_partition,2810,4.117781950088956
10,107,random_subsets_natural_partition,2811,3.9974168498486313
10,107,random_subsets_natural_partition,2812,4.012752745003825
10,107,random_subsets_natural_partition,2813,4.043623568063137
10,107,random_subsets_natural_partition,2814,4.0727575647214405
10,107,random_subsets_natural_partition,2815,4.10343866867993
10,107,random_subsets_natural_partition,2816,4.066275207153187
10,107,random_subsets_natural_partition,2817,4.118412719555553
10,107,random_subsets_natural_partition,2818,4.019366862432713
10,107,random_subsets_natural_partition,2819,4.009501143268677
10,107,random_subsets_natural_partition,2820,4.136751884742865
10,107,random_subsets_natural_partition,2821,4.129319103175884
10,107,random_subsets_natural_partition,2822,4.13038459151191
10,107,random_subsets_natural_partition,2823,4.06637182571026
10,107,random_subsets_natural_partition,2824,4.148244125111193
10,107,random_subsets_natural_partition,2825,4.048127805804653
10,107,random_subsets_natural_partition,2826,4.049441441914705
10,107,random_subsets_natural_partition,2827,4.011667020265834
10,107,random_subsets_natural_partition,2828,4.028572365496105
10,107,random_subsets_natural_partition,2829,4.08499690848659
10,107,random_subsets_natural_partition,2830,4.1391253591971635
10,107,random_subsets_natural_partition,2831,4.154051233298051
10,107,random_subsets_natural_partition,2832,4.131538286401067
10,107,random_subsets_natural_partition,2833,4.146311291477579
10,107,random_subsets_natural_partition,2834,3.9464770061966883
10,107,random_subsets_natural_partition,2835,3.9908575417277015
10,107,random_subsets_natural_partition,2836,4.0838316412072375
10,107,random_subsets_natural_partition,2837,4.04062109101521
10,107,random_subsets_natural_partition,2838,4.107145687135443
10,107,random_subsets_natural_partition,2839,4.140514652233584
10,107,random_subsets_natural_partition,2840,4.153280021991822
10,107,random_subsets_natural_partition,2841,4.070080701078636
10,107,random_subsets_natural_partition,2842,4.118025293606161
10,107,random_subsets_natural_partition,2843,4.150228218947412
10,107,random_subsets_natural_partition,2844,4.120815543036321
10,107,random_subsets_natural_partition,2845,4.128894427666557
10,107,random_subsets_natural_partition,2846,4.086431800844893
10,107,random_subsets_natural_partition,2847,4.075859763733951
10,107,random_subsets_natural_partition,2848,3.9754226807020805
10,107,random_subsets_natural_partition,2849,4.140977015752607
10,107,random_subsets_natural_partition,2850,4.091223776740532
10,107,random_subsets_natural_partition,2851,4.038403279814895
10,107,random_subsets_natural_partition,2852,4.080567323334946
10,107,random_subsets_natural_partition,2853,4.149467473710263
10,107,random_subsets_natural_partition,2854,3.9933080164417643
10,107,random_subsets_natural_partition,2855,4.155304096589011
10,107,random_subsets_natural_partition,2856,4.0608064304084985
10,107,random_subsets_natural_partition,2857,4.108471842337299
10,107,random_subsets_natural_partition,2858,4.077387127383003
10,107,random_subsets_natural_partition,2859,4.091209908176118
10,107,random_subsets_natural_partition,2860,4.080903193091119
10,107,random_subsets_natural_partition,2861,4.076612306581974
10,107,random_subsets_natural_partition,2862,4.102422765190289
10,107,random_subsets_natural_partition,2863,4.064413808014461
10,107,random_subsets_natural_partition,2864,4.018070953571695
10,107,random_subsets_natural_partition,2865,4.104895803940114
10,107,random_subsets_natural_partition,2866,4.126225711976134
10,107,random_subsets_natural_partition,2867,4.128859151306567
10,107,random_subsets_natural_partition,2868,4.177116797871727
10,107,random_subsets_natural_partition,2869,4.1114252597846415
10,107,random_subsets_natural_partition,2870,4.085213182789369
10,107,random_subsets_natural_partition,2871,4.182180380824411
10,107,random_subsets_natural_partition,2872,4.02261299760953
10,107,random_subsets_natural_partition,2873,4.104719243565299
10,107,random_subsets_natural_partition,2874,4.126104073408311
10,107,random_subsets_natural_partition,2875,4.048189478450948
10,107,random_subsets_natural_partition,2876,4.111542622596752
10,107,random_subsets_natural_partition,2877,3.910424739851177
10,107,random_subsets_natural_partition,2878,4.022672723292076
10,107,random_subsets_natural_partition,2879,4.080211079899436
10,107,random_subsets_natural_partition,2880,4.0754542476930125
10,107,random_subsets_natural_partition,2881,4.053623070146566
10,107,random_subsets_natural_partition,2882,4.139667909296342
10,107,random_subsets_natural_partition,2883,4.120833130729103
10,107,random_subsets_natural_partition,2884,4.064175511864066
10,107,random_subsets_natural_partition,2885,4.091011846227918
10,107,random_subsets_natural_partition,2886,4.022257455112098
10,107,random_subsets_natural_partition,2887,4.068111745570498
10,107,random_subsets_natural_partition,2888,4.033248501199602
10,107,random_subsets_natural_partition,2889,4.0694064987032785
10,107,random_subsets_natural_partition,2890,4.104431010862441
10,107,random_subsets_natural_partition,2891,4.143219483904735
10,107,random_subsets_natural_partition,2892,4.025185056425316
10,107,random_subsets_natural_partition,2893,4.104545786421326
10,107,random_subsets_natural_partition,2894,4.0434416476156505
10,107,random_subsets_natural_partition,2895,4.048264732701901
10,107,random_subsets_natural_partition,2896,4.076859032667772
10,107,random_subsets_natural_partition,2897,3.9770183527532303
10,107,random_subsets_natural_partition,2898,4.028294990525451
10,107,random_subsets_natural_partition,2899,4.05210128255404
10,107,random_subsets_natural_partition,2900,3.993816646646689
10,107,random_subsets_natural_partition,2901,4.11236012375747
10,107,random_subsets_natural_partition,2902,4.06733223316176
10,107,random_subsets_natural_partition,2903,4.043496132144717
10,107,random_subsets_natural_partition,2904,4.147117226134021
10,107,random_subsets_natural_partition,2905,4.136287969707745
10,107,random_subsets_natural_partition,2906,4.068683311075138
10,107,random_subsets_natural_partition,2907,4.039238317740351
10,107,random_subsets_natural_partition,2908,4.0252448661242095
10,107,random_subsets_natural_partition,2909,4.043644149795015
10,107,random_subsets_natural_partition,2910,4.07294476247174
10,107,random_subsets_natural_partition,2911,4.114282986668163
10,107,random_subsets_natural_partition,2912,4.037010930748297
10,107,random_subsets_natural_partition,2913,4.129911154756803
10,107,random_subsets_natural_partition,2914,4.11690796002326
10,107,random_subsets_natural_partition,2915,4.101842562520651
10,107,random_subsets_natural_partition,2916,4.150337159234147
10,107,random_subsets_natural_partition,2917,4.095425392370553
10,107,random_subsets_natural_partition,2918,4.033996221945334
10,107,random_subsets_natural_partition,2919,4.067029941702797
10,107,random_subsets_natural_partition,2920,4.091494181561245
10,107,random_subsets_natural_partition,2921,4.1039225326703
10,107,random_subsets_natural_partition,2922,4.069728608954159
10,107,random_subsets_natural_partition,2923,4.064593320550342
10,107,random_subsets_natural_partition,2924,4.042287763984973
10,107,random_subsets_natural_partition,2925,4.068318643365245
10,107,random_subsets_natural_partition,2926,4.055570704993707
10,107,random_subsets_natural_partition,2927,4.030872367416446
10,107,random_subsets_natural_partition,2928,4.071714874583603
10,107,random_subsets_natural_partition,2929,4.100057393301804
10,107,random_subsets_natural_partition,2930,4.115529597077922
10,107,random_subsets_natural_partition,2931,4.127156439982176
10,107,random_subsets_natural_partition,2932,4.068625939382258
10,107,random_subsets_natural_partition,2933,4.1057064454428165
10,107,random_subsets_natural_partition,2934,4.113494540089919
10,107,random_subsets_natural_partition,2935,4.118764933787746
10,107,random_subsets_natural_partition,2936,4.143565627034682
10,107,random_subsets_natural_partition,2937,4.053997351311241
10,107,random_subsets_natural_partition,2938,4.036742936894199
10,107,random_subsets_natural_partition,2939,4.114695735388168
10,107,random_subsets_natural_partition,2940,4.113016477104637
10,107,random_subsets_natural_partition,2941,4.124546652900803
10,107,random_subsets_natural_partition,2942,4.075813814900524
10,107,random_subsets_natural_partition,2943,4.034179614578455
10,107,random_subsets_natural_partition,2944,4.0345458799259974
10,107,random_subsets_natural_partition,2945,4.191698540449113
10,107,random_subsets_natural_partition,2946,4.048772109172085
10,107,random_subsets_natural_partition,2947,4.166625632014379
10,107,random_subsets_natural_partition,2948,4.044445050282004
10,107,random_subsets_natural_partition,2949,3.967922700207779
10,107,random_subsets_natural_partition,2950,4.0746284737900975
10,107,random_subsets_natural_partition,2951,4.0204775993941135
10,107,random_subsets_natural_partition,2952,4.0826374148261575
10,107,random_subsets_natural_partition,2953,4.148216414894551
10,107,random_subsets_natural_partition,2954,3.9990633321729145
10,107,random_subsets_natural_partition,2955,4.044729851611124
10,107,random_subsets_natural_partition,2956,4.06091604904661
10,107,random_subsets_natural_partition,2957,4.042911832945067
10,107,random_subsets_natural_partition,2958,3.9756422056010776
10,107,random_subsets_natural_partition,2959,4.134858301440184
10,107,random_subsets_natural_partition,2960,4.047356447155066
10,107,random_subsets_natural_partition,2961,4.085286603560403
10,107,random_subsets_natural_partition,2962,3.993892626437733
10,107,random_subsets_natural_partition,2963,4.032756151548119
10,107,random_subsets_natural_partition,2964,4.079341452713299
10,107,random_subsets_natural_partition,2965,4.093662157697489
10,107,random_subsets_natural_partition,2966,4.06062216055014
10,107,random_subsets_natural_partition,2967,4.0932275807830445
10,107,random_subsets_natural_partition,2968,4.166319442537881
10,107,random_subsets_natural_partition,2969,4.154344842631501
10,107,random_subsets_natural_partition,2970,3.9510924262948324
10,107,random_subsets_natural_partition,2971,4.071951756064019
10,107,random_subsets_natural_partition,2972,4.054598647805626
10,107,random_subsets_natural_partition,2973,4.127312256524594
10,107,random_subsets_natural_partition,2974,4.059454440771577
10,107,random_subsets_natural_partition,2975,4.1450599061921665
10,107,random_subsets_natural_partition,2976,3.9668881281598702
10,107,random_subsets_natural_partition,2977,3.9766353279879247
10,107,random_subsets_natural_partition,2978,4.086523941314368
10,107,random_subsets_natural_partition,2979,4.208780787176778
10,107,random_subsets_natural_partition,2980,4.044174432792241
10,107,random_subsets_natural_partition,2981,3.98045752077919
10,107,random_subsets_natural_partition,2982,4.005568162396954
10,107,random_subsets_natural_partition,2983,4.04885398614141
10,107,random_subsets_natural_partition,2984,4.122979808008939
10,107,random_subsets_natural_partition,2985,4.015078968026764
10,107,random_subsets_natural_partition,2986,4.151823675661073
10,107,random_subsets_natural_partition,2987,4.128853896717318
10,107,random_subsets_natural_partition,2988,4.035815174140767
10,107,random_subsets_natural_partition,2989,4.091948202835212
10,107,random_subsets_natural_partition,2990,3.988609309407913
10,107,random_subsets_natural_partition,2991,4.052698644089336
10,107,random_subsets_natural_partition,2992,4.0178469978085465
10,107,random_subsets_natural_partition,2993,4.062794751890543
10,107,random_subsets_natural_partition,2994,4.114325182429763
10,107,random_subsets_natural_partition,2995,3.9418039879695232
10,107,random_subsets_natural_partition,2996,4.072178666455903
10,107,random_subsets_natural_partition,2997,4.152701572905349
10,107,random_subsets_natural_partition,2998,4.138793910478766
10,107,random_subsets_natural_partition,2999,4.05180086902701
10,107,random_subsets_natural_partition,3000,4.102917010937039
10,107,random_subsets_natural_partition,3001,4.157504176583306
10,107,random_subsets_natural_partition,3002,3.9601897815605587
10,107,random_subsets_natural_partition,3003,4.062636550898945
10,107,random_subsets_natural_partition,3004,4.2047364618050915
10,107,random_subsets_natural_partition,3005,3.944211853087608
10,107,random_subsets_natural_partition,3006,4.058929064071882
10,107,random_subsets_natural_partition,3007,4.0094562378004275
10,107,random_subsets_natural_partition,3008,4.073385272668648
10,107,random_subsets_natural_partition,3009,4.029647813742194
10,107,random_subsets_natural_partition,3010,4.222060834654369
10,107,random_subsets_natural_partition,3011,4.078034492271481
10,107,random_subsets_natural_partition,3012,4.17565638289555
10,107,random_subsets_natural_partition,3013,4.075427817995346
10,107,random_subsets_natural_partition,3014,4.175957480925445
10,107,random_subsets_natural_partition,3015,4.022806560317032
10,107,random_subsets_natural_partition,3016,4.10917433598841
10,107,random_subsets_natural_partition,3017,4.055771759001975
10,107,random_subsets_natural_partition,3018,4.170444704286131
10,107,random_subsets_natural_partition,3019,4.066313138978551
10,107,random_subsets_natural_partition,3020,4.122771552352957
10,107,random_subsets_natural_partition,3021,4.059469444867099
10,107,random_subsets_natural_partition,3022,4.122117985429215
10,107,random_subsets_natural_partition,3023,4.106480716758398
10,107,random_subsets_natural_partition,3024,4.14597262337658
10,107,random_subsets_natural_partition,3025,4.037386348519175
10,107,random_subsets_natural_partition,3026,3.9923975908903686
10,107,random_subsets_natural_partition,3027,4.107034996767991
10,107,random_subsets_natural_partition,3028,4.1315379384475515
10,107,random_subsets_natural_partition,3029,4.099731799633876
10,107,random_subsets_natural_partition,3030,4.01184500871805
10,107,random_subsets_natural_partition,3031,4.010412022195485
10,107,random_subsets_natural_partition,3032,3.999163580480893
10,107,random_subsets_natural_partition,3033,4.042181289004843
10,107,random_subsets_natural_partition,3034,4.192654999605806
10,107,random_subsets_natural_partition,3035,4.029258903721097
10,107,random_subsets_natural_partition,3036,4.093383212456575
10,107,random_subsets_natural_partition,3037,4.107955921143876
10,107,random_subsets_natural_partition,3038,4.017445072801355
10,107,random_subsets_natural_partition,3039,4.043951921810801
10,107,random_subsets_natural_partition,3040,4.104872919332443
10,107,random_subsets_natural_partition,3041,4.003389742299739
10,107,random_subsets_natural_partition,3042,4.1265345629299865
10,107,random_subsets_natural_partition,3043,4.114859576165719
10,107,random_subsets_natural_partition,3044,4.062659267970894
10,107,random_subsets_natural_partition,3045,4.084343553007085
10,107,random_subsets_natural_partition,3046,4.182512787840017
10,107,random_subsets_natural_partition,3047,3.929589471987836
10,107,random_subsets_natural_partition,3048,4.056979721520403
10,107,random_subsets_natural_partition,3049,4.134209296677333
10,107,random_subsets_natural_partition,3050,4.0836439113228735
10,107,random_subsets_natural_partition,3051,3.999613755167883
10,107,random_subsets_natural_partition,3052,4.153930297078682
10,107,random_subsets_natural_partition,3053,4.061458388330572
10,107,random_subsets_natural_partition,3054,4.066885017711661
10,107,random_subsets_natural_partition,3055,4.106699641946561
10,107,random_subsets_natural_partition,3056,4.1408031519880515
10,107,random_subsets_natural_partition,3057,4.064679404083471
10,107,random_subsets_natural_partition,3058,4.057205005488842
10,107,random_subsets_natural_partition,3059,4.044894853578077
10,107,random_subsets_natural_partition,3060,4.0506734543752305
10,107,random_subsets_natural_partition,3061,3.958840477635824
10,107,random_subsets_natural_partition,3062,4.0254151255989505
10,107,random_subsets_natural_partition,3063,4.035467527791277
10,107,random_subsets_natural_partition,3064,4.094542482696167
10,107,random_subsets_natural_partition,3065,4.012660964845196
10,107,random_subsets_natural_partition,3066,4.101288663305416
10,107,random_subsets_natural_partition,3067,4.038174407584531
10,107,random_subsets_natural_partition,3068,4.014834588621578
10,107,random_subsets_natural_partition,3069,4.066473803044923
10,107,random_subsets_natural_partition,3070,4.131074247235964
10,107,random_subsets_natural_partition,3071,4.059610350042631
10,107,random_subsets_natural_partition,3072,4.048555135551534
10,107,random_subsets_natural_partition,3073,4.175200674896926
10,107,random_subsets_natural_partition,3074,3.9807330855186587
10,107,random_subsets_natural_partition,3075,4.039415562977806
10,107,random_subsets_natural_partition,3076,4.032134995388082
10,107,random_subsets_natural_partition,3077,4.014623793998434
10,107,random_subsets_natural_partition,3078,4.020487020696015
10,107,random_subsets_natural_partition,3079,4.111116522131612
10,107,random_subsets_natural_partition,3080,4.017938808493406
10,107,random_subsets_natural_partition,3081,4.013823679711605
10,107,random_subsets_natural_partition,3082,4.143978952813457
10,107,random_subsets_natural_partition,3083,4.0260101750372845
10,107,random_subsets_natural_partition,3084,3.9620049579679995
10,107,random_subsets_natural_partition,3085,4.048125255190956
10,107,random_subsets_natural_partition,3086,4.019121138630647
10,107,random_subsets_natural_partition,3087,4.147676297800449
10,107,random_subsets_natural_partition,3088,4.188176166645108
10,107,random_subsets_natural_partition,3089,4.054553178225927
10,107,random_subsets_natural_partition,3090,4.112218872438057
10,107,random_subsets_natural_partition,3091,4.106646210825426
10,107,random_subsets_natural_partition,3092,4.043675268870704
10,107,random_subsets_natural_partition,3093,4.0515147694043225
10,107,random_subsets_natural_partition,3094,3.9933340841114378
10,107,random_subsets_natural_partition,3095,4.071323782938013
10,107,random_subsets_natural_partition,3096,3.9349724685781777
10,107,random_subsets_natural_partition,3097,4.107902158972976
10,107,random_subsets_natural_partition,3098,4.102930068723949
10,107,random_subsets_natural_partition,3099,4.049327979338699
10,107,random_subsets_natural_partition,3100,3.8893090777490014
10,107,random_subsets_natural_partition,3101,4.023978510928685
10,107,random_subsets_natural_partition,3102,4.0887190127322715
10,107,random_subsets_natural_partition,3103,4.132489654619249
10,107,random_subsets_natural_partition,3104,3.9798799522794495
10,107,random_subsets_natural_partition,3105,4.1780851822670195
10,107,random_subsets_natural_partition,3106,4.047159960331394
10,107,random_subsets_natural_partition,3107,4.022851906344167
10,107,random_subsets_natural_partition,3108,4.098712339029403
10,107,random_subsets_natural_partition,3109,4.033656903034024
10,107,random_subsets_natural_partition,3110,4.103354935695478
10,107,random_subsets_natural_partition,3111,4.0649581096466125
10,107,random_subsets_natural_partition,3112,4.114171555594153
10,107,random_subsets_natural_partition,3113,4.10911340053532
10,107,random_subsets_natural_partition,3114,4.197261239789161
10,107,random_subsets_natural_partition,3115,4.182094230546866
10,107,random_subsets_natural_partition,3116,4.0685945661132665
10,107,random_subsets_natural_partition,3117,4.044114093718478
10,107,random_subsets_natural_partition,3118,4.077794735477189
10,107,random_subsets_natural_partition,3119,3.9079981373889705
10,107,random_subsets_natural_partition,3120,3.9243517841183038
10,107,random_subsets_natural_partition,3121,4.1970531397627875
10,107,random_subsets_natural_partition,3122,4.129660726626672
10,107,random_subsets_natural_partition,3123,4.019789548532671
10,107,random_subsets_natural_partition,3124,4.050793311579817
10,107,random_subsets_natural_partition,3125,4.10235372241847
10,107,random_subsets_natural_partition,3126,4.048498382843672
10,107,random_subsets_natural_partition,3127,4.121742367676642
10,107,random_subsets_natural_partition,3128,4.082020904074
10,107,random_subsets_natural_partition,3129,3.9236898290228197
10,107,random_subsets_natural_partition,3130,4.0994648034694166
10,107,random_subsets_natural_partition,3131,4.09560984040159
10,107,random_subsets_natural_partition,3132,4.0931541465303205
10,107,random_subsets_natural_partition,3133,4.081014981435229
10,107,random_subsets_natural_partition,3134,4.051145069267549
10,107,random_subsets_natural_partition,3135,4.056953059593815
10,107,random_subsets_natural_partition,3136,4.064619974799276
10,107,random_subsets_natural_partition,3137,4.081751848429741
10,107,random_subsets_natural_partition,3138,4.144310949635929
10,107,random_subsets_natural_partition,3139,4.052113742790937
10,107,random_subsets_natural_partition,3140,4.05722085848557
10,107,random_subsets_natural_partition,3141,4.023654979646801
10,107,random_subsets_natural_partition,3142,4.053421408972376
10,107,random_subsets_natural_partition,3143,4.094869121898489
10,107,random_subsets_natural_partition,3144,4.030440161162547
10,107,random_subsets_natural_partition,3145,4.081652749288511
10,107,random_subsets_natural_partition,3146,4.033358929562784
10,107,random_subsets_natural_partition,3147,4.109681932381629
10,107,random_subsets_natural_partition,3148,4.149227060885469
10,107,random_subsets_natural_partition,3149,3.999990570688074
10,107,random_subsets_natural_partition,3150,3.9594543650038068
10,107,random_subsets_natural_partition,3151,4.086892808416613
10,107,random_subsets_natural_partition,3152,4.112149848912392
10,107,random_subsets_natural_partition,3153,4.175484182962041
10,107,random_subsets_natural_partition,3154,4.036234124439715
10,107,random_subsets_natural_partition,3155,4.115007050244958
10,107,random_subsets_natural_partition,3156,4.081390992310839
10,107,random_subsets_natural_partition,3157,4.162412382924795
10,107,random_subsets_natural_partition,3158,4.138042801775362
10,107,random_subsets_natural_partition,3159,4.094633692866755
10,107,random_subsets_natural_partition,3160,4.075758642672526
10,107,random_subsets_natural_partition,3161,4.113993202643837
10,107,random_subsets_natural_partition,3162,4.0416051906721515
10,107,random_subsets_natural_partition,3163,4.19045656468161
10,107,random_subsets_natural_partition,3164,4.104168693434089
10,107,random_subsets_natural_partition,3165,4.123518999537881
10,107,random_subsets_natural_partition,3166,4.039620073654185
10,107,random_subsets_natural_partition,3167,3.9556082507094272
10,107,random_subsets_natural_partition,3168,4.091708148893234
10,107,random_subsets_natural_partition,3169,4.081634895615774
10,107,random_subsets_natural_partition,3170,3.975583707396438
10,107,random_subsets_natural_partition,3171,3.85987942460556
10,107,random_subsets_natural_partition,3172,4.025669061679254
10,107,random_subsets_natural_partition,3173,4.079030718845462
10,107,random_subsets_natural_partition,3174,4.064951186774795
10,107,random_subsets_natural_partition,3175,4.05196543448135
10,107,random_subsets_natural_partition,3176,3.949466211602018
10,107,random_subsets_natural_partition,3177,4.086376939761674
10,107,random_subsets_natural_partition,3178,4.21409317934248
10,107,random_subsets_natural_partition,3179,3.989230807801256
10,107,random_subsets_natural_partition,3180,4.176935306415174
10,107,random_subsets_natural_partition,3181,4.054441153248434
10,107,random_subsets_natural_partition,3182,4.117373526396572
10,107,random_subsets_natural_partition,3183,4.132270520876601
10,107,random_subsets_natural_partition,3184,4.055935280928161
10,107,random_subsets_natural_partition,3185,4.066021926854983
10,107,random_subsets_natural_partition,3186,4.051201436553683
10,107,random_subsets_natural_partition,3187,4.017931744951673
10,107,random_subsets_natural_partition,3188,4.1601444537905286
10,107,random_subsets_natural_partition,3189,4.043048356144251
10,107,random_subsets_natural_partition,3190,4.1543026631271465
10,107,random_subsets_natural_partition,3191,4.108905887214317
10,107,random_subsets_natural_partition,3192,4.062208254891145
10,107,random_subsets_natural_partition,3193,4.0757852506326175
10,107,random_subsets_natural_partition,3194,4.173446625746308
10,107,random_subsets_natural_partition,3195,3.9896017050354557
10,107,random_subsets_natural_partition,3196,4.115112500431683
10,107,random_subsets_natural_partition,3197,4.097338156265307
10,107,random_subsets_natural_partition,3198,4.17060261615792
10,107,random_subsets_natural_partition,3199,4.1110478504586245
10,107,random_subsets_natural_partition,3200,3.954989790043225
10,107,random_subsets_natural_partition,3201,4.034177328561635
10,107,random_subsets_natural_partition,3202,3.9706491444372425
10,107,random_subsets_natural_partition,3203,4.0332792392519305
10,107,random_subsets_natural_partition,3204,4.124801250495043
10,107,random_subsets_natural_partition,3205,4.136729544140837
10,107,random_subsets_natural_partition,3206,3.9995449069328743
10,107,random_subsets_natural_partition,3207,4.10558688147645
10,107,random_subsets_natural_partition,3208,4.102509307554386
10,107,random_subsets_natural_partition,3209,4.05665207663787
10,107,random_subsets_natural_partition,3210,3.9593875052632987
10,107,random_subsets_natural_partition,3211,3.907290416430769
10,107,random_subsets_natural_partition,3212,4.122811876742003
10,107,random_subsets_natural_partition,3213,4.082378405346591
10,107,random_subsets_natural_partition,3214,4.1211314797208
10,107,random_subsets_natural_partition,3215,4.069219675352601
10,107,random_subsets_natural_partition,3216,4.023447957212804
10,107,random_subsets_natural_partition,3217,3.991742582879764
10,107,random_subsets_natural_partition,3218,4.101938730041884
10,107,random_subsets_natural_partition,3219,4.119321717218411
10,107,random_subsets_natural_partition,3220,4.134794783888217
10,107,random_subsets_natural_partition,3221,4.098258042738039
10,107,random_subsets_natural_partition,3222,4.169689541761565
10,107,random_subsets_natural_partition,3223,4.053043346037508
10,107,random_subsets_natural_partition,3224,4.148067499216179
10,107,random_subsets_natural_partition,3225,4.109962950196992
10,107,random_subsets_natural_partition,3226,4.1059467168988855
10,107,random_subsets_natural_partition,3227,4.085826083883764
10,107,random_subsets_natural_partition,3228,4.019209358129056
10,107,random_subsets_natural_partition,3229,4.100166472038892
10,107,random_subsets_natural_partition,3230,4.09906945820654
10,107,random_subsets_natural_partition,3231,3.973328875883513
10,107,random_subsets_natural_partition,3232,4.036670951870859
10,107,random_subsets_natural_partition,3233,4.0375796642411155
10,107,random_subsets_natural_partition,3234,4.125795857631216
10,107,random_subsets_natural_partition,3235,4.1075849601742425
10,107,random_subsets_natural_partition,3236,4.1277321768769735
10,107,random_subsets_natural_partition,3237,4.178052749237247
10,107,random_subsets_natural_partition,3238,4.12512821281329
10,107,random_subsets_natural_partition,3239,4.081791930286834
10,107,random_subsets_natural_partition,3240,4.152836759158608
10,107,random_subsets_natural_partition,3241,4.085385619756836
10,107,random_subsets_natural_partition,3242,4.076530888563344
10,107,random_subsets_natural_partition,3243,4.145415845165608
10,107,random_subsets_natural_partition,3244,4.048957119139532
10,107,random_subsets_natural_partition,3245,4.044059738524717
10,107,random_subsets_natural_partition,3246,4.092857564830634
10,107,random_subsets_natural_partition,3247,4.0831408779282805
10,107,random_subsets_natural_partition,3248,4.136076004880848
10,107,random_subsets_natural_partition,3249,3.8999616252856004
10,107,random_subsets_natural_partition,3250,4.085154929603929
10,107,random_subsets_natural_partition,3251,4.128250508037304
10,107,random_subsets_natural_partition,3252,4.036638949627829
10,107,random_subsets_natural_partition,3253,4.073332917285327
10,107,random_subsets_natural_partition,3254,4.16165351136921
10,107,random_subsets_natural_partition,3255,4.035260774789699
10,107,random_subsets_natural_partition,3256,4.122472832795283
10,107,random_subsets_natural_partition,3257,4.041588511186782
10,107,random_subsets_natural_partition,3258,4.052199861093708
10,107,random_subsets_natural_partition,3259,4.088016124216451
10,107,random_subsets_natural_partition,3260,4.063858990730688
10,107,random_subsets_natural_partition,3261,4.169050805254166
10,107,random_subsets_natural_partition,3262,4.215693576731547
10,107,random_subsets_natural_partition,3263,4.073255970139216
10,107,random_subsets_natural_partition,3264,4.111334374867027
10,107,random_subsets_natural_partition,3265,4.159923105923294
10,107,random_subsets_natural_partition,3266,4.029586746069716
10,107,random_subsets_natural_partition,3267,4.077591501456755
10,107,random_subsets_natural_partition,3268,3.9671165471442977
10,107,random_subsets_natural_partition,3269,4.005484973047524
10,107,random_subsets_natural_partition,3270,4.11983566442138
10,107,random_subsets_natural_partition,3271,4.05171450270543
10,107,random_subsets_natural_partition,3272,3.9982398651322906
10,107,random_subsets_natural_partition,3273,4.146472497716735
10,107,random_subsets_natural_partition,3274,4.15031852903813
10,107,random_subsets_natural_partition,3275,4.080209343651457
10,107,random_subsets_natural_partition,3276,4.078519595341416
10,107,random_subsets_natural_partition,3277,4.060240329007425
10,107,random_subsets_natural_partition,3278,4.118237502711568
10,107,random_subsets_natural_partition,3279,4.121541547439398
10,107,random_subsets_natural_partition,3280,3.996717120184118
10,107,random_subsets_natural_partition,3281,4.095577557483397
10,107,random_subsets_natural_partition,3282,4.1186777485215105
10,107,random_subsets_natural_partition,3283,4.055687183962816
10,107,random_subsets_natural_partition,3284,4.1286999916034475
10,107,random_subsets_natural_partition,3285,4.085014517181033
10,107,random_subsets_natural_partition,3286,4.120581369622382
10,107,random_subsets_natural_partition,3287,4.043489422919894
10,107,random_subsets_natural_partition,3288,4.047322429633566
10,107,random_subsets_natural_partition,3289,3.9995218779097423
10,107,random_subsets_natural_partition,3290,4.056151745320598
10,107,random_subsets_natural_partition,3291,4.093850431089328
10,107,random_subsets_natural_partition,3292,4.168953062444425
10,107,random_subsets_natural_partition,3293,4.1232976200607565
10,107,random_subsets_natural_partition,3294,4.022461156564409
10,107,random_subsets_natural_partition,3295,4.08439819088508
10,107,random_subsets_natural_partition,3296,4.132968996294562
10,107,random_subsets_natural_partition,3297,4.01762702409227
10,107,random_subsets_natural_partition,3298,4.1385291055901545
10,107,random_subsets_natural_partition,3299,4.0489792653587635
10,107,random_subsets_natural_partition,3300,4.071427720519925
10,107,random_subsets_natural_partition,3301,4.119351799416862
10,107,random_subsets_natural_partition,3302,4.105334524610345
10,107,random_subsets_natural_partition,3303,4.056371776043353
10,107,random_subsets_natural_partition,3304,3.9152510729996157
10,107,random_subsets_natural_partition,3305,3.934286122001986
10,107,random_subsets_natural_partition,3306,4.011726818696891
10,107,random_subsets_natural_partition,3307,3.9711972243479536
10,107,random_subsets_natural_partition,3308,3.982493414773383
10,107,random_subsets_natural_partition,3309,4.070649588175712
10,107,random_subsets_natural_partition,3310,3.997092189478865
10,107,random_subsets_natural_partition,3311,4.055292450333083
10,107,random_subsets_natural_partition,3312,4.111965210814856
10,107,random_subsets_natural_partition,3313,4.097354814373318
10,107,random_subsets_natural_partition,3314,4.130603825443387
10,107,random_subsets_natural_partition,3315,4.088307372791753
10,107,random_subsets_natural_partition,3316,4.114242530828198
10,107,random_subsets_natural_partition,3317,4.036397795652821
10,107,random_subsets_natural_partition,3318,4.08349475665091
10,107,random_subsets_natural_partition,3319,3.982644871308707
10,107,random_subsets_natural_partition,3320,4.095709089423519
10,107,random_subsets_natural_partition,3321,3.983699741846462
10,107,random_subsets_natural_partition,3322,3.9485852965524395
10,107,random_subsets_natural_partition,3323,4.096849765501963
10,107,random_subsets_natural_partition,3324,4.080636962497036
10,107,random_subsets_natural_partition,3325,4.0261297687256095
10,107,random_subsets_natural_partition,3326,4.114327213757445
10,107,random_subsets_natural_partition,3327,4.116791414107924
10,107,random_subsets_natural_partition,3328,4.0400979133443915
10,107,random_subsets_natural_partition,3329,4.002440097943244
10,107,random_subsets_natural_partition,3330,4.1161575799205155
10,107,random_subsets_natural_partition,3331,4.111687245619824
10,107,random_subsets_natural_partition,3332,4.084701038091599
10,107,random_subsets_natural_partition,3333,3.9961015018532606
10,107,random_subsets_natural_partition,3334,4.112170940074535
10,107,random_subsets_natural_partition,3335,4.073010838718782
10,107,random_subsets_natural_partition,3336,4.023784413820745
10,107,random_subsets_natural_partition,3337,4.098455780570296
10,107,random_subsets_natural_partition,3338,4.090699871089656
10,107,random_subsets_natural_partition,3339,4.044788983251056
10,107,random_subsets_natural_partition,3340,4.049771886075528
10,107,random_subsets_natural_partition,3341,4.12896540009373
10,107,random_subsets_natural_partition,3342,3.9869213827038195
10,107,random_subsets_natural_partition,3343,4.086954894870415
10,107,random_subsets_natural_partition,3344,4.012316992466552
10,107,random_subsets_natural_partition,3345,4.085379960886614
10,107,random_subsets_natural_partition,3346,4.054766473762684
10,107,random_subsets_natural_partition,3347,3.9831669758227912
10,107,random_subsets_natural_partition,3348,4.082545698238832
10,107,random_subsets_natural_partition,3349,4.1400813135052505
10,107,random_subsets_natural_partition,3350,4.048627137158933
10,107,random_subsets_natural_partition,3351,4.167927513153342
10,107,random_subsets_natural_partition,3352,3.9443998956942523
10,107,random_subsets_natural_partition,3353,4.1458107352372355
10,107,random_subsets_natural_partition,3354,4.089022615181778
10,107,random_subsets_natural_partition,3355,4.060399793702356
10,107,random_subsets_natural_partition,3356,3.9964844399812316
10,107,random_subsets_natural_partition,3357,4.096617265413805
10,107,random_subsets_natural_partition,3358,3.946905254312937
10,107,random_subsets_natural_partition,3359,4.055253028322204
10,107,random_subsets_natural_partition,3360,4.055274291255144
10,107,random_subsets_natural_partition,3361,4.097092058723963
10,107,random_subsets_natural_partition,3362,4.061726672890228
10,107,random_subsets_natural_partition,3363,4.209139859630573
10,107,random_subsets_natural_partition,3364,3.983346549752377
10,107,random_subsets_natural_partition,3365,4.082373053300157
10,107,random_subsets_natural_partition,3366,4.106679601172952
10,107,random_subsets_natural_partition,3367,4.068730876306837
10,107,random_subsets_natural_partition,3368,3.990846971586143
10,107,random_subsets_natural_partition,3369,4.1167694777177894
10,107,random_subsets_natural_partition,3370,4.164496722791606
10,107,random_subsets_natural_partition,3371,3.9922596453906314
10,107,random_subsets_natural_partition,3372,4.173323218684797
10,107,random_subsets_natural_partition,3373,4.021714693915289
10,107,random_subsets_natural_partition,3374,4.053271290164546
10,107,random_subsets_natural_partition,3375,4.125441883826334
10,107,random_subsets_natural_partition,3376,3.862074341136742
10,107,random_subsets_natural_partition,3377,4.085220625316872
10,107,random_subsets_natural_partition,3378,4.219524930684438
10,107,random_subsets_natural_partition,3379,4.10924955321247
10,107,random_subsets_natural_partition,3380,4.112572135990544
10,107,random_subsets_natural_partition,3381,4.035415106855043
10,107,random_subsets_natural_partition,3382,4.107702205505761
10,107,random_subsets_natural_partition,3383,4.0619216571692744
10,107,random_subsets_natural_partition,3384,4.018892097187193
10,107,random_subsets_natural_partition,3385,4.140689954494449
10,107,random_subsets_natural_partition,3386,4.129315852819875
10,107,random_subsets_natural_partition,3387,4.046850568238581
10,107,random_subsets_natural_partition,3388,3.95515447513643
10,107,random_subsets_natural_partition,3389,3.992074797611713
10,107,random_subsets_natural_partition,3390,4.151435577633598
10,107,random_subsets_natural_partition,3391,4.063624366904
10,107,random_subsets_natural_partition,3392,3.93527234681522
10,107,random_subsets_natural_partition,3393,3.966246535458628
10,107,random_subsets_natural_partition,3394,4.1046676173654575
10,107,random_subsets_natural_partition,3395,4.123050568747257
10,107,random_subsets_natural_partition,3396,4.046570838247832
10,107,random_subsets_natural_partition,3397,4.077612528845198
10,107,random_subsets_natural_partition,3398,4.173620659143269
10,107,random_subsets_natural_partition,3399,3.9398626984844656
10,107,random_subsets_natural_partition,3400,4.039662828115044
10,107,random_subsets_natural_partition,3401,4.076378441149797
10,107,random_subsets_natural_partition,3402,4.118449006349283
10,107,random_subsets_natural_partition,3403,4.096771968740056
10,107,random_subsets_natural_partition,3404,4.105859973164973
10,107,random_subsets_natural_partition,3405,4.084270910897981
10,107,random_subsets_natural_partition,3406,4.074373414475692
10,107,random_subsets_natural_partition,3407,3.9752129406450947
10,107,random_subsets_natural_partition,3408,4.0575853565589695
10,107,random_subsets_natural_partition,3409,4.167584857669048
10,107,random_subsets_natural_partition,3410,4.097185385820716
10,107,random_subsets_natural_partition,3411,4.00313889606171
10,107,random_subsets_natural_partition,3412,4.083845708207423
10,107,random_subsets_natural_partition,3413,4.015520265109483
10,107,random_subsets_natural_partition,3414,3.981387796524006
10,107,random_subsets_natural_partition,3415,4.083687549355663
10,107,random_subsets_natural_partition,3416,4.050143456193823
10,107,random_subsets_natural_partition,3417,3.975875946506138
10,107,random_subsets_natural_partition,3418,4.0695153460093385
10,107,random_subsets_natural_partition,3419,4.01755937208771
10,107,random_subsets_natural_partition,3420,4.133214334921422
10,107,random_subsets_natural_partition,3421,3.9994707127533635
10,107,random_subsets_natural_partition,3422,4.1651946368288115
10,107,random_subsets_natural_partition,3423,4.093531218743489
10,107,random_subsets_natural_partition,3424,4.119818435759369
10,107,random_subsets_natural_partition,3425,4.101958424917777
10,107,random_subsets_natural_partition,3426,4.089910451273585
10,107,random_subsets_natural_partition,3427,4.104268687794088
10,107,random_subsets_natural_partition,3428,4.089546554289193
10,107,random_subsets_natural_partition,3429,4.216446424852044
10,107,random_subsets_natural_partition,3430,4.0363511804847585
10,107,random_subsets_natural_partition,3431,4.0400996660463075
10,107,random_subsets_natural_partition,3432,3.9557212220632803
10,107,random_subsets_natural_partition,3433,4.118368388160376
10,107,random_subsets_natural_partition,3434,4.115577660103202
10,107,random_subsets_natural_partition,3435,4.128165043158503
10,107,random_subsets_natural_partition,3436,4.09269569562432
10,107,random_subsets_natural_partition,3437,4.1524541388877685
10,107,random_subsets_natural_partition,3438,4.035037603948694
10,107,random_subsets_natural_partition,3439,4.060569390841345
10,107,random_subsets_natural_partition,3440,4.067291052281695
10,107,random_subsets_natural_partition,3441,4.066602147097683
10,107,random_subsets_natural_partition,3442,4.06123014541181
10,107,random_subsets_natural_partition,3443,4.114256797006668
10,107,random_subsets_natural_partition,3444,3.9362145645771545
10,107,random_subsets_natural_partition,3445,4.181179321282847
10,107,random_subsets_natural_partition,3446,4.085851592509579
10,107,random_subsets_natural_partition,3447,4.141589711632431
10,107,random_subsets_natural_partition,3448,4.1273724480577
10,107,random_subsets_natural_partition,3449,4.1042972103538125
10,107,random_subsets_natural_partition,3450,4.117430248123079
10,107,random_subsets_natural_partition,3451,4.100110339041276
10,107,random_subsets_natural_partition,3452,4.076453092447966
10,107,random_subsets_natural_partition,3453,4.036482145498376
10,107,random_subsets_natural_partition,3454,4.05667984538536
10,107,random_subsets_natural_partition,3455,4.207058918233236
10,107,random_subsets_natural_partition,3456,3.9743050709733323
10,107,random_subsets_natural_partition,3457,4.108589893334124
10,107,random_subsets_natural_partition,3458,4.125356610476269
10,107,random_subsets_natural_partition,3459,4.054179324966493
10,107,random_subsets_natural_partition,3460,4.088683603207885
10,107,random_subsets_natural_partition,3461,4.069832405539507
10,107,random_subsets_natural_partition,3462,4.098672549624212
10,107,random_subsets_natural_partition,3463,4.05810767995575
10,107,random_subsets_natural_partition,3464,4.106280352688948
10,107,random_subsets_natural_partition,3465,4.136565996404395
10,107,random_subsets_natural_partition,3466,4.082076659531014
10,107,random_subsets_natural_partition,3467,4.157037297113841
10,107,random_subsets_natural_partition,3468,4.074127677813914
10,107,random_subsets_natural_partition,3469,4.058905129964843
10,107,random_subsets_natural_partition,3470,4.077555621219233
10,107,random_subsets_natural_partition,3471,4.0339285928605495
10,107,random_subsets_natural_partition,3472,4.087585226299645
10,107,random_subsets_natural_partition,3473,4.092318394379065
10,107,random_subsets_natural_partition,3474,3.954852296112727
10,107,random_subsets_natural_partition,3475,4.125198580467723
10,107,random_subsets_natural_partition,3476,4.184863508548267
10,107,random_subsets_natural_partition,3477,3.933023583845124
10,107,random_subsets_natural_partition,3478,4.066843512932512
10,107,random_subsets_natural_partition,3479,4.112507209032891
10,107,random_subsets_natural_partition,3480,4.10396178002861
10,107,random_subsets_natural_partition,3481,4.088086795906958
10,107,random_subsets_natural_partition,3482,4.145764524570256
10,107,random_subsets_natural_partition,3483,4.002418928296616
10,107,random_subsets_natural_partition,3484,4.033027169926361
10,107,random_subsets_natural_partition,3485,4.148776907828069
10,107,random_subsets_natural_partition,3486,4.100054977244126
10,107,random_subsets_natural_partition,3487,3.994621617644332
10,107,random_subsets_natural_partition,3488,4.054030579379854
10,107,random_subsets_natural_partition,3489,4.11631981746654
10,107,random_subsets_natural_partition,3490,4.134234739152034
10,107,random_subsets_natural_partition,3491,3.9324830646911977
10,107,random_subsets_natural_partition,3492,3.9577516463394016
10,107,random_subsets_natural_partition,3493,4.063362860052238
10,107,random_subsets_natural_partition,3494,4.140222194177849
10,107,random_subsets_natural_partition,3495,4.090824780059726
10,107,random_subsets_natural_partition,3496,4.092201380831277
10,107,random_subsets_natural_partition,3497,4.09632138608664
10,107,random_subsets_natural_partition,3498,3.9995590637654135
10,107,random_subsets_natural_partition,3499,4.1700123947771806
10,107,random_subsets_natural_partition,3500,4.135959436285237
10,107,random_subsets_natural_partition,3501,4.0332174175956315
10,107,random_subsets_natural_partition,3502,3.9949353817454925
10,107,random_subsets_natural_partition,3503,4.061777655108105
10,107,random_subsets_natural_partition,3504,4.1641337634801605
10,107,random_subsets_natural_partition,3505,4.063894506399115
10,107,random_subsets_natural_partition,3506,4.178346882041074
10,107,random_subsets_natural_partition,3507,4.069225297415676
10,107,random_subsets_natural_partition,3508,4.233324025888092
10,107,random_subsets_natural_partition,3509,4.001726396258978
10,107,random_subsets_natural_partition,3510,4.023573890934933
10,107,random_subsets_natural_partition,3511,4.0209500313426
10,107,random_subsets_natural_partition,3512,4.000098938032692
10,107,random_subsets_natural_partition,3513,4.072916251705044
10,107,random_subsets_natural_partition,3514,3.985934256553874
10,107,random_subsets_natural_partition,3515,4.039948039441872
10,107,random_subsets_natural_partition,3516,4.085811951774393
10,107,random_subsets_natural_partition,3517,4.088814007537572
10,107,random_subsets_natural_partition,3518,4.061227214715857
10,107,random_subsets_natural_partition,3519,4.025852859028797
10,107,random_subsets_natural_partition,3520,4.0871542386030395
10,107,random_subsets_natural_partition,3521,3.9645712981770576
10,107,random_subsets_natural_partition,3522,4.074652644522003
10,107,random_subsets_natural_partition,3523,4.121309791855419
10,107,random_subsets_natural_partition,3524,4.147113875101312
10,107,random_subsets_natural_partition,3525,4.12634954763721
10,107,random_subsets_natural_partition,3526,4.097792181943539
10,107,random_subsets_natural_partition,3527,4.135227235441365
10,107,random_subsets_natural_partition,3528,3.9742353655381835
10,107,random_subsets_natural_partition,3529,4.035496119713088
10,107,random_subsets_natural_partition,3530,3.9147387360520898
10,107,random_subsets_natural_partition,3531,4.083920416020359
10,107,random_subsets_natural_partition,3532,4.0007056578590845
10,107,random_subsets_natural_partition,3533,4.161117673838746
10,107,random_subsets_natural_partition,3534,4.095164096915388
10,107,random_subsets_natural_partition,3535,3.947882967962571
10,107,random_subsets_natural_partition,3536,4.096932202599101
10,107,random_subsets_natural_partition,3537,4.1435559244194415
10,107,random_subsets_natural_partition,3538,4.098033385922416
10,107,random_subsets_natural_partition,3539,3.929591916281992
10,107,random_subsets_natural_partition,3540,4.066033958996864
10,107,random_subsets_natural_partition,3541,4.109914616987569
10,107,random_subsets_natural_partition,3542,4.066844297021143
10,107,random_subsets_natural_partition,3543,4.07645713393452
10,107,random_subsets_natural_partition,3544,4.116406897972473
10,107,random_subsets_natural_partition,3545,4.152132568604705
10,107,random_subsets_natural_partition,3546,4.151737724586396
10,107,random_subsets_natural_partition,3547,4.0053043569073905
10,107,random_subsets_natural_partition,3548,4.1324913118287
10,107,random_subsets_natural_partition,3549,4.107336532691555
10,107,random_subsets_natural_partition,3550,3.92226378057142
10,107,random_subsets_natural_partition,3551,4.0299827718884496
10,107,random_subsets_natural_partition,3552,4.213307993871856
10,107,random_subsets_natural_partition,3553,4.139731122762502
10,107,random_subsets_natural_partition,3554,4.107818340992193
10,107,random_subsets_natural_partition,3555,4.080435258067399
10,107,random_subsets_natural_partition,3556,4.03748184146352
10,107,random_subsets_natural_partition,3557,4.036032245317975
10,107,random_subsets_natural_partition,3558,4.061366355371269
10,107,random_subsets_natural_partition,3559,4.022970660901319
10,107,random_subsets_natural_partition,3560,4.096332079791332
10,107,random_subsets_natural_partition,3561,3.9911639244546278
10,107,random_subsets_natural_partition,3562,3.992407779748669
10,107,random_subsets_natural_partition,3563,4.007902823167783
10,107,random_subsets_natural_partition,3564,4.050323691096436
10,107,random_subsets_natural_partition,3565,4.077071596878869
10,107,random_subsets_natural_partition,3566,4.040177574480852
10,107,random_subsets_natural_partition,3567,4.031308676388957
10,107,random_subsets_natural_partition,3568,4.165360277146233
10,107,random_subsets_natural_partition,3569,4.078896390192635
10,107,random_subsets_natural_partition,3570,4.075297238631701
10,107,random_subsets_natural_partition,3571,4.052699067834824
10,107,random_subsets_natural_partition,3572,4.137324169472039
10,107,random_subsets_natural_partition,3573,4.001346812432711
10,107,random_subsets_natural_partition,3574,4.080735411111379
10,107,random_subsets_natural_partition,3575,4.083817689065663
10,107,random_subsets_natural_partition,3576,4.15721035435737
10,107,random_subsets_natural_partition,3577,4.027391347730209
10,107,random_subsets_natural_partition,3578,4.0180998874649525
10,107,random_subsets_natural_partition,3579,4.017983887237259
10,107,random_subsets_natural_partition,3580,4.166581162421897
10,107,random_subsets_natural_partition,3581,4.000491530881687
10,107,random_subsets_natural_partition,3582,3.9768692530187884
10,107,random_subsets_natural_partition,3583,4.1745846120668775
10,107,random_subsets_natural_partition,3584,4.116311781142417
10,107,random_subsets_natural_partition,3585,3.982859796380433
10,107,random_subsets_natural_partition,3586,4.119914805773892
10,107,random_subsets_natural_partition,3587,4.138440566704341
10,107,random_subsets_natural_partition,3588,4.00510938139239
10,107,random_subsets_natural_partition,3589,4.1346403191295344
10,107,random_subsets_natural_partition,3590,3.9813703419789674
10,107,random_subsets_natural_partition,3591,4.028903113183051
10,107,random_subsets_natural_partition,3592,4.054862339332955
10,107,random_subsets_natural_partition,3593,4.091772358495216
10,107,random_subsets_natural_partition,3594,4.074427150963646
10,107,random_subsets_natural_partition,3595,4.026864159489589
10,107,random_subsets_natural_partition,3596,3.935741919650897
10,107,random_subsets_natural_partition,3597,4.050248919221236
10,107,random_subsets_natural_partition,3598,4.1155846703632895
10,107,random_subsets_natural_partition,3599,4.135105310874362
10,107,random_subsets_natural_partition,3600,4.113804538369496
10,107,random_subsets_natural_partition,3601,4.031886550784908
10,107,random_subsets_natural_partition,3602,4.068152732309313
10,107,random_subsets_natural_partition,3603,3.9453923363406638
10,107,random_subsets_natural_partition,3604,4.0353503334232474
10,107,random_subsets_natural_partition,3605,4.076594348171642
10,107,random_subsets_natural_partition,3606,3.960892845292541
10,107,random_subsets_natural_partition,3607,4.0790500487006085
10,107,random_subsets_natural_partition,3608,4.075930510978589
10,107,random_subsets_natural_partition,3609,3.993211511636292
10,107,random_subsets_natural_partition,3610,4.059898332664956
10,107,random_subsets_natural_partition,3611,4.04128649770924
10,107,random_subsets_natural_partition,3612,4.087722642661113
10,107,random_subsets_natural_partition,3613,4.093333466048617
10,107,random_subsets_natural_partition,3614,4.050050137023195
10,107,random_subsets_natural_partition,3615,4.167980536361219
10,107,random_subsets_natural_partition,3616,4.0877732802501825
10,107,random_subsets_natural_partition,3617,4.098829546075004
10,107,random_subsets_natural_partition,3618,4.1371471528267305
10,107,random_subsets_natural_partition,3619,4.00193121069389
10,107,random_subsets_natural_partition,3620,4.022302773180736
10,107,random_subsets_natural_partition,3621,4.0350476400464395
10,107,random_subsets_natural_partition,3622,4.063867589635728
10,107,random_subsets_natural_partition,3623,4.079341018710916
10,107,random_subsets_natural_partition,3624,4.089374051315763
10,107,random_subsets_natural_partition,3625,4.153819428299341
10,107,random_subsets_natural_partition,3626,4.009924882290756
10,107,random_subsets_natural_partition,3627,4.093035151667315
10,107,random_subsets_natural_partition,3628,4.159636468416141
10,107,random_subsets_natural_partition,3629,4.080543519565943
10,107,random_subsets_natural_partition,3630,4.108170276337641
10,107,random_subsets_natural_partition,3631,4.124489996628012
10,107,random_subsets_natural_partition,3632,4.119193130740026
10,107,random_subsets_natural_partition,3633,4.0861557094859515
10,107,random_subsets_natural_partition,3634,4.089684281065153
10,107,random_subsets_natural_partition,3635,4.057475125824556
10,107,random_subsets_natural_partition,3636,4.176221948447134
10,107,random_subsets_natural_partition,3637,4.073860286807187
10,107,random_subsets_natural_partition,3638,4.105659860413684
10,107,random_subsets_natural_partition,3639,4.024198737449368
10,107,random_subsets_natural_partition,3640,4.061283136472312
10,107,random_subsets_natural_partition,3641,4.134795454869037
10,107,random_subsets_natural_partition,3642,4.102693263570291
10,107,random_subsets_natural_partition,3643,4.17076432086673
10,107,random_subsets_natural_partition,3644,4.031633787050389
10,107,random_subsets_natural_partition,3645,4.023152681043174
10,107,random_subsets_natural_partition,3646,4.103081432922927
10,107,random_subsets_natural_partition,3647,4.109449217442912
10,107,random_subsets_natural_partition,3648,4.067773936245191
10,107,random_subsets_natural_partition,3649,4.090216130746377
10,107,random_subsets_natural_partition,3650,4.094058670222348
10,107,random_subsets_natural_partition,3651,4.141696902896667
10,107,random_subsets_natural_partition,3652,4.123743232713294
10,107,random_subsets_natural_partition,3653,4.112936487044918
10,107,random_subsets_natural_partition,3654,4.171315351524531
10,107,random_subsets_natural_partition,3655,4.032612099168972
10,107,random_subsets_natural_partition,3656,3.9161306571371224
10,107,random_subsets_natural_partition,3657,4.116161615231437
10,107,random_subsets_natural_partition,3658,4.092039939059218
10,107,random_subsets_natural_partition,3659,4.150626393592705
10,107,random_subsets_natural_partition,3660,4.157434821274047
10,107,random_subsets_natural_partition,3661,4.068011020330199
10,107,random_subsets_natural_partition,3662,4.154483852238656
10,107,random_subsets_natural_partition,3663,3.975055091638696
10,107,random_subsets_natural_partition,3664,4.1459352021689915
10,107,random_subsets_natural_partition,3665,4.039296127950038
10,107,random_subsets_natural_partition,3666,4.079503597171215
10,107,random_subsets_natural_partition,3667,4.181305506411475
10,107,random_subsets_natural_partition,3668,4.054082813410844
10,107,random_subsets_natural_partition,3669,4.147881525853526
10,107,random_subsets_natural_partition,3670,4.072014576224788
10,107,random_subsets_natural_partition,3671,4.104296130261842
10,107,random_subsets_natural_partition,3672,4.099333154752602
10,107,random_subsets_natural_partition,3673,4.126231610582271
10,107,random_subsets_natural_partition,3674,4.018417023306601
10,107,random_subsets_natural_partition,3675,3.952376835558184
10,107,random_subsets_natural_partition,3676,4.0482572539999575
10,107,random_subsets_natural_partition,3677,4.144301341337567
10,107,random_subsets_natural_partition,3678,3.9465330891073696
10,107,random_subsets_natural_partition,3679,3.9737058135210606
10,107,random_subsets_natural_partition,3680,4.0622407932237445
10,107,random_subsets_natural_partition,3681,4.060204953724431
10,107,random_subsets_natural_partition,3682,4.101990601043575
10,107,random_subsets_natural_partition,3683,4.091010000685338
10,107,random_subsets_natural_partition,3684,4.093901291886511
10,107,random_subsets_natural_partition,3685,4.08456855052397
10,107,random_subsets_natural_partition,3686,4.145376937851974
10,107,random_subsets_natural_partition,3687,4.105556005830062
10,107,random_subsets_natural_partition,3688,4.126640290201274
10,107,random_subsets_natural_partition,3689,4.07456641180179
10,107,random_subsets_natural_partition,3690,4.122593475157978
10,107,random_subsets_natural_partition,3691,4.048296089370799
10,107,random_subsets_natural_partition,3692,4.017329486670559
10,107,random_subsets_natural_partition,3693,4.086002799370438
10,107,random_subsets_natural_partition,3694,4.058156454384671
10,107,random_subsets_natural_partition,3695,3.9955532462204357
10,107,random_subsets_natural_partition,3696,3.9107799007051156
10,107,random_subsets_natural_partition,3697,4.056627042986788
10,107,random_subsets_natural_partition,3698,4.167763682780831
10,107,random_subsets_natural_partition,3699,4.0197192191417175
10,107,random_subsets_natural_partition,3700,3.99314669961543
10,107,random_subsets_natural_partition,3701,4.108536274348698
10,107,random_subsets_natural_partition,3702,4.148704074072338
10,107,random_subsets_natural_partition,3703,4.085686507091066
10,107,random_subsets_natural_partition,3704,3.9721287539445753
10,107,random_subsets_natural_partition,3705,4.1305165426290085
10,107,random_subsets_natural_partition,3706,3.993289324022949
10,107,random_subsets_natural_partition,3707,4.017882582971833
10,107,random_subsets_natural_partition,3708,4.0654555478802274
10,107,random_subsets_natural_partition,3709,4.047987104407214
10,107,random_subsets_natural_partition,3710,3.9771042129453145
10,107,random_subsets_natural_partition,3711,4.0193575012031975
10,107,random_subsets_natural_partition,3712,4.076123568309933
10,107,random_subsets_natural_partition,3713,4.164745441283872
10,107,random_subsets_natural_partition,3714,3.9249268305268985
10,107,random_subsets_natural_partition,3715,4.100884403783361
10,107,random_subsets_natural_partition,3716,4.003133156421906
10,107,random_subsets_natural_partition,3717,4.027733552691143
10,107,random_subsets_natural_partition,3718,4.082568237186705
10,107,random_subsets_natural_partition,3719,3.9200085994110974
10,107,random_subsets_natural_partition,3720,4.003110815906186
10,107,random_subsets_natural_partition,3721,4.132307784365589
10,107,random_subsets_natural_partition,3722,4.116903549182851
10,107,random_subsets_natural_partition,3723,4.104034071581994
10,107,random_subsets_natural_partition,3724,4.087246993328259
10,107,random_subsets_natural_partition,3725,4.158519243993489
10,107,random_subsets_natural_partition,3726,4.070540602442732
10,107,random_subsets_natural_partition,3727,4.08423889383449
10,107,random_subsets_natural_partition,3728,4.089884297972189
10,107,random_subsets_natural_partition,3729,4.110302282854557
10,107,random_subsets_natural_partition,3730,4.081917943927172
10,107,random_subsets_natural_partition,3731,4.07625497354917
10,107,random_subsets_natural_partition,3732,4.039163011444193
10,107,random_subsets_natural_partition,3733,4.065878501327313
10,107,random_subsets_natural_partition,3734,4.097556591294208
10,107,random_subsets_natural_partition,3735,4.016491678995605
10,107,random_subsets_natural_partition,3736,4.094443055823652
10,107,random_subsets_natural_partition,3737,4.101636549450211
10,107,random_subsets_natural_partition,3738,4.06794994310556
10,107,random_subsets_natural_partition,3739,3.9622073066616004
10,107,random_subsets_natural_partition,3740,4.078855994606459
10,107,random_subsets_natural_partition,3741,3.959757324914832
10,107,random_subsets_natural_partition,3742,4.060904713577861
10,107,random_subsets_natural_partition,3743,4.1469079872057115
10,107,random_subsets_natural_partition,3744,4.031704703488188
10,107,random_subsets_natural_partition,3745,4.04570754753749
10,107,random_subsets_natural_partition,3746,4.0034492269827195
10,107,random_subsets_natural_partition,3747,4.031611139151721
10,107,random_subsets_natural_partition,3748,4.0421950871660535
10,107,random_subsets_natural_partition,3749,4.075210947289744
10,107,random_subsets_natural_partition,3750,4.14137557192218
10,107,random_subsets_natural_partition,3751,4.073233865042566
10,107,random_subsets_natural_partition,3752,4.124320975508862
10,107,random_subsets_natural_partition,3753,4.103299566861269
10,107,random_subsets_natural_partition,3754,4.03100236888712
10,107,random_subsets_natural_partition,3755,4.048777243799542
10,107,random_subsets_natural_partition,3756,3.981925566387588
10,107,random_subsets_natural_partition,3757,4.091402096749015
10,107,random_subsets_natural_partition,3758,4.054488380054444
10,107,random_subsets_natural_partition,3759,4.0117284090483745
10,107,random_subsets_natural_partition,3760,4.088210638805363
10,107,random_subsets_natural_partition,3761,4.0212206204224366
10,107,random_subsets_natural_partition,3762,4.131329704136243
10,107,random_subsets_natural_partition,3763,4.01933355087837
10,107,random_subsets_natural_partition,3764,4.105185595459097
10,107,random_subsets_natural_partition,3765,4.025599738796669
10,107,random_subsets_natural_partition,3766,4.138117399083033
10,107,random_subsets_natural_partition,3767,4.099650625170232
10,107,random_subsets_natural_partition,3768,4.076522659584981
10,107,random_subsets_natural_partition,3769,4.063987556363572
10,107,random_subsets_natural_partition,3770,3.9927077647569145
10,107,random_subsets_natural_partition,3771,4.03466558661734
10,107,random_subsets_natural_partition,3772,4.040261285798253
10,107,random_subsets_natural_partition,3773,4.030769184154229
10,107,random_subsets_natural_partition,3774,4.1638008390613175
10,107,random_subsets_natural_partition,3775,4.17876234813485
10,107,random_subsets_natural_partition,3776,4.024088513018545
10,107,random_subsets_natural_partition,3777,4.136999796062036
10,107,random_subsets_natural_partition,3778,4.074640744975847
10,107,random_subsets_natural_partition,3779,3.9845960410861707
10,107,random_subsets_natural_partition,3780,4.182348579935332
10,107,random_subsets_natural_partition,3781,4.083894847932264
10,107,random_subsets_natural_partition,3782,4.070995802117777
10,107,random_subsets_natural_partition,3783,4.107311128791463
10,107,random_subsets_natural_partition,3784,4.080229477039275
10,107,random_subsets_natural_partition,3785,3.9338331643660562
10,107,random_subsets_natural_partition,3786,4.1475806798992805
10,107,random_subsets_natural_partition,3787,4.1348813538005835
10,107,random_subsets_natural_partition,3788,4.0312696828975145
10,107,random_subsets_natural_partition,3789,3.9751814550801705
10,107,random_subsets_natural_partition,3790,4.147926503367684
10,107,random_subsets_natural_partition,3791,4.102860472991485
10,107,random_subsets_natural_partition,3792,4.010363517062471
10,107,random_subsets_natural_partition,3793,4.135416331927223
10,107,random_subsets_natural_partition,3794,4.1002642211718765
10,107,random_subsets_natural_partition,3795,4.072245620595869
10,107,random_subsets_natural_partition,3796,3.984511426779521
10,107,random_subsets_natural_partition,3797,4.071627525970721
10,107,random_subsets_natural_partition,3798,3.9985017907753044
10,107,random_subsets_natural_partition,3799,4.11814745774773
10,107,random_subsets_natural_partition,3800,4.160123902243332
10,107,random_subsets_natural_partition,3801,4.05276978741357
10,107,random_subsets_natural_partition,3802,4.108993754139598
10,107,random_subsets_natural_partition,3803,4.092224437605557
10,107,random_subsets_natural_partition,3804,4.078707476422621
10,107,random_subsets_natural_partition,3805,4.024988821680053
10,107,random_subsets_natural_partition,3806,4.033463370449608
10,107,random_subsets_natural_partition,3807,3.9992429919165184
10,107,random_subsets_natural_partition,3808,4.086757577756934
10,107,random_subsets_natural_partition,3809,4.124637185003799
10,107,random_subsets_natural_partition,3810,4.035806144708301
10,107,random_subsets_natural_partition,3811,4.189044918818574
10,107,random_subsets_natural_partition,3812,4.130060937001808
10,107,random_subsets_natural_partition,3813,4.180683843682728
10,107,random_subsets_natural_partition,3814,4.070032926944506
10,107,random_subsets_natural_partition,3815,4.092482772702165
10,107,random_subsets_natural_partition,3816,4.031220299496601
10,107,random_subsets_natural_partition,3817,4.053204523800641
10,107,random_subsets_natural_partition,3818,4.112766688164848
10,107,random_subsets_natural_partition,3819,3.977785798603184
10,107,random_subsets_natural_partition,3820,4.060504871737638
10,107,random_subsets_natural_partition,3821,4.023902631997552
10,107,random_subsets_natural_partition,3822,4.001201802468343
10,107,random_subsets_natural_partition,3823,4.113606377240098
10,107,random_subsets_natural_partition,3824,4.141893116348646
10,107,random_subsets_natural_partition,3825,4.086242489875436
10,107,random_subsets_natural_partition,3826,4.111846596727349
10,107,random_subsets_natural_partition,3827,4.095957782907298
10,107,random_subsets_natural_partition,3828,4.048754238126766
10,107,random_subsets_natural_partition,3829,4.108408965032935
10,107,random_subsets_natural_partition,3830,4.12527229633358
10,107,random_subsets_natural_partition,3831,4.065482493025365
10,107,random_subsets_natural_partition,3832,4.092960404861503
10,107,random_subsets_natural_partition,3833,4.174346507745244
10,107,random_subsets_natural_partition,3834,3.9304575201185763
10,107,random_subsets_natural_partition,3835,4.057452421482155
10,107,random_subsets_natural_partition,3836,4.140787223958766
10,107,random_subsets_natural_partition,3837,4.146607980745727
10,107,random_subsets_natural_partition,3838,4.129504494631468
10,107,random_subsets_natural_partition,3839,4.015069330424017
10,107,random_subsets_natural_partition,3840,4.156762650501566
10,107,random_subsets_natural_partition,3841,4.044099802433508
10,107,random_subsets_natural_partition,3842,3.9254564462687527
10,107,random_subsets_natural_partition,3843,3.988117270649279
10,107,random_subsets_natural_partition,3844,4.064814221457803
10,107,random_subsets_natural_partition,3845,4.107461186383353
10,107,random_subsets_natural_partition,3846,4.194589676898558
10,107,random_subsets_natural_partition,3847,4.02036422478761
10,107,random_subsets_natural_partition,3848,4.068449997865856
10,107,random_subsets_natural_partition,3849,4.132854404246534
10,107,random_subsets_natural_partition,3850,4.023643296317865
10,107,random_subsets_natural_partition,3851,4.065756808793202
10,107,random_subsets_natural_partition,3852,4.056221722078449
10,107,random_subsets_natural_partition,3853,4.035208562836728
10,107,random_subsets_natural_partition,3854,4.017306770171834
10,107,random_subsets_natural_partition,3855,4.054988271941882
10,107,random_subsets_natural_partition,3856,4.0810337429868655
10,107,random_subsets_natural_partition,3857,4.079667555545474
10,107,random_subsets_natural_partition,3858,3.998366157691444
10,107,random_subsets_natural_partition,3859,4.0994292518315545
10,107,random_subsets_natural_partition,3860,4.156090583019832
10,107,random_subsets_natural_partition,3861,4.119125345242145
10,107,random_subsets_natural_partition,3862,4.128627027344293
10,107,random_subsets_natural_partition,3863,4.071997637980274
10,107,random_subsets_natural_partition,3864,4.050933361266541
10,107,random_subsets_natural_partition,3865,4.20237942092342
10,107,random_subsets_natural_partition,3866,4.03263191174355
10,107,random_subsets_natural_partition,3867,4.038138138509664
10,107,random_subsets_natural_partition,3868,3.9329585335487507
10,107,random_subsets_natural_partition,3869,4.185725465871925
10,107,random_subsets_natural_partition,3870,4.060535730836821
10,107,random_subsets_natural_partition,3871,4.10692046580838
10,107,random_subsets_natural_partition,3872,4.194052843891778
10,107,random_subsets_natural_partition,3873,4.038731652934181
10,107,random_subsets_natural_partition,3874,4.150573136175977
10,107,random_subsets_natural_partition,3875,4.165673175193295
10,107,random_subsets_natural_partition,3876,4.141106607288301
10,107,random_subsets_natural_partition,3877,4.014471858939705
10,107,random_subsets_natural_partition,3878,4.209604990344742
10,107,random_subsets_natural_partition,3879,4.004763567415207
10,107,random_subsets_natural_partition,3880,4.104879428895943
10,107,random_subsets_natural_partition,3881,4.020893958014365
10,107,random_subsets_natural_partition,3882,4.046772607499058
10,107,random_subsets_natural_partition,3883,4.139381223203681
10,107,random_subsets_natural_partition,3884,4.031208124758984
10,107,random_subsets_natural_partition,3885,4.036301008030784
10,107,random_subsets_natural_partition,3886,3.9715618387460356
10,107,random_subsets_natural_partition,3887,4.025429056007073
10,107,random_subsets_natural_partition,3888,4.00651852579022
10,107,random_subsets_natural_partition,3889,3.9857026606836397
10,107,random_subsets_natural_partition,3890,4.07176245812126
10,107,random_subsets_natural_partition,3891,4.1011113892807325
10,107,random_subsets_natural_partition,3892,4.05362345278912
10,107,random_subsets_natural_partition,3893,4.04111245001891
10,107,random_subsets_natural_partition,3894,4.077771428283273
10,107,random_subsets_natural_partition,3895,4.03506683051509
10,107,random_subsets_natural_partition,3896,4.153389766865875
10,107,random_subsets_natural_partition,3897,4.045575819767831
10,107,random_subsets_natural_partition,3898,4.085427811304363
10,107,random_subsets_natural_partition,3899,4.064897534407382
10,107,random_subsets_natural_partition,3900,4.111602542389569
10,107,random_subsets_natural_partition,3901,4.091080011785387
10,107,random_subsets_natural_partition,3902,4.001046671982934
10,107,random_subsets_natural_partition,3903,4.116229062379281
10,107,random_subsets_natural_partition,3904,4.090407040555248
10,107,random_subsets_natural_partition,3905,4.169504564618913
10,107,random_subsets_natural_partition,3906,3.9619958341903048
10,107,random_subsets_natural_partition,3907,3.9814035766618185
10,107,random_subsets_natural_partition,3908,4.0704320312921425
10,107,random_subsets_natural_partition,3909,4.202773825766794
10,107,random_subsets_natural_partition,3910,4.086688728791027
10,107,random_subsets_natural_partition,3911,4.136733771112005
10,107,random_subsets_natural_partition,3912,4.1023820190978455
10,107,random_subsets_natural_partition,3913,4.041193844541549
10,107,random_subsets_natural_partition,3914,4.049519507227551
10,107,random_subsets_natural_partition,3915,4.097403387634802
10,107,random_subsets_natural_partition,3916,3.958395622244589
10,107,random_subsets_natural_partition,3917,4.085356391494248
10,107,random_subsets_natural_partition,3918,4.0912972395287595
10,107,random_subsets_natural_partition,3919,4.070367386384128
10,107,random_subsets_natural_partition,3920,4.044232207735805
10,107,random_subsets_natural_partition,3921,4.107446180982073
10,107,random_subsets_natural_partition,3922,4.0504158617353
10,107,random_subsets_natural_partition,3923,4.145613783409138
10,107,random_subsets_natural_partition,3924,4.06470801577347
10,107,random_subsets_natural_partition,3925,4.15809612696181
10,107,random_subsets_natural_partition,3926,4.040937158649613
10,107,random_subsets_natural_partition,3927,4.144753455706744
10,107,random_subsets_natural_partition,3928,4.163596633053629
10,107,random_subsets_natural_partition,3929,4.029317053455352
10,107,random_subsets_natural_partition,3930,4.037824936656552
10,107,random_subsets_natural_partition,3931,4.108073993194835
10,107,random_subsets_natural_partition,3932,4.148326602237315
10,107,random_subsets_natural_partition,3933,4.1085448656179056
10,107,random_subsets_natural_partition,3934,4.095733859008485
10,107,random_subsets_natural_partition,3935,4.047910303958797
10,107,random_subsets_natural_partition,3936,4.081858265657377
10,107,random_subsets_natural_partition,3937,4.125844954489463
10,107,random_subsets_natural_partition,3938,4.103372252664171
10,107,random_subsets_natural_partition,3939,4.015705402565371
10,107,random_subsets_natural_partition,3940,4.059657107951598
10,107,random_subsets_natural_partition,3941,4.135529454058884
10,107,random_subsets_natural_partition,3942,4.0076017533217945
10,107,random_subsets_natural_partition,3943,3.965175334038648
10,107,random_subsets_natural_partition,3944,4.137125035209113
10,107,random_subsets_natural_partition,3945,4.03842721942295
10,107,random_subsets_natural_partition,3946,4.072006164034038
10,107,random_subsets_natural_partition,3947,4.070675753103158
10,107,random_subsets_natural_partition,3948,4.173421345493079
10,107,random_subsets_natural_partition,3949,4.150754883923522
10,107,random_subsets_natural_partition,3950,4.032482508645103
10,107,random_subsets_natural_partition,3951,4.1511308608889586
10,107,random_subsets_natural_partition,3952,4.130242441970702
10,107,random_subsets_natural_partition,3953,4.048933194151233
10,107,random_subsets_natural_partition,3954,4.077390614486675
10,107,random_subsets_natural_partition,3955,4.117577188554434
10,107,random_subsets_natural_partition,3956,4.110284491529936
10,107,random_subsets_natural_partition,3957,3.9457467441411387
10,107,random_subsets_natural_partition,3958,3.9763305304546406
10,107,random_subsets_natural_partition,3959,4.042269167332367
10,107,random_subsets_natural_partition,3960,4.201431956718419
10,107,random_subsets_natural_partition,3961,4.1332157078060705
10,107,random_subsets_natural_partition,3962,3.9988856284988925
10,107,random_subsets_natural_partition,3963,4.084647666410252
10,107,random_subsets_natural_partition,3964,3.9982024377028176
10,107,random_subsets_natural_partition,3965,4.025702030064768
10,107,random_subsets_natural_partition,3966,4.0320390689583885
10,107,random_subsets_natural_partition,3967,4.011844653536936
10,107,random_subsets_natural_partition,3968,4.140446643360376
10,107,random_subsets_natural_partition,3969,4.187327616717824
10,107,random_subsets_natural_partition,3970,3.9883945222603434
10,107,random_subsets_natural_partition,3971,3.986907873010852
10,107,random_subsets_natural_partition,3972,3.9950877239587568
10,107,random_subsets_natural_partition,3973,3.990470715403951
10,107,random_subsets_natural_partition,3974,4.031789512900898
10,107,random_subsets_natural_partition,3975,4.062470115906823
10,107,random_subsets_natural_partition,3976,4.120516038370725
10,107,random_subsets_natural_partition,3977,4.10895562506793
10,107,random_subsets_natural_partition,3978,4.136574856396768
10,107,random_subsets_natural_partition,3979,4.064495358431427
10,107,random_subsets_natural_partition,3980,4.100629103663461
10,107,random_subsets_natural_partition,3981,4.0859705469758065
10,107,random_subsets_natural_partition,3982,4.090259715524158
10,107,random_subsets_natural_partition,3983,4.015996191167025
10,107,random_subsets_natural_partition,3984,4.040752645092271
10,107,random_subsets_natural_partition,3985,4.000746943948868
10,107,random_subsets_natural_partition,3986,4.05769013216475
10,107,random_subsets_natural_partition,3987,4.067824226366498
10,107,random_subsets_natural_partition,3988,4.075668444783162
10,107,random_subsets_natural_partition,3989,4.215394181878285
10,107,random_subsets_natural_partition,3990,4.062341399567923
10,107,random_subsets_natural_partition,3991,3.930397388098117
10,107,random_subsets_natural_partition,3992,3.997816998685946
10,107,random_subsets_natural_partition,3993,4.054394835426216
10,107,random_subsets_natural_partition,3994,4.03833307957844
10,107,random_subsets_natural_partition,3995,4.104599417894221
10,107,random_subsets_natural_partition,3996,4.175980023863801
10,107,random_subsets_natural_partition,3997,4.105131937127221
10,107,random_subsets_natural_partition,3998,4.144503168176264
10,107,random_subsets_natural_partition,3999,4.075314467961763
10,107,random_subsets_natural_partition,4000,3.9488924172521336
10,107,random_subsets_natural_partition,4001,4.126483057495161
10,107,random_subsets_natural_partition,4002,4.082114797565347
10,107,random_subsets_natural_partition,4003,4.114845044621023
10,107,random_subsets_natural_partition,4004,4.10694214609147
10,107,random_subsets_natural_partition,4005,4.030315397454787
10,107,random_subsets_natural_partition,4006,4.139094667541523
10,107,random_subsets_natural_partition,4007,4.030993307639213
10,107,random_subsets_natural_partition,4008,4.213487339712724
10,107,random_subsets_natural_partition,4009,4.176098460128202
10,107,random_subsets_natural_partition,4010,4.112193560802426
10,107,random_subsets_natural_partition,4011,4.1545371057955744
10,107,random_subsets_natural_partition,4012,4.022746354419784
10,107,random_subsets_natural_partition,4013,4.109346339809065
10,107,random_subsets_natural_partition,4014,4.140842869322495
10,107,random_subsets_natural_partition,4015,4.105529465998969
10,107,random_subsets_natural_partition,4016,4.1080413835469365
10,107,random_subsets_natural_partition,4017,3.9662136196589155
10,107,random_subsets_natural_partition,4018,3.9334420269809844
10,107,random_subsets_natural_partition,4019,4.082295696164111
10,107,random_subsets_natural_partition,4020,4.1480499574546394
10,107,random_subsets_natural_partition,4021,3.9939448524901633
10,107,random_subsets_natural_partition,4022,4.0307133877731625
10,107,random_subsets_natural_partition,4023,4.072576889289384
10,107,random_subsets_natural_partition,4024,4.135005253650698
10,107,random_subsets_natural_partition,4025,4.1068038462213385
10,107,random_subsets_natural_partition,4026,4.00953311823729
10,107,random_subsets_natural_partition,4027,4.096342763913644
10,107,random_subsets_natural_partition,4028,4.172381636472354
10,107,random_subsets_natural_partition,4029,4.019899117505931
10,107,random_subsets_natural_partition,4030,4.071582250913088
10,107,random_subsets_natural_partition,4031,4.027554872893534
10,107,random_subsets_natural_partition,4032,4.173721425572194
10,107,random_subsets_natural_partition,4033,4.0229568985471555
10,107,random_subsets_natural_partition,4034,4.087063377844386
10,107,random_subsets_natural_partition,4035,4.086987065640536
10,107,random_subsets_natural_partition,4036,4.040079428392432
10,107,random_subsets_natural_partition,4037,4.054885703950224
10,107,random_subsets_natural_partition,4038,4.098772540955749
10,107,random_subsets_natural_partition,4039,4.112722423323806
10,107,random_subsets_natural_partition,4040,4.051067874697581
10,107,random_subsets_natural_partition,4041,4.117302395243354
10,107,random_subsets_natural_partition,4042,3.9979721380558244
10,107,random_subsets_natural_partition,4043,4.1608940093511775
10,107,random_subsets_natural_partition,4044,4.04508345011115
10,107,random_subsets_natural_partition,4045,4.066946256045591
10,107,random_subsets_natural_partition,4046,4.0764692622263174
10,107,random_subsets_natural_partition,4047,4.080824811973634
10,107,random_subsets_natural_partition,4048,4.0100998404387465
10,107,random_subsets_natural_partition,4049,4.1514921024980564
10,107,random_subsets_natural_partition,4050,4.167551446782171
10,107,random_subsets_natural_partition,4051,4.0542016647346495
10,107,random_subsets_natural_partition,4052,4.054042606303603
10,107,random_subsets_natural_partition,4053,4.100704383418179
10,107,random_subsets_natural_partition,4054,4.159671654236403
10,107,random_subsets_natural_partition,4055,4.1425784395891885
10,107,random_subsets_natural_partition,4056,3.9896075663477477
10,107,random_subsets_natural_partition,4057,4.166760392256064
10,107,random_subsets_natural_partition,4058,4.091889952691276
10,107,random_subsets_natural_partition,4059,4.037787245811416
10,107,random_subsets_natural_partition,4060,4.055670892944412
10,107,random_subsets_natural_partition,4061,3.942519015707947
10,107,random_subsets_natural_partition,4062,3.9877890661137485
10,107,random_subsets_natural_partition,4063,4.016123139983537
10,107,random_subsets_natural_partition,4064,4.152881557042108
10,107,random_subsets_natural_partition,4065,4.011045067723921
10,107,random_subsets_natural_partition,4066,4.095071088474913
10,107,random_subsets_natural_partition,4067,3.928114168652788
10,107,random_subsets_natural_partition,4068,3.9192234113480913
10,107,random_subsets_natural_partition,4069,4.089122334936092
10,107,random_subsets_natural_partition,4070,4.1313234030797785
10,107,random_subsets_natural_partition,4071,4.07081301475917
10,107,random_subsets_natural_partition,4072,4.05690704376759
10,107,random_subsets_natural_partition,4073,4.0321081806340136
10,107,random_subsets_natural_partition,4074,4.081545588859873
10,107,random_subsets_natural_partition,4075,4.098778419670086
10,107,random_subsets_natural_partition,4076,3.9771117637278364
10,107,random_subsets_natural_partition,4077,4.103576360964359
10,107,random_subsets_natural_partition,4078,4.132013426117852
10,107,random_subsets_natural_partition,4079,3.931568452855759
10,107,random_subsets_natural_partition,4080,4.163297508101205
10,107,random_subsets_natural_partition,4081,4.1395274152706465
10,107,random_subsets_natural_partition,4082,4.098449056254056
10,107,random_subsets_natural_partition,4083,4.002052558974374
10,107,random_subsets_natural_partition,4084,4.083857341859936
10,107,random_subsets_natural_partition,4085,4.036910682752981
10,107,random_subsets_natural_partition,4086,4.151430695877245
10,107,random_subsets_natural_partition,4087,4.045913216834747
10,107,random_subsets_natural_partition,4088,3.976219574250308
10,107,random_subsets_natural_partition,4089,4.031901740626386
10,107,random_subsets_natural_partition,4090,4.0497849083006106
10,107,random_subsets_natural_partition,4091,4.066913529912495
10,107,random_subsets_natural_partition,4092,4.073104589012446
10,107,random_subsets_natural_partition,4093,4.020328833584758
10,107,random_subsets_natural_partition,4094,4.0755064095741265
10,107,random_subsets_natural_partition,4095,4.026609072175303
10,107,random_subsets_natural_partition,4096,3.93084996329176
10,107,random_subsets_natural_partition,4097,4.113411697302446
10,107,random_subsets_natural_partition,4098,4.052022555453247
10,107,random_subsets_natural_partition,4099,3.9509004116128255
10,107,random_subsets_natural_partition,4100,4.177935405360531
10,107,random_subsets_natural_partition,4101,4.007818576294541
10,107,random_subsets_natural_partition,4102,4.058611267262448
10,107,random_subsets_natural_partition,4103,4.0642420373148544
10,107,random_subsets_natural_partition,4104,3.985297123420073
10,107,random_subsets_natural_partition,4105,4.0289560153555355
10,107,random_subsets_natural_partition,4106,4.085601753602824
10,107,random_subsets_natural_partition,4107,4.150562724994641
10,107,random_subsets_natural_partition,4108,4.075085188101097
10,107,random_subsets_natural_partition,4109,3.985696767085406
10,107,random_subsets_natural_partition,4110,4.111029750090844
10,107,random_subsets_natural_partition,4111,4.127767182687472
10,107,random_subsets_natural_partition,4112,4.16530939177227
10,107,random_subsets_natural_partition,4113,3.9690173262195074
10,107,random_subsets_natural_partition,4114,4.047200314402727
10,107,random_subsets_natural_partition,4115,3.945810447399406
10,107,random_subsets_natural_partition,4116,4.078441705187982
10,107,random_subsets_natural_partition,4117,4.058800668509443
10,107,random_subsets_natural_partition,4118,4.030680407729584
10,107,random_subsets_natural_partition,4119,4.191396432434456
10,107,random_subsets_natural_partition,4120,4.0432814100295476
10,107,random_subsets_natural_partition,4121,4.089094881993167
10,107,random_subsets_natural_partition,4122,4.091259497622592
10,107,random_subsets_natural_partition,4123,4.130238666182319
10,107,random_subsets_natural_partition,4124,4.08759669085679
10,107,random_subsets_natural_partition,4125,4.044638818785094
10,107,random_subsets_natural_partition,4126,3.8371682353563963
10,107,random_subsets_natural_partition,4127,4.012716114321546
10,107,random_subsets_natural_partition,4128,4.054730468799034
10,107,random_subsets_natural_partition,4129,4.066705054850284
10,107,random_subsets_natural_partition,4130,4.037153899292028
10,107,random_subsets_natural_partition,4131,4.010155284433702
10,107,random_subsets_natural_partition,4132,4.00311677201242
10,107,random_subsets_natural_partition,4133,4.047114042612719
10,107,random_subsets_natural_partition,4134,4.107099271705521
10,107,random_subsets_natural_partition,4135,4.060649625340145
10,107,random_subsets_natural_partition,4136,4.085288922222262
10,107,random_subsets_natural_partition,4137,4.1465570752379
10,107,random_subsets_natural_partition,4138,4.0222404264847125
10,107,random_subsets_natural_partition,4139,3.9425593017693523
10,107,random_subsets_natural_partition,4140,4.074471789384827
10,107,random_subsets_natural_partition,4141,4.099215915421335
10,107,random_subsets_natural_partition,4142,4.1744351447692605
10,107,random_subsets_natural_partition,4143,4.058181951974934
10,107,random_subsets_natural_partition,4144,4.052754481887628
10,107,random_subsets_natural_partition,4145,4.02742550965341
10,107,random_subsets_natural_partition,4146,4.075203348759161
10,107,random_subsets_natural_partition,4147,3.9865351827896536
10,107,random_subsets_natural_partition,4148,4.115821717809002
10,107,random_subsets_natural_partition,4149,4.203837389668096
10,107,random_subsets_natural_partition,4150,4.112516348817021
10,107,random_subsets_natural_partition,4151,4.057130839851928
10,107,random_subsets_natural_partition,4152,4.078512163148823
10,107,random_subsets_natural_partition,4153,4.040972105546971
10,107,random_subsets_natural_partition,4154,4.126583618025117
10,107,random_subsets_natural_partition,4155,4.033170430289703
10,107,random_subsets_natural_partition,4156,4.081422499077674
10,107,random_subsets_natural_partition,4157,3.9915850745213324
10,107,random_subsets_natural_partition,4158,4.147097522680117
10,107,random_subsets_natural_partition,4159,4.049585133306495
10,107,random_subsets_natural_partition,4160,4.061667769287419
10,107,random_subsets_natural_partition,4161,4.074398266613645
10,107,random_subsets_natural_partition,4162,4.056644853636902
10,107,random_subsets_natural_partition,4163,4.120719111683513
10,107,random_subsets_natural_partition,4164,4.0186951873591195
10,107,random_subsets_natural_partition,4165,4.109585423930553
10,107,random_subsets_natural_partition,4166,4.0875227337167495
10,107,random_subsets_natural_partition,4167,3.9682659773127287
10,107,random_subsets_natural_partition,4168,4.104272349796809
10,107,random_subsets_natural_partition,4169,4.076997209415371
10,107,random_subsets_natural_partition,4170,3.972018110014833
10,107,random_subsets_natural_partition,4171,4.071245295386402
10,107,random_subsets_natural_partition,4172,4.050363178603627
10,107,random_subsets_natural_partition,4173,4.086029247796887
10,107,random_subsets_natural_partition,4174,4.117457905872016
10,107,random_subsets_natural_partition,4175,4.0567150698358585
10,107,random_subsets_natural_partition,4176,4.016944088830926
10,107,random_subsets_natural_partition,4177,4.0712231443664235
10,107,random_subsets_natural_partition,4178,4.037583359344691
10,107,random_subsets_natural_partition,4179,3.999746755197296
10,107,random_subsets_natural_partition,4180,4.046999912251639
10,107,random_subsets_natural_partition,4181,4.151820487250976
10,107,random_subsets_natural_partition,4182,4.046422162732499
10,107,random_subsets_natural_partition,4183,4.120459765577174
10,107,random_subsets_natural_partition,4184,4.083549792681459
10,107,random_subsets_natural_partition,4185,4.061234150903
10,107,random_subsets_natural_partition,4186,4.097021520791307
10,107,random_subsets_natural_partition,4187,4.119392269902282
10,107,random_subsets_natural_partition,4188,4.118957274256048
10,107,random_subsets_natural_partition,4189,4.146583201848096
10,107,random_subsets_natural_partition,4190,4.147540658911706
10,107,random_subsets_natural_partition,4191,4.040261578200098
10,107,random_subsets_natural_partition,4192,4.0537855542663275
10,107,random_subsets_natural_partition,4193,3.9728105216065597
10,107,random_subsets_natural_partition,4194,4.102730196904885
10,107,random_subsets_natural_partition,4195,4.0748062724685745
10,107,random_subsets_natural_partition,4196,4.021056427791366
10,107,random_subsets_natural_partition,4197,4.162217043671312
10,107,random_subsets_natural_partition,4198,4.089532862239441
10,107,random_subsets_natural_partition,4199,4.127179435397972
10,107,random_subsets_natural_partition,4200,3.990741538150421
10,107,random_subsets_natural_partition,4201,4.141820477542707
10,107,random_subsets_natural_partition,4202,4.0281679487397515
10,107,random_subsets_natural_partition,4203,3.9609143067055843
10,107,random_subsets_natural_partition,4204,4.008793952254485
10,107,random_subsets_natural_partition,4205,4.100018142298944
10,107,random_subsets_natural_partition,4206,4.05389006990856
10,107,random_subsets_natural_partition,4207,4.054748932479695
10,107,random_subsets_natural_partition,4208,3.968863848088616
10,107,random_subsets_natural_partition,4209,4.0857612476996295
10,107,random_subsets_natural_partition,4210,4.0223120116631765
10,107,random_subsets_natural_partition,4211,4.050680797385493
10,107,random_subsets_natural_partition,4212,3.923670323997764
10,107,random_subsets_natural_partition,4213,4.139319514410831
10,107,random_subsets_natural_partition,4214,4.010036757224727
10,107,random_subsets_natural_partition,4215,4.067709657753528
10,107,random_subsets_natural_partition,4216,4.05517306662127
10,107,random_subsets_natural_partition,4217,4.127923386571526
10,107,random_subsets_natural_partition,4218,4.12804356372134
10,107,random_subsets_natural_partition,4219,4.132198450181619
10,107,random_subsets_natural_partition,4220,4.076603417610486
10,107,random_subsets_natural_partition,4221,4.167549447091107
10,107,random_subsets_natural_partition,4222,4.080710163337637
10,107,random_subsets_natural_partition,4223,3.97649557576354
10,107,random_subsets_natural_partition,4224,4.157852586857864
10,107,random_subsets_natural_partition,4225,4.03460958098575
10,107,random_subsets_natural_partition,4226,4.0068043361049615
10,107,random_subsets_natural_partition,4227,4.141531933004897
10,107,random_subsets_natural_partition,4228,4.108939765369346
10,107,random_subsets_natural_partition,4229,4.136656433363724
10,107,random_subsets_natural_partition,4230,4.065711197665965
10,107,random_subsets_natural_partition,4231,4.022074162286735
10,107,random_subsets_natural_partition,4232,4.219892450892026
10,107,random_subsets_natural_partition,4233,3.9814434239994148
10,107,random_subsets_natural_partition,4234,4.1200854684187265
10,107,random_subsets_natural_partition,4235,4.076043803820668
10,107,random_subsets_natural_partition,4236,4.024302734115586
10,107,random_subsets_natural_partition,4237,4.1067830822245694
10,107,random_subsets_natural_partition,4238,4.045214255941513
10,107,random_subsets_natural_partition,4239,3.9929094798538807
10,107,random_subsets_natural_partition,4240,4.090883761802074
10,107,random_subsets_natural_partition,4241,4.123852938445248
10,107,random_subsets_natural_partition,4242,4.102202160489475
10,107,random_subsets_natural_partition,4243,4.195938983272946
10,107,random_subsets_natural_partition,4244,4.12558903857455
10,107,random_subsets_natural_partition,4245,4.050290083815236
10,107,random_subsets_natural_partition,4246,4.073084923269108
10,107,random_subsets_natural_partition,4247,4.071923190006212
10,107,random_subsets_natural_partition,4248,4.03878892155966
10,107,random_subsets_natural_partition,4249,4.140579039119281
10,107,random_subsets_natural_partition,4250,4.10054990608874
10,107,random_subsets_natural_partition,4251,3.9776910569927773
10,107,random_subsets_natural_partition,4252,4.141253857558435
10,107,random_subsets_natural_partition,4253,4.125755682920019
10,107,random_subsets_natural_partition,4254,4.1420017134737765
10,107,random_subsets_natural_partition,4255,4.021051724708917
10,107,random_subsets_natural_partition,4256,4.091342634161837
10,107,random_subsets_natural_partition,4257,4.16322231892528
10,107,random_subsets_natural_partition,4258,3.996493569326957
10,107,random_subsets_natural_partition,4259,4.052619172502945
10,107,random_subsets_natural_partition,4260,4.012615880999154
10,107,random_subsets_natural_partition,4261,4.046180675316095
10,107,random_subsets_natural_partition,4262,4.061397576567824
10,107,random_subsets_natural_partition,4263,4.113657200325841
10,107,random_subsets_natural_partition,4264,4.004393274483656
10,107,random_subsets_natural_partition,4265,4.101899598647903
10,107,random_subsets_natural_partition,4266,4.032282839734052
10,107,random_subsets_natural_partition,4267,4.127589642812061
10,107,random_subsets_natural_partition,4268,4.057033107835134
10,107,random_subsets_natural_partition,4269,4.081651995241247
10,107,random_subsets_natural_partition,4270,4.132594899627495
10,107,random_subsets_natural_partition,4271,4.1996557343699275
10,107,random_subsets_natural_partition,4272,4.069420394802959
10,107,random_subsets_natural_partition,4273,3.9822968310056206
10,107,random_subsets_natural_partition,4274,4.125266745888487
10,107,random_subsets_natural_partition,4275,4.073087609820568
10,107,random_subsets_natural_partition,4276,4.087095414773343
10,107,random_subsets_natural_partition,4277,4.006481334230131
10,107,random_subsets_natural_partition,4278,4.160866556848549
10,107,random_subsets_natural_partition,4279,4.112697120445108
10,107,random_subsets_natural_partition,4280,4.086838757014878
10,107,random_subsets_natural_partition,4281,4.197430770859509
10,107,random_subsets_natural_partition,4282,4.177336672932903
10,107,random_subsets_natural_partition,4283,4.01838573772603
10,107,random_subsets_natural_partition,4284,4.071112036070827
10,107,random_subsets_natural_partition,4285,3.9112424137411606
10,107,random_subsets_natural_partition,4286,4.09665110244191
10,107,random_subsets_natural_partition,4287,4.091892332292993
10,107,random_subsets_natural_partition,4288,4.116750135764609
10,107,random_subsets_natural_partition,4289,4.039523552503927
10,107,random_subsets_natural_partition,4290,4.1198765256203425
10,107,random_subsets_natural_partition,4291,4.020649146896132
10,107,random_subsets_natural_partition,4292,4.155727290216973
10,107,random_subsets_natural_partition,4293,4.06079620117061
10,107,random_subsets_natural_partition,4294,3.9983348574279085
10,107,random_subsets_natural_partition,4295,4.103726496028738
10,107,random_subsets_natural_partition,4296,4.057394441211336
10,107,random_subsets_natural_partition,4297,4.123983578516119
10,107,random_subsets_natural_partition,4298,3.9547239545687622
10,107,random_subsets_natural_partition,4299,4.09663999682532
10,107,random_subsets_natural_partition,4300,4.120910105745551
10,107,random_subsets_natural_partition,4301,4.087721427872268
10,107,random_subsets_natural_partition,4302,4.107405682937021
10,107,random_subsets_natural_partition,4303,3.9922349489979867
10,107,random_subsets_natural_partition,4304,4.028647014309926
10,107,random_subsets_natural_partition,4305,4.021183863937996
10,107,random_subsets_natural_partition,4306,4.089343263035368
10,107,random_subsets_natural_partition,4307,4.132624954139238
10,107,random_subsets_natural_partition,4308,3.995543123020847
10,107,random_subsets_natural_partition,4309,4.156626338561003
10,107,random_subsets_natural_partition,4310,4.134708990949905
10,107,random_subsets_natural_partition,4311,4.122463545897175
10,107,random_subsets_natural_partition,4312,4.117021962677496
10,107,random_subsets_natural_partition,4313,4.085381016628589
10,107,random_subsets_natural_partition,4314,4.034888821202034
10,107,random_subsets_natural_partition,4315,4.0623375511693345
10,107,random_subsets_natural_partition,4316,4.107044205446227
10,107,random_subsets_natural_partition,4317,4.078295926914603
10,107,random_subsets_natural_partition,4318,4.09073604998873
10,107,random_subsets_natural_partition,4319,4.051478170734933
10,107,random_subsets_natural_partition,4320,4.030039585862822
10,107,random_subsets_natural_partition,4321,4.079982984531681
10,107,random_subsets_natural_partition,4322,4.041472023819841
10,107,random_subsets_natural_partition,4323,3.97320043547824
10,107,random_subsets_natural_partition,4324,4.0740017447080605
10,107,random_subsets_natural_partition,4325,4.092451261851004
10,107,random_subsets_natural_partition,4326,4.078079454937528
10,107,random_subsets_natural_partition,4327,4.0984511045193965
10,107,random_subsets_natural_partition,4328,3.9913348576396417
10,107,random_subsets_natural_partition,4329,4.045098491927603
10,107,random_subsets_natural_partition,4330,4.035010141901085
10,107,random_subsets_natural_partition,4331,4.0537077908340455
10,107,random_subsets_natural_partition,4332,4.147554692734068
10,107,random_subsets_natural_partition,4333,4.110393767836435
10,107,random_subsets_natural_partition,4334,4.0568105139515245
10,107,random_subsets_natural_partition,4335,4.1081211450604425
10,107,random_subsets_natural_partition,4336,4.1701772006535505
10,107,random_subsets_natural_partition,4337,4.015097888457823
10,107,random_subsets_natural_partition,4338,4.0184226877237625
10,107,random_subsets_natural_partition,4339,4.111520940212038
10,107,random_subsets_natural_partition,4340,4.1178926358421855
10,107,random_subsets_natural_partition,4341,4.1483643399817955
10,107,random_subsets_natural_partition,4342,4.112093349017232
10,107,random_subsets_natural_partition,4343,4.0389361021172885
10,107,random_subsets_natural_partition,4344,4.045194602010795
10,107,random_subsets_natural_partition,4345,4.168141391624308
10,107,random_subsets_natural_partition,4346,4.135396370250323
10,107,random_subsets_natural_partition,4347,4.03094707284199
10,107,random_subsets_natural_partition,4348,4.153074823146495
10,107,random_subsets_natural_partition,4349,4.034808679703829
10,107,random_subsets_natural_partition,4350,3.9652430879760736
10,107,random_subsets_natural_partition,4351,4.147985627206285
10,107,random_subsets_natural_partition,4352,4.119149001115087
10,107,random_subsets_natural_partition,4353,4.126284649256926
10,107,random_subsets_natural_partition,4354,4.139345667812228
10,107,random_subsets_natural_partition,4355,4.123620437261533
10,107,random_subsets_natural_partition,4356,4.13100572900312
10,107,random_subsets_natural_partition,4357,4.097512058203788
10,107,random_subsets_natural_partition,4358,4.120969820776137
10,107,random_subsets_natural_partition,4359,4.0514582919484985
10,107,random_subsets_natural_partition,4360,4.083214264992667
10,107,random_subsets_natural_partition,4361,4.052741703112483
10,107,random_subsets_natural_partition,4362,4.035552039558995
10,107,random_subsets_natural_partition,4363,4.110254008473993
10,107,random_subsets_natural_partition,4364,4.0760789660393995
10,107,random_subsets_natural_partition,4365,4.078997003949724
10,107,random_subsets_natural_partition,4366,4.109796909046882
10,107,random_subsets_natural_partition,4367,4.077107743930164
10,107,random_subsets_natural_partition,4368,4.1205948476524
10,107,random_subsets_natural_partition,4369,4.115146522402876
10,107,random_subsets_natural_partition,4370,4.112957309788518
10,107,random_subsets_natural_partition,4371,4.087962006415191
10,107,random_subsets_natural_partition,4372,4.060094075510656
10,107,random_subsets_natural_partition,4373,3.967037324065497
10,107,random_subsets_natural_partition,4374,4.135427558148147
10,107,random_subsets_natural_partition,4375,4.159451089097327
10,107,random_subsets_natural_partition,4376,4.126092973810716
10,107,random_subsets_natural_partition,4377,4.103390955054314
10,107,random_subsets_natural_partition,4378,4.07067580694999
10,107,random_subsets_natural_partition,4379,3.979029118422815
10,107,random_subsets_natural_partition,4380,4.098643096012023
10,107,random_subsets_natural_partition,4381,4.049784212113095
10,107,random_subsets_natural_partition,4382,4.093893090955301
10,107,random_subsets_natural_partition,4383,4.06291211107739
10,107,random_subsets_natural_partition,4384,4.095465577499965
10,107,random_subsets_natural_partition,4385,4.0705716887819765
10,107,random_subsets_natural_partition,4386,4.074988588265589
10,107,random_subsets_natural_partition,4387,4.1148627082621845
10,107,random_subsets_natural_partition,4388,3.9952958764170203
10,107,random_subsets_natural_partition,4389,4.050663000123366
10,107,random_subsets_natural_partition,4390,4.125615193097366
10,107,random_subsets_natural_partition,4391,4.142995943153549
10,107,random_subsets_natural_partition,4392,4.076074583376981
10,107,random_subsets_natural_partition,4393,4.040850537180942
10,107,random_subsets_natural_partition,4394,4.090679447664806
10,107,random_subsets_natural_partition,4395,4.084923476614876
10,107,random_subsets_natural_partition,4396,4.164637001638755
10,107,random_subsets_natural_partition,4397,4.073937641901613
10,107,random_subsets_natural_partition,4398,4.110301735634951
10,107,random_subsets_natural_partition,4399,4.094539201167104
10,107,random_subsets_natural_partition,4400,4.133594009311771
10,107,random_subsets_natural_partition,4401,4.051147149259989
10,107,random_subsets_natural_partition,4402,4.048493763129813
10,107,random_subsets_natural_partition,4403,4.056604498150574
10,107,random_subsets_natural_partition,4404,4.092788694273882
10,107,random_subsets_natural_partition,4405,4.039673902218791
10,107,random_subsets_natural_partition,4406,4.062335925403507
10,107,random_subsets_natural_partition,4407,4.09191293221247
10,107,random_subsets_natural_partition,4408,4.097660388029409
10,107,random_subsets_natural_partition,4409,4.157249525848223
10,107,random_subsets_natural_partition,4410,3.9889383857776073
10,107,random_subsets_natural_partition,4411,4.082658274095454
10,107,random_subsets_natural_partition,4412,4.093400883565991
10,107,random_subsets_natural_partition,4413,4.113509446340891
10,107,random_subsets_natural_partition,4414,4.0953544815335565
10,107,random_subsets_natural_partition,4415,4.036320372805796
10,107,random_subsets_natural_partition,4416,4.074120958677977
10,107,random_subsets_natural_partition,4417,4.112166221307664
10,107,random_subsets_natural_partition,4418,4.015356621240168
10,107,random_subsets_natural_partition,4419,4.1072922512531465
10,107,random_subsets_natural_partition,4420,4.107301497250063
10,107,random_subsets_natural_partition,4421,4.034668147473763
10,107,random_subsets_natural_partition,4422,4.016430133385228
10,107,random_subsets_natural_partition,4423,4.02922623949979
10,107,random_subsets_natural_partition,4424,4.029095557737561
10,107,random_subsets_natural_partition,4425,4.058171142795276
10,107,random_subsets_natural_partition,4426,4.133914033390962
10,107,random_subsets_natural_partition,4427,4.0819881844100605
10,107,random_subsets_natural_partition,4428,4.10612942976449
10,107,random_subsets_natural_partition,4429,4.036584812762695
10,107,random_subsets_natural_partition,4430,3.9779680556434798
10,107,random_subsets_natural_partition,4431,4.013198664631162
10,107,random_subsets_natural_partition,4432,4.12809804119844
10,107,random_subsets_natural_partition,4433,4.056193035436028
10,107,random_subsets_natural_partition,4434,4.08987306533274
10,107,random_subsets_natural_partition,4435,4.048585207013841
10,107,random_subsets_natural_partition,4436,4.074458885069067
10,107,random_subsets_natural_partition,4437,4.074474264435303
10,107,random_subsets_natural_partition,4438,4.062460218268194
10,107,random_subsets_natural_partition,4439,4.0971262023856
10,107,random_subsets_natural_partition,4440,4.106093843496763
10,107,random_subsets_natural_partition,4441,3.969290141182745
10,107,random_subsets_natural_partition,4442,4.08328378691822
10,107,random_subsets_natural_partition,4443,4.09328478233904
10,107,random_subsets_natural_partition,4444,3.919003452639928
10,107,random_subsets_natural_partition,4445,4.054778212525035
10,107,random_subsets_natural_partition,4446,4.050246160676812
10,107,random_subsets_natural_partition,4447,4.022150961453928
10,107,random_subsets_natural_partition,4448,3.9817733910878563
10,107,random_subsets_natural_partition,4449,4.101657111737834
10,107,random_subsets_natural_partition,4450,4.098620808528436
10,107,random_subsets_natural_partition,4451,4.086891098696253
10,107,random_subsets_natural_partition,4452,4.1231838638897305
10,107,random_subsets_natural_partition,4453,4.087215672681834
10,107,random_subsets_natural_partition,4454,4.0016734292421265
10,107,random_subsets_natural_partition,4455,4.091546434308657
10,107,random_subsets_natural_partition,4456,4.151238251644897
10,107,random_subsets_natural_partition,4457,4.087706203618353
10,107,random_subsets_natural_partition,4458,4.073138409240983
10,107,random_subsets_natural_partition,4459,4.060729326213084
10,107,random_subsets_natural_partition,4460,4.055683564843326
10,107,random_subsets_natural_partition,4461,4.054856353609554
10,107,random_subsets_natural_partition,4462,4.02218602265906
10,107,random_subsets_natural_partition,4463,4.239004453752682
10,107,random_subsets_natural_partition,4464,4.200182956767268
10,107,random_subsets_natural_partition,4465,4.102401305368468
10,107,random_subsets_natural_partition,4466,4.102125578377236
10,107,random_subsets_natural_partition,4467,4.025552401462942
10,107,random_subsets_natural_partition,4468,4.079523512279607
10,107,random_subsets_natural_partition,4469,4.07809301049395
10,107,random_subsets_natural_partition,4470,4.104321805362922
10,107,random_subsets_natural_partition,4471,4.12835368185202
10,107,random_subsets_natural_partition,4472,4.015006994269673
10,107,random_subsets_natural_partition,4473,3.9879414273560725
10,107,random_subsets_natural_partition,4474,3.9656432026641246
10,107,random_subsets_natural_partition,4475,4.053013428281373
10,107,random_subsets_natural_partition,4476,4.129469024913567
10,107,random_subsets_natural_partition,4477,4.104619900823818
10,107,random_subsets_natural_partition,4478,4.120402094517684
10,107,random_subsets_natural_partition,4479,4.173341677905609
10,107,random_subsets_natural_partition,4480,4.167619796270138
10,107,random_subsets_natural_partition,4481,3.971596491358682
10,107,random_subsets_natural_partition,4482,3.985319819976118
10,107,random_subsets_natural_partition,4483,4.146919897430167
10,107,random_subsets_natural_partition,4484,4.181115825928193
10,107,random_subsets_natural_partition,4485,4.089933190188561
10,107,random_subsets_natural_partition,4486,4.115460037653847
10,107,random_subsets_natural_partition,4487,4.128051032118596
10,107,random_subsets_natural_partition,4488,4.0199577948657605
10,107,random_subsets_natural_partition,4489,4.102662262508836
10,107,random_subsets_natural_partition,4490,3.997146258277968
10,107,random_subsets_natural_partition,4491,4.0292558131826075
10,107,random_subsets_natural_partition,4492,4.098913936983379
10,107,random_subsets_natural_partition,4493,4.188991846779123
10,107,random_subsets_natural_partition,4494,4.121728007609764
10,107,random_subsets_natural_partition,4495,4.141042519063446
10,107,random_subsets_natural_partition,4496,4.016322771328518
10,107,random_subsets_natural_partition,4497,4.094946106148943
10,107,random_subsets_natural_partition,4498,4.072004123835542
10,107,random_subsets_natural_partition,4499,4.179093213275272
10,107,random_subsets_natural_partition,4500,4.047191039329501
10,107,random_subsets_natural_partition,4501,4.1080667244680065
10,107,random_subsets_natural_partition,4502,4.147743655707234
10,107,random_subsets_natural_partition,4503,4.122821312942959
10,107,random_subsets_natural_partition,4504,4.195906708521114
10,107,random_subsets_natural_partition,4505,4.158468143216203
10,107,random_subsets_natural_partition,4506,4.095288702282541
10,107,random_subsets_natural_partition,4507,4.077312076417771
10,107,random_subsets_natural_partition,4508,4.083351320243983
10,107,random_subsets_natural_partition,4509,4.1569320284259845
10,107,random_subsets_natural_partition,4510,4.076334908371379
10,107,random_subsets_natural_partition,4511,4.067476731270025
10,107,random_subsets_natural_partition,4512,3.979035589267615
10,107,random_subsets_natural_partition,4513,4.013002171327028
10,107,random_subsets_natural_partition,4514,4.19127404714692
10,107,random_subsets_natural_partition,4515,4.059317862816954
10,107,random_subsets_natural_partition,4516,4.131713059784804
10,107,random_subsets_natural_partition,4517,3.9535148283846584
10,107,random_subsets_natural_partition,4518,4.1019305598717475
10,107,random_subsets_natural_partition,4519,4.035378557027029
10,107,random_subsets_natural_partition,4520,4.1176066548236285
10,107,random_subsets_natural_partition,4521,4.165995926130002
10,107,random_subsets_natural_partition,4522,4.115109947006613
10,107,random_subsets_natural_partition,4523,4.02877384705625
10,107,random_subsets_natural_partition,4524,4.064301978291817
10,107,random_subsets_natural_partition,4525,4.0513058154587585
10,107,random_subsets_natural_partition,4526,4.077586342201464
10,107,random_subsets_natural_partition,4527,4.058698828115743
10,107,random_subsets_natural_partition,4528,4.139578287601164
10,107,random_subsets_natural_partition,4529,3.9554610071369303
10,107,random_subsets_natural_partition,4530,4.0364107492720835
10,107,random_subsets_natural_partition,4531,4.117819226220294
10,107,random_subsets_natural_partition,4532,3.951853977853382
10,107,random_subsets_natural_partition,4533,4.110790129263264
10,107,random_subsets_natural_partition,4534,4.097816535577026
10,107,random_subsets_natural_partition,4535,4.0841907215178095
10,107,random_subsets_natural_partition,4536,4.023520288552072
10,107,random_subsets_natural_partition,4537,4.050129421414412
10,107,random_subsets_natural_partition,4538,4.032293540236843
10,107,random_subsets_natural_partition,4539,4.121527833415009
10,107,random_subsets_natural_partition,4540,4.125569160239174
10,107,random_subsets_natural_partition,4541,4.019199884416549
10,107,random_subsets_natural_partition,4542,4.03298552886917
10,107,random_subsets_natural_partition,4543,4.012222201991019
10,107,random_subsets_natural_partition,4544,3.973604623295815
10,107,random_subsets_natural_partition,4545,4.0432821358132776
10,107,random_subsets_natural_partition,4546,4.067254476872157
10,107,random_subsets_natural_partition,4547,4.033122802710346
10,107,random_subsets_natural_partition,4548,4.09044167927552
10,107,random_subsets_natural_partition,4549,4.045603516641094
10,107,random_subsets_natural_partition,4550,4.04407838962954
10,107,random_subsets_natural_partition,4551,4.07655508325354
10,107,random_subsets_natural_partition,4552,4.054173592209803
10,107,random_subsets_natural_partition,4553,4.045462089656158
10,107,random_subsets_natural_partition,4554,4.06088494562696
10,107,random_subsets_natural_partition,4555,4.209182826359581
10,107,random_subsets_natural_partition,4556,4.074284598770052
10,107,random_subsets_natural_partition,4557,4.0906665586367845
10,107,random_subsets_natural_partition,4558,4.130433417616181
10,107,random_subsets_natural_partition,4559,4.135231554638272
10,107,random_subsets_natural_partition,4560,4.122815229774938
10,107,random_subsets_natural_partition,4561,4.139318938802292
10,107,random_subsets_natural_partition,4562,4.011596179694391
10,107,random_subsets_natural_partition,4563,3.997234503369258
10,107,random_subsets_natural_partition,4564,4.088356706973015
10,107,random_subsets_natural_partition,4565,4.144252515373579
10,107,random_subsets_natural_partition,4566,3.929572640866513
10,107,random_subsets_natural_partition,4567,4.154701001586199
10,107,random_subsets_natural_partition,4568,4.038259191634856
10,107,random_subsets_natural_partition,4569,4.0324366481502345
10,107,random_subsets_natural_partition,4570,4.119856126550238
10,107,random_subsets_natural_partition,4571,4.015621128193846
10,107,random_subsets_natural_partition,4572,4.010841414260923
10,107,random_subsets_natural_partition,4573,4.042771311122979
10,107,random_subsets_natural_partition,4574,4.039538842548204
10,107,random_subsets_natural_partition,4575,4.11955349723783
10,107,random_subsets_natural_partition,4576,4.0579219758025875
10,107,random_subsets_natural_partition,4577,4.065645542988318
10,107,random_subsets_natural_partition,4578,4.070868161095338
10,107,random_subsets_natural_partition,4579,4.007495283940354
10,107,random_subsets_natural_partition,4580,4.186030718247931
10,107,random_subsets_natural_partition,4581,4.076427991378126
10,107,random_subsets_natural_partition,4582,4.056604466233498
10,107,random_subsets_natural_partition,4583,4.096531695123784
10,107,random_subsets_natural_partition,4584,4.1682744608936035
10,107,random_subsets_natural_partition,4585,4.0211607397512426
10,107,random_subsets_natural_partition,4586,4.111791645709465
10,107,random_subsets_natural_partition,4587,4.045983345086191
10,107,random_subsets_natural_partition,4588,4.146515159654666
10,107,random_subsets_natural_partition,4589,4.0899170727655525
10,107,random_subsets_natural_partition,4590,4.154815599197099
10,107,random_subsets_natural_partition,4591,4.073955116119105
10,107,random_subsets_natural_partition,4592,4.079739591980033
10,107,random_subsets_natural_partition,4593,4.006441968593368
10,107,random_subsets_natural_partition,4594,4.0619283975687965
10,107,random_subsets_natural_partition,4595,4.067469476225792
10,107,random_subsets_natural_partition,4596,3.9388278235846217
10,107,random_subsets_natural_partition,4597,4.116058128267159
10,107,random_subsets_natural_partition,4598,4.150250989510125
10,107,random_subsets_natural_partition,4599,4.1315251924372784
10,107,random_subsets_natural_partition,4600,4.180061900538268
10,107,random_subsets_natural_partition,4601,4.030262002531979
10,107,random_subsets_natural_partition,4602,4.1066550587609845
10,107,random_subsets_natural_partition,4603,4.0441503519867235
10,107,random_subsets_natural_partition,4604,4.1005042406177425
10,107,random_subsets_natural_partition,4605,4.112338602216679
10,107,random_subsets_natural_partition,4606,4.042896244552902
10,107,random_subsets_natural_partition,4607,4.0196596043760175
10,107,random_subsets_natural_partition,4608,4.148131095785759
10,107,random_subsets_natural_partition,4609,4.009903335921693
10,107,random_subsets_natural_partition,4610,4.103165052333871
10,107,random_subsets_natural_partition,4611,3.98753267391911
10,107,random_subsets_natural_partition,4612,4.1583300530465905
10,107,random_subsets_natural_partition,4613,3.9644465043187282
10,107,random_subsets_natural_partition,4614,4.153309627882977
10,107,random_subsets_natural_partition,4615,3.8345394898748353
10,107,random_subsets_natural_partition,4616,4.041253998820538
10,107,random_subsets_natural_partition,4617,4.073791786268405
10,107,random_subsets_natural_partition,4618,4.02508240283464
10,107,random_subsets_natural_partition,4619,4.103947225653739
10,107,random_subsets_natural_partition,4620,4.114320795774729
10,107,random_subsets_natural_partition,4621,4.0745541391274465
10,107,random_subsets_natural_partition,4622,3.965102903822909
10,107,random_subsets_natural_partition,4623,4.106557595673436
10,107,random_subsets_natural_partition,4624,4.131732265443871
10,107,random_subsets_natural_partition,4625,4.050009795349066
10,107,random_subsets_natural_partition,4626,4.059840854671212
10,107,random_subsets_natural_partition,4627,3.9956023941764673
10,107,random_subsets_natural_partition,4628,4.114586019992439
10,107,random_subsets_natural_partition,4629,4.113521545072213
10,107,random_subsets_natural_partition,4630,4.059793016562389
10,107,random_subsets_natural_partition,4631,4.085105333697088
10,107,random_subsets_natural_partition,4632,4.05113734589303
10,107,random_subsets_natural_partition,4633,4.102030497288425
10,107,random_subsets_natural_partition,4634,3.9776805528881263
10,107,random_subsets_natural_partition,4635,4.078259744711038
10,107,random_subsets_natural_partition,4636,4.111380790717454
10,107,random_subsets_natural_partition,4637,4.087339702023201
10,107,random_subsets_natural_partition,4638,4.071921145944071
10,107,random_subsets_natural_partition,4639,4.0838401224959995
10,107,random_subsets_natural_partition,4640,3.9581547510915542
10,107,random_subsets_natural_partition,4641,4.179451659509249
10,107,random_subsets_natural_partition,4642,4.047231233078967
10,107,random_subsets_natural_partition,4643,4.04201606334244
10,107,random_subsets_natural_partition,4644,4.090924484705172
10,107,random_subsets_natural_partition,4645,4.08773198474896
10,107,random_subsets_natural_partition,4646,4.04807576090454
10,107,random_subsets_natural_partition,4647,4.062281480399871
10,107,random_subsets_natural_partition,4648,4.097313435304926
10,107,random_subsets_natural_partition,4649,3.9326890811571302
10,107,random_subsets_natural_partition,4650,4.058681220195759
10,107,random_subsets_natural_partition,4651,4.114440139234425
10,107,random_subsets_natural_partition,4652,4.11649541804228
10,107,random_subsets_natural_partition,4653,4.091560135706801
10,107,random_subsets_natural_partition,4654,3.987911092027159
10,107,random_subsets_natural_partition,4655,3.962490351535998
10,107,random_subsets_natural_partition,4656,4.111730573079881
10,107,random_subsets_natural_partition,4657,4.018813247370648
10,107,random_subsets_natural_partition,4658,4.111254111582619
10,107,random_subsets_natural_partition,4659,4.018513273117397
10,107,random_subsets_natural_partition,4660,4.144757308204871
10,107,random_subsets_natural_partition,4661,4.203265540911552
10,107,random_subsets_natural_partition,4662,4.061494795175595
10,107,random_subsets_natural_partition,4663,4.036857991429695
10,107,random_subsets_natural_partition,4664,4.081021691831017
10,107,random_subsets_natural_partition,4665,4.034915247613192
10,107,random_subsets_natural_partition,4666,4.025922178318288
10,107,random_subsets_natural_partition,4667,3.9970156747922547
10,107,random_subsets_natural_partition,4668,4.176971477483255
10,107,random_subsets_natural_partition,4669,4.070931048024966
10,107,random_subsets_natural_partition,4670,4.098606400109939
10,107,random_subsets_natural_partition,4671,4.101537451497679
10,107,random_subsets_natural_partition,4672,3.9929735984227523
10,107,random_subsets_natural_partition,4673,4.0983162911671895
10,107,random_subsets_natural_partition,4674,4.0596910138221025
10,107,random_subsets_natural_partition,4675,4.112419680164209
10,107,random_subsets_natural_partition,4676,4.0903021132193
10,107,random_subsets_natural_partition,4677,4.090308994333148
10,107,random_subsets_natural_partition,4678,4.035141445770016
10,107,random_subsets_natural_partition,4679,4.06428964060742
10,107,random_subsets_natural_partition,4680,4.02089958797045
10,107,random_subsets_natural_partition,4681,4.006377156918365
10,107,random_subsets_natural_partition,4682,4.1273070847132525
10,107,random_subsets_natural_partition,4683,4.097153592383315
10,107,random_subsets_natural_partition,4684,4.028690108015602
10,107,random_subsets_natural_partition,4685,4.054069456937318
10,107,random_subsets_natural_partition,4686,4.067732249189603
10,107,random_subsets_natural_partition,4687,4.054422530215965
10,107,random_subsets_natural_partition,4688,4.00887133149592
10,107,random_subsets_natural_partition,4689,3.9900161634209015
10,107,random_subsets_natural_partition,4690,3.998980689883384
10,107,random_subsets_natural_partition,4691,4.013990685896267
10,107,random_subsets_natural_partition,4692,4.1519653394480684
10,107,random_subsets_natural_partition,4693,4.115216769113307
10,107,random_subsets_natural_partition,4694,4.055599936120628
10,107,random_subsets_natural_partition,4695,4.139848479364071
10,107,random_subsets_natural_partition,4696,4.02023446654728
10,107,random_subsets_natural_partition,4697,4.139592516483491
10,107,random_subsets_natural_partition,4698,4.019726344665544
10,107,random_subsets_natural_partition,4699,4.174795654551041
10,107,random_subsets_natural_partition,4700,4.117513525734329
10,107,random_subsets_natural_partition,4701,4.049621587604195
10,107,random_subsets_natural_partition,4702,4.123509435407517
10,107,random_subsets_natural_partition,4703,3.9994105882875144
10,107,random_subsets_natural_partition,4704,4.040479521065893
10,107,random_subsets_natural_partition,4705,4.023618427684231
10,107,random_subsets_natural_partition,4706,4.0144526858629135
10,107,random_subsets_natural_partition,4707,4.069316529565072
10,107,random_subsets_natural_partition,4708,4.035999608845137
10,107,random_subsets_natural_partition,4709,4.072380162653355
10,107,random_subsets_natural_partition,4710,4.137832944235865
10,107,random_subsets_natural_partition,4711,3.9821901844734753
10,107,random_subsets_natural_partition,4712,4.017282365174302
10,107,random_subsets_natural_partition,4713,4.0902852638750975
10,107,random_subsets_natural_partition,4714,4.095869375268229
10,107,random_subsets_natural_partition,4715,3.9976595598630986
10,107,random_subsets_natural_partition,4716,3.9990770215690077
10,107,random_subsets_natural_partition,4717,4.1244112812002935
10,107,random_subsets_natural_partition,4718,4.118086341578957
10,107,random_subsets_natural_partition,4719,4.115217788854978
10,107,random_subsets_natural_partition,4720,4.076551507264065
10,107,random_subsets_natural_partition,4721,4.109441669804991
10,107,random_subsets_natural_partition,4722,3.992962297399977
10,107,random_subsets_natural_partition,4723,4.054372415920172
10,107,random_subsets_natural_partition,4724,4.0258262180984135
10,107,random_subsets_natural_partition,4725,4.021853473392752
10,107,random_subsets_natural_partition,4726,4.0762105355036775
10,107,random_subsets_natural_partition,4727,3.9852314258296704
10,107,random_subsets_natural_partition,4728,4.032382933976985
10,107,random_subsets_natural_partition,4729,4.155743959926466
10,107,random_subsets_natural_partition,4730,3.9921863288023967
10,107,random_subsets_natural_partition,4731,4.106607769855267
10,107,random_subsets_natural_partition,4732,3.9819938909583033
10,107,random_subsets_natural_partition,4733,4.108591143461321
10,107,random_subsets_natural_partition,4734,4.1002832631947905
10,107,random_subsets_natural_partition,4735,4.14906827368783
10,107,random_subsets_natural_partition,4736,4.077254660872632
10,107,random_subsets_natural_partition,4737,4.178860585603709
10,107,random_subsets_natural_partition,4738,4.201622374234444
10,107,random_subsets_natural_partition,4739,4.134074309853717
10,107,random_subsets_natural_partition,4740,3.998480114608697
10,107,random_subsets_natural_partition,4741,4.036892871400471
10,107,random_subsets_natural_partition,4742,4.121655115862264
10,107,random_subsets_natural_partition,4743,4.151548934150741
10,107,random_subsets_natural_partition,4744,3.9825712157910487
10,107,random_subsets_natural_partition,4745,4.0489492009567645
10,107,random_subsets_natural_partition,4746,4.057779848380787
10,107,random_subsets_natural_partition,4747,4.048766620186249
10,107,random_subsets_natural_partition,4748,4.052657097465539
10,107,random_subsets_natural_partition,4749,4.097440140402765
10,107,random_subsets_natural_partition,4750,3.997102177488907
10,107,random_subsets_natural_partition,4751,4.158541226093228
10,107,random_subsets_natural_partition,4752,4.163230418083219
10,107,random_subsets_natural_partition,4753,4.043801464373654
10,107,random_subsets_natural_partition,4754,4.149280679106015
10,107,random_subsets_natural_partition,4755,4.146941983117732
10,107,random_subsets_natural_partition,4756,3.991494048368344
10,107,random_subsets_natural_partition,4757,4.055222316160178
10,107,random_subsets_natural_partition,4758,4.059824513495228
10,107,random_subsets_natural_partition,4759,4.141778551421681
10,107,random_subsets_natural_partition,4760,4.158958215634571
10,107,random_subsets_natural_partition,4761,4.027967405715356
10,107,random_subsets_natural_partition,4762,4.088301047815834
10,107,random_subsets_natural_partition,4763,4.049473965391249
10,107,random_subsets_natural_partition,4764,4.1399915967508
10,107,random_subsets_natural_partition,4765,4.121332953574585
10,107,random_subsets_natural_partition,4766,4.108578618087548
10,107,random_subsets_natural_partition,4767,4.155663975905526
10,107,random_subsets_natural_partition,4768,4.048688456766359
10,107,random_subsets_natural_partition,4769,3.944809986125513
10,107,random_subsets_natural_partition,4770,4.116530232331855
10,107,random_subsets_natural_partition,4771,4.041284673160007
10,107,random_subsets_natural_partition,4772,4.083967972130443
10,107,random_subsets_natural_partition,4773,4.094535694805784
10,107,random_subsets_natural_partition,4774,4.12071156706328
10,107,random_subsets_natural_partition,4775,4.046827053352687
10,107,random_subsets_natural_partition,4776,4.0524132236393955
10,107,random_subsets_natural_partition,4777,4.098709053571049
10,107,random_subsets_natural_partition,4778,4.041572379879486
10,107,random_subsets_natural_partition,4779,4.063989983927293
10,107,random_subsets_natural_partition,4780,4.043518142563301
10,107,random_subsets_natural_partition,4781,4.026985918050892
10,107,random_subsets_natural_partition,4782,4.118221444557608
10,107,random_subsets_natural_partition,4783,4.159920404933352
10,107,random_subsets_natural_partition,4784,4.062519541752981
10,107,random_subsets_natural_partition,4785,4.0820036830335376
10,107,random_subsets_natural_partition,4786,4.124850305876849
10,107,random_subsets_natural_partition,4787,4.070122718143673
10,107,random_subsets_natural_partition,4788,4.0606135498574405
10,107,random_subsets_natural_partition,4789,4.064157636610414
10,107,random_subsets_natural_partition,4790,4.102280338666832
10,107,random_subsets_natural_partition,4791,4.100760589759309
10,107,random_subsets_natural_partition,4792,4.084270601179284
10,107,random_subsets_natural_partition,4793,4.097512615766021
10,107,random_subsets_natural_partition,4794,4.138402527334094
10,107,random_subsets_natural_partition,4795,4.02331776112156
10,107,random_subsets_natural_partition,4796,4.076250223100796
10,107,random_subsets_natural_partition,4797,4.007995560235409
10,107,random_subsets_natural_partition,4798,3.996379295610228
10,107,random_subsets_natural_partition,4799,4.060973640480818
10,107,random_subsets_natural_partition,4800,4.009150038196459
10,107,random_subsets_natural_partition,4801,4.126152298250095
10,107,random_subsets_natural_partition,4802,4.155251911207209
10,107,random_subsets_natural_partition,4803,4.126222371469087
10,107,random_subsets_natural_partition,4804,4.031881134743845
10,107,random_subsets_natural_partition,4805,4.058641389902137
10,107,random_subsets_natural_partition,4806,4.08449950383579
10,107,random_subsets_natural_partition,4807,4.066806871804424
10,107,random_subsets_natural_partition,4808,4.059998858523464
10,107,random_subsets_natural_partition,4809,4.043333574231113
10,107,random_subsets_natural_partition,4810,4.030507932019164
10,107,random_subsets_natural_partition,4811,3.9413207289692704
10,107,random_subsets_natural_partition,4812,4.067933917558089
10,107,random_subsets_natural_partition,4813,4.073975814371138
10,107,random_subsets_natural_partition,4814,4.151135165601761
10,107,random_subsets_natural_partition,4815,4.1468364564879785
10,107,random_subsets_natural_partition,4816,4.090419773781463
10,107,random_subsets_natural_partition,4817,4.065497376915903
10,107,random_subsets_natural_partition,4818,4.098431030734684
10,107,random_subsets_natural_partition,4819,4.065480435372354
10,107,random_subsets_natural_partition,4820,4.086545428456505
10,107,random_subsets_natural_partition,4821,4.118878150175699
10,107,random_subsets_natural_partition,4822,4.018038499344328
10,107,random_subsets_natural_partition,4823,4.176478113054899
10,107,random_subsets_natural_partition,4824,4.04987284503208
10,107,random_subsets_natural_partition,4825,4.055548631137439
10,107,random_subsets_natural_partition,4826,4.098491073057542
10,107,random_subsets_natural_partition,4827,4.124446444939244
10,107,random_subsets_natural_partition,4828,4.028422159407838
10,107,random_subsets_natural_partition,4829,4.07769681768593
10,107,random_subsets_natural_partition,4830,4.1472731903488285
10,107,random_subsets_natural_partition,4831,4.043812356078964
10,107,random_subsets_natural_partition,4832,4.142615367972798
10,107,random_subsets_natural_partition,4833,3.9936482743593906
10,107,random_subsets_natural_partition,4834,4.123349290281132
10,107,random_subsets_natural_partition,4835,4.135518769797154
10,107,random_subsets_natural_partition,4836,4.127083412816266
10,107,random_subsets_natural_partition,4837,4.097978119497224
10,107,random_subsets_natural_partition,4838,4.04988739848295
10,107,random_subsets_natural_partition,4839,4.189579997576524
10,107,random_subsets_natural_partition,4840,4.014493947262941
10,107,random_subsets_natural_partition,4841,3.9607226736621257
10,107,random_subsets_natural_partition,4842,4.130009856185755
10,107,random_subsets_natural_partition,4843,4.048370284582656
10,107,random_subsets_natural_partition,4844,4.120495663811898
10,107,random_subsets_natural_partition,4845,4.061267548672111
10,107,random_subsets_natural_partition,4846,3.973785150615651
10,107,random_subsets_natural_partition,4847,4.096893656792634
10,107,random_subsets_natural_partition,4848,4.190264461305043
10,107,random_subsets_natural_partition,4849,4.119691903879338
10,107,random_subsets_natural_partition,4850,4.026692690604479
10,107,random_subsets_natural_partition,4851,4.006108952617393
10,107,random_subsets_natural_partition,4852,4.0670620622740925
10,107,random_subsets_natural_partition,4853,4.1554730256909815
10,107,random_subsets_natural_partition,4854,3.999170462356088
10,107,random_subsets_natural_partition,4855,4.081429739551659
10,107,random_subsets_natural_partition,4856,4.151478305394741
10,107,random_subsets_natural_partition,4857,4.064002573197609
10,107,random_subsets_natural_partition,4858,3.9560912360111176
10,107,random_subsets_natural_partition,4859,4.166362550854025
10,107,random_subsets_natural_partition,4860,4.093443611178816
10,107,random_subsets_natural_partition,4861,4.11860853592833
10,107,random_subsets_natural_partition,4862,3.9491342988907285
10,107,random_subsets_natural_partition,4863,4.063290408087907
10,107,random_subsets_natural_partition,4864,4.185991374671559
10,107,random_subsets_natural_partition,4865,4.090635485245569
10,107,random_subsets_natural_partition,4866,4.113782190809718
10,107,random_subsets_natural_partition,4867,4.194907861681692
10,107,random_subsets_natural_partition,4868,4.104895829119414
10,107,random_subsets_natural_partition,4869,3.990383647114874
10,107,random_subsets_natural_partition,4870,4.068937663606965
10,107,random_subsets_natural_partition,4871,4.0766502268622355
10,107,random_subsets_natural_partition,4872,4.118972815391409
10,107,random_subsets_natural_partition,4873,4.098027615878539
10,107,random_subsets_natural_partition,4874,4.169882995024
10,107,random_subsets_natural_partition,4875,4.067668251451342
10,107,random_subsets_natural_partition,4876,4.066126957595716
10,107,random_subsets_natural_partition,4877,4.071327681892995
10,107,random_subsets_natural_partition,4878,4.032790110956286
10,107,random_subsets_natural_partition,4879,4.0990154239023715
10,107,random_subsets_natural_partition,4880,4.0707081066810815
10,107,random_subsets_natural_partition,4881,4.0616597550777485
10,107,random_subsets_natural_partition,4882,4.127768889210046
10,107,random_subsets_natural_partition,4883,4.098289377383337
10,107,random_subsets_natural_partition,4884,4.1158419518757965
10,107,random_subsets_natural_partition,4885,4.0424973259789105
10,107,random_subsets_natural_partition,4886,4.058294002453893
10,107,random_subsets_natural_partition,4887,3.9916501028918985
10,107,random_subsets_natural_partition,4888,4.08681775697884
10,107,random_subsets_natural_partition,4889,4.073316907359921
10,107,random_subsets_natural_partition,4890,4.089650964180622
10,107,random_subsets_natural_partition,4891,4.073322631673643
10,107,random_subsets_natural_partition,4892,3.995267439376722
10,107,random_subsets_natural_partition,4893,4.1426703648491925
10,107,random_subsets_natural_partition,4894,4.116867522559979
10,107,random_subsets_natural_partition,4895,4.028355459162408
10,107,random_subsets_natural_partition,4896,4.052516444279797
10,107,random_subsets_natural_partition,4897,4.075143269791036
10,107,random_subsets_natural_partition,4898,4.013785956392229
10,107,random_subsets_natural_partition,4899,4.091788562959618
10,107,random_subsets_natural_partition,4900,4.083165295387888
10,107,random_subsets_natural_partition,4901,4.100126665681899
10,107,random_subsets_natural_partition,4902,3.983381602569232
10,107,random_subsets_natural_partition,4903,4.105053010375356
10,107,random_subsets_natural_partition,4904,4.171494878416016
10,107,random_subsets_natural_partition,4905,4.049315373150525
10,107,random_subsets_natural_partition,4906,4.11797999065107
10,107,random_subsets_natural_partition,4907,4.168556713620043
10,107,random_subsets_natural_partition,4908,4.093053793214441
10,107,random_subsets_natural_partition,4909,4.139773422018902
10,107,random_subsets_natural_partition,4910,4.136106535194565
10,107,random_subsets_natural_partition,4911,4.125643694170027
10,107,random_subsets_natural_partition,4912,4.130436375492903
10,107,random_subsets_natural_partition,4913,4.024711516965131
10,107,random_subsets_natural_partition,4914,3.958216041198346
10,107,random_subsets_natural_partition,4915,4.108229920503487
10,107,random_subsets_natural_partition,4916,4.1191027819880075
10,107,random_subsets_natural_partition,4917,4.053529510938577
10,107,random_subsets_natural_partition,4918,4.040886234747741
10,107,random_subsets_natural_partition,4919,4.1044130186659595
10,107,random_subsets_natural_partition,4920,4.1495665706310065
10,107,random_subsets_natural_partition,4921,4.135067203041535
10,107,random_subsets_natural_partition,4922,4.121776719756345
10,107,random_subsets_natural_partition,4923,4.096850700543148
10,107,random_subsets_natural_partition,4924,4.101198833488906
10,107,random_subsets_natural_partition,4925,4.076241654832455
10,107,random_subsets_natural_partition,4926,3.9198976353859467
10,107,random_subsets_natural_partition,4927,4.0099730900502415
10,107,random_subsets_natural_partition,4928,4.033444497763132
10,107,random_subsets_natural_partition,4929,4.038275433027242
10,107,random_subsets_natural_partition,4930,4.044778193366062
10,107,random_subsets_natural_partition,4931,4.099610367398707
10,107,random_subsets_natural_partition,4932,4.067842044759525
10,107,random_subsets_natural_partition,4933,4.036425720873317
10,107,random_subsets_natural_partition,4934,4.140547306143627
10,107,random_subsets_natural_partition,4935,4.065797282150992
10,107,random_subsets_natural_partition,4936,4.04812661309735
10,107,random_subsets_natural_partition,4937,4.072874933159892
10,107,random_subsets_natural_partition,4938,3.967577665970229
10,107,random_subsets_natural_partition,4939,4.156203793889438
10,107,random_subsets_natural_partition,4940,4.095006193936674
10,107,random_subsets_natural_partition,4941,4.078417304395635
10,107,random_subsets_natural_partition,4942,4.2064579522645476
10,107,random_subsets_natural_partition,4943,4.047043503799126
10,107,random_subsets_natural_partition,4944,4.063723715454334
10,107,random_subsets_natural_partition,4945,4.081092766047737
10,107,random_subsets_natural_partition,4946,4.041259316667805
10,107,random_subsets_natural_partition,4947,4.099274948563246
10,107,random_subsets_natural_partition,4948,4.065601019017368
10,107,random_subsets_natural_partition,4949,4.0952826038338905
10,107,random_subsets_natural_partition,4950,4.031217034470097
10,107,random_subsets_natural_partition,4951,4.043566349918106
10,107,random_subsets_natural_partition,4952,4.199456519005293
10,107,random_subsets_natural_partition,4953,4.044822338107122
10,107,random_subsets_natural_partition,4954,4.18757356713596
10,107,random_subsets_natural_partition,4955,4.018933265228107
10,107,random_subsets_natural_partition,4956,4.138417001364882
10,107,random_subsets_natural_partition,4957,4.194542425664332
10,107,random_subsets_natural_partition,4958,4.148157135953287
10,107,random_subsets_natural_partition,4959,4.031102530644048
10,107,random_subsets_natural_partition,4960,4.083894731236329
10,107,random_subsets_natural_partition,4961,4.099570438177845
10,107,random_subsets_natural_partition,4962,4.0628900960555985
10,107,random_subsets_natural_partition,4963,4.140720968601652
10,107,random_subsets_natural_partition,4964,4.045662434265493
10,107,random_subsets_natural_partition,4965,4.065271969659911
10,107,random_subsets_natural_partition,4966,4.103219110318753
10,107,random_subsets_natural_partition,4967,4.015458209986
10,107,random_subsets_natural_partition,4968,4.110327012836374
10,107,random_subsets_natural_partition,4969,4.100902787111516
10,107,random_subsets_natural_partition,4970,4.076585490718098
10,107,random_subsets_natural_partition,4971,4.0475695793683055
10,107,random_subsets_natural_partition,4972,4.080471655934876
10,107,random_subsets_natural_partition,4973,4.0365145966283436
10,107,random_subsets_natural_partition,4974,4.1064716806110395
10,107,random_subsets_natural_partition,4975,4.094502537030225
10,107,random_subsets_natural_partition,4976,4.080105264404085
10,107,random_subsets_natural_partition,4977,4.079714323688439
10,107,random_subsets_natural_partition,4978,4.084815763922905
10,107,random_subsets_natural_partition,4979,4.022075972805728
10,107,random_subsets_natural_partition,4980,4.153497707791059
10,107,random_subsets_natural_partition,4981,4.164151062582173
10,107,random_subsets_natural_partition,4982,4.133577162082574
10,107,random_subsets_natural_partition,4983,4.057199212180541
10,107,random_subsets_natural_partition,4984,3.997087859904964
10,107,random_subsets_natural_partition,4985,4.200044100205555
10,107,random_subsets_natural_partition,4986,4.048986786614905
10,107,random_subsets_natural_partition,4987,3.9860520607888814
10,107,random_subsets_natural_partition,4988,3.9672100313973484
10,107,random_subsets_natural_partition,4989,4.0092649128480184
10,107,random_subsets_natural_partition,4990,4.118861544331122
10,107,random_subsets_natural_partition,4991,4.149390684459304
10,107,random_subsets_natural_partition,4992,4.065590824149629
10,107,random_subsets_natural_partition,4993,4.103688686330106
10,107,random_subsets_natural_partition,4994,4.096545839043733
10,107,random_subsets_natural_partition,4995,4.0452348777629
10,107,random_subsets_natural_partition,4996,4.1268738971521035
10,107,random_subsets_natural_partition,4997,4.0689494354049325
10,107,random_subsets_natural_partition,4998,3.9923276526616402
10,107,random_subsets_natural_partition,4999,4.115773438015037
10,107,random_subsets_natural_partition,5000,4.028067376500598
10,107,random_subsets_natural_partition,5001,4.043664173699791
10,107,random_subsets_natural_partition,5002,4.0998130668547415
10,107,random_subsets_natural_partition,5003,4.09087159097457
10,107,random_subsets_natural_partition,5004,4.070055827283831
10,107,random_subsets_natural_partition,5005,4.094422064756421
10,107,random_subsets_natural_partition,5006,4.099518342964795
10,107,random_subsets_natural_partition,5007,4.060793541818962
10,107,random_subsets_natural_partition,5008,4.004160339152914
10,107,random_subsets_natural_partition,5009,4.042160551191401
10,107,random_subsets_natural_partition,5010,4.120811358553969
10,107,random_subsets_natural_partition,5011,4.06496765134735
10,107,random_subsets_natural_partition,5012,4.162557190343791
10,107,random_subsets_natural_partition,5013,4.05297065860705
10,107,random_subsets_natural_partition,5014,4.013321101368545
10,107,random_subsets_natural_partition,5015,4.0739461400092
10,107,random_subsets_natural_partition,5016,4.079000582455625
10,107,random_subsets_natural_partition,5017,3.8651049120067853
10,107,random_subsets_natural_partition,5018,4.0134541926080205
10,107,random_subsets_natural_partition,5019,3.8705840610013684
10,107,random_subsets_natural_partition,5020,4.044546066801609
10,107,random_subsets_natural_partition,5021,3.9738453579609074
10,107,random_subsets_natural_partition,5022,4.089648880559151
10,107,random_subsets_natural_partition,5023,3.9647756871195043
10,107,random_subsets_natural_partition,5024,4.066979877564386
10,107,random_subsets_natural_partition,5025,3.971187667930266
10,107,random_subsets_natural_partition,5026,4.132848440272433
10,107,random_subsets_natural_partition,5027,4.100550629714261
10,107,random_subsets_natural_partition,5028,4.00396599961451
10,107,random_subsets_natural_partition,5029,3.9829306226270265
10,107,random_subsets_natural_partition,5030,3.9138198819449737
10,107,random_subsets_natural_partition,5031,4.185633676249326
10,107,random_subsets_natural_partition,5032,4.003530752646699
10,107,random_subsets_natural_partition,5033,4.074295641731321
10,107,random_subsets_natural_partition,5034,3.9474692641014557
10,107,random_subsets_natural_partition,5035,4.012666855060059
10,107,random_subsets_natural_partition,5036,3.985598769455494
10,107,random_subsets_natural_partition,5037,4.123194675413996
10,107,random_subsets_natural_partition,5038,4.0965423327081005
10,107,random_subsets_natural_partition,5039,4.11652826584507
10,107,random_subsets_natural_partition,5040,4.095046321819624
10,107,random_subsets_natural_partition,5041,4.05190602384573
10,107,random_subsets_natural_partition,5042,4.006011970549112
10,107,random_subsets_natural_partition,5043,4.12579559817007
10,107,random_subsets_natural_partition,5044,4.013143507489023
10,107,random_subsets_natural_partition,5045,4.089570053063228
10,107,random_subsets_natural_partition,5046,4.033633611161679
10,107,random_subsets_natural_partition,5047,4.069173746897905
10,107,random_subsets_natural_partition,5048,4.142557285601115
10,107,random_subsets_natural_partition,5049,4.208150674734619
10,107,random_subsets_natural_partition,5050,4.125548711988126
10,107,random_subsets_natural_partition,5051,4.1164455211982744
10,107,random_subsets_natural_partition,5052,4.093044430334629
10,107,random_subsets_natural_partition,5053,4.089142548496262
10,107,random_subsets_natural_partition,5054,4.116331607000079
10,107,random_subsets_natural_partition,5055,4.0334854924201435
10,107,random_subsets_natural_partition,5056,4.112589778237369
10,107,random_subsets_natural_partition,5057,4.024273855121413
10,107,random_subsets_natural_partition,5058,4.041740777719052
10,107,random_subsets_natural_partition,5059,4.063885773578689
10,107,random_subsets_natural_partition,5060,4.052825281367319
10,107,random_subsets_natural_partition,5061,4.1748712382157365
10,107,random_subsets_natural_partition,5062,4.058126727778753
10,107,random_subsets_natural_partition,5063,4.142108994849688
10,107,random_subsets_natural_partition,5064,4.1839635061123746
10,107,random_subsets_natural_partition,5065,4.091202012377383
10,107,random_subsets_natural_partition,5066,4.012148716208043
10,107,random_subsets_natural_partition,5067,4.052993202689127
10,107,random_subsets_natural_partition,5068,4.082429642780912
10,107,random_subsets_natural_partition,5069,4.068081814183766
10,107,random_subsets_natural_partition,5070,4.026136058365573
10,107,random_subsets_natural_partition,5071,4.096050351288765
10,107,random_subsets_natural_partition,5072,4.131198440848523
10,107,random_subsets_natural_partition,5073,4.119534792504227
10,107,random_subsets_natural_partition,5074,4.079374255509512
10,107,random_subsets_natural_partition,5075,4.058554837770771
10,107,random_subsets_natural_partition,5076,3.978889934528773
10,107,random_subsets_natural_partition,5077,3.9745364085875137
10,107,random_subsets_natural_partition,5078,4.1007533220018715
10,107,random_subsets_natural_partition,5079,4.156210604638902
10,107,random_subsets_natural_partition,5080,4.078318675429675
10,107,random_subsets_natural_partition,5081,4.05535320414416
10,107,random_subsets_natural_partition,5082,4.123852772172566
10,107,random_subsets_natural_partition,5083,3.989790562443262
10,107,random_subsets_natural_partition,5084,4.053108089126589
10,107,random_subsets_natural_partition,5085,4.041646975336179
10,107,random_subsets_natural_partition,5086,3.996556912460224
10,107,random_subsets_natural_partition,5087,4.035501305643488
10,107,random_subsets_natural_partition,5088,4.103312069799976
10,107,random_subsets_natural_partition,5089,4.16823363663594
10,107,random_subsets_natural_partition,5090,4.135515591460307
10,107,random_subsets_natural_partition,5091,4.089491369727312
10,107,random_subsets_natural_partition,5092,4.115699873487545
10,107,random_subsets_natural_partition,5093,4.0604214870682585
10,107,random_subsets_natural_partition,5094,4.047586519763263
10,107,random_subsets_natural_partition,5095,4.009208622495283
10,107,random_subsets_natural_partition,5096,4.109821134512274
10,107,random_subsets_natural_partition,5097,4.109164659289384
10,107,random_subsets_natural_partition,5098,4.0449098423054455
10,107,random_subsets_natural_partition,5099,4.160690082673043
10,107,random_subsets_natural_partition,5100,4.06623029897948
10,107,random_subsets_natural_partition,5101,4.032162648995881
10,107,random_subsets_natural_partition,5102,3.999306261434484
10,107,random_subsets_natural_partition,5103,4.013007929560723
10,107,random_subsets_natural_partition,5104,4.012301410093062
10,107,random_subsets_natural_partition,5105,4.122158973951686
10,107,random_subsets_natural_partition,5106,4.084278449672685
10,107,random_subsets_natural_partition,5107,4.103424012237317
10,107,random_subsets_natural_partition,5108,3.9538471867645093
10,107,random_subsets_natural_partition,5109,4.082627175489061
10,107,random_subsets_natural_partition,5110,4.012470787858556
10,107,random_subsets_natural_partition,5111,4.154374574940003
10,107,random_subsets_natural_partition,5112,3.9766492741044335
10,107,random_subsets_natural_partition,5113,4.069117672538647
10,107,random_subsets_natural_partition,5114,4.130912451747238
10,107,random_subsets_natural_partition,5115,4.10154004288479
10,107,random_subsets_natural_partition,5116,4.079926684718145
10,107,random_subsets_natural_partition,5117,4.111836012755803
10,107,random_subsets_natural_partition,5118,4.189492746389176
10,107,random_subsets_natural_partition,5119,4.0544588547427995
10,107,random_subsets_natural_partition,5120,4.1642407563178745
10,107,random_subsets_natural_partition,5121,4.020738588827517
10,107,random_subsets_natural_partition,5122,4.124680777472871
10,107,random_subsets_natural_partition,5123,4.089648808631873
10,107,random_subsets_natural_partition,5124,4.113405663393602
10,107,random_subsets_natural_partition,5125,4.067012401465168
10,107,random_subsets_natural_partition,5126,4.14390939963149
10,107,random_subsets_natural_partition,5127,4.085652048371807
10,107,random_subsets_natural_partition,5128,4.031035746412126
10,107,random_subsets_natural_partition,5129,4.104588594147228
10,107,random_subsets_natural_partition,5130,4.107043000458942
10,107,random_subsets_natural_partition,5131,4.088128634292956
10,107,random_subsets_natural_partition,5132,4.018069218345035
10,107,random_subsets_natural_partition,5133,3.992764095250268
10,107,random_subsets_natural_partition,5134,4.1082172371568895
10,107,random_subsets_natural_partition,5135,4.144366824808431
10,107,random_subsets_natural_partition,5136,4.112888036255993
10,107,random_subsets_natural_partition,5137,4.031440304082629
10,107,random_subsets_natural_partition,5138,4.089112067315247
10,107,random_subsets_natural_partition,5139,4.07909515627371
10,107,random_subsets_natural_partition,5140,4.042036223948976
10,107,random_subsets_natural_partition,5141,4.041833740827917
10,107,random_subsets_natural_partition,5142,4.174736295849732
10,107,random_subsets_natural_partition,5143,4.123733639174886
10,107,random_subsets_natural_partition,5144,4.052717931810711
10,107,random_subsets_natural_partition,5145,4.028699219058541
10,107,random_subsets_natural_partition,5146,4.158128017871431
10,107,random_subsets_natural_partition,5147,4.061077385129629
10,107,random_subsets_natural_partition,5148,4.096784584277548
10,107,random_subsets_natural_partition,5149,4.06065590746126
10,107,random_subsets_natural_partition,5150,4.08725994422945
10,107,random_subsets_natural_partition,5151,4.046861850415409
10,107,random_subsets_natural_partition,5152,4.089274989297841
10,107,random_subsets_natural_partition,5153,4.032031041987489
10,107,random_subsets_natural_partition,5154,3.9790874628052766
10,107,random_subsets_natural_partition,5155,4.029723245707844
10,107,random_subsets_natural_partition,5156,4.115476642655429
10,107,random_subsets_natural_partition,5157,4.027674971066194
10,107,random_subsets_natural_partition,5158,3.9887342975276314
10,107,random_subsets_natural_partition,5159,4.1010362045096445
10,107,random_subsets_natural_partition,5160,4.093833422119575
10,107,random_subsets_natural_partition,5161,4.064851112336686
10,107,random_subsets_natural_partition,5162,4.021549721634645
10,107,random_subsets_natural_partition,5163,4.012211903876204
10,107,random_subsets_natural_partition,5164,4.04901075479696
10,107,random_subsets_natural_partition,5165,4.01653842640998
10,107,random_subsets_natural_partition,5166,4.052492711425695
10,107,random_subsets_natural_partition,5167,4.051054881626625
10,107,random_subsets_natural_partition,5168,4.103399029150359
10,107,random_subsets_natural_partition,5169,4.046636755228888
10,107,random_subsets_natural_partition,5170,3.969797350477589
10,107,random_subsets_natural_partition,5171,4.115397781376836
10,107,random_subsets_natural_partition,5172,4.118805296483266
10,107,random_subsets_natural_partition,5173,4.0420834113097275
10,107,random_subsets_natural_partition,5174,4.120182040508748
10,107,random_subsets_natural_partition,5175,4.026483074254819
10,107,random_subsets_natural_partition,5176,4.027196231302417
10,107,random_subsets_natural_partition,5177,4.123911248980996
10,107,random_subsets_natural_partition,5178,4.080077326452191
10,107,random_subsets_natural_partition,5179,3.9868153897746033
10,107,random_subsets_natural_partition,5180,4.146205691495168
10,107,random_subsets_natural_partition,5181,4.114431066350323
10,107,random_subsets_natural_partition,5182,4.156639705937151
10,107,random_subsets_natural_partition,5183,4.136742311506747
10,107,random_subsets_natural_partition,5184,4.140107842909271
10,107,random_subsets_natural_partition,5185,4.074179593315185
10,107,random_subsets_natural_partition,5186,4.1291996497708565
10,107,random_subsets_natural_partition,5187,4.113970211043174
10,107,random_subsets_natural_partition,5188,4.119102816785393
10,107,random_subsets_natural_partition,5189,4.085105094569408
10,107,random_subsets_natural_partition,5190,4.2392719622787745
10,107,random_subsets_natural_partition,5191,4.082314847820933
10,107,random_subsets_natural_partition,5192,4.187019264542492
10,107,random_subsets_natural_partition,5193,4.1494180434827435
10,107,random_subsets_natural_partition,5194,4.067110548023572
10,107,random_subsets_natural_partition,5195,4.03254561076342
10,107,random_subsets_natural_partition,5196,4.095366280350951
10,107,random_subsets_natural_partition,5197,4.196340860371514
10,107,random_subsets_natural_partition,5198,4.164323832619726
10,107,random_subsets_natural_partition,5199,3.9771610800050925
10,107,random_subsets_natural_partition,5200,4.087293194561988
10,107,random_subsets_natural_partition,5201,4.162052376371676
10,107,random_subsets_natural_partition,5202,4.073819561285874
10,107,random_subsets_natural_partition,5203,4.154973121445623
10,107,random_subsets_natural_partition,5204,4.064943487367166
10,107,random_subsets_natural_partition,5205,3.9983749621657902
10,107,random_subsets_natural_partition,5206,4.104283991174675
10,107,random_subsets_natural_partition,5207,4.091611288679765
10,107,random_subsets_natural_partition,5208,4.099994442811112
10,107,random_subsets_natural_partition,5209,4.0694195448595964
10,107,random_subsets_natural_partition,5210,4.014869332842575
10,107,random_subsets_natural_partition,5211,4.07693200261466
10,107,random_subsets_natural_partition,5212,4.030917645993456
10,107,random_subsets_natural_partition,5213,4.09378039226715
10,107,random_subsets_natural_partition,5214,4.076607603075911
10,107,random_subsets_natural_partition,5215,4.068757893926152
10,107,random_subsets_natural_partition,5216,3.9906462704734524
10,107,random_subsets_natural_partition,5217,4.150887245092996
10,107,random_subsets_natural_partition,5218,3.9695833918903403
10,107,random_subsets_natural_partition,5219,4.165117912730745
10,107,random_subsets_natural_partition,5220,4.0578214176360365
10,107,random_subsets_natural_partition,5221,4.052594112416064
10,107,random_subsets_natural_partition,5222,4.007387192911492
10,107,random_subsets_natural_partition,5223,4.044940399543995
10,107,random_subsets_natural_partition,5224,4.046541543592979
10,107,random_subsets_natural_partition,5225,4.138235072848619
10,107,random_subsets_natural_partition,5226,4.1230494547055905
10,107,random_subsets_natural_partition,5227,4.097749220969142
10,107,random_subsets_natural_partition,5228,4.139809903565101
10,107,random_subsets_natural_partition,5229,4.170233351791656
10,107,random_subsets_natural_partition,5230,4.0642955644863115
10,107,random_subsets_natural_partition,5231,4.138911274995017
10,107,random_subsets_natural_partition,5232,4.078770206640594
10,107,random_subsets_natural_partition,5233,4.04751743049303
10,107,random_subsets_natural_partition,5234,4.0682320043322235
10,107,random_subsets_natural_partition,5235,4.085006043869319
10,107,random_subsets_natural_partition,5236,4.10000641509319
10,107,random_subsets_natural_partition,5237,3.924057138350503
10,107,random_subsets_natural_partition,5238,4.065861627176506
10,107,random_subsets_natural_partition,5239,4.052978833390019
10,107,random_subsets_natural_partition,5240,4.0576007860049605
10,107,random_subsets_natural_partition,5241,4.086041557358014
10,107,random_subsets_natural_partition,5242,4.117786521478789
10,107,random_subsets_natural_partition,5243,4.085207242331093
10,107,random_subsets_natural_partition,5244,4.0862513888240075
10,107,random_subsets_natural_partition,5245,3.9994138545584863
10,107,random_subsets_natural_partition,5246,4.021796129793962
10,107,random_subsets_natural_partition,5247,4.135476852458448
10,107,random_subsets_natural_partition,5248,4.0797839464998535
10,107,random_subsets_natural_partition,5249,3.9520071454962236
10,107,random_subsets_natural_partition,5250,4.090909762580639
10,107,random_subsets_natural_partition,5251,4.111124082947639
10,107,random_subsets_natural_partition,5252,4.1359472949014044
10,107,random_subsets_natural_partition,5253,4.201472832853195
10,107,random_subsets_natural_partition,5254,4.05175375067932
10,107,random_subsets_natural_partition,5255,4.066724615884202
10,107,random_subsets_natural_partition,5256,4.046371121257079
10,107,random_subsets_natural_partition,5257,4.0565836663284704
10,107,random_subsets_natural_partition,5258,4.093899079709615
10,107,random_subsets_natural_partition,5259,4.080130714698953
10,107,random_subsets_natural_partition,5260,4.111586402853598
10,107,random_subsets_natural_partition,5261,4.029799944708827
10,107,random_subsets_natural_partition,5262,3.993706202939181
10,107,random_subsets_natural_partition,5263,4.048147270342633
10,107,random_subsets_natural_partition,5264,4.076889991508578
10,107,random_subsets_natural_partition,5265,4.126015774762158
10,107,random_subsets_natural_partition,5266,4.168250372334616
10,107,random_subsets_natural_partition,5267,4.113347523453825
10,107,random_subsets_natural_partition,5268,4.126806103980199
10,107,random_subsets_natural_partition,5269,4.03614787966168
10,107,random_subsets_natural_partition,5270,4.084996114310522
10,107,random_subsets_natural_partition,5271,4.099247073303056
10,107,random_subsets_natural_partition,5272,3.9712704924190243
10,107,random_subsets_natural_partition,5273,4.201326700234255
10,107,random_subsets_natural_partition,5274,4.174610724081435
10,107,random_subsets_natural_partition,5275,4.074506591142462
10,107,random_subsets_natural_partition,5276,4.103854090278474
10,107,random_subsets_natural_partition,5277,4.005088462899947
10,107,random_subsets_natural_partition,5278,3.9877490314325765
10,107,random_subsets_natural_partition,5279,4.1413186431192015
10,107,random_subsets_natural_partition,5280,4.100684548916747
10,107,random_subsets_natural_partition,5281,4.11672841527536
10,107,random_subsets_natural_partition,5282,4.0655591368774475
10,107,random_subsets_natural_partition,5283,4.003245100418397
10,107,random_subsets_natural_partition,5284,4.144056875283259
10,107,random_subsets_natural_partition,5285,4.0111081961447255
10,107,random_subsets_natural_partition,5286,4.135547463585932
10,107,random_subsets_natural_partition,5287,4.114818366614428
10,107,random_subsets_natural_partition,5288,4.105607065375318
10,107,random_subsets_natural_partition,5289,4.107479066046465
10,107,random_subsets_natural_partition,5290,4.047168485654511
10,107,random_subsets_natural_partition,5291,4.026427531473081
10,107,random_subsets_natural_partition,5292,4.026405117058209
10,107,random_subsets_natural_partition,5293,4.123182907992874
10,107,random_subsets_natural_partition,5294,3.9933322725607185
10,107,random_subsets_natural_partition,5295,4.076623921588512
10,107,random_subsets_natural_partition,5296,4.068782129931814
10,107,random_subsets_natural_partition,5297,4.077689447142226
10,107,random_subsets_natural_partition,5298,4.096853312811922
10,107,random_subsets_natural_partition,5299,4.049411627974945
10,107,random_subsets_natural_partition,5300,4.046789594191299
10,107,random_subsets_natural_partition,5301,4.073317471296535
10,107,random_subsets_natural_partition,5302,4.089695691354008
10,107,random_subsets_natural_partition,5303,4.1322306891623795
10,107,random_subsets_natural_partition,5304,4.139618844779149
10,107,random_subsets_natural_partition,5305,4.124869000353939
10,107,random_subsets_natural_partition,5306,4.158808846629044
10,107,random_subsets_natural_partition,5307,4.095553771681889
10,107,random_subsets_natural_partition,5308,4.042742390598789
10,107,random_subsets_natural_partition,5309,4.12027600203776
10,107,random_subsets_natural_partition,5310,4.091216853176518
10,107,random_subsets_natural_partition,5311,4.0588430047969934
10,107,random_subsets_natural_partition,5312,3.98988737340298
10,107,random_subsets_natural_partition,5313,4.031504980147534
10,107,random_subsets_natural_partition,5314,4.01617949050012
10,107,random_subsets_natural_partition,5315,3.9924802940698716
10,107,random_subsets_natural_partition,5316,4.070996900753346
10,107,random_subsets_natural_partition,5317,4.092130245968752
10,107,random_subsets_natural_partition,5318,4.046813302721365
10,107,random_subsets_natural_partition,5319,3.951000475853767
10,107,random_subsets_natural_partition,5320,4.047031362671237
10,107,random_subsets_natural_partition,5321,4.145325329958743
10,107,random_subsets_natural_partition,5322,4.084069078209721
10,107,random_subsets_natural_partition,5323,4.0270539844852316
10,107,random_subsets_natural_partition,5324,3.988744761220104
10,107,random_subsets_natural_partition,5325,4.08611735592956
10,107,random_subsets_natural_partition,5326,4.18300470102907
10,107,random_subsets_natural_partition,5327,4.063142119105669
10,107,random_subsets_natural_partition,5328,4.044810360398184
10,107,random_subsets_natural_partition,5329,4.113658761780312
10,107,random_subsets_natural_partition,5330,4.067173362147329
10,107,random_subsets_natural_partition,5331,4.172238607961591
10,107,random_subsets_natural_partition,5332,4.033166479626684
10,107,random_subsets_natural_partition,5333,4.015916873893055
10,107,random_subsets_natural_partition,5334,4.106312926377206
10,107,random_subsets_natural_partition,5335,4.097696756395078
10,107,random_subsets_natural_partition,5336,4.01465913114045
10,107,random_subsets_natural_partition,5337,4.0566916318422885
10,107,random_subsets_natural_partition,5338,4.231034074513244
10,107,random_subsets_natural_partition,5339,4.0568251590948545
10,107,random_subsets_natural_partition,5340,4.063092404458891
10,107,random_subsets_natural_partition,5341,4.033519149000289
10,107,random_subsets_natural_partition,5342,4.031329215650679
10,107,random_subsets_natural_partition,5343,4.087716228485848
10,107,random_subsets_natural_partition,5344,4.119180138257657
10,107,random_subsets_natural_partition,5345,3.9938900292099797
10,107,random_subsets_natural_partition,5346,4.028094670007219
10,107,random_subsets_natural_partition,5347,4.173058867156309
10,107,random_subsets_natural_partition,5348,3.8782938833176037
10,107,random_subsets_natural_partition,5349,4.0381483908183435
10,107,random_subsets_natural_partition,5350,4.038239238288891
10,107,random_subsets_natural_partition,5351,4.066764933369929
10,107,random_subsets_natural_partition,5352,4.158497169983587
10,107,random_subsets_natural_partition,5353,4.126355566692881
10,107,random_subsets_natural_partition,5354,4.112460703282787
10,107,random_subsets_natural_partition,5355,3.9942643593001312
10,107,random_subsets_natural_partition,5356,3.995175908260896
10,107,random_subsets_natural_partition,5357,4.151167472829312
10,107,random_subsets_natural_partition,5358,3.9816816707151284
10,107,random_subsets_natural_partition,5359,4.12269039715443
10,107,random_subsets_natural_partition,5360,4.13484119147032
10,107,random_subsets_natural_partition,5361,4.032880183123149
10,107,random_subsets_natural_partition,5362,4.0094581737807635
10,107,random_subsets_natural_partition,5363,3.9238409440828894
10,107,random_subsets_natural_partition,5364,4.180237383001924
10,107,random_subsets_natural_partition,5365,4.076760069959072
10,107,random_subsets_natural_partition,5366,4.140992354455908
10,107,random_subsets_natural_partition,5367,3.9880722953325907
10,107,random_subsets_natural_partition,5368,4.104360327091051
10,107,random_subsets_natural_partition,5369,4.119638433186696
10,107,random_subsets_natural_partition,5370,4.064560546429071
10,107,random_subsets_natural_partition,5371,4.1365406806205955
10,107,random_subsets_natural_partition,5372,4.083346687696166
10,107,random_subsets_natural_partition,5373,4.113322488490209
10,107,random_subsets_natural_partition,5374,4.051628295876835
10,107,random_subsets_natural_partition,5375,4.147173903450632
10,107,random_subsets_natural_partition,5376,4.031529996881862
10,107,random_subsets_natural_partition,5377,3.9771610133243462
10,107,random_subsets_natural_partition,5378,3.996482461098879
10,107,random_subsets_natural_partition,5379,4.1089486224811935
10,107,random_subsets_natural_partition,5380,4.0901305868031645
10,107,random_subsets_natural_partition,5381,4.105947359698167
10,107,random_subsets_natural_partition,5382,4.064114994460112
10,107,random_subsets_natural_partition,5383,4.007079595246864
10,107,random_subsets_natural_partition,5384,4.075887679971935
10,107,random_subsets_natural_partition,5385,4.074533543154621
10,107,random_subsets_natural_partition,5386,4.00274202713933
10,107,random_subsets_natural_partition,5387,3.9965817377576585
10,107,random_subsets_natural_partition,5388,4.0606359248741315
10,107,random_subsets_natural_partition,5389,4.0735818548964
10,107,random_subsets_natural_partition,5390,4.1586600645794265
10,107,random_subsets_natural_partition,5391,4.178362376543354
10,107,random_subsets_natural_partition,5392,4.10300044648366
10,107,random_subsets_natural_partition,5393,4.01818230598458
10,107,random_subsets_natural_partition,5394,3.96595087304634
10,107,random_subsets_natural_partition,5395,4.0818028319071775
10,107,random_subsets_natural_partition,5396,4.073634536313657
10,107,random_subsets_natural_partition,5397,4.086177588537893
10,107,random_subsets_natural_partition,5398,4.030726494160505
10,107,random_subsets_natural_partition,5399,3.9787653550237376
10,107,random_subsets_natural_partition,5400,4.011506460892895
10,107,random_subsets_natural_partition,5401,4.053440329470099
10,107,random_subsets_natural_partition,5402,4.154144088021653
10,107,random_subsets_natural_partition,5403,4.114212600771295
10,107,random_subsets_natural_partition,5404,4.107288869498873
10,107,random_subsets_natural_partition,5405,4.185282548686592
10,107,random_subsets_natural_partition,5406,4.091467980301273
10,107,random_subsets_natural_partition,5407,4.061267720125081
10,107,random_subsets_natural_partition,5408,4.071916762901868
10,107,random_subsets_natural_partition,5409,4.024981836214207
10,107,random_subsets_natural_partition,5410,4.097473682474695
10,107,random_subsets_natural_partition,5411,4.002360117584819
10,107,random_subsets_natural_partition,5412,3.9813601143670607
10,107,random_subsets_natural_partition,5413,4.118456783193293
10,107,random_subsets_natural_partition,5414,4.043213536615049
10,107,random_subsets_natural_partition,5415,4.022962351093515
10,107,random_subsets_natural_partition,5416,4.098869590165352
10,107,random_subsets_natural_partition,5417,4.123074642091743
10,107,random_subsets_natural_partition,5418,4.042255289380079
10,107,random_subsets_natural_partition,5419,4.048006079354762
10,107,random_subsets_natural_partition,5420,4.101993733055449
10,107,random_subsets_natural_partition,5421,4.00599382087523
10,107,random_subsets_natural_partition,5422,4.067268565778223
10,107,random_subsets_natural_partition,5423,3.9566143408720356
10,107,random_subsets_natural_partition,5424,4.057270048699267
10,107,random_subsets_natural_partition,5425,3.9191318812951503
10,107,random_subsets_natural_partition,5426,4.064894898476395
10,107,random_subsets_natural_partition,5427,4.132668687285966
10,107,random_subsets_natural_partition,5428,4.078600998928209
10,107,random_subsets_natural_partition,5429,4.132365795154837
10,107,random_subsets_natural_partition,5430,3.9277111274475542
10,107,random_subsets_natural_partition,5431,4.021837904037683
10,107,random_subsets_natural_partition,5432,4.044847200403591
10,107,random_subsets_natural_partition,5433,4.03102625960279
10,107,random_subsets_natural_partition,5434,4.131116571823674
10,107,random_subsets_natural_partition,5435,4.004806262151694
10,107,random_subsets_natural_partition,5436,4.058617858358023
10,107,random_subsets_natural_partition,5437,4.1353743015986435
10,107,random_subsets_natural_partition,5438,4.191882060267249
10,107,random_subsets_natural_partition,5439,4.059554260935521
10,107,random_subsets_natural_partition,5440,4.030210757233931
10,107,random_subsets_natural_partition,5441,4.085986285857029
10,107,random_subsets_natural_partition,5442,4.158635602939574
10,107,random_subsets_natural_partition,5443,3.8974840955644376
10,107,random_subsets_natural_partition,5444,4.0308962484754325
10,107,random_subsets_natural_partition,5445,4.056450994251079
10,107,random_subsets_natural_partition,5446,4.100787083985516
10,107,random_subsets_natural_partition,5447,3.973030299317015
10,107,random_subsets_natural_partition,5448,4.094011250983894
10,107,random_subsets_natural_partition,5449,4.041027644695449
10,107,random_subsets_natural_partition,5450,4.040565966354573
10,107,random_subsets_natural_partition,5451,4.115413799517029
10,107,random_subsets_natural_partition,5452,4.018611098132186
10,107,random_subsets_natural_partition,5453,4.077616592796765
10,107,random_subsets_natural_partition,5454,4.1074258391455825
10,107,random_subsets_natural_partition,5455,4.077668140300524
10,107,random_subsets_natural_partition,5456,4.069884147986686
10,107,random_subsets_natural_partition,5457,4.14032172440767
10,107,random_subsets_natural_partition,5458,4.06051399958337
10,107,random_subsets_natural_partition,5459,4.092544938884802
10,107,random_subsets_natural_partition,5460,4.038960436551284
10,107,random_subsets_natural_partition,5461,4.187810044706771
10,107,random_subsets_natural_partition,5462,4.074500305853236
10,107,random_subsets_natural_partition,5463,4.126984212054413
10,107,random_subsets_natural_partition,5464,4.126124153675822
10,107,random_subsets_natural_partition,5465,4.047963057913224
10,107,random_subsets_natural_partition,5466,4.035802753702448
10,107,random_subsets_natural_partition,5467,3.9788355779178883
10,107,random_subsets_natural_partition,5468,4.074098569682032
10,107,random_subsets_natural_partition,5469,3.890700176466131
10,107,random_subsets_natural_partition,5470,4.105949689156434
10,107,random_subsets_natural_partition,5471,4.105090442006492
10,107,random_subsets_natural_partition,5472,4.090683372899428
10,107,random_subsets_natural_partition,5473,4.080522470770684
10,107,random_subsets_natural_partition,5474,4.0497414073127835
10,107,random_subsets_natural_partition,5475,4.050672873631313
10,107,random_subsets_natural_partition,5476,4.145339310490453
10,107,random_subsets_natural_partition,5477,4.087885522798928
10,107,random_subsets_natural_partition,5478,4.069763711636597
10,107,random_subsets_natural_partition,5479,4.065158438804947
10,107,random_subsets_natural_partition,5480,4.113303580636884
10,107,random_subsets_natural_partition,5481,4.15126434167155
10,107,random_subsets_natural_partition,5482,4.09017738703449
10,107,random_subsets_natural_partition,5483,4.022429406312512
10,107,random_subsets_natural_partition,5484,4.053583541073944
10,107,random_subsets_natural_partition,5485,4.06430081481303
10,107,random_subsets_natural_partition,5486,4.054507735348054
10,107,random_subsets_natural_partition,5487,3.9610866775606652
10,107,random_subsets_natural_partition,5488,4.104689563333187
10,107,random_subsets_natural_partition,5489,4.129081749876079
10,107,random_subsets_natural_partition,5490,3.9347324175968033
10,107,random_subsets_natural_partition,5491,4.09288310997812
10,107,random_subsets_natural_partition,5492,4.113318339651112
10,107,random_subsets_natural_partition,5493,4.150135476712941
10,107,random_subsets_natural_partition,5494,4.0734465893644165
10,107,random_subsets_natural_partition,5495,4.046568867546711
10,107,random_subsets_natural_partition,5496,4.031519507212963
10,107,random_subsets_natural_partition,5497,4.063344013888671
10,107,random_subsets_natural_partition,5498,4.063783825852545
10,107,random_subsets_natural_partition,5499,4.0994716339613095
10,107,random_subsets_natural_partition,5500,3.9996213261133033
10,107,random_subsets_natural_partition,5501,4.092518059666202
10,107,random_subsets_natural_partition,5502,4.075499157349889
10,107,random_subsets_natural_partition,5503,4.092347533695259
10,107,random_subsets_natural_partition,5504,4.064298121877462
10,107,random_subsets_natural_partition,5505,4.025046653012304
10,107,random_subsets_natural_partition,5506,4.127847780648453
10,107,random_subsets_natural_partition,5507,3.952526815668285
10,107,random_subsets_natural_partition,5508,4.069077496348263
10,107,random_subsets_natural_partition,5509,3.9596502269300466
10,107,random_subsets_natural_partition,5510,4.107552883852054
10,107,random_subsets_natural_partition,5511,4.056045915620927
10,107,random_subsets_natural_partition,5512,4.085597486563754
10,107,random_subsets_natural_partition,5513,4.016961682355415
10,107,random_subsets_natural_partition,5514,4.021768068150624
10,107,random_subsets_natural_partition,5515,4.133760931889268
10,107,random_subsets_natural_partition,5516,4.110517730578915
10,107,random_subsets_natural_partition,5517,4.1163520635571675
10,107,random_subsets_natural_partition,5518,4.184768114511448
10,107,random_subsets_natural_partition,5519,4.046443535746473
10,107,random_subsets_natural_partition,5520,4.158493090913762
10,107,random_subsets_natural_partition,5521,4.0909194845607875
10,107,random_subsets_natural_partition,5522,4.105217686185538
10,107,random_subsets_natural_partition,5523,4.072188036750358
10,107,random_subsets_natural_partition,5524,3.9332597190070335
10,107,random_subsets_natural_partition,5525,4.153511167115499
10,107,random_subsets_natural_partition,5526,3.9597246676926696
10,107,random_subsets_natural_partition,5527,4.005381984957457
10,107,random_subsets_natural_partition,5528,4.136392024553663
10,107,random_subsets_natural_partition,5529,4.110568621223343
10,107,random_subsets_natural_partition,5530,4.131533925976964
10,107,random_subsets_natural_partition,5531,3.966365588979312
10,107,random_subsets_natural_partition,5532,4.053255309081269
10,107,random_subsets_natural_partition,5533,4.0567702978738795
10,107,random_subsets_natural_partition,5534,4.088860407254925
10,107,random_subsets_natural_partition,5535,4.097131108802464
10,107,random_subsets_natural_partition,5536,4.180540241228469
10,107,random_subsets_natural_partition,5537,4.017897981745563
10,107,random_subsets_natural_partition,5538,4.15019951161827
10,107,random_subsets_natural_partition,5539,4.080797609098594
10,107,random_subsets_natural_partition,5540,4.074327139734017
10,107,random_subsets_natural_partition,5541,4.053675496665208
10,107,random_subsets_natural_partition,5542,4.1213171806363285
10,107,random_subsets_natural_partition,5543,4.025850497429938
10,107,random_subsets_natural_partition,5544,4.056127051494447
10,107,random_subsets_natural_partition,5545,4.019180273949185
10,107,random_subsets_natural_partition,5546,4.05149911796159
10,107,random_subsets_natural_partition,5547,4.106322843190997
10,107,random_subsets_natural_partition,5548,4.129016357929099
10,107,random_subsets_natural_partition,5549,4.171085872521022
10,107,random_subsets_natural_partition,5550,4.048567715252341
10,107,random_subsets_natural_partition,5551,4.079557231609341
10,107,random_subsets_natural_partition,5552,4.054132866152309
10,107,random_subsets_natural_partition,5553,4.128422573506666
10,107,random_subsets_natural_partition,5554,4.074632883735626
10,107,random_subsets_natural_partition,5555,4.0728977469145615
10,107,random_subsets_natural_partition,5556,4.07082085548484
10,107,random_subsets_natural_partition,5557,4.0348704865056115
10,107,random_subsets_natural_partition,5558,4.103894654912649
10,107,random_subsets_natural_partition,5559,4.145769434845839
10,107,random_subsets_natural_partition,5560,4.0731331184661475
10,107,random_subsets_natural_partition,5561,4.034578910099312
10,107,random_subsets_natural_partition,5562,4.222437878768571
10,107,random_subsets_natural_partition,5563,4.0554223750895275
10,107,random_subsets_natural_partition,5564,4.016329309949528
10,107,random_subsets_natural_partition,5565,4.081893318229715
10,107,random_subsets_natural_partition,5566,3.93663484470073
10,107,random_subsets_natural_partition,5567,4.0545743966493895
10,107,random_subsets_natural_partition,5568,4.155755305089563
10,107,random_subsets_natural_partition,5569,4.050641687002409
10,107,random_subsets_natural_partition,5570,4.129454619845705
10,107,random_subsets_natural_partition,5571,4.035103166260637
10,107,random_subsets_natural_partition,5572,4.005446568432376
10,107,random_subsets_natural_partition,5573,4.070384635361891
10,107,random_subsets_natural_partition,5574,4.111450337178883
10,107,random_subsets_natural_partition,5575,4.0975087533378165
10,107,random_subsets_natural_partition,5576,4.092218805017842
10,107,random_subsets_natural_partition,5577,4.014847923209417
10,107,random_subsets_natural_partition,5578,4.139541782154026
10,107,random_subsets_natural_partition,5579,4.097715108430909
10,107,random_subsets_natural_partition,5580,3.9683502914873596
10,107,random_subsets_natural_partition,5581,3.983439953125502
10,107,random_subsets_natural_partition,5582,4.004362610244156
10,107,random_subsets_natural_partition,5583,4.137282546602537
10,107,random_subsets_natural_partition,5584,4.063045953906254
10,107,random_subsets_natural_partition,5585,4.014078422529517
10,107,random_subsets_natural_partition,5586,3.9304091000013592
10,107,random_subsets_natural_partition,5587,4.096145954353561
10,107,random_subsets_natural_partition,5588,3.9439474671080905
10,107,random_subsets_natural_partition,5589,4.094146092185327
10,107,random_subsets_natural_partition,5590,4.021564206580477
10,107,random_subsets_natural_partition,5591,4.147789330056805
10,107,random_subsets_natural_partition,5592,4.1937748743783745
10,107,random_subsets_natural_partition,5593,4.011281664283531
10,107,random_subsets_natural_partition,5594,4.172585103395999
10,107,random_subsets_natural_partition,5595,4.056552728142851
10,107,random_subsets_natural_partition,5596,4.061653289959399
10,107,random_subsets_natural_partition,5597,4.08352619811251
10,107,random_subsets_natural_partition,5598,4.012592165553526
10,107,random_subsets_natural_partition,5599,4.05131573620904
10,107,random_subsets_natural_partition,5600,4.097099620690754
10,107,random_subsets_natural_partition,5601,4.0810805672220445
10,107,random_subsets_natural_partition,5602,4.07172579980051
10,107,random_subsets_natural_partition,5603,4.114838366411695
10,107,random_subsets_natural_partition,5604,4.086938135242029
10,107,random_subsets_natural_partition,5605,4.091713234588986
10,107,random_subsets_natural_partition,5606,4.116199019859357
10,107,random_subsets_natural_partition,5607,4.068872247938788
10,107,random_subsets_natural_partition,5608,4.102077695838849
10,107,random_subsets_natural_partition,5609,4.01249712386695
10,107,random_subsets_natural_partition,5610,4.187066879379091
10,107,random_subsets_natural_partition,5611,4.045592621421522
10,107,random_subsets_natural_partition,5612,4.1538394469241
10,107,random_subsets_natural_partition,5613,4.075740074733303
10,107,random_subsets_natural_partition,5614,4.075245419093488
10,107,random_subsets_natural_partition,5615,4.11225739917781
10,107,random_subsets_natural_partition,5616,4.074301220534651
10,107,random_subsets_natural_partition,5617,4.095834218616293
10,107,random_subsets_natural_partition,5618,4.177266344503293
10,107,random_subsets_natural_partition,5619,4.042921871647447
10,107,random_subsets_natural_partition,5620,3.991695536557238
10,107,random_subsets_natural_partition,5621,4.0275897090560235
10,107,random_subsets_natural_partition,5622,4.1032859624820945
10,107,random_subsets_natural_partition,5623,4.146530681488282
10,107,random_subsets_natural_partition,5624,4.153503548242008
10,107,random_subsets_natural_partition,5625,4.066477670658912
10,107,random_subsets_natural_partition,5626,3.9544192779112324
10,107,random_subsets_natural_partition,5627,4.128123819400362
10,107,random_subsets_natural_partition,5628,4.1112259389045205
10,107,random_subsets_natural_partition,5629,4.131217739286674
10,107,random_subsets_natural_partition,5630,4.10923886588905
10,107,random_subsets_natural_partition,5631,4.160191707822343
10,107,random_subsets_natural_partition,5632,4.051070160678312
10,107,random_subsets_natural_partition,5633,4.114257588389206
10,107,random_subsets_natural_partition,5634,4.0685931410005525
10,107,random_subsets_natural_partition,5635,4.085903251886799
10,107,random_subsets_natural_partition,5636,3.954140655700501
10,107,random_subsets_natural_partition,5637,4.182460446715885
10,107,random_subsets_natural_partition,5638,3.9861401904182525
10,107,random_subsets_natural_partition,5639,3.9863485008705277
10,107,random_subsets_natural_partition,5640,4.116479768228976
10,107,random_subsets_natural_partition,5641,4.059707762997362
10,107,random_subsets_natural_partition,5642,4.040112148889363
10,107,random_subsets_natural_partition,5643,4.050182830664171
10,107,random_subsets_natural_partition,5644,4.130977470209152
10,107,random_subsets_natural_partition,5645,4.069344921013541
10,107,random_subsets_natural_partition,5646,4.008572619442529
10,107,random_subsets_natural_partition,5647,4.066360888503649
10,107,random_subsets_natural_partition,5648,4.184334209935237
10,107,random_subsets_natural_partition,5649,4.0412435357588095
10,107,random_subsets_natural_partition,5650,4.066255054779742
10,107,random_subsets_natural_partition,5651,4.054407993479221
10,107,random_subsets_natural_partition,5652,4.174170171148876
10,107,random_subsets_natural_partition,5653,4.159099889431078
10,107,random_subsets_natural_partition,5654,3.9134261750859474
10,107,random_subsets_natural_partition,5655,4.069170708614573
10,107,random_subsets_natural_partition,5656,4.093880990699533
10,107,random_subsets_natural_partition,5657,4.016426016221764
10,107,random_subsets_natural_partition,5658,4.107476259423568
10,107,random_subsets_natural_partition,5659,3.9702007304259217
10,107,random_subsets_natural_partition,5660,4.145335845819364
10,107,random_subsets_natural_partition,5661,4.059072942850053
10,107,random_subsets_natural_partition,5662,4.08706014822353
10,107,random_subsets_natural_partition,5663,4.105475167049464
10,107,random_subsets_natural_partition,5664,4.074708128355121
10,107,random_subsets_natural_partition,5665,4.089274148305443
10,107,random_subsets_natural_partition,5666,4.00139316259064
10,107,random_subsets_natural_partition,5667,3.9972259562078216
10,107,random_subsets_natural_partition,5668,4.122539158911343
10,107,random_subsets_natural_partition,5669,3.984380932500265
10,107,random_subsets_natural_partition,5670,4.155653417536711
10,107,random_subsets_natural_partition,5671,4.147171983303662
10,107,random_subsets_natural_partition,5672,4.151330229852168
10,107,random_subsets_natural_partition,5673,4.010196220494679
10,107,random_subsets_natural_partition,5674,3.8827323261663516
10,107,random_subsets_natural_partition,5675,3.952259003404439
10,107,random_subsets_natural_partition,5676,4.092704415001093
10,107,random_subsets_natural_partition,5677,4.151332044710437
10,107,random_subsets_natural_partition,5678,4.047257624866608
10,107,random_subsets_natural_partition,5679,4.117279031556973
10,107,random_subsets_natural_partition,5680,4.094148192194995
10,107,random_subsets_natural_partition,5681,4.062816418225361
10,107,random_subsets_natural_partition,5682,4.115369039641912
10,107,random_subsets_natural_partition,5683,4.01928256200411
10,107,random_subsets_natural_partition,5684,4.107276024699444
10,107,random_subsets_natural_partition,5685,3.9766402982774336
10,107,random_subsets_natural_partition,5686,3.924564609162323
10,107,random_subsets_natural_partition,5687,3.9865322161800147
10,107,random_subsets_natural_partition,5688,3.9581622419411775
10,107,random_subsets_natural_partition,5689,4.062071448137236
10,107,random_subsets_natural_partition,5690,4.05962323970943
10,107,random_subsets_natural_partition,5691,4.0784180378206365
10,107,random_subsets_natural_partition,5692,4.063162453352663
10,107,random_subsets_natural_partition,5693,3.9905323145600904
10,107,random_subsets_natural_partition,5694,4.113075299080175
10,107,random_subsets_natural_partition,5695,4.051926822123935
10,107,random_subsets_natural_partition,5696,4.021488220023139
10,107,random_subsets_natural_partition,5697,4.113120872566162
10,107,random_subsets_natural_partition,5698,4.029352963789585
10,107,random_subsets_natural_partition,5699,4.129643583719923
10,107,random_subsets_natural_partition,5700,4.086336479993878
10,107,random_subsets_natural_partition,5701,4.081014196658806
10,107,random_subsets_natural_partition,5702,4.1084892012908645
10,107,random_subsets_natural_partition,5703,4.128426460754848
10,107,random_subsets_natural_partition,5704,4.095753018033103
10,107,random_subsets_natural_partition,5705,4.149047275278175
10,107,random_subsets_natural_partition,5706,4.065135821412458
10,107,random_subsets_natural_partition,5707,4.107585393987677
10,107,random_subsets_natural_partition,5708,4.095748546806783
10,107,random_subsets_natural_partition,5709,4.086631993363473
10,107,random_subsets_natural_partition,5710,4.087405683343538
10,107,random_subsets_natural_partition,5711,4.008736427902245
10,107,random_subsets_natural_partition,5712,4.122892703808897
10,107,random_subsets_natural_partition,5713,4.120245306186269
10,107,random_subsets_natural_partition,5714,4.120993175272694
10,107,random_subsets_natural_partition,5715,4.136504471044102
10,107,random_subsets_natural_partition,5716,3.9859912276870513
10,107,random_subsets_natural_partition,5717,4.112739481544217
10,107,random_subsets_natural_partition,5718,4.147601039780863
10,107,random_subsets_natural_partition,5719,4.117095815534312
10,107,random_subsets_natural_partition,5720,4.073394243174114
10,107,random_subsets_natural_partition,5721,4.109036201345887
10,107,random_subsets_natural_partition,5722,4.078944275447142
10,107,random_subsets_natural_partition,5723,4.13786387994162
10,107,random_subsets_natural_partition,5724,4.0952881520796485
10,107,random_subsets_natural_partition,5725,4.181767586242656
10,107,random_subsets_natural_partition,5726,4.007837998549248
10,107,random_subsets_natural_partition,5727,4.111935754613172
10,107,random_subsets_natural_partition,5728,4.140629180009491
10,107,random_subsets_natural_partition,5729,3.9753602584857104
10,107,random_subsets_natural_partition,5730,4.055848717131455
10,107,random_subsets_natural_partition,5731,4.186698279169
10,107,random_subsets_natural_partition,5732,4.116556176548609
10,107,random_subsets_natural_partition,5733,4.094611606980745
10,107,random_subsets_natural_partition,5734,4.112224285065093
10,107,random_subsets_natural_partition,5735,4.029085539053907
10,107,random_subsets_natural_partition,5736,4.024408498884038
10,107,random_subsets_natural_partition,5737,4.1802544481108965
10,107,random_subsets_natural_partition,5738,4.110035477103447
10,107,random_subsets_natural_partition,5739,3.913654413215344
10,107,random_subsets_natural_partition,5740,4.042304884056242
10,107,random_subsets_natural_partition,5741,4.0216664220866996
10,107,random_subsets_natural_partition,5742,4.139093726861406
10,107,random_subsets_natural_partition,5743,4.176776484601768
10,107,random_subsets_natural_partition,5744,3.982508596429195
10,107,random_subsets_natural_partition,5745,4.09066538109376
10,107,random_subsets_natural_partition,5746,4.092925718333204
10,107,random_subsets_natural_partition,5747,4.068773037195554
10,107,random_subsets_natural_partition,5748,4.029886591715481
10,107,random_subsets_natural_partition,5749,4.105198600643806
10,107,random_subsets_natural_partition,5750,4.068205280193766
10,107,random_subsets_natural_partition,5751,3.947705255094884
10,107,random_subsets_natural_partition,5752,4.044732456788177
10,107,random_subsets_natural_partition,5753,3.972587746133465
10,107,random_subsets_natural_partition,5754,4.1251963941253855
10,107,random_subsets_natural_partition,5755,4.017112260885359
10,107,random_subsets_natural_partition,5756,4.143420798113025
10,107,random_subsets_natural_partition,5757,4.092129507798991
10,107,random_subsets_natural_partition,5758,4.0543409519983555
10,107,random_subsets_natural_partition,5759,3.9590947264020464
10,107,random_subsets_natural_partition,5760,4.115059861524903
10,107,random_subsets_natural_partition,5761,4.037476708460934
10,107,random_subsets_natural_partition,5762,4.001392495392076
10,107,random_subsets_natural_partition,5763,4.022430476871002
10,107,random_subsets_natural_partition,5764,4.076956265638725
10,107,random_subsets_natural_partition,5765,4.1132407074415775
10,107,random_subsets_natural_partition,5766,4.0801841348722805
10,107,random_subsets_natural_partition,5767,4.19219800301448
10,107,random_subsets_natural_partition,5768,4.1021989857676635
10,107,random_subsets_natural_partition,5769,4.190623938976299
10,107,random_subsets_natural_partition,5770,4.017531486188768
10,107,random_subsets_natural_partition,5771,4.138595560511997
10,107,random_subsets_natural_partition,5772,4.1068311255366945
10,107,random_subsets_natural_partition,5773,4.101055991393672
10,107,random_subsets_natural_partition,5774,4.085182767872269
10,107,random_subsets_natural_partition,5775,4.051101029305294
10,107,random_subsets_natural_partition,5776,4.177615329888293
10,107,random_subsets_natural_partition,5777,3.9835442035011805
10,107,random_subsets_natural_partition,5778,4.090370075693882
10,107,random_subsets_natural_partition,5779,3.9796716845340594
10,107,random_subsets_natural_partition,5780,3.9886634666395437
10,107,random_subsets_natural_partition,5781,3.964702384153595
10,107,random_subsets_natural_partition,5782,4.063415834812634
10,107,random_subsets_natural_partition,5783,4.062317804975372
10,107,random_subsets_natural_partition,5784,4.1247603440863205
10,107,random_subsets_natural_partition,5785,4.142561410945365
10,107,random_subsets_natural_partition,5786,4.031285509657002
10,107,random_subsets_natural_partition,5787,4.118699240675763
10,107,random_subsets_natural_partition,5788,3.9501996062152993
10,107,random_subsets_natural_partition,5789,4.054854174663199
10,107,random_subsets_natural_partition,5790,4.040627839539806
10,107,random_subsets_natural_partition,5791,4.0783979970468565
10,107,random_subsets_natural_partition,5792,4.07543302942328
10,107,random_subsets_natural_partition,5793,4.03686912065916
10,107,random_subsets_natural_partition,5794,4.062149555464572
10,107,random_subsets_natural_partition,5795,4.157414038429737
10,107,random_subsets_natural_partition,5796,4.037130934555023
10,107,random_subsets_natural_partition,5797,4.153678308390852
10,107,random_subsets_natural_partition,5798,4.006606338247417
10,107,random_subsets_natural_partition,5799,4.143219454012899
10,107,random_subsets_natural_partition,5800,4.063027055715738
10,107,random_subsets_natural_partition,5801,4.052025438821961
10,107,random_subsets_natural_partition,5802,4.083726008083767
10,107,random_subsets_natural_partition,5803,3.933312635847468
10,107,random_subsets_natural_partition,5804,4.164256456663944
10,107,random_subsets_natural_partition,5805,3.9192763637384607
10,107,random_subsets_natural_partition,5806,4.052838962695043
10,107,random_subsets_natural_partition,5807,4.048614949026836
10,107,random_subsets_natural_partition,5808,4.134472053365593
10,107,random_subsets_natural_partition,5809,4.1350410950816965
10,107,random_subsets_natural_partition,5810,4.027589428019576
10,107,random_subsets_natural_partition,5811,4.1113932829870325
10,107,random_subsets_natural_partition,5812,4.115734320299076
10,107,random_subsets_natural_partition,5813,4.1833106479521085
10,107,random_subsets_natural_partition,5814,4.056582545156356
10,107,random_subsets_natural_partition,5815,4.068061599461463
10,107,random_subsets_natural_partition,5816,3.966640430864633
10,107,random_subsets_natural_partition,5817,4.050276195466734
10,107,random_subsets_natural_partition,5818,4.157845303742138
10,107,random_subsets_natural_partition,5819,4.034639371426675
10,107,random_subsets_natural_partition,5820,4.066689690867007
10,107,random_subsets_natural_partition,5821,3.936677283597219
10,107,random_subsets_natural_partition,5822,4.05571246037725
10,107,random_subsets_natural_partition,5823,4.1522154916212335
10,107,random_subsets_natural_partition,5824,4.1976569723299715
10,107,random_subsets_natural_partition,5825,4.039665729439499
10,107,random_subsets_natural_partition,5826,4.153929849355876
10,107,random_subsets_natural_partition,5827,4.097088186307492
10,107,random_subsets_natural_partition,5828,4.033740894705951
10,107,random_subsets_natural_partition,5829,4.162262495098666
10,107,random_subsets_natural_partition,5830,4.092139402558936
10,107,random_subsets_natural_partition,5831,4.076741927344736
10,107,random_subsets_natural_partition,5832,4.005309936121303
10,107,random_subsets_natural_partition,5833,4.075682815141441
10,107,random_subsets_natural_partition,5834,4.010602412372744
10,107,random_subsets_natural_partition,5835,4.103022954506649
10,107,random_subsets_natural_partition,5836,4.009011367057745
10,107,random_subsets_natural_partition,5837,4.099152106881372
10,107,random_subsets_natural_partition,5838,4.130790886471364
10,107,random_subsets_natural_partition,5839,4.040114729493151
10,107,random_subsets_natural_partition,5840,3.959869639570831
10,107,random_subsets_natural_partition,5841,4.112174096548533
10,107,random_subsets_natural_partition,5842,3.9546665810785444
10,107,random_subsets_natural_partition,5843,3.870868671680329
10,107,random_subsets_natural_partition,5844,4.066189046913758
10,107,random_subsets_natural_partition,5845,4.155042232337606
10,107,random_subsets_natural_partition,5846,4.079257040674623
10,107,random_subsets_natural_partition,5847,4.150783370539171
10,107,random_subsets_natural_partition,5848,4.11130012468652
10,107,random_subsets_natural_partition,5849,4.178965660209018
10,107,random_subsets_natural_partition,5850,4.075227988338805
10,107,random_subsets_natural_partition,5851,4.099000186397903
10,107,random_subsets_natural_partition,5852,4.164817846137957
10,107,random_subsets_natural_partition,5853,4.127494668120835
10,107,random_subsets_natural_partition,5854,4.070930004871602
10,107,random_subsets_natural_partition,5855,4.131012982849321
10,107,random_subsets_natural_partition,5856,4.123945831049352
10,107,random_subsets_natural_partition,5857,4.103160137278255
10,107,random_subsets_natural_partition,5858,4.137029559943742
10,107,random_subsets_natural_partition,5859,3.9698986053316294
10,107,random_subsets_natural_partition,5860,3.91528357216494
10,107,random_subsets_natural_partition,5861,4.130583312163272
10,107,random_subsets_natural_partition,5862,4.042793912728245
10,107,random_subsets_natural_partition,5863,3.942187850368347
10,107,random_subsets_natural_partition,5864,4.057834102540955
10,107,random_subsets_natural_partition,5865,4.022087583062286
10,107,random_subsets_natural_partition,5866,4.085712928588084
10,107,random_subsets_natural_partition,5867,4.093913926139804
10,107,random_subsets_natural_partition,5868,4.065411312384194
10,107,random_subsets_natural_partition,5869,4.086771283282859
10,107,random_subsets_natural_partition,5870,3.962334614323201
10,107,random_subsets_natural_partition,5871,4.092226326494745
10,107,random_subsets_natural_partition,5872,4.106980175946653
10,107,random_subsets_natural_partition,5873,4.0997431595337375
10,107,random_subsets_natural_partition,5874,3.999206590745402
10,107,random_subsets_natural_partition,5875,4.072221112250349
10,107,random_subsets_natural_partition,5876,4.0586911320898045
10,107,random_subsets_natural_partition,5877,4.009390415619477
10,107,random_subsets_natural_partition,5878,4.044988432006023
10,107,random_subsets_natural_partition,5879,3.9724592236489964
10,107,random_subsets_natural_partition,5880,4.129724258697987
10,107,random_subsets_natural_partition,5881,4.063053493594216
10,107,random_subsets_natural_partition,5882,4.104571101945107
10,107,random_subsets_natural_partition,5883,4.140210694040334
10,107,random_subsets_natural_partition,5884,4.1190230604578675
10,107,random_subsets_natural_partition,5885,4.122978061266802
10,107,random_subsets_natural_partition,5886,4.056532524249989
10,107,random_subsets_natural_partition,5887,4.137192556020113
10,107,random_subsets_natural_partition,5888,4.074844150446105
10,107,random_subsets_natural_partition,5889,4.01982450034732
10,107,random_subsets_natural_partition,5890,4.01658083888218
10,107,random_subsets_natural_partition,5891,4.091155164207634
10,107,random_subsets_natural_partition,5892,4.099915256271135
10,107,random_subsets_natural_partition,5893,4.037671136602381
10,107,random_subsets_natural_partition,5894,4.131435690036694
10,107,random_subsets_natural_partition,5895,4.105268582760009
10,107,random_subsets_natural_partition,5896,4.029396798241731
10,107,random_subsets_natural_partition,5897,4.080230540646115
10,107,random_subsets_natural_partition,5898,4.001340486489162
10,107,random_subsets_natural_partition,5899,3.998702476172637
10,107,random_subsets_natural_partition,5900,4.06889002865104
10,107,random_subsets_natural_partition,5901,4.111257063162835
10,107,random_subsets_natural_partition,5902,4.086994803436825
10,107,random_subsets_natural_partition,5903,4.157719556506273
10,107,random_subsets_natural_partition,5904,4.124499449834769
10,107,random_subsets_natural_partition,5905,4.114707429111939
10,107,random_subsets_natural_partition,5906,4.055568747807288
10,107,random_subsets_natural_partition,5907,4.167395418781972
10,107,random_subsets_natural_partition,5908,4.068579841982956
10,107,random_subsets_natural_partition,5909,4.126890694510731
10,107,random_subsets_natural_partition,5910,4.147917811402095
10,107,random_subsets_natural_partition,5911,4.0664789123358025
10,107,random_subsets_natural_partition,5912,4.1456815504046505
10,107,random_subsets_natural_partition,5913,4.108734598379297
10,107,random_subsets_natural_partition,5914,4.086072778468698
10,107,random_subsets_natural_partition,5915,4.07833308542524
10,107,random_subsets_natural_partition,5916,4.078093083775322
10,107,random_subsets_natural_partition,5917,3.989482586577398
10,107,random_subsets_natural_partition,5918,4.101324369850091
10,107,random_subsets_natural_partition,5919,4.070731084589244
10,107,random_subsets_natural_partition,5920,4.047805137042887
10,107,random_subsets_natural_partition,5921,4.089095945256983
10,107,random_subsets_natural_partition,5922,3.9104763854701763
10,107,random_subsets_natural_partition,5923,4.0964143359302865
10,107,random_subsets_natural_partition,5924,4.0971347592269405
10,107,random_subsets_natural_partition,5925,4.060769308374589
10,107,random_subsets_natural_partition,5926,4.040988899412958
10,107,random_subsets_natural_partition,5927,4.107895672278084
10,107,random_subsets_natural_partition,5928,4.086973279010038
10,107,random_subsets_natural_partition,5929,4.107496041404652
10,107,random_subsets_natural_partition,5930,4.098961809563454
10,107,random_subsets_natural_partition,5931,4.095148177262239
10,107,random_subsets_natural_partition,5932,4.137923112076555
10,107,random_subsets_natural_partition,5933,4.164342101845352
10,107,random_subsets_natural_partition,5934,4.101922548112737
10,107,random_subsets_natural_partition,5935,4.0277805741799435
10,107,random_subsets_natural_partition,5936,4.002754565899691
10,107,random_subsets_natural_partition,5937,4.154938170481647
10,107,random_subsets_natural_partition,5938,4.105248458106025
10,107,random_subsets_natural_partition,5939,3.957718301521239
10,107,random_subsets_natural_partition,5940,4.0039373075649145
10,107,random_subsets_natural_partition,5941,4.127721945452353
10,107,random_subsets_natural_partition,5942,4.114806909489646
10,107,random_subsets_natural_partition,5943,3.992477383881062
10,107,random_subsets_natural_partition,5944,4.0073702174984325
10,107,random_subsets_natural_partition,5945,4.054511308804784
10,107,random_subsets_natural_partition,5946,4.156113664465895
10,107,random_subsets_natural_partition,5947,4.148127399839494
10,107,random_subsets_natural_partition,5948,4.159913730970607
10,107,random_subsets_natural_partition,5949,4.103782444526049
10,107,random_subsets_natural_partition,5950,4.043941406945849
10,107,random_subsets_natural_partition,5951,4.153378452506104
10,107,random_subsets_natural_partition,5952,4.056293654448394
10,107,random_subsets_natural_partition,5953,4.062186918576423
10,107,random_subsets_natural_partition,5954,4.001326452209947
10,107,random_subsets_natural_partition,5955,4.074591864993575
10,107,random_subsets_natural_partition,5956,3.9929683656033217
10,107,random_subsets_natural_partition,5957,4.044807934316726
10,107,random_subsets_natural_partition,5958,4.083477000212244
10,107,random_subsets_natural_partition,5959,4.073358362094569
10,107,random_subsets_natural_partition,5960,3.951737764411055
10,107,random_subsets_natural_partition,5961,4.012456760232317
10,107,random_subsets_natural_partition,5962,3.9935576868047455
10,107,random_subsets_natural_partition,5963,4.178717519835233
10,107,random_subsets_natural_partition,5964,4.119069454629579
10,107,random_subsets_natural_partition,5965,4.107357224613533
10,107,random_subsets_natural_partition,5966,4.056409248080559
10,107,random_subsets_natural_partition,5967,4.126430698343945
10,107,random_subsets_natural_partition,5968,4.026924349375397
10,107,random_subsets_natural_partition,5969,4.04296055478903
10,107,random_subsets_natural_partition,5970,4.080005652960985
10,107,random_subsets_natural_partition,5971,4.121353775366219
10,107,random_subsets_natural_partition,5972,4.059520168840095
10,107,random_subsets_natural_partition,5973,4.038742298375804
10,107,random_subsets_natural_partition,5974,4.031519048739177
10,107,random_subsets_natural_partition,5975,4.052442658506827
10,107,random_subsets_natural_partition,5976,4.036742400113643
10,107,random_subsets_natural_partition,5977,4.193903691558295
10,107,random_subsets_natural_partition,5978,4.002923023027127
10,107,random_subsets_natural_partition,5979,3.969754969921679
10,107,random_subsets_natural_partition,5980,4.0825797168675315
10,107,random_subsets_natural_partition,5981,4.077008959557994
10,107,random_subsets_natural_partition,5982,4.093498740098669
10,107,random_subsets_natural_partition,5983,4.030502256347428
10,107,random_subsets_natural_partition,5984,4.0853510119889345
10,107,random_subsets_natural_partition,5985,4.046419248785498
10,107,random_subsets_natural_partition,5986,4.1219366413886505
10,107,random_subsets_natural_partition,5987,4.131808264443055
10,107,random_subsets_natural_partition,5988,4.029831038105861
10,107,random_subsets_natural_partition,5989,3.9425763933485163
10,107,random_subsets_natural_partition,5990,4.052283590051346
10,107,random_subsets_natural_partition,5991,4.0829806199303365
10,107,random_subsets_natural_partition,5992,4.088831848367436
10,107,random_subsets_natural_partition,5993,4.032812344568515
10,107,random_subsets_natural_partition,5994,4.002163079340685
10,107,random_subsets_natural_partition,5995,4.095692879947913
10,107,random_subsets_natural_partition,5996,4.059629425749897
10,107,random_subsets_natural_partition,5997,3.980557668763501
10,107,random_subsets_natural_partition,5998,3.989152380568983
10,107,random_subsets_natural_partition,5999,4.075652316385644
10,107,random_subsets_natural_partition,6000,4.068883744201985
10,107,random_subsets_natural_partition,6001,4.051306321510587
10,107,random_subsets_natural_partition,6002,4.114023506307506
10,107,random_subsets_natural_partition,6003,4.073234162240167
10,107,random_subsets_natural_partition,6004,4.02063165269881
10,107,random_subsets_natural_partition,6005,4.152799536863183
10,107,random_subsets_natural_partition,6006,4.052014529869113
10,107,random_subsets_natural_partition,6007,4.127303976667049
10,107,random_subsets_natural_partition,6008,4.112164596882281
10,107,random_subsets_natural_partition,6009,4.084106661875615
10,107,random_subsets_natural_partition,6010,4.023889489174273
10,107,random_subsets_natural_partition,6011,4.032736507776918
10,107,random_subsets_natural_partition,6012,4.045703296235037
10,107,random_subsets_natural_partition,6013,4.157385580964934
10,107,random_subsets_natural_partition,6014,4.101371468889044
10,107,random_subsets_natural_partition,6015,4.158046355368946
10,107,random_subsets_natural_partition,6016,4.035925775397275
10,107,random_subsets_natural_partition,6017,4.0767635965932865
10,107,random_subsets_natural_partition,6018,4.063569136511409
10,107,random_subsets_natural_partition,6019,4.102578851518369
10,107,random_subsets_natural_partition,6020,4.183749052755796
10,107,random_subsets_natural_partition,6021,4.111556123874979
10,107,random_subsets_natural_partition,6022,4.150944563237726
10,107,random_subsets_natural_partition,6023,4.038549269677076
10,107,random_subsets_natural_partition,6024,4.031642085095568
10,107,random_subsets_natural_partition,6025,4.065514121474392
10,107,random_subsets_natural_partition,6026,4.126422058548574
10,107,random_subsets_natural_partition,6027,3.988895494931189
10,107,random_subsets_natural_partition,6028,3.943515588376021
10,107,random_subsets_natural_partition,6029,4.019490716418125
10,107,random_subsets_natural_partition,6030,4.12681672065731
10,107,random_subsets_natural_partition,6031,4.127160735763021
10,107,random_subsets_natural_partition,6032,3.9168130415842466
10,107,random_subsets_natural_partition,6033,3.9872110979704036
10,107,random_subsets_natural_partition,6034,4.1146088890148675
10,107,random_subsets_natural_partition,6035,4.072890945691257
10,107,random_subsets_natural_partition,6036,3.946295131396733
10,107,random_subsets_natural_partition,6037,3.9135176001979546
10,107,random_subsets_natural_partition,6038,4.011795888993169
10,107,random_subsets_natural_partition,6039,4.049674653870404
10,107,random_subsets_natural_partition,6040,4.089293111746741
10,107,random_subsets_natural_partition,6041,4.116168579638522
10,107,random_subsets_natural_partition,6042,4.139408256199599
10,107,random_subsets_natural_partition,6043,4.080055061309667
10,107,random_subsets_natural_partition,6044,4.112414973777152
10,107,random_subsets_natural_partition,6045,4.002228209066486
10,107,random_subsets_natural_partition,6046,3.932769204379842
10,107,random_subsets_natural_partition,6047,4.11906458365183
10,107,random_subsets_natural_partition,6048,4.070454025908278
10,107,random_subsets_natural_partition,6049,4.198504479482419
10,107,random_subsets_natural_partition,6050,4.008149039292636
10,107,random_subsets_natural_partition,6051,4.008049162578463
10,107,random_subsets_natural_partition,6052,4.061095047267598
10,107,random_subsets_natural_partition,6053,4.035453011767331
10,107,random_subsets_natural_partition,6054,3.9186122420200036
10,107,random_subsets_natural_partition,6055,4.117119983038287
10,107,random_subsets_natural_partition,6056,4.172462052070335
10,107,random_subsets_natural_partition,6057,4.0534351144707
10,107,random_subsets_natural_partition,6058,4.075124371745621
10,107,random_subsets_natural_partition,6059,4.0618730166648795
10,107,random_subsets_natural_partition,6060,4.005581481827228
10,107,random_subsets_natural_partition,6061,4.198461205072179
10,107,random_subsets_natural_partition,6062,4.042227916992705
10,107,random_subsets_natural_partition,6063,4.174696864152052
10,107,random_subsets_natural_partition,6064,3.9241317154257573
10,107,random_subsets_natural_partition,6065,3.9904390883482996
10,107,random_subsets_natural_partition,6066,4.0667046377794245
10,107,random_subsets_natural_partition,6067,4.10918341080676
10,107,random_subsets_natural_partition,6068,4.183645171634727
10,107,random_subsets_natural_partition,6069,3.9443526211246156
10,107,random_subsets_natural_partition,6070,4.1296413759471955
10,107,random_subsets_natural_partition,6071,4.084702315367025
10,107,random_subsets_natural_partition,6072,4.039445390532814
10,107,random_subsets_natural_partition,6073,4.001208187872281
10,107,random_subsets_natural_partition,6074,4.1267869762804
10,107,random_subsets_natural_partition,6075,4.150515056606224
10,107,random_subsets_natural_partition,6076,4.026116528516027
10,107,random_subsets_natural_partition,6077,4.063509894546283
10,107,random_subsets_natural_partition,6078,4.087001739527172
10,107,random_subsets_natural_partition,6079,3.935911017360815
10,107,random_subsets_natural_partition,6080,4.1147870023227355
10,107,random_subsets_natural_partition,6081,4.071821583432191
10,107,random_subsets_natural_partition,6082,3.9211773876615714
10,107,random_subsets_natural_partition,6083,4.067304468740145
10,107,random_subsets_natural_partition,6084,4.0643419274263
10,107,random_subsets_natural_partition,6085,4.081438206013718
10,107,random_subsets_natural_partition,6086,4.034508454209086
10,107,random_subsets_natural_partition,6087,4.037935508489398
10,107,random_subsets_natural_partition,6088,4.091293032357095
10,107,random_subsets_natural_partition,6089,4.073720271394435
10,107,random_subsets_natural_partition,6090,4.068311880245304
10,107,random_subsets_natural_partition,6091,3.9232491202736064
10,107,random_subsets_natural_partition,6092,4.131834159422428
10,107,random_subsets_natural_partition,6093,4.0592861299185365
10,107,random_subsets_natural_partition,6094,4.122611573378138
10,107,random_subsets_natural_partition,6095,4.0914793907595035
10,107,random_subsets_natural_partition,6096,4.118890578808598
10,107,random_subsets_natural_partition,6097,4.064090831211993
10,107,random_subsets_natural_partition,6098,4.121590224221032
10,107,random_subsets_natural_partition,6099,4.117021516231231
10,107,random_subsets_natural_partition,6100,3.982022221698786
10,107,random_subsets_natural_partition,6101,3.9942035332182084
10,107,random_subsets_natural_partition,6102,4.114549159856311
10,107,random_subsets_natural_partition,6103,4.1402848441158735
10,107,random_subsets_natural_partition,6104,4.031176312254673
10,107,random_subsets_natural_partition,6105,4.06542842997677
10,107,random_subsets_natural_partition,6106,4.05547873630345
10,107,random_subsets_natural_partition,6107,4.085337770961037
10,107,random_subsets_natural_partition,6108,4.051251424467614
10,107,random_subsets_natural_partition,6109,4.081926515078749
10,107,random_subsets_natural_partition,6110,4.072251282180538
10,107,random_subsets_natural_partition,6111,3.963359365416256
10,107,random_subsets_natural_partition,6112,4.098133460672389
10,107,random_subsets_natural_partition,6113,4.0827979768441125
10,107,random_subsets_natural_partition,6114,4.053842521303025
10,107,random_subsets_natural_partition,6115,4.054581079725587
10,107,random_subsets_natural_partition,6116,4.054631580344325
10,107,random_subsets_natural_partition,6117,4.151353670608175
10,107,random_subsets_natural_partition,6118,4.106844830712777
10,107,random_subsets_natural_partition,6119,3.989619754614527
10,107,random_subsets_natural_partition,6120,4.07219262036258
10,107,random_subsets_natural_partition,6121,4.1385612798865745
10,107,random_subsets_natural_partition,6122,4.078455333143219
10,107,random_subsets_natural_partition,6123,4.069528555840762
10,107,random_subsets_natural_partition,6124,4.0884426709136985
10,107,random_subsets_natural_partition,6125,4.087434145278688
10,107,random_subsets_natural_partition,6126,4.077237111468746
10,107,random_subsets_natural_partition,6127,3.9949410224491184
10,107,random_subsets_natural_partition,6128,4.050327733034855
10,107,random_subsets_natural_partition,6129,4.099097502125261
10,107,random_subsets_natural_partition,6130,3.9907862625222634
10,107,random_subsets_natural_partition,6131,4.137595167861942
10,107,random_subsets_natural_partition,6132,4.171253641169553
10,107,random_subsets_natural_partition,6133,4.090312212387973
10,107,random_subsets_natural_partition,6134,4.164597898136607
10,107,random_subsets_natural_partition,6135,4.114460556083943
10,107,random_subsets_natural_partition,6136,4.02166168804661
10,107,random_subsets_natural_partition,6137,4.068169663674006
10,107,random_subsets_natural_partition,6138,4.123011509392265
10,107,random_subsets_natural_partition,6139,3.962312078126049
10,107,random_subsets_natural_partition,6140,4.0442961976346465
10,107,random_subsets_natural_partition,6141,4.071937837443119
10,107,random_subsets_natural_partition,6142,4.0522517986298645
10,107,random_subsets_natural_partition,6143,4.044955295020716
10,107,random_subsets_natural_partition,6144,4.1312727228269495
10,107,random_subsets_natural_partition,6145,4.174707980716367
10,107,random_subsets_natural_partition,6146,4.107354724885044
10,107,random_subsets_natural_partition,6147,4.0504463035030165
10,107,random_subsets_natural_partition,6148,4.029568633205415
10,107,random_subsets_natural_partition,6149,4.151085166542055
10,107,random_subsets_natural_partition,6150,4.106993842879444
10,107,random_subsets_natural_partition,6151,4.046885614544593
10,107,random_subsets_natural_partition,6152,4.078270946309244
10,107,random_subsets_natural_partition,6153,4.033795311485527
10,107,random_subsets_natural_partition,6154,3.9516063351767983
10,107,random_subsets_natural_partition,6155,4.111038571630924
10,107,random_subsets_natural_partition,6156,4.033741542052147
10,107,random_subsets_natural_partition,6157,4.130123371107482
10,107,random_subsets_natural_partition,6158,4.083222235070804
10,107,random_subsets_natural_partition,6159,4.115559810035247
10,107,random_subsets_natural_partition,6160,4.064350073825801
10,107,random_subsets_natural_partition,6161,4.042263002620172
10,107,random_subsets_natural_partition,6162,3.984849742982569
10,107,random_subsets_natural_partition,6163,3.9954431994932773
10,107,random_subsets_natural_partition,6164,4.064678789404488
10,107,random_subsets_natural_partition,6165,4.162111220361734
10,107,random_subsets_natural_partition,6166,4.0223372522861505
10,107,random_subsets_natural_partition,6167,4.14460862504508
10,107,random_subsets_natural_partition,6168,4.036231739526259
10,107,random_subsets_natural_partition,6169,4.092399857538727
10,107,random_subsets_natural_partition,6170,4.060437054842378
10,107,random_subsets_natural_partition,6171,4.092775302217505
10,107,random_subsets_natural_partition,6172,4.046025510546011
10,107,random_subsets_natural_partition,6173,4.09410404600992
10,107,random_subsets_natural_partition,6174,4.004276602519528
10,107,random_subsets_natural_partition,6175,4.0995850623564705
10,107,random_subsets_natural_partition,6176,3.8844173572493825
10,107,random_subsets_natural_partition,6177,4.112638789508699
10,107,random_subsets_natural_partition,6178,3.993911700498809
10,107,random_subsets_natural_partition,6179,4.080134892785882
10,107,random_subsets_natural_partition,6180,4.086054701407795
10,107,random_subsets_natural_partition,6181,4.044961138611612
10,107,random_subsets_natural_partition,6182,4.03332176338478
10,107,random_subsets_natural_partition,6183,4.070148827021333
10,107,random_subsets_natural_partition,6184,4.129235491024459
10,107,random_subsets_natural_partition,6185,4.076279429254857
10,107,random_subsets_natural_partition,6186,4.071190924069888
10,107,random_subsets_natural_partition,6187,4.066294088706683
10,107,random_subsets_natural_partition,6188,4.020223576763536
10,107,random_subsets_natural_partition,6189,4.146193975917806
10,107,random_subsets_natural_partition,6190,4.112986590436338
10,107,random_subsets_natural_partition,6191,3.9560475409504594
10,107,random_subsets_natural_partition,6192,4.018433371721149
10,107,random_subsets_natural_partition,6193,3.937709004693489
10,107,random_subsets_natural_partition,6194,4.163456964915279
10,107,random_subsets_natural_partition,6195,4.020223111003812
10,107,random_subsets_natural_partition,6196,3.9797301176128284
10,107,random_subsets_natural_partition,6197,4.060300869130169
10,107,random_subsets_natural_partition,6198,4.081063410225629
10,107,random_subsets_natural_partition,6199,4.047179000157573
10,107,random_subsets_natural_partition,6200,4.096962423004885
10,107,random_subsets_natural_partition,6201,3.9345457338082186
10,107,random_subsets_natural_partition,6202,4.009559155822733
10,107,random_subsets_natural_partition,6203,4.083052261013906
10,107,random_subsets_natural_partition,6204,4.129010996785
10,107,random_subsets_natural_partition,6205,4.095187686930211
10,107,random_subsets_natural_partition,6206,4.13702705965818
10,107,random_subsets_natural_partition,6207,4.123795817412231
10,107,random_subsets_natural_partition,6208,4.11343401677501
10,107,random_subsets_natural_partition,6209,4.019096753697905
10,107,random_subsets_natural_partition,6210,4.142339012778748
10,107,random_subsets_natural_partition,6211,4.033595093550461
10,107,random_subsets_natural_partition,6212,4.049829460203365
10,107,random_subsets_natural_partition,6213,4.128808443169131
10,107,random_subsets_natural_partition,6214,4.105846934128044
10,107,random_subsets_natural_partition,6215,4.035739205878219
10,107,random_subsets_natural_partition,6216,3.9926010092264006
10,107,random_subsets_natural_partition,6217,4.107404359140061
10,107,random_subsets_natural_partition,6218,4.055958265545475
10,107,random_subsets_natural_partition,6219,3.942737805017457
10,107,random_subsets_natural_partition,6220,4.026103236194954
10,107,random_subsets_natural_partition,6221,3.997096056570228
10,107,random_subsets_natural_partition,6222,4.097280679631136
10,107,random_subsets_natural_partition,6223,4.061849478081732
10,107,random_subsets_natural_partition,6224,4.086027312113558
10,107,random_subsets_natural_partition,6225,4.030153494698345
10,107,random_subsets_natural_partition,6226,4.026862882946761
10,107,random_subsets_natural_partition,6227,4.077143519040281
10,107,random_subsets_natural_partition,6228,4.113438307755708
10,107,random_subsets_natural_partition,6229,3.9544808611040954
10,107,random_subsets_natural_partition,6230,4.1409943620422744
10,107,random_subsets_natural_partition,6231,4.113881246365975
10,107,random_subsets_natural_partition,6232,4.140416631626981
10,107,random_subsets_natural_partition,6233,4.088118047248814
10,107,random_subsets_natural_partition,6234,4.094306069021992
10,107,random_subsets_natural_partition,6235,4.007217263567044
10,107,random_subsets_natural_partition,6236,4.128835290252875
10,107,random_subsets_natural_partition,6237,4.129207869978986
10,107,random_subsets_natural_partition,6238,4.10790613871001
10,107,random_subsets_natural_partition,6239,4.053049158959527
10,107,random_subsets_natural_partition,6240,4.059157543936306
10,107,random_subsets_natural_partition,6241,4.127463671194816
10,107,random_subsets_natural_partition,6242,4.09077383573829
10,107,random_subsets_natural_partition,6243,4.022919668223279
10,107,random_subsets_natural_partition,6244,4.096494816207384
10,107,random_subsets_natural_partition,6245,4.095140104460305
10,107,random_subsets_natural_partition,6246,4.13374315331803
10,107,random_subsets_natural_partition,6247,4.020615500700541
10,107,random_subsets_natural_partition,6248,4.000907311289599
10,107,random_subsets_natural_partition,6249,4.056849890128644
10,107,random_subsets_natural_partition,6250,4.0424527983407295
10,107,random_subsets_natural_partition,6251,4.03898957423796
10,107,random_subsets_natural_partition,6252,4.1000685434733715
10,107,random_subsets_natural_partition,6253,4.20244618588241
10,107,random_subsets_natural_partition,6254,4.121705905354201
10,107,random_subsets_natural_partition,6255,4.014908632250192
10,107,random_subsets_natural_partition,6256,4.082114246523437
10,107,random_subsets_natural_partition,6257,4.134008762873197
10,107,random_subsets_natural_partition,6258,4.077070954598307
10,107,random_subsets_natural_partition,6259,3.9948746907411
10,107,random_subsets_natural_partition,6260,4.119572259142506
10,107,random_subsets_natural_partition,6261,4.067390437146089
10,107,random_subsets_natural_partition,6262,4.050178555104409
10,107,random_subsets_natural_partition,6263,4.0647866623681645
10,107,random_subsets_natural_partition,6264,4.125315701656182
10,107,random_subsets_natural_partition,6265,4.118397531164175
10,107,random_subsets_natural_partition,6266,4.073337750079683
10,107,random_subsets_natural_partition,6267,4.154333457570195
10,107,random_subsets_natural_partition,6268,4.093059112403198
10,107,random_subsets_natural_partition,6269,4.090313573820705
10,107,random_subsets_natural_partition,6270,4.1625604864537795
10,107,random_subsets_natural_partition,6271,3.999415506087962
10,107,random_subsets_natural_partition,6272,4.040326691968848
10,107,random_subsets_natural_partition,6273,4.092745224305699
10,107,random_subsets_natural_partition,6274,4.175362302196561
10,107,random_subsets_natural_partition,6275,4.119158165470772
10,107,random_subsets_natural_partition,6276,4.138140820561719
10,107,random_subsets_natural_partition,6277,4.0718612171786575
10,107,random_subsets_natural_partition,6278,4.117637231451336
10,107,random_subsets_natural_partition,6279,4.0262148882313165
10,107,random_subsets_natural_partition,6280,4.0434985377641395
10,107,random_subsets_natural_partition,6281,4.054387964767562
10,107,random_subsets_natural_partition,6282,4.164012205042459
10,107,random_subsets_natural_partition,6283,4.0602061504538405
10,107,random_subsets_natural_partition,6284,4.106397612472747
10,107,random_subsets_natural_partition,6285,4.121786062365823
10,107,random_subsets_natural_partition,6286,4.033624568000179
10,107,random_subsets_natural_partition,6287,4.079623856198031
10,107,random_subsets_natural_partition,6288,4.1019772207509115
10,107,random_subsets_natural_partition,6289,4.1175217020420485
10,107,random_subsets_natural_partition,6290,3.9584070981888333
10,107,random_subsets_natural_partition,6291,4.136615846302487
10,107,random_subsets_natural_partition,6292,4.052684082573921
10,107,random_subsets_natural_partition,6293,3.9950927794115776
10,107,random_subsets_natural_partition,6294,3.8292188590739067
10,107,random_subsets_natural_partition,6295,3.999019657339923
10,107,random_subsets_natural_partition,6296,4.13464659368204
10,107,random_subsets_natural_partition,6297,4.1524370684349945
10,107,random_subsets_natural_partition,6298,3.998535385378522
10,107,random_subsets_natural_partition,6299,4.063326072583535
10,107,random_subsets_natural_partition,6300,4.11355425555597
10,107,random_subsets_natural_partition,6301,4.014941138579693
10,107,random_subsets_natural_partition,6302,4.075200223663127
10,107,random_subsets_natural_partition,6303,4.105240028655917
10,107,random_subsets_natural_partition,6304,4.073864299376663
10,107,random_subsets_natural_partition,6305,4.116484633750379
10,107,random_subsets_natural_partition,6306,4.060523306869396
10,107,random_subsets_natural_partition,6307,4.078640959864977
10,107,random_subsets_natural_partition,6308,3.8611861104234797
10,107,random_subsets_natural_partition,6309,4.061004725904483
10,107,random_subsets_natural_partition,6310,4.10083724027736
10,107,random_subsets_natural_partition,6311,4.130990636300411
10,107,random_subsets_natural_partition,6312,4.034104878397391
10,107,random_subsets_natural_partition,6313,3.9909797357088403
10,107,random_subsets_natural_partition,6314,4.097122180779519
10,107,random_subsets_natural_partition,6315,4.057319144900967
10,107,random_subsets_natural_partition,6316,4.142829719325581
10,107,random_subsets_natural_partition,6317,4.0784546516446945
10,107,random_subsets_natural_partition,6318,4.033512373389072
10,107,random_subsets_natural_partition,6319,4.084484205650458
10,107,random_subsets_natural_partition,6320,4.118046280906304
10,107,random_subsets_natural_partition,6321,4.10278646252984
10,107,random_subsets_natural_partition,6322,4.0685614974821585
10,107,random_subsets_natural_partition,6323,4.0188784734029115
10,107,random_subsets_natural_partition,6324,4.060496502838341
10,107,random_subsets_natural_partition,6325,4.028415751661454
10,107,random_subsets_natural_partition,6326,4.018702747399195
10,107,random_subsets_natural_partition,6327,4.079215383446371
10,107,random_subsets_natural_partition,6328,4.0785202053895
10,107,random_subsets_natural_partition,6329,4.067654524036917
10,107,random_subsets_natural_partition,6330,4.030843950129975
10,107,random_subsets_natural_partition,6331,4.024986119046955
10,107,random_subsets_natural_partition,6332,4.062433662580312
10,107,random_subsets_natural_partition,6333,4.100694731960739
10,107,random_subsets_natural_partition,6334,4.021433335489484
10,107,random_subsets_natural_partition,6335,4.129586198313174
10,107,random_subsets_natural_partition,6336,4.150868850924956
10,107,random_subsets_natural_partition,6337,4.026310783814898
10,107,random_subsets_natural_partition,6338,4.191784742586605
10,107,random_subsets_natural_partition,6339,3.9215526955249365
10,107,random_subsets_natural_partition,6340,4.046063038580481
10,107,random_subsets_natural_partition,6341,4.057011098445656
10,107,random_subsets_natural_partition,6342,4.144620413775113
10,107,random_subsets_natural_partition,6343,4.084569100186339
10,107,random_subsets_natural_partition,6344,4.0667958332760845
10,107,random_subsets_natural_partition,6345,4.108371114633088
10,107,random_subsets_natural_partition,6346,4.021990157892513
10,107,random_subsets_natural_partition,6347,4.029887482739975
10,107,random_subsets_natural_partition,6348,4.111658067955543
10,107,random_subsets_natural_partition,6349,4.093961596173213
10,107,random_subsets_natural_partition,6350,4.082287056422489
10,107,random_subsets_natural_partition,6351,4.05102711548753
10,107,random_subsets_natural_partition,6352,4.062205449726429
10,107,random_subsets_natural_partition,6353,4.116956616715521
10,107,random_subsets_natural_partition,6354,4.12571949427084
10,107,random_subsets_natural_partition,6355,4.008557231434841
10,107,random_subsets_natural_partition,6356,4.121726171750381
10,107,random_subsets_natural_partition,6357,4.125553842173451
10,107,random_subsets_natural_partition,6358,4.0617489221392
10,107,random_subsets_natural_partition,6359,4.13525033310247
10,107,random_subsets_natural_partition,6360,3.9425339514824724
10,107,random_subsets_natural_partition,6361,4.025941149421059
10,107,random_subsets_natural_partition,6362,4.120978879222297
10,107,random_subsets_natural_partition,6363,4.076630152962019
10,107,random_subsets_natural_partition,6364,4.047616163547632
10,107,random_subsets_natural_partition,6365,4.088209166298148
10,107,random_subsets_natural_partition,6366,3.9265190828633165
10,107,random_subsets_natural_partition,6367,4.023087096229048
10,107,random_subsets_natural_partition,6368,3.89745092482987
10,107,random_subsets_natural_partition,6369,4.095773090413944
10,107,random_subsets_natural_partition,6370,4.060927299252992
10,107,random_subsets_natural_partition,6371,4.119698475115991
10,107,random_subsets_natural_partition,6372,3.9949962078427967
10,107,random_subsets_natural_partition,6373,4.144530670825257
10,107,random_subsets_natural_partition,6374,4.1350583450489795
10,107,random_subsets_natural_partition,6375,4.178064994928226
10,107,random_subsets_natural_partition,6376,4.029869478377587
10,107,random_subsets_natural_partition,6377,4.067108596465072
10,107,random_subsets_natural_partition,6378,3.991124003082122
10,107,random_subsets_natural_partition,6379,4.101403798908042
10,107,random_subsets_natural_partition,6380,3.967353614270741
10,107,random_subsets_natural_partition,6381,4.020380003545595
10,107,random_subsets_natural_partition,6382,4.023530945581684
10,107,random_subsets_natural_partition,6383,3.9796752468158103
10,107,random_subsets_natural_partition,6384,3.9713206627666175
10,107,random_subsets_natural_partition,6385,4.21062997475145
10,107,random_subsets_natural_partition,6386,4.071436749437074
10,107,random_subsets_natural_partition,6387,4.062032105767807
10,107,random_subsets_natural_partition,6388,4.053587892697446
10,107,random_subsets_natural_partition,6389,4.060849956693636
10,107,random_subsets_natural_partition,6390,4.126987374570509
10,107,random_subsets_natural_partition,6391,4.099563290523955
10,107,random_subsets_natural_partition,6392,4.026536362441645
10,107,random_subsets_natural_partition,6393,4.147351670133532
10,107,random_subsets_natural_partition,6394,4.051573431514115
10,107,random_subsets_natural_partition,6395,4.0829355046696145
10,107,random_subsets_natural_partition,6396,4.110950280779824
10,107,random_subsets_natural_partition,6397,4.02488544158199
10,107,random_subsets_natural_partition,6398,4.034125874210431
10,107,random_subsets_natural_partition,6399,4.144421883242483
10,107,random_subsets_natural_partition,6400,4.062154362250105
10,107,random_subsets_natural_partition,6401,4.03379219218367
10,107,random_subsets_natural_partition,6402,4.070263812332009
10,107,random_subsets_natural_partition,6403,3.92423085984894
10,107,random_subsets_natural_partition,6404,4.064619713616337
10,107,random_subsets_natural_partition,6405,4.098571889292104
10,107,random_subsets_natural_partition,6406,4.200512203833458
10,107,random_subsets_natural_partition,6407,4.151792127080779
10,107,random_subsets_natural_partition,6408,4.060821839905993
10,107,random_subsets_natural_partition,6409,4.08344605748166
10,107,random_subsets_natural_partition,6410,4.040279945731105
10,107,random_subsets_natural_partition,6411,4.1913502071797515
10,107,random_subsets_natural_partition,6412,4.092141212056433
10,107,random_subsets_natural_partition,6413,4.076246419493604
10,107,random_subsets_natural_partition,6414,4.07901569971557
10,107,random_subsets_natural_partition,6415,3.965931017113675
10,107,random_subsets_natural_partition,6416,4.017780607338949
10,107,random_subsets_natural_partition,6417,4.110766032184774
10,107,random_subsets_natural_partition,6418,3.9866118395102514
10,107,random_subsets_natural_partition,6419,4.16149534149367
10,107,random_subsets_natural_partition,6420,4.079335518688898
10,107,random_subsets_natural_partition,6421,4.112688128360052
10,107,random_subsets_natural_partition,6422,4.036872451524908
10,107,random_subsets_natural_partition,6423,4.1105423361850315
10,107,random_subsets_natural_partition,6424,4.114289082820281
10,107,random_subsets_natural_partition,6425,4.042284038707296
10,107,random_subsets_natural_partition,6426,4.049708144213449
10,107,random_subsets_natural_partition,6427,4.1059925077981045
10,107,random_subsets_natural_partition,6428,4.193766689495301
10,107,random_subsets_natural_partition,6429,4.038824072275767
10,107,random_subsets_natural_partition,6430,4.009830870669765
10,107,random_subsets_natural_partition,6431,4.1515082387545705
10,107,random_subsets_natural_partition,6432,4.046728320340696
10,107,random_subsets_natural_partition,6433,4.0604719450637
10,107,random_subsets_natural_partition,6434,4.146387695984239
10,107,random_subsets_natural_partition,6435,4.1294236929708195
10,107,random_subsets_natural_partition,6436,3.9492306833257436
10,107,random_subsets_natural_partition,6437,4.083411123163845
10,107,random_subsets_natural_partition,6438,4.2427831390831425
10,107,random_subsets_natural_partition,6439,4.063582616288061
10,107,random_subsets_natural_partition,6440,4.076578131931982
10,107,random_subsets_natural_partition,6441,4.168362427788451
10,107,random_subsets_natural_partition,6442,4.121844039139855
10,107,random_subsets_natural_partition,6443,4.082559357126968
10,107,random_subsets_natural_partition,6444,4.091192762948631
10,107,random_subsets_natural_partition,6445,4.095328426705497
10,107,random_subsets_natural_partition,6446,4.187739243155232
10,107,random_subsets_natural_partition,6447,3.9627932246735504
10,107,random_subsets_natural_partition,6448,4.162799910587948
10,107,random_subsets_natural_partition,6449,4.082284910874732
10,107,random_subsets_natural_partition,6450,4.054948327027953
10,107,random_subsets_natural_partition,6451,4.079346781820936
10,107,random_subsets_natural_partition,6452,4.098629167613821
10,107,random_subsets_natural_partition,6453,4.064614482807738
10,107,random_subsets_natural_partition,6454,4.027092728062929
10,107,random_subsets_natural_partition,6455,4.1477307406153345
10,107,random_subsets_natural_partition,6456,4.081734245948463
10,107,random_subsets_natural_partition,6457,4.077945631932462
10,107,random_subsets_natural_partition,6458,3.9855805973755243
10,107,random_subsets_natural_partition,6459,4.14879801372539
10,107,random_subsets_natural_partition,6460,4.102249512409835
10,107,random_subsets_natural_partition,6461,4.09517748797163
10,107,random_subsets_natural_partition,6462,4.0956050957467465
10,107,random_subsets_natural_partition,6463,4.19609774619461
10,107,random_subsets_natural_partition,6464,4.051636989862089
10,107,random_subsets_natural_partition,6465,3.9807496893305117
10,107,random_subsets_natural_partition,6466,4.120510101047385
10,107,random_subsets_natural_partition,6467,3.9719694351457617
10,107,random_subsets_natural_partition,6468,3.9533844264021925
10,107,random_subsets_natural_partition,6469,4.041120039191745
10,107,random_subsets_natural_partition,6470,4.1327997572521475
10,107,random_subsets_natural_partition,6471,4.072018821598021
10,107,random_subsets_natural_partition,6472,4.147382046381174
10,107,random_subsets_natural_partition,6473,4.062941091235456
10,107,random_subsets_natural_partition,6474,4.085866277836088
10,107,random_subsets_natural_partition,6475,4.063670525440221
10,107,random_subsets_natural_partition,6476,4.158022498279772
10,107,random_subsets_natural_partition,6477,4.161408049543705
10,107,random_subsets_natural_partition,6478,4.043339720405105
10,107,random_subsets_natural_partition,6479,4.010923522367874
10,107,random_subsets_natural_partition,6480,4.046615270372167
10,107,random_subsets_natural_partition,6481,4.0597525036550035
10,107,random_subsets_natural_partition,6482,4.114905067193676
10,107,random_subsets_natural_partition,6483,4.0519286223387025
10,107,random_subsets_natural_partition,6484,4.161551795476516
10,107,random_subsets_natural_partition,6485,4.138421730300643
10,107,random_subsets_natural_partition,6486,4.0967109959311765
10,107,random_subsets_natural_partition,6487,4.061866384525651
10,107,random_subsets_natural_partition,6488,4.162999003276435
10,107,random_subsets_natural_partition,6489,4.200015785984568
10,107,random_subsets_natural_partition,6490,4.009903674376214
10,107,random_subsets_natural_partition,6491,4.190035436320626
10,107,random_subsets_natural_partition,6492,4.128437791404079
10,107,random_subsets_natural_partition,6493,4.134362804415509
10,107,random_subsets_natural_partition,6494,4.006250039216561
10,107,random_subsets_natural_partition,6495,4.162396348883956
10,107,random_subsets_natural_partition,6496,4.1072928281736765
10,107,random_subsets_natural_partition,6497,4.154736281922906
10,107,random_subsets_natural_partition,6498,4.121552256688215
10,107,random_subsets_natural_partition,6499,4.005692450141369
10,107,random_subsets_natural_partition,6500,4.136435632883546
10,107,random_subsets_natural_partition,6501,4.100120693998291
10,107,random_subsets_natural_partition,6502,4.109352736632604
10,107,random_subsets_natural_partition,6503,4.121906516328052
10,107,random_subsets_natural_partition,6504,3.959374338129456
10,107,random_subsets_natural_partition,6505,3.996850965982841
10,107,random_subsets_natural_partition,6506,4.014642845959869
10,107,random_subsets_natural_partition,6507,4.088877647166047
10,107,random_subsets_natural_partition,6508,4.130098790865446
10,107,random_subsets_natural_partition,6509,3.97897753366252
10,107,random_subsets_natural_partition,6510,4.166628270582649
10,107,random_subsets_natural_partition,6511,4.126601727457158
10,107,random_subsets_natural_partition,6512,3.9740538243212304
10,107,random_subsets_natural_partition,6513,4.138294722847814
10,107,random_subsets_natural_partition,6514,3.980412160842631
10,107,random_subsets_natural_partition,6515,4.075042258645022
10,107,random_subsets_natural_partition,6516,4.048029282097833
10,107,random_subsets_natural_partition,6517,4.0341467447120145
10,107,random_subsets_natural_partition,6518,4.153427129520586
10,107,random_subsets_natural_partition,6519,4.042577532348068
10,107,random_subsets_natural_partition,6520,4.0902776507316
10,107,random_subsets_natural_partition,6521,4.019457978837526
10,107,random_subsets_natural_partition,6522,4.03336756234904
10,107,random_subsets_natural_partition,6523,4.134912027227007
10,107,random_subsets_natural_partition,6524,4.041115731615855
10,107,random_subsets_natural_partition,6525,4.117896711619284
10,107,random_subsets_natural_partition,6526,4.028812972952516
10,107,random_subsets_natural_partition,6527,4.053709338934394
10,107,random_subsets_natural_partition,6528,4.041776612842999
10,107,random_subsets_natural_partition,6529,4.1282642404308385
10,107,random_subsets_natural_partition,6530,4.054417824598227
10,107,random_subsets_natural_partition,6531,4.158854061438135
10,107,random_subsets_natural_partition,6532,3.9672114309595394
10,107,random_subsets_natural_partition,6533,4.1234686947003185
10,107,random_subsets_natural_partition,6534,4.190050038686963
10,107,random_subsets_natural_partition,6535,4.175328656262408
10,107,random_subsets_natural_partition,6536,4.08036115641629
10,107,random_subsets_natural_partition,6537,4.145401515597581
10,107,random_subsets_natural_partition,6538,4.029065435947811
10,107,random_subsets_natural_partition,6539,3.9643146051360127
10,107,random_subsets_natural_partition,6540,4.114023088471486
10,107,random_subsets_natural_partition,6541,4.091495415981159
10,107,random_subsets_natural_partition,6542,4.022768948208712
10,107,random_subsets_natural_partition,6543,4.093313009333826
10,107,random_subsets_natural_partition,6544,4.145427486895196
10,107,random_subsets_natural_partition,6545,4.116138185914189
10,107,random_subsets_natural_partition,6546,4.017670551683283
10,107,random_subsets_natural_partition,6547,4.088132199296565
10,107,random_subsets_natural_partition,6548,3.997879131486977
10,107,random_subsets_natural_partition,6549,4.0315744071001625
10,107,random_subsets_natural_partition,6550,4.0909750334716
10,107,random_subsets_natural_partition,6551,4.060280337730192
10,107,random_subsets_natural_partition,6552,4.034021824642406
10,107,random_subsets_natural_partition,6553,4.09896632619777
10,107,random_subsets_natural_partition,6554,3.9972676060873544
10,107,random_subsets_natural_partition,6555,3.9529042664125633
10,107,random_subsets_natural_partition,6556,4.089752776427414
10,107,random_subsets_natural_partition,6557,4.089109125701094
10,107,random_subsets_natural_partition,6558,4.065386012391457
10,107,random_subsets_natural_partition,6559,4.100220174405171
10,107,random_subsets_natural_partition,6560,4.0949267586647515
10,107,random_subsets_natural_partition,6561,3.963464906766582
10,107,random_subsets_natural_partition,6562,4.132508100792908
10,107,random_subsets_natural_partition,6563,4.061854701989254
10,107,random_subsets_natural_partition,6564,4.238786422583818
10,107,random_subsets_natural_partition,6565,4.072672545851478
10,107,random_subsets_natural_partition,6566,4.128083532728697
10,107,random_subsets_natural_partition,6567,3.976024263759767
10,107,random_subsets_natural_partition,6568,4.119334003479641
10,107,random_subsets_natural_partition,6569,4.067870143460324
10,107,random_subsets_natural_partition,6570,4.017355189925523
10,107,random_subsets_natural_partition,6571,4.087746461868056
10,107,random_subsets_natural_partition,6572,4.12637731444371
10,107,random_subsets_natural_partition,6573,4.065092977838175
10,107,random_subsets_natural_partition,6574,4.100693026073003
10,107,random_subsets_natural_partition,6575,4.130217297131066
10,107,random_subsets_natural_partition,6576,4.096109077402664
10,107,random_subsets_natural_partition,6577,4.077716337598481
10,107,random_subsets_natural_partition,6578,4.120477134059878
10,107,random_subsets_natural_partition,6579,3.9974253411683325
10,107,random_subsets_natural_partition,6580,4.137065929797568
10,107,random_subsets_natural_partition,6581,4.057892873437227
10,107,random_subsets_natural_partition,6582,4.0911683151496
10,107,random_subsets_natural_partition,6583,4.113918956391331
10,107,random_subsets_natural_partition,6584,4.1376259389543515
10,107,random_subsets_natural_partition,6585,4.0574302623436065
10,107,random_subsets_natural_partition,6586,4.054865997526404
10,107,random_subsets_natural_partition,6587,4.07285439856546
10,107,random_subsets_natural_partition,6588,4.147640137420534
10,107,random_subsets_natural_partition,6589,4.1339649356878025
10,107,random_subsets_natural_partition,6590,4.034757041262146
10,107,random_subsets_natural_partition,6591,4.133608757369324
10,107,random_subsets_natural_partition,6592,4.056510273038605
10,107,random_subsets_natural_partition,6593,4.039476033123799
10,107,random_subsets_natural_partition,6594,4.131584363169275
10,107,random_subsets_natural_partition,6595,4.09804709067224
10,107,random_subsets_natural_partition,6596,3.9414009550912623
10,107,random_subsets_natural_partition,6597,4.13881635466692
10,107,random_subsets_natural_partition,6598,4.129084988033806
10,107,random_subsets_natural_partition,6599,4.0643632371431675
10,107,random_subsets_natural_partition,6600,4.015382446769637
10,107,random_subsets_natural_partition,6601,4.053224616477638
10,107,random_subsets_natural_partition,6602,4.063574046009112
10,107,random_subsets_natural_partition,6603,4.076127003307023
10,107,random_subsets_natural_partition,6604,4.078354199901723
10,107,random_subsets_natural_partition,6605,4.078966061718517
10,107,random_subsets_natural_partition,6606,4.024571987283987
10,107,random_subsets_natural_partition,6607,3.9475912958680732
10,107,random_subsets_natural_partition,6608,4.057142762063967
10,107,random_subsets_natural_partition,6609,4.073652880239285
10,107,random_subsets_natural_partition,6610,4.0496507986084875
10,107,random_subsets_natural_partition,6611,4.104214522817968
10,107,random_subsets_natural_partition,6612,4.017002346840948
10,107,random_subsets_natural_partition,6613,3.9809437530738823
10,107,random_subsets_natural_partition,6614,4.08957708426576
10,107,random_subsets_natural_partition,6615,4.039536268059815
10,107,random_subsets_natural_partition,6616,4.074766649239032
10,107,random_subsets_natural_partition,6617,4.124601558904457
10,107,random_subsets_natural_partition,6618,4.04529890926405
10,107,random_subsets_natural_partition,6619,4.151711780585141
10,107,random_subsets_natural_partition,6620,4.084604414286687
10,107,random_subsets_natural_partition,6621,4.029559522433265
10,107,random_subsets_natural_partition,6622,4.0859347198712745
10,107,random_subsets_natural_partition,6623,4.081314353145052
10,107,random_subsets_natural_partition,6624,4.037252570709752
10,107,random_subsets_natural_partition,6625,3.9775477359819806
10,107,random_subsets_natural_partition,6626,4.129636606349151
10,107,random_subsets_natural_partition,6627,4.000967738955897
10,107,random_subsets_natural_partition,6628,4.095005438838836
10,107,random_subsets_natural_partition,6629,4.021711964368247
10,107,random_subsets_natural_partition,6630,4.007675347530275
10,107,random_subsets_natural_partition,6631,4.060042354130608
10,107,random_subsets_natural_partition,6632,4.061323499690071
10,107,random_subsets_natural_partition,6633,3.8929442750092016
10,107,random_subsets_natural_partition,6634,4.069638257811075
10,107,random_subsets_natural_partition,6635,4.091575235212112
10,107,random_subsets_natural_partition,6636,4.015645925736189
10,107,random_subsets_natural_partition,6637,4.0536883218537385
10,107,random_subsets_natural_partition,6638,4.031587991700201
10,107,random_subsets_natural_partition,6639,4.018321679194253
10,107,random_subsets_natural_partition,6640,4.079308118793244
10,107,random_subsets_natural_partition,6641,4.142867801416886
10,107,random_subsets_natural_partition,6642,4.150873074216264
10,107,random_subsets_natural_partition,6643,3.99229505919458
10,107,random_subsets_natural_partition,6644,3.9484808779719196
10,107,random_subsets_natural_partition,6645,4.061097807285757
10,107,random_subsets_natural_partition,6646,4.090535455135218
10,107,random_subsets_natural_partition,6647,4.1045516476334525
10,107,random_subsets_natural_partition,6648,4.03160770159279
10,107,random_subsets_natural_partition,6649,4.112103785014438
10,107,random_subsets_natural_partition,6650,4.104742038370453
10,107,random_subsets_natural_partition,6651,4.018138447422924
10,107,random_subsets_natural_partition,6652,4.022298269275723
10,107,random_subsets_natural_partition,6653,4.045010136398902
10,107,random_subsets_natural_partition,6654,4.101441714826101
10,107,random_subsets_natural_partition,6655,4.154135166787756
10,107,random_subsets_natural_partition,6656,4.038913435878887
10,107,random_subsets_natural_partition,6657,4.129251688829053
10,107,random_subsets_natural_partition,6658,4.021407829161402
10,107,random_subsets_natural_partition,6659,4.080683060473997
10,107,random_subsets_natural_partition,6660,4.063149303429912
10,107,random_subsets_natural_partition,6661,3.9954157684787
10,107,random_subsets_natural_partition,6662,4.049398212715397
10,107,random_subsets_natural_partition,6663,4.107271030473936
10,107,random_subsets_natural_partition,6664,4.080357095808771
10,107,random_subsets_natural_partition,6665,4.148211818971522
10,107,random_subsets_natural_partition,6666,4.076025539012566
10,107,random_subsets_natural_partition,6667,4.057913437098558
10,107,random_subsets_natural_partition,6668,4.155772571689177
10,107,random_subsets_natural_partition,6669,4.054293101049023
10,107,random_subsets_natural_partition,6670,4.14262668681176
10,107,random_subsets_natural_partition,6671,4.0378955214712855
10,107,random_subsets_natural_partition,6672,4.0083441220175935
10,107,random_subsets_natural_partition,6673,3.9805924124579555
10,107,random_subsets_natural_partition,6674,4.136304717098568
10,107,random_subsets_natural_partition,6675,4.051069197682941
10,107,random_subsets_natural_partition,6676,4.061155655287784
10,107,random_subsets_natural_partition,6677,4.064201791454217
10,107,random_subsets_natural_partition,6678,4.055319464979424
10,107,random_subsets_natural_partition,6679,4.076431420660135
10,107,random_subsets_natural_partition,6680,4.116543540355007
10,107,random_subsets_natural_partition,6681,4.054640066450659
10,107,random_subsets_natural_partition,6682,4.158838971149823
10,107,random_subsets_natural_partition,6683,4.110660328812805
10,107,random_subsets_natural_partition,6684,4.030248023256007
10,107,random_subsets_natural_partition,6685,4.171062683188788
10,107,random_subsets_natural_partition,6686,4.1059830568179825
10,107,random_subsets_natural_partition,6687,4.000731643286519
10,107,random_subsets_natural_partition,6688,4.0087743845113915
10,107,random_subsets_natural_partition,6689,4.072552609092888
10,107,random_subsets_natural_partition,6690,4.076701937486993
10,107,random_subsets_natural_partition,6691,4.169258885340032
10,107,random_subsets_natural_partition,6692,4.168275426169237
10,107,random_subsets_natural_partition,6693,4.106994706682537
10,107,random_subsets_natural_partition,6694,4.0856624380099875
10,107,random_subsets_natural_partition,6695,4.127193344068518
10,107,random_subsets_natural_partition,6696,4.143709312877531
10,107,random_subsets_natural_partition,6697,3.97567828339872
10,107,random_subsets_natural_partition,6698,4.151681824725332
10,107,random_subsets_natural_partition,6699,4.135242517945757
10,107,random_subsets_natural_partition,6700,4.034082197044973
10,107,random_subsets_natural_partition,6701,4.046695723253335
10,107,random_subsets_natural_partition,6702,4.084607114644443
10,107,random_subsets_natural_partition,6703,4.134099025752317
10,107,random_subsets_natural_partition,6704,3.9857204769190897
10,107,random_subsets_natural_partition,6705,3.909379024510348
10,107,random_subsets_natural_partition,6706,4.025895350280398
10,107,random_subsets_natural_partition,6707,4.106067770903341
10,107,random_subsets_natural_partition,6708,4.108808235903514
10,107,random_subsets_natural_partition,6709,3.9509625904376264
10,107,random_subsets_natural_partition,6710,4.134016854180148
10,107,random_subsets_natural_partition,6711,4.135631685936952
10,107,random_subsets_natural_partition,6712,4.0684453060463985
10,107,random_subsets_natural_partition,6713,3.9991573518908865
10,107,random_subsets_natural_partition,6714,4.0267045470431855
10,107,random_subsets_natural_partition,6715,4.134291455584214
10,107,random_subsets_natural_partition,6716,4.06261494784853
10,107,random_subsets_natural_partition,6717,4.030631564266967
10,107,random_subsets_natural_partition,6718,4.072024530390037
10,107,random_subsets_natural_partition,6719,4.08003481242497
10,107,random_subsets_natural_partition,6720,4.111663311008942
10,107,random_subsets_natural_partition,6721,3.993379324042844
10,107,random_subsets_natural_partition,6722,3.9877244319106504
10,107,random_subsets_natural_partition,6723,4.088580857661217
10,107,random_subsets_natural_partition,6724,4.023571108010651
10,107,random_subsets_natural_partition,6725,3.994033250080754
10,107,random_subsets_natural_partition,6726,4.1168687182624355
10,107,random_subsets_natural_partition,6727,4.044350002266177
10,107,random_subsets_natural_partition,6728,4.077203835123484
10,107,random_subsets_natural_partition,6729,4.1063010101550095
10,107,random_subsets_natural_partition,6730,3.955743774123463
10,107,random_subsets_natural_partition,6731,4.0391068434966115
10,107,random_subsets_natural_partition,6732,4.123265697183153
10,107,random_subsets_natural_partition,6733,4.112332891426648
10,107,random_subsets_natural_partition,6734,4.025655376683929
10,107,random_subsets_natural_partition,6735,4.078315850883349
10,107,random_subsets_natural_partition,6736,4.059597850380283
10,107,random_subsets_natural_partition,6737,4.086227457605853
10,107,random_subsets_natural_partition,6738,3.9488156794598246
10,107,random_subsets_natural_partition,6739,4.092360940690477
10,107,random_subsets_natural_partition,6740,4.0957601608638505
10,107,random_subsets_natural_partition,6741,4.068221549345759
10,107,random_subsets_natural_partition,6742,3.9766096871646552
10,107,random_subsets_natural_partition,6743,4.222552229760969
10,107,random_subsets_natural_partition,6744,4.010624887534589
10,107,random_subsets_natural_partition,6745,4.073549224587267
10,107,random_subsets_natural_partition,6746,4.068093091407636
10,107,random_subsets_natural_partition,6747,4.018557163226466
10,107,random_subsets_natural_partition,6748,4.100262533598494
10,107,random_subsets_natural_partition,6749,3.961744716351346
10,107,random_subsets_natural_partition,6750,4.095117781594854
10,107,random_subsets_natural_partition,6751,3.9622487225000467
10,107,random_subsets_natural_partition,6752,4.1108003636402035
10,107,random_subsets_natural_partition,6753,4.090482145731691
10,107,random_subsets_natural_partition,6754,4.136173279781136
10,107,random_subsets_natural_partition,6755,4.036642927663459
10,107,random_subsets_natural_partition,6756,4.103763609774239
10,107,random_subsets_natural_partition,6757,4.111760242050998
10,107,random_subsets_natural_partition,6758,4.074136454200532
10,107,random_subsets_natural_partition,6759,4.132995238264587
10,107,random_subsets_natural_partition,6760,4.177012948041411
10,107,random_subsets_natural_partition,6761,4.1095919624699615
10,107,random_subsets_natural_partition,6762,4.169400817902727
10,107,random_subsets_natural_partition,6763,3.976463064505151
10,107,random_subsets_natural_partition,6764,4.083199288785506
10,107,random_subsets_natural_partition,6765,3.9305801412536425
10,107,random_subsets_natural_partition,6766,4.081193293452581
10,107,random_subsets_natural_partition,6767,4.008296539138466
10,107,random_subsets_natural_partition,6768,4.059767021935147
10,107,random_subsets_natural_partition,6769,4.071081620249438
10,107,random_subsets_natural_partition,6770,4.083936745028803
10,107,random_subsets_natural_partition,6771,4.033113788027371
10,107,random_subsets_natural_partition,6772,4.187298987420777
10,107,random_subsets_natural_partition,6773,4.113644446243721
10,107,random_subsets_natural_partition,6774,4.060186312855791
10,107,random_subsets_natural_partition,6775,4.026519075282382
10,107,random_subsets_natural_partition,6776,4.09988093910829
10,107,random_subsets_natural_partition,6777,4.184193636138363
10,107,random_subsets_natural_partition,6778,4.037069186826108
10,107,random_subsets_natural_partition,6779,4.040655452553794
10,107,random_subsets_natural_partition,6780,4.026080142076132
10,107,random_subsets_natural_partition,6781,4.095822567260008
10,107,random_subsets_natural_partition,6782,4.062988522447261
10,107,random_subsets_natural_partition,6783,4.033557725506285
10,107,random_subsets_natural_partition,6784,4.106442633822586
10,107,random_subsets_natural_partition,6785,4.1382214786103075
10,107,random_subsets_natural_partition,6786,4.034655156907784
10,107,random_subsets_natural_partition,6787,4.036644770467542
10,107,random_subsets_natural_partition,6788,3.9982439709228803
10,107,random_subsets_natural_partition,6789,4.120215519976213
10,107,random_subsets_natural_partition,6790,4.017633876669432
10,107,random_subsets_natural_partition,6791,4.007321522161459
10,107,random_subsets_natural_partition,6792,4.116921451943881
10,107,random_subsets_natural_partition,6793,4.11779456734322
10,107,random_subsets_natural_partition,6794,4.088702934473977
10,107,random_subsets_natural_partition,6795,4.0755630720491585
10,107,random_subsets_natural_partition,6796,4.008173709937732
10,107,random_subsets_natural_partition,6797,4.02326626437908
10,107,random_subsets_natural_partition,6798,4.15938495898518
10,107,random_subsets_natural_partition,6799,3.9818495490914407
10,107,random_subsets_natural_partition,6800,3.9848357377323187
10,107,random_subsets_natural_partition,6801,4.139782137462252
10,107,random_subsets_natural_partition,6802,4.195014114444544
10,107,random_subsets_natural_partition,6803,4.060150402338293
10,107,random_subsets_natural_partition,6804,4.0175696034551125
10,107,random_subsets_natural_partition,6805,4.033651737086801
10,107,random_subsets_natural_partition,6806,4.139128470800065
10,107,random_subsets_natural_partition,6807,4.143219528597284
10,107,random_subsets_natural_partition,6808,4.152468833051306
10,107,random_subsets_natural_partition,6809,4.047643593385083
10,107,random_subsets_natural_partition,6810,4.109286669844843
10,107,random_subsets_natural_partition,6811,4.054745090195364
10,107,random_subsets_natural_partition,6812,4.095901698876085
10,107,random_subsets_natural_partition,6813,4.043848128534845
10,107,random_subsets_natural_partition,6814,4.075142907844727
10,107,random_subsets_natural_partition,6815,4.025238016726733
10,107,random_subsets_natural_partition,6816,4.0554718731390516
10,107,random_subsets_natural_partition,6817,4.050594324659731
10,107,random_subsets_natural_partition,6818,4.064576592149698
10,107,random_subsets_natural_partition,6819,4.063075982717996
10,107,random_subsets_natural_partition,6820,4.084655143083261
10,107,random_subsets_natural_partition,6821,4.089797960780448
10,107,random_subsets_natural_partition,6822,4.0895469699707325
10,107,random_subsets_natural_partition,6823,3.987469685872429
10,107,random_subsets_natural_partition,6824,4.032650507464056
10,107,random_subsets_natural_partition,6825,4.03130487765849
10,107,random_subsets_natural_partition,6826,4.069964712543156
10,107,random_subsets_natural_partition,6827,4.007308285697529
10,107,random_subsets_natural_partition,6828,4.070130597372384
10,107,random_subsets_natural_partition,6829,4.105053974371454
10,107,random_subsets_natural_partition,6830,4.038080720866809
10,107,random_subsets_natural_partition,6831,4.135265818475366
10,107,random_subsets_natural_partition,6832,4.087474369452382
10,107,random_subsets_natural_partition,6833,3.9631266958179143
10,107,random_subsets_natural_partition,6834,4.090298290533412
10,107,random_subsets_natural_partition,6835,3.979249445192074
10,107,random_subsets_natural_partition,6836,4.005553597379224
10,107,random_subsets_natural_partition,6837,3.923034445654326
10,107,random_subsets_natural_partition,6838,4.051056457837151
10,107,random_subsets_natural_partition,6839,4.043258580228543
10,107,random_subsets_natural_partition,6840,3.9727986675567823
10,107,random_subsets_natural_partition,6841,3.957257792667179
10,107,random_subsets_natural_partition,6842,4.1796574386622725
10,107,random_subsets_natural_partition,6843,4.121498431045426
10,107,random_subsets_natural_partition,6844,3.9900097627013476
10,107,random_subsets_natural_partition,6845,4.1044435599053735
10,107,random_subsets_natural_partition,6846,4.047402170296224
10,107,random_subsets_natural_partition,6847,4.150855148341357
10,107,random_subsets_natural_partition,6848,4.030892631896084
10,107,random_subsets_natural_partition,6849,4.094363147615866
10,107,random_subsets_natural_partition,6850,4.027135732608133
10,107,random_subsets_natural_partition,6851,3.931210616256109
10,107,random_subsets_natural_partition,6852,4.041373678867247
10,107,random_subsets_natural_partition,6853,4.046856694917682
10,107,random_subsets_natural_partition,6854,4.0436400910908175
10,107,random_subsets_natural_partition,6855,4.022823738030039
10,107,random_subsets_natural_partition,6856,4.050778999955517
10,107,random_subsets_natural_partition,6857,3.976943948103071
10,107,random_subsets_natural_partition,6858,4.056945954981462
10,107,random_subsets_natural_partition,6859,4.168626094643766
10,107,random_subsets_natural_partition,6860,4.094981290256456
10,107,random_subsets_natural_partition,6861,3.9582275079440756
10,107,random_subsets_natural_partition,6862,3.9521470452684753
10,107,random_subsets_natural_partition,6863,4.09121946710496
10,107,random_subsets_natural_partition,6864,4.104397718875279
10,107,random_subsets_natural_partition,6865,4.04329615047311
10,107,random_subsets_natural_partition,6866,4.009822642570081
10,107,random_subsets_natural_partition,6867,4.120059377758831
10,107,random_subsets_natural_partition,6868,4.051198820666147
10,107,random_subsets_natural_partition,6869,4.0193908347687435
10,107,random_subsets_natural_partition,6870,4.137633738041804
10,107,random_subsets_natural_partition,6871,4.0419889319812565
10,107,random_subsets_natural_partition,6872,4.074846744605469
10,107,random_subsets_natural_partition,6873,3.977565054858083
10,107,random_subsets_natural_partition,6874,4.133846541998257
10,107,random_subsets_natural_partition,6875,4.024825579525094
10,107,random_subsets_natural_partition,6876,4.165258679305947
10,107,random_subsets_natural_partition,6877,4.049850658951357
10,107,random_subsets_natural_partition,6878,4.140580721418241
10,107,random_subsets_natural_partition,6879,3.995525223376166
10,107,random_subsets_natural_partition,6880,4.070102200617335
10,107,random_subsets_natural_partition,6881,4.089717716945521
10,107,random_subsets_natural_partition,6882,4.020477503195673
10,107,random_subsets_natural_partition,6883,4.051043962028846
10,107,random_subsets_natural_partition,6884,4.113882938154512
10,107,random_subsets_natural_partition,6885,4.01181911690739
10,107,random_subsets_natural_partition,6886,4.092988007383968
10,107,random_subsets_natural_partition,6887,3.9548568884932838
10,107,random_subsets_natural_partition,6888,3.970575439331648
10,107,random_subsets_natural_partition,6889,4.1555157353037515
10,107,random_subsets_natural_partition,6890,4.18411594605193
10,107,random_subsets_natural_partition,6891,3.959333612284575
10,107,random_subsets_natural_partition,6892,4.111847094987979
10,107,random_subsets_natural_partition,6893,4.066152397858962
10,107,random_subsets_natural_partition,6894,3.9888619942787478
10,107,random_subsets_natural_partition,6895,4.056895905348079
10,107,random_subsets_natural_partition,6896,4.073194873596618
10,107,random_subsets_natural_partition,6897,4.094502622837257
10,107,random_subsets_natural_partition,6898,4.142721563860684
10,107,random_subsets_natural_partition,6899,4.045240686224778
10,107,random_subsets_natural_partition,6900,4.0222082297590545
10,107,random_subsets_natural_partition,6901,4.113131783005376
10,107,random_subsets_natural_partition,6902,4.017680804139623
10,107,random_subsets_natural_partition,6903,4.158903055452142
10,107,random_subsets_natural_partition,6904,4.089012958023165
10,107,random_subsets_natural_partition,6905,3.9923726907898125
10,107,random_subsets_natural_partition,6906,4.152855347343393
10,107,random_subsets_natural_partition,6907,4.054590576506776
10,107,random_subsets_natural_partition,6908,4.107776316281626
10,107,random_subsets_natural_partition,6909,4.0188169708961405
10,107,random_subsets_natural_partition,6910,4.108270277939166
10,107,random_subsets_natural_partition,6911,4.14652760678449
10,107,random_subsets_natural_partition,6912,4.042183443704222
10,107,random_subsets_natural_partition,6913,4.101310131044584
10,107,random_subsets_natural_partition,6914,3.9540810318925317
10,107,random_subsets_natural_partition,6915,4.126972647615598
10,107,random_subsets_natural_partition,6916,4.045623790770831
10,107,random_subsets_natural_partition,6917,4.005284739656525
10,107,random_subsets_natural_partition,6918,4.077201835138109
10,107,random_subsets_natural_partition,6919,4.074051838425493
10,107,random_subsets_natural_partition,6920,4.036126838729952
10,107,random_subsets_natural_partition,6921,4.033203787631629
10,107,random_subsets_natural_partition,6922,4.063918931465766
10,107,random_subsets_natural_partition,6923,3.966694121234143
10,107,random_subsets_natural_partition,6924,4.0810160752895355
10,107,random_subsets_natural_partition,6925,4.056198363858078
10,107,random_subsets_natural_partition,6926,4.037701785455064
10,107,random_subsets_natural_partition,6927,4.06682959727979
10,107,random_subsets_natural_partition,6928,4.11315526748927
10,107,random_subsets_natural_partition,6929,4.080529572855158
10,107,random_subsets_natural_partition,6930,4.012882001398008
10,107,random_subsets_natural_partition,6931,4.149178115254721
10,107,random_subsets_natural_partition,6932,4.051477521784575
10,107,random_subsets_natural_partition,6933,4.083668613859059
10,107,random_subsets_natural_partition,6934,4.179505451173714
10,107,random_subsets_natural_partition,6935,4.097831256886097
10,107,random_subsets_natural_partition,6936,4.069898558909912
10,107,random_subsets_natural_partition,6937,3.9898139010418294
10,107,random_subsets_natural_partition,6938,4.14022201990857
10,107,random_subsets_natural_partition,6939,4.004795710962642
10,107,random_subsets_natural_partition,6940,4.161388441823788
10,107,random_subsets_natural_partition,6941,4.093842222600917
10,107,random_subsets_natural_partition,6942,4.091850718309719
10,107,random_subsets_natural_partition,6943,4.048196083667884
10,107,random_subsets_natural_partition,6944,4.0948130143661965
10,107,random_subsets_natural_partition,6945,4.0074109958127515
10,107,random_subsets_natural_partition,6946,4.027737307871028
10,107,random_subsets_natural_partition,6947,3.9580186838343274
10,107,random_subsets_natural_partition,6948,4.1465406549870965
10,107,random_subsets_natural_partition,6949,4.103107521478488
10,107,random_subsets_natural_partition,6950,4.064425913950411
10,107,random_subsets_natural_partition,6951,4.07068274533673
10,107,random_subsets_natural_partition,6952,4.0406383795951495
10,107,random_subsets_natural_partition,6953,4.141397997082519
10,107,random_subsets_natural_partition,6954,3.9798709517112023
10,107,random_subsets_natural_partition,6955,4.105038781670916
10,107,random_subsets_natural_partition,6956,4.174301156130846
10,107,random_subsets_natural_partition,6957,4.164640955159996
10,107,random_subsets_natural_partition,6958,4.020999892009312
10,107,random_subsets_natural_partition,6959,4.080429344571003
10,107,random_subsets_natural_partition,6960,4.049225864406221
10,107,random_subsets_natural_partition,6961,4.107229365966059
10,107,random_subsets_natural_partition,6962,4.03944729414813
10,107,random_subsets_natural_partition,6963,3.9650415234511223
10,107,random_subsets_natural_partition,6964,4.103322681933495
10,107,random_subsets_natural_partition,6965,4.086038908109514
10,107,random_subsets_natural_partition,6966,4.0907170426135355
10,107,random_subsets_natural_partition,6967,4.06433345855035
10,107,random_subsets_natural_partition,6968,4.027479246991724
10,107,random_subsets_natural_partition,6969,4.123879564628258
10,107,random_subsets_natural_partition,6970,4.068180111357181
10,107,random_subsets_natural_partition,6971,3.987971851403215
10,107,random_subsets_natural_partition,6972,4.003169767418676
10,107,random_subsets_natural_partition,6973,4.009913006839324
10,107,random_subsets_natural_partition,6974,4.075236038772484
10,107,random_subsets_natural_partition,6975,4.123080160815548
10,107,random_subsets_natural_partition,6976,4.182950673227336
10,107,random_subsets_natural_partition,6977,4.082103634691208
10,107,random_subsets_natural_partition,6978,4.068930684409755
10,107,random_subsets_natural_partition,6979,4.033113941751198
10,107,random_subsets_natural_partition,6980,4.117556673599638
10,107,random_subsets_natural_partition,6981,4.1325081327417745
10,107,random_subsets_natural_partition,6982,4.103735874323163
10,107,random_subsets_natural_partition,6983,4.055290600838997
10,107,random_subsets_natural_partition,6984,3.9723010924834856
10,107,random_subsets_natural_partition,6985,4.1343510863521615
10,107,random_subsets_natural_partition,6986,3.9611315744595346
10,107,random_subsets_natural_partition,6987,4.078227844261116
10,107,random_subsets_natural_partition,6988,4.186661263193154
10,107,random_subsets_natural_partition,6989,3.9933331157663696
10,107,random_subsets_natural_partition,6990,4.00247790291001
10,107,random_subsets_natural_partition,6991,4.0196123607182725
10,107,random_subsets_natural_partition,6992,4.116674388721511
10,107,random_subsets_natural_partition,6993,4.001562615795537
10,107,random_subsets_natural_partition,6994,4.113433464338967
10,107,random_subsets_natural_partition,6995,4.043945928488256
10,107,random_subsets_natural_partition,6996,4.072380961440796
10,107,random_subsets_natural_partition,6997,4.060089155305431
10,107,random_subsets_natural_partition,6998,4.060703380808077
10,107,random_subsets_natural_partition,6999,4.017218305452602
10,107,random_subsets_natural_partition,7000,4.000326688319764
10,107,random_subsets_natural_partition,7001,4.081916373239379
10,107,random_subsets_natural_partition,7002,4.0805672424114805
10,107,random_subsets_natural_partition,7003,4.124334155380961
10,107,random_subsets_natural_partition,7004,4.143298100941505
10,107,random_subsets_natural_partition,7005,4.051742492116844
10,107,random_subsets_natural_partition,7006,4.076577061023121
10,107,random_subsets_natural_partition,7007,4.112325016231959
10,107,random_subsets_natural_partition,7008,4.020029175124517
10,107,random_subsets_natural_partition,7009,4.0611491429357915
10,107,random_subsets_natural_partition,7010,3.9267908504172375
10,107,random_subsets_natural_partition,7011,4.05647756332999
10,107,random_subsets_natural_partition,7012,3.995232896120153
10,107,random_subsets_natural_partition,7013,4.179961117635875
10,107,random_subsets_natural_partition,7014,4.0657884917058205
10,107,random_subsets_natural_partition,7015,4.0688029971508035
10,107,random_subsets_natural_partition,7016,4.060738053259057
10,107,random_subsets_natural_partition,7017,4.007177737875483
10,107,random_subsets_natural_partition,7018,4.08806956832906
10,107,random_subsets_natural_partition,7019,4.100973500441309
10,107,random_subsets_natural_partition,7020,4.100391623579207
10,107,random_subsets_natural_partition,7021,4.107207249333141
10,107,random_subsets_natural_partition,7022,4.160748527716569
10,107,random_subsets_natural_partition,7023,4.119345273729642
10,107,random_subsets_natural_partition,7024,4.049336001615298
10,107,random_subsets_natural_partition,7025,4.05646586413809
10,107,random_subsets_natural_partition,7026,3.958771673272832
10,107,random_subsets_natural_partition,7027,4.045137613660055
10,107,random_subsets_natural_partition,7028,4.0692200468527675
10,107,random_subsets_natural_partition,7029,4.041244050422071
10,107,random_subsets_natural_partition,7030,4.113942401327537
10,107,random_subsets_natural_partition,7031,4.01535487205717
10,107,random_subsets_natural_partition,7032,3.9973804542544777
10,107,random_subsets_natural_partition,7033,3.9962969888295525
10,107,random_subsets_natural_partition,7034,4.056901810596339
10,107,random_subsets_natural_partition,7035,4.032220781576901
10,107,random_subsets_natural_partition,7036,4.03005340712351
10,107,random_subsets_natural_partition,7037,4.12487409786333
10,107,random_subsets_natural_partition,7038,4.045631438044159
10,107,random_subsets_natural_partition,7039,4.054727494177287
10,107,random_subsets_natural_partition,7040,4.068229292315888
10,107,random_subsets_natural_partition,7041,4.113460446553897
10,107,random_subsets_natural_partition,7042,4.074292589653468
10,107,random_subsets_natural_partition,7043,4.124696595099661
10,107,random_subsets_natural_partition,7044,4.061397103263696
10,107,random_subsets_natural_partition,7045,4.086475424118751
10,107,random_subsets_natural_partition,7046,4.017987107350533
10,107,random_subsets_natural_partition,7047,4.045711444568154
10,107,random_subsets_natural_partition,7048,4.147768578563602
10,107,random_subsets_natural_partition,7049,4.010283242587437
10,107,random_subsets_natural_partition,7050,4.0038354006450625
10,107,random_subsets_natural_partition,7051,4.090144150485126
10,107,random_subsets_natural_partition,7052,4.051162433389121
10,107,random_subsets_natural_partition,7053,3.959801579183532
10,107,random_subsets_natural_partition,7054,4.154123047857802
10,107,random_subsets_natural_partition,7055,4.074452327783733
10,107,random_subsets_natural_partition,7056,4.083732516441445
10,107,random_subsets_natural_partition,7057,3.9843805595420356
10,107,random_subsets_natural_partition,7058,4.109161979964312
10,107,random_subsets_natural_partition,7059,4.079382465609048
10,107,random_subsets_natural_partition,7060,4.088396631922224
10,107,random_subsets_natural_partition,7061,4.097594220747346
10,107,random_subsets_natural_partition,7062,4.006688309306185
10,107,random_subsets_natural_partition,7063,4.151663087352295
10,107,random_subsets_natural_partition,7064,4.085712108061499
10,107,random_subsets_natural_partition,7065,4.129463496226553
10,107,random_subsets_natural_partition,7066,4.051625387410246
10,107,random_subsets_natural_partition,7067,4.091917613578579
10,107,random_subsets_natural_partition,7068,4.1346950198536945
10,107,random_subsets_natural_partition,7069,4.013065292830221
10,107,random_subsets_natural_partition,7070,4.147849944477906
10,107,random_subsets_natural_partition,7071,3.9805812302767913
10,107,random_subsets_natural_partition,7072,4.126200504203835
10,107,random_subsets_natural_partition,7073,4.0784218453365035
10,107,random_subsets_natural_partition,7074,4.042290607420729
10,107,random_subsets_natural_partition,7075,4.074119131836406
10,107,random_subsets_natural_partition,7076,4.072724653364431
10,107,random_subsets_natural_partition,7077,4.065113054126971
10,107,random_subsets_natural_partition,7078,3.9658930399131442
10,107,random_subsets_natural_partition,7079,4.10879352537134
10,107,random_subsets_natural_partition,7080,4.094283213614385
10,107,random_subsets_natural_partition,7081,4.093862871928441
10,107,random_subsets_natural_partition,7082,4.0972124456128265
10,107,random_subsets_natural_partition,7083,4.189331734168089
10,107,random_subsets_natural_partition,7084,3.9250215271990365
10,107,random_subsets_natural_partition,7085,3.9753368445945436
10,107,random_subsets_natural_partition,7086,4.081147046070318
10,107,random_subsets_natural_partition,7087,4.072345998351831
10,107,random_subsets_natural_partition,7088,4.0044702314384795
10,107,random_subsets_natural_partition,7089,3.9887239484141834
10,107,random_subsets_natural_partition,7090,4.047849624643225
10,107,random_subsets_natural_partition,7091,4.115888780123692
10,107,random_subsets_natural_partition,7092,4.18721498958044
10,107,random_subsets_natural_partition,7093,3.9578516312840395
10,107,random_subsets_natural_partition,7094,4.070531553083316
10,107,random_subsets_natural_partition,7095,4.05322563734711
10,107,random_subsets_natural_partition,7096,4.051756205417654
10,107,random_subsets_natural_partition,7097,4.1494922019152565
10,107,random_subsets_natural_partition,7098,4.164523424602257
10,107,random_subsets_natural_partition,7099,4.11441575866811
10,107,random_subsets_natural_partition,7100,3.9979158807770334
10,107,random_subsets_natural_partition,7101,4.06035981116976
10,107,random_subsets_natural_partition,7102,4.059267151992332
10,107,random_subsets_natural_partition,7103,4.092663145120176
10,107,random_subsets_natural_partition,7104,4.040456499077612
10,107,random_subsets_natural_partition,7105,4.091198966322328
10,107,random_subsets_natural_partition,7106,4.033194220139676
10,107,random_subsets_natural_partition,7107,4.0949240973741174
10,107,random_subsets_natural_partition,7108,4.1390534073303895
10,107,random_subsets_natural_partition,7109,4.1557157321659615
10,107,random_subsets_natural_partition,7110,3.9984434509596776
10,107,random_subsets_natural_partition,7111,4.062834619634866
10,107,random_subsets_natural_partition,7112,4.147915672604326
10,107,random_subsets_natural_partition,7113,4.084936208190899
10,107,random_subsets_natural_partition,7114,4.014578447389432
10,107,random_subsets_natural_partition,7115,4.046139052109823
10,107,random_subsets_natural_partition,7116,4.046201270385655
10,107,random_subsets_natural_partition,7117,4.029390983599883
10,107,random_subsets_natural_partition,7118,4.020753344229652
10,107,random_subsets_natural_partition,7119,4.08023407579055
10,107,random_subsets_natural_partition,7120,4.038563774022632
10,107,random_subsets_natural_partition,7121,4.089033830077039
10,107,random_subsets_natural_partition,7122,4.03172084909655
10,107,random_subsets_natural_partition,7123,4.052485376376566
10,107,random_subsets_natural_partition,7124,4.02280125415469
10,107,random_subsets_natural_partition,7125,3.999740836223747
10,107,random_subsets_natural_partition,7126,4.063324911084723
10,107,random_subsets_natural_partition,7127,4.043796096053522
10,107,random_subsets_natural_partition,7128,4.033531021649803
10,107,random_subsets_natural_partition,7129,4.024852648432995
10,107,random_subsets_natural_partition,7130,4.0587200405198
10,107,random_subsets_natural_partition,7131,4.056448207801998
10,107,random_subsets_natural_partition,7132,4.040932669950777
10,107,random_subsets_natural_partition,7133,4.167685974504094
10,107,random_subsets_natural_partition,7134,4.0661063552455055
10,107,random_subsets_natural_partition,7135,4.0004713953262785
10,107,random_subsets_natural_partition,7136,4.12922415996358
10,107,random_subsets_natural_partition,7137,4.03075074668991
10,107,random_subsets_natural_partition,7138,4.069201184387647
10,107,random_subsets_natural_partition,7139,4.0623838069865394
10,107,random_subsets_natural_partition,7140,4.186312514018919
10,107,random_subsets_natural_partition,7141,4.1021738724899075
10,107,random_subsets_natural_partition,7142,4.0980484579544
10,107,random_subsets_natural_partition,7143,4.1387600081262965
10,107,random_subsets_natural_partition,7144,3.921491103683137
10,107,random_subsets_natural_partition,7145,4.161011145449647
10,107,random_subsets_natural_partition,7146,4.033055251303595
10,107,random_subsets_natural_partition,7147,4.03237658529202
10,107,random_subsets_natural_partition,7148,4.149601648223214
10,107,random_subsets_natural_partition,7149,4.060211928933585
10,107,random_subsets_natural_partition,7150,4.0532851665142715
10,107,random_subsets_natural_partition,7151,3.89092514075695
10,107,random_subsets_natural_partition,7152,3.995761225331217
10,107,random_subsets_natural_partition,7153,4.068593567459002
10,107,random_subsets_natural_partition,7154,4.084914227452552
10,107,random_subsets_natural_partition,7155,4.015210324522024
10,107,random_subsets_natural_partition,7156,4.064241587116389
10,107,random_subsets_natural_partition,7157,4.116843675426148
10,107,random_subsets_natural_partition,7158,4.0373424046349236
10,107,random_subsets_natural_partition,7159,4.048447446908949
10,107,random_subsets_natural_partition,7160,4.050373689328706
10,107,random_subsets_natural_partition,7161,4.202474489074405
10,107,random_subsets_natural_partition,7162,4.002768389564415
10,107,random_subsets_natural_partition,7163,4.077179301420591
10,107,random_subsets_natural_partition,7164,4.120246360044167
10,107,random_subsets_natural_partition,7165,4.036086082417833
10,107,random_subsets_natural_partition,7166,4.072078975296692
10,107,random_subsets_natural_partition,7167,4.017941086306556
10,107,random_subsets_natural_partition,7168,4.06522986767851
10,107,random_subsets_natural_partition,7169,4.191339939020808
10,107,random_subsets_natural_partition,7170,4.170615924794515
10,107,random_subsets_natural_partition,7171,4.092989114437548
10,107,random_subsets_natural_partition,7172,4.096699851717195
10,107,random_subsets_natural_partition,7173,4.032168420321975
10,107,random_subsets_natural_partition,7174,4.083018819327027
10,107,random_subsets_natural_partition,7175,3.9622741749972077
10,107,random_subsets_natural_partition,7176,4.142268947838536
10,107,random_subsets_natural_partition,7177,4.111374046882509
10,107,random_subsets_natural_partition,7178,4.114299514942657
10,107,random_subsets_natural_partition,7179,4.000955145278903
10,107,random_subsets_natural_partition,7180,4.025804380901742
10,107,random_subsets_natural_partition,7181,4.041587939461349
10,107,random_subsets_natural_partition,7182,4.136598671661229
10,107,random_subsets_natural_partition,7183,4.083892960953189
10,107,random_subsets_natural_partition,7184,3.9603779205409255
10,107,random_subsets_natural_partition,7185,4.101504446988552
10,107,random_subsets_natural_partition,7186,4.146310461325578
10,107,random_subsets_natural_partition,7187,4.071239398492183
10,107,random_subsets_natural_partition,7188,4.093120351535549
10,107,random_subsets_natural_partition,7189,4.1068568731113215
10,107,random_subsets_natural_partition,7190,3.9013212883393753
10,107,random_subsets_natural_partition,7191,4.089340117027063
10,107,random_subsets_natural_partition,7192,4.144417169820615
10,107,random_subsets_natural_partition,7193,4.150527903778025
10,107,random_subsets_natural_partition,7194,4.184312147323748
10,107,random_subsets_natural_partition,7195,4.097748769471647
10,107,random_subsets_natural_partition,7196,4.126991682559728
10,107,random_subsets_natural_partition,7197,3.9886732981738655
10,107,random_subsets_natural_partition,7198,3.957490902140621
10,107,random_subsets_natural_partition,7199,4.100991570421881
10,107,random_subsets_natural_partition,7200,4.051671728232738
10,107,random_subsets_natural_partition,7201,4.144802525251809
10,107,random_subsets_natural_partition,7202,4.096843776894543
10,107,random_subsets_natural_partition,7203,4.020645222877798
10,107,random_subsets_natural_partition,7204,4.028771922176638
10,107,random_subsets_natural_partition,7205,4.095825633593492
10,107,random_subsets_natural_partition,7206,4.153832815656619
10,107,random_subsets_natural_partition,7207,4.069707779123015
10,107,random_subsets_natural_partition,7208,4.0923154337237495
10,107,random_subsets_natural_partition,7209,4.024521252350643
10,107,random_subsets_natural_partition,7210,4.002703132370371
10,107,random_subsets_natural_partition,7211,4.139355135928992
10,107,random_subsets_natural_partition,7212,4.151732712486899
10,107,random_subsets_natural_partition,7213,4.07964918834312
10,107,random_subsets_natural_partition,7214,4.056468491379661
10,107,random_subsets_natural_partition,7215,4.093615809705812
10,107,random_subsets_natural_partition,7216,4.139294945597524
10,107,random_subsets_natural_partition,7217,3.9788365616715993
10,107,random_subsets_natural_partition,7218,3.991757098579708
10,107,random_subsets_natural_partition,7219,4.056515221452438
10,107,random_subsets_natural_partition,7220,4.056028073229752
10,107,random_subsets_natural_partition,7221,4.049131365700066
10,107,random_subsets_natural_partition,7222,4.07286736802722
10,107,random_subsets_natural_partition,7223,4.041018466772869
10,107,random_subsets_natural_partition,7224,4.000104994777005
10,107,random_subsets_natural_partition,7225,4.073765644329718
10,107,random_subsets_natural_partition,7226,4.094307920423159
10,107,random_subsets_natural_partition,7227,4.068182387304409
10,107,random_subsets_natural_partition,7228,4.083257045757606
10,107,random_subsets_natural_partition,7229,4.059462773960114
10,107,random_subsets_natural_partition,7230,4.133672706328899
10,107,random_subsets_natural_partition,7231,4.054774726353003
10,107,random_subsets_natural_partition,7232,4.179470124532738
10,107,random_subsets_natural_partition,7233,4.02675735469962
10,107,random_subsets_natural_partition,7234,4.047672384898617
10,107,random_subsets_natural_partition,7235,4.084376600664076
10,107,random_subsets_natural_partition,7236,4.029776776811704
10,107,random_subsets_natural_partition,7237,4.011313258566608
10,107,random_subsets_natural_partition,7238,4.134194483431438
10,107,random_subsets_natural_partition,7239,4.0035145830655186
10,107,random_subsets_natural_partition,7240,3.9917742722330662
10,107,random_subsets_natural_partition,7241,4.075813534731697
10,107,random_subsets_natural_partition,7242,4.097774749897321
10,107,random_subsets_natural_partition,7243,3.974315378728242
10,107,random_subsets_natural_partition,7244,4.173943440065643
10,107,random_subsets_natural_partition,7245,4.051900612715021
10,107,random_subsets_natural_partition,7246,4.0597026826082985
10,107,random_subsets_natural_partition,7247,4.090834414841094
10,107,random_subsets_natural_partition,7248,4.1077999321537755
10,107,random_subsets_natural_partition,7249,4.01844271288427
10,107,random_subsets_natural_partition,7250,4.11232527474613
10,107,random_subsets_natural_partition,7251,4.0754789707073344
10,107,random_subsets_natural_partition,7252,4.088325027560438
10,107,random_subsets_natural_partition,7253,4.062619023314411
10,107,random_subsets_natural_partition,7254,4.140811577787275
10,107,random_subsets_natural_partition,7255,4.094996099759506
10,107,random_subsets_natural_partition,7256,4.04521401329063
10,107,random_subsets_natural_partition,7257,4.012070187669122
10,107,random_subsets_natural_partition,7258,4.036679581036538
10,107,random_subsets_natural_partition,7259,4.066738455811795
10,107,random_subsets_natural_partition,7260,4.077960581560706
10,107,random_subsets_natural_partition,7261,4.144536474751032
10,107,random_subsets_natural_partition,7262,4.122209306174075
10,107,random_subsets_natural_partition,7263,4.094684721486453
10,107,random_subsets_natural_partition,7264,3.9946615046414844
10,107,random_subsets_natural_partition,7265,3.9739536293629056
10,107,random_subsets_natural_partition,7266,3.9334132050295123
10,107,random_subsets_natural_partition,7267,4.112697087889659
10,107,random_subsets_natural_partition,7268,4.107348921313286
10,107,random_subsets_natural_partition,7269,4.107570883544722
10,107,random_subsets_natural_partition,7270,4.067355386686947
10,107,random_subsets_natural_partition,7271,4.070817118707441
10,107,random_subsets_natural_partition,7272,4.016498406736884
10,107,random_subsets_natural_partition,7273,4.037909776383949
10,107,random_subsets_natural_partition,7274,4.063563432124017
10,107,random_subsets_natural_partition,7275,4.176235230012336
10,107,random_subsets_natural_partition,7276,4.0338962961762395
10,107,random_subsets_natural_partition,7277,4.121962522323437
10,107,random_subsets_natural_partition,7278,4.061465457034023
10,107,random_subsets_natural_partition,7279,4.067246510270888
10,107,random_subsets_natural_partition,7280,4.033364249136936
10,107,random_subsets_natural_partition,7281,4.0859227972190135
10,107,random_subsets_natural_partition,7282,3.965604747538211
10,107,random_subsets_natural_partition,7283,4.052439691628013
10,107,random_subsets_natural_partition,7284,4.035302777785903
10,107,random_subsets_natural_partition,7285,4.056088697556483
10,107,random_subsets_natural_partition,7286,4.047643902719404
10,107,random_subsets_natural_partition,7287,4.077249358859888
10,107,random_subsets_natural_partition,7288,4.12567929574741
10,107,random_subsets_natural_partition,7289,3.929122118077003
10,107,random_subsets_natural_partition,7290,4.036916434309602
10,107,random_subsets_natural_partition,7291,3.892615259408108
10,107,random_subsets_natural_partition,7292,4.203170140467388
10,107,random_subsets_natural_partition,7293,4.153241618330158
10,107,random_subsets_natural_partition,7294,4.0612569778771315
10,107,random_subsets_natural_partition,7295,4.101532581300574
10,107,random_subsets_natural_partition,7296,4.128616076387854
10,107,random_subsets_natural_partition,7297,4.0661418878045
10,107,random_subsets_natural_partition,7298,3.999213723877139
10,107,random_subsets_natural_partition,7299,4.164906867973062
10,107,random_subsets_natural_partition,7300,4.114414142632102
10,107,random_subsets_natural_partition,7301,4.047862955600613
10,107,random_subsets_natural_partition,7302,4.05014277766094
10,107,random_subsets_natural_partition,7303,4.095253746302448
10,107,random_subsets_natural_partition,7304,4.105214526858607
10,107,random_subsets_natural_partition,7305,4.1755725100691725
10,107,random_subsets_natural_partition,7306,4.109069546764288
10,107,random_subsets_natural_partition,7307,4.050143166692292
10,107,random_subsets_natural_partition,7308,4.124264750146977
10,107,random_subsets_natural_partition,7309,4.1422303232184055
10,107,random_subsets_natural_partition,7310,4.0519113598060645
10,107,random_subsets_natural_partition,7311,4.1272465160242255
10,107,random_subsets_natural_partition,7312,4.092253823647471
10,107,random_subsets_natural_partition,7313,4.130724936442007
10,107,random_subsets_natural_partition,7314,4.150147386855202
10,107,random_subsets_natural_partition,7315,4.06062330382645
10,107,random_subsets_natural_partition,7316,4.047848358534612
10,107,random_subsets_natural_partition,7317,4.0734558286426275
10,107,random_subsets_natural_partition,7318,4.067503358213645
10,107,random_subsets_natural_partition,7319,4.018705995041141
10,107,random_subsets_natural_partition,7320,3.951779899817349
10,107,random_subsets_natural_partition,7321,4.060490089811165
10,107,random_subsets_natural_partition,7322,4.172503993920348
10,107,random_subsets_natural_partition,7323,4.081448388037124
10,107,random_subsets_natural_partition,7324,3.931335514339843
10,107,random_subsets_natural_partition,7325,4.087953211781777
10,107,random_subsets_natural_partition,7326,4.084983438965443
10,107,random_subsets_natural_partition,7327,4.0525271275458445
10,107,random_subsets_natural_partition,7328,4.118741298791193
10,107,random_subsets_natural_partition,7329,4.080105152851815
10,107,random_subsets_natural_partition,7330,3.9935377897898774
10,107,random_subsets_natural_partition,7331,4.028814380054228
10,107,random_subsets_natural_partition,7332,4.013300748547278
10,107,random_subsets_natural_partition,7333,4.090151666489528
10,107,random_subsets_natural_partition,7334,4.187166046816303
10,107,random_subsets_natural_partition,7335,3.9818718041428998
10,107,random_subsets_natural_partition,7336,4.044994043416479
10,107,random_subsets_natural_partition,7337,3.9990345445787647
10,107,random_subsets_natural_partition,7338,3.9489884969966234
10,107,random_subsets_natural_partition,7339,4.016140396874477
10,107,random_subsets_natural_partition,7340,4.153248067137267
10,107,random_subsets_natural_partition,7341,4.041253248697126
10,107,random_subsets_natural_partition,7342,4.16597323625431
10,107,random_subsets_natural_partition,7343,4.002032793872809
10,107,random_subsets_natural_partition,7344,4.052726894139905
10,107,random_subsets_natural_partition,7345,4.114206135855001
10,107,random_subsets_natural_partition,7346,4.145266637565836
10,107,random_subsets_natural_partition,7347,4.010639061962027
10,107,random_subsets_natural_partition,7348,4.047369904738543
10,107,random_subsets_natural_partition,7349,4.102980982236741
10,107,random_subsets_natural_partition,7350,4.0920107594876916
10,107,random_subsets_natural_partition,7351,3.9006931336545514
10,107,random_subsets_natural_partition,7352,4.119626184472271
10,107,random_subsets_natural_partition,7353,3.9831681813911226
10,107,random_subsets_natural_partition,7354,4.085320791529935
10,107,random_subsets_natural_partition,7355,4.0376841886392345
10,107,random_subsets_natural_partition,7356,4.167088436399246
10,107,random_subsets_natural_partition,7357,4.144411659865157
10,107,random_subsets_natural_partition,7358,4.04067993673972
10,107,random_subsets_natural_partition,7359,3.9917409822215073
10,107,random_subsets_natural_partition,7360,3.9174414138939344
10,107,random_subsets_natural_partition,7361,4.112662214778521
10,107,random_subsets_natural_partition,7362,4.133323452594301
10,107,random_subsets_natural_partition,7363,4.031459637778777
10,107,random_subsets_natural_partition,7364,4.002016050293077
10,107,random_subsets_natural_partition,7365,4.013666680575612
10,107,random_subsets_natural_partition,7366,4.033726376534869
10,107,random_subsets_natural_partition,7367,3.9530455314711546
10,107,random_subsets_natural_partition,7368,4.091675088887051
10,107,random_subsets_natural_partition,7369,4.076633838718955
10,107,random_subsets_natural_partition,7370,4.067985368855312
10,107,random_subsets_natural_partition,7371,4.092816009892223
10,107,random_subsets_natural_partition,7372,4.110679254924035
10,107,random_subsets_natural_partition,7373,4.075236756659684
10,107,random_subsets_natural_partition,7374,3.865662350323462
10,107,random_subsets_natural_partition,7375,4.052446546123857
10,107,random_subsets_natural_partition,7376,3.969192721016173
10,107,random_subsets_natural_partition,7377,3.965266822371954
10,107,random_subsets_natural_partition,7378,4.0550162171923665
10,107,random_subsets_natural_partition,7379,4.138367148957557
10,107,random_subsets_natural_partition,7380,4.120395288592311
10,107,random_subsets_natural_partition,7381,4.02026087646986
10,107,random_subsets_natural_partition,7382,4.158064145459069
10,107,random_subsets_natural_partition,7383,4.080129601930337
10,107,random_subsets_natural_partition,7384,4.114661108854872
10,107,random_subsets_natural_partition,7385,3.976278865609203
10,107,random_subsets_natural_partition,7386,4.063693389436241
10,107,random_subsets_natural_partition,7387,4.1428072838618775
10,107,random_subsets_natural_partition,7388,4.007948526993853
10,107,random_subsets_natural_partition,7389,3.9677834919626016
10,107,random_subsets_natural_partition,7390,4.094990586067618
10,107,random_subsets_natural_partition,7391,4.082810504611877
10,107,random_subsets_natural_partition,7392,4.1345746734441375
10,107,random_subsets_natural_partition,7393,4.000487400530213
10,107,random_subsets_natural_partition,7394,4.154015003641909
10,107,random_subsets_natural_partition,7395,4.0895998900681025
10,107,random_subsets_natural_partition,7396,4.037190462995872
10,107,random_subsets_natural_partition,7397,3.9603524825534064
10,107,random_subsets_natural_partition,7398,4.0551975682894525
10,107,random_subsets_natural_partition,7399,4.031799719547807
10,107,random_subsets_natural_partition,7400,3.9528516174255435
10,107,random_subsets_natural_partition,7401,4.126450179061048
10,107,random_subsets_natural_partition,7402,4.144657910595342
10,107,random_subsets_natural_partition,7403,4.11839172818311
10,107,random_subsets_natural_partition,7404,3.994516306666275
10,107,random_subsets_natural_partition,7405,4.035349946683967
10,107,random_subsets_natural_partition,7406,4.049158474643107
10,107,random_subsets_natural_partition,7407,3.9962316841980074
10,107,random_subsets_natural_partition,7408,4.058727207463989
10,107,random_subsets_natural_partition,7409,4.078682622406589
10,107,random_subsets_natural_partition,7410,4.026142384630397
10,107,random_subsets_natural_partition,7411,4.1573498422940265
10,107,random_subsets_natural_partition,7412,4.096105441373852
10,107,random_subsets_natural_partition,7413,3.97643545137861
10,107,random_subsets_natural_partition,7414,4.141114529743308
10,107,random_subsets_natural_partition,7415,3.9518559740987382
10,107,random_subsets_natural_partition,7416,4.056065721178234
10,107,random_subsets_natural_partition,7417,4.011011904266042
10,107,random_subsets_natural_partition,7418,4.094093236078983
10,107,random_subsets_natural_partition,7419,4.07620415775302
10,107,random_subsets_natural_partition,7420,4.182880509335312
10,107,random_subsets_natural_partition,7421,4.0184567384582115
10,107,random_subsets_natural_partition,7422,4.1192707843935406
10,107,random_subsets_natural_partition,7423,4.108783344267588
10,107,random_subsets_natural_partition,7424,4.086141036200291
10,107,random_subsets_natural_partition,7425,3.9781970184466804
10,107,random_subsets_natural_partition,7426,3.872086491675204
10,107,random_subsets_natural_partition,7427,4.074252849257782
10,107,random_subsets_natural_partition,7428,4.073997457120225
10,107,random_subsets_natural_partition,7429,4.109885077613239
10,107,random_subsets_natural_partition,7430,4.033929217045023
10,107,random_subsets_natural_partition,7431,4.125314230088125
10,107,random_subsets_natural_partition,7432,4.058018134675286
10,107,random_subsets_natural_partition,7433,4.131569645978129
10,107,random_subsets_natural_partition,7434,4.119477879855195
10,107,random_subsets_natural_partition,7435,4.0856835390591515
10,107,random_subsets_natural_partition,7436,4.134615464409224
10,107,random_subsets_natural_partition,7437,4.107160101262948
10,107,random_subsets_natural_partition,7438,4.071887293874335
10,107,random_subsets_natural_partition,7439,4.068047085525654
10,107,random_subsets_natural_partition,7440,4.114030992986138
10,107,random_subsets_natural_partition,7441,4.069266264208031
10,107,random_subsets_natural_partition,7442,4.120301163828101
10,107,random_subsets_natural_partition,7443,4.127570831500593
10,107,random_subsets_natural_partition,7444,4.086362266048589
10,107,random_subsets_natural_partition,7445,4.068537500407599
10,107,random_subsets_natural_partition,7446,4.119514872894464
10,107,random_subsets_natural_partition,7447,4.01224838625884
10,107,random_subsets_natural_partition,7448,4.033636478729265
10,107,random_subsets_natural_partition,7449,4.078768947144564
10,107,random_subsets_natural_partition,7450,4.146002962351688
10,107,random_subsets_natural_partition,7451,4.024998562230669
10,107,random_subsets_natural_partition,7452,3.936870782354284
10,107,random_subsets_natural_partition,7453,3.932303741610757
10,107,random_subsets_natural_partition,7454,4.005805290391841
10,107,random_subsets_natural_partition,7455,4.06048209867379
10,107,random_subsets_natural_partition,7456,4.082924585748157
10,107,random_subsets_natural_partition,7457,4.033733773078544
10,107,random_subsets_natural_partition,7458,4.144299549658863
10,107,random_subsets_natural_partition,7459,4.075083671058962
10,107,random_subsets_natural_partition,7460,4.02401470918524
10,107,random_subsets_natural_partition,7461,4.178557016980993
10,107,random_subsets_natural_partition,7462,4.073887798076523
10,107,random_subsets_natural_partition,7463,4.078144752839789
10,107,random_subsets_natural_partition,7464,4.1395779307495095
10,107,random_subsets_natural_partition,7465,4.055800174241965
10,107,random_subsets_natural_partition,7466,4.143371552733856
10,107,random_subsets_natural_partition,7467,4.102799707902852
10,107,random_subsets_natural_partition,7468,4.174532407545216
10,107,random_subsets_natural_partition,7469,4.0613830411584235
10,107,random_subsets_natural_partition,7470,4.051653681232894
10,107,random_subsets_natural_partition,7471,4.021348454275831
10,107,random_subsets_natural_partition,7472,4.021387028667206
10,107,random_subsets_natural_partition,7473,4.091186154186505
10,107,random_subsets_natural_partition,7474,4.157292905283808
10,107,random_subsets_natural_partition,7475,4.112436229721621
10,107,random_subsets_natural_partition,7476,4.133708072072842
10,107,random_subsets_natural_partition,7477,4.147627936166744
10,107,random_subsets_natural_partition,7478,4.100379906517849
10,107,random_subsets_natural_partition,7479,4.024181069764238
10,107,random_subsets_natural_partition,7480,4.050041193626902
10,107,random_subsets_natural_partition,7481,4.078244993784377
10,107,random_subsets_natural_partition,7482,4.127679987522321
10,107,random_subsets_natural_partition,7483,3.980036183538459
10,107,random_subsets_natural_partition,7484,4.086459936072342
10,107,random_subsets_natural_partition,7485,4.201937189741442
10,107,random_subsets_natural_partition,7486,4.036298061545372
10,107,random_subsets_natural_partition,7487,4.026360371406406
10,107,random_subsets_natural_partition,7488,4.02416288070071
10,107,random_subsets_natural_partition,7489,4.115300307537643
10,107,random_subsets_natural_partition,7490,4.030084033348721
10,107,random_subsets_natural_partition,7491,4.1005754074365015
10,107,random_subsets_natural_partition,7492,4.146294047102904
10,107,random_subsets_natural_partition,7493,4.153056382687854
10,107,random_subsets_natural_partition,7494,3.9616578708927266
10,107,random_subsets_natural_partition,7495,4.0708989799278905
10,107,random_subsets_natural_partition,7496,4.0750748642559635
10,107,random_subsets_natural_partition,7497,4.085851272813866
10,107,random_subsets_natural_partition,7498,4.026890737780521
10,107,random_subsets_natural_partition,7499,4.14566795427786
10,107,random_subsets_natural_partition,7500,4.023119353815953
10,107,random_subsets_natural_partition,7501,4.127562678442125
10,107,random_subsets_natural_partition,7502,4.121025377942625
10,107,random_subsets_natural_partition,7503,4.058967904172352
10,107,random_subsets_natural_partition,7504,4.053210091992085
10,107,random_subsets_natural_partition,7505,4.1013333191274475
10,107,random_subsets_natural_partition,7506,4.120077529815572
10,107,random_subsets_natural_partition,7507,3.99338819672391
10,107,random_subsets_natural_partition,7508,4.08377958332558
10,107,random_subsets_natural_partition,7509,4.165174281582582
10,107,random_subsets_natural_partition,7510,4.037351952821421
10,107,random_subsets_natural_partition,7511,4.152300911289161
10,107,random_subsets_natural_partition,7512,4.11118940896859
10,107,random_subsets_natural_partition,7513,4.029859783565965
10,107,random_subsets_natural_partition,7514,4.121596927569065
10,107,random_subsets_natural_partition,7515,3.952065754893706
10,107,random_subsets_natural_partition,7516,3.992493274983945
10,107,random_subsets_natural_partition,7517,4.0306064993548
10,107,random_subsets_natural_partition,7518,4.139858924927874
10,107,random_subsets_natural_partition,7519,4.095730681986873
10,107,random_subsets_natural_partition,7520,4.156593988918926
10,107,random_subsets_natural_partition,7521,4.114404697988894
10,107,random_subsets_natural_partition,7522,3.9620208261917393
10,107,random_subsets_natural_partition,7523,4.04611122518566
10,107,random_subsets_natural_partition,7524,4.130320222038329
10,107,random_subsets_natural_partition,7525,4.0409104278301236
10,107,random_subsets_natural_partition,7526,4.131137517273044
10,107,random_subsets_natural_partition,7527,4.044266722288682
10,107,random_subsets_natural_partition,7528,4.199653748733918
10,107,random_subsets_natural_partition,7529,4.08289535906512
10,107,random_subsets_natural_partition,7530,3.9823463684256533
10,107,random_subsets_natural_partition,7531,4.10042835587485
10,107,random_subsets_natural_partition,7532,4.035152670433
10,107,random_subsets_natural_partition,7533,4.058818829562149
10,107,random_subsets_natural_partition,7534,4.129808637337319
10,107,random_subsets_natural_partition,7535,4.186655224460245
10,107,random_subsets_natural_partition,7536,4.063962924200044
10,107,random_subsets_natural_partition,7537,4.034662834006483
10,107,random_subsets_natural_partition,7538,4.09164818041079
10,107,random_subsets_natural_partition,7539,4.078480701105938
10,107,random_subsets_natural_partition,7540,4.044430971973499
10,107,random_subsets_natural_partition,7541,4.063702909463329
10,107,random_subsets_natural_partition,7542,4.0152123384648375
10,107,random_subsets_natural_partition,7543,4.06335260827226
10,107,random_subsets_natural_partition,7544,4.152254377513518
10,107,random_subsets_natural_partition,7545,3.9877384564691645
10,107,random_subsets_natural_partition,7546,4.0629219753534755
10,107,random_subsets_natural_partition,7547,4.075434722983496
10,107,random_subsets_natural_partition,7548,4.0430427469576165
10,107,random_subsets_natural_partition,7549,4.0750484617247125
10,107,random_subsets_natural_partition,7550,4.110258229218861
10,107,random_subsets_natural_partition,7551,4.083025102426833
10,107,random_subsets_natural_partition,7552,4.096842775860719
10,107,random_subsets_natural_partition,7553,4.061254045869229
10,107,random_subsets_natural_partition,7554,4.0565101003032735
10,107,random_subsets_natural_partition,7555,4.154863585228082
10,107,random_subsets_natural_partition,7556,4.055258077852224
10,107,random_subsets_natural_partition,7557,4.134729753930027
10,107,random_subsets_natural_partition,7558,4.040167397545002
10,107,random_subsets_natural_partition,7559,4.019783935983108
10,107,random_subsets_natural_partition,7560,4.112032029585485
10,107,random_subsets_natural_partition,7561,4.07253758589657
10,107,random_subsets_natural_partition,7562,4.006317766520838
10,107,random_subsets_natural_partition,7563,3.9851512178123984
10,107,random_subsets_natural_partition,7564,3.9958022641073985
10,107,random_subsets_natural_partition,7565,4.102145110620663
10,107,random_subsets_natural_partition,7566,4.004467521029722
10,107,random_subsets_natural_partition,7567,4.124237079426111
10,107,random_subsets_natural_partition,7568,4.082300412889419
10,107,random_subsets_natural_partition,7569,4.0668760185565915
10,107,random_subsets_natural_partition,7570,4.070956244092977
10,107,random_subsets_natural_partition,7571,4.157680270841454
10,107,random_subsets_natural_partition,7572,4.02524803337544
10,107,random_subsets_natural_partition,7573,3.993164242962553
10,107,random_subsets_natural_partition,7574,4.027075792708491
10,107,random_subsets_natural_partition,7575,4.076080815311134
10,107,random_subsets_natural_partition,7576,3.9342877752498104
10,107,random_subsets_natural_partition,7577,4.058724974819664
10,107,random_subsets_natural_partition,7578,4.068927748135765
10,107,random_subsets_natural_partition,7579,4.043944414581803
10,107,random_subsets_natural_partition,7580,3.988961935835769
10,107,random_subsets_natural_partition,7581,4.061738061273694
10,107,random_subsets_natural_partition,7582,4.174119684390443
10,107,random_subsets_natural_partition,7583,4.107635945472128
10,107,random_subsets_natural_partition,7584,4.1170151376800685
10,107,random_subsets_natural_partition,7585,4.143739030894412
10,107,random_subsets_natural_partition,7586,4.01604769081663
10,107,random_subsets_natural_partition,7587,4.06034330802283
10,107,random_subsets_natural_partition,7588,4.109567936560971
10,107,random_subsets_natural_partition,7589,4.1274780334992345
10,107,random_subsets_natural_partition,7590,4.168496217280285
10,107,random_subsets_natural_partition,7591,4.006754402545207
10,107,random_subsets_natural_partition,7592,4.077588351206538
10,107,random_subsets_natural_partition,7593,4.024483371840026
10,107,random_subsets_natural_partition,7594,4.137781018307413
10,107,random_subsets_natural_partition,7595,4.128901689859281
10,107,random_subsets_natural_partition,7596,4.062825238592113
10,107,random_subsets_natural_partition,7597,4.043494391267611
10,107,random_subsets_natural_partition,7598,4.159613385205037
10,107,random_subsets_natural_partition,7599,4.053826513647441
10,107,random_subsets_natural_partition,7600,4.177320184431495
10,107,random_subsets_natural_partition,7601,3.933521983278412
10,107,random_subsets_natural_partition,7602,4.186197997335875
10,107,random_subsets_natural_partition,7603,4.130991957020328
10,107,random_subsets_natural_partition,7604,4.094130569601781
10,107,random_subsets_natural_partition,7605,4.021144713191668
10,107,random_subsets_natural_partition,7606,4.089581305643511
10,107,random_subsets_natural_partition,7607,4.0322873894766635
10,107,random_subsets_natural_partition,7608,4.089372379146977
10,107,random_subsets_natural_partition,7609,4.051046651743065
10,107,random_subsets_natural_partition,7610,4.073909596740819
10,107,random_subsets_natural_partition,7611,4.221681637855326
10,107,random_subsets_natural_partition,7612,4.08717269253132
10,107,random_subsets_natural_partition,7613,4.0766889136484075
10,107,random_subsets_natural_partition,7614,4.126369537828895
10,107,random_subsets_natural_partition,7615,4.130241145932533
10,107,random_subsets_natural_partition,7616,4.037590701640101
10,107,random_subsets_natural_partition,7617,4.082286090570267
10,107,random_subsets_natural_partition,7618,4.08363969570138
10,107,random_subsets_natural_partition,7619,4.03953651445831
10,107,random_subsets_natural_partition,7620,4.052373761868333
10,107,random_subsets_natural_partition,7621,4.1214424570947426
10,107,random_subsets_natural_partition,7622,4.188843636590069
10,107,random_subsets_natural_partition,7623,3.9855415328780492
10,107,random_subsets_natural_partition,7624,4.010060830935546
10,107,random_subsets_natural_partition,7625,4.150801699554229
10,107,random_subsets_natural_partition,7626,3.9411292679823706
10,107,random_subsets_natural_partition,7627,4.054809163443752
10,107,random_subsets_natural_partition,7628,4.123080012822716
10,107,random_subsets_natural_partition,7629,4.04626106775239
10,107,random_subsets_natural_partition,7630,3.9403446733488443
10,107,random_subsets_natural_partition,7631,4.114383853684043
10,107,random_subsets_natural_partition,7632,3.9974095344338845
10,107,random_subsets_natural_partition,7633,4.0538075468974535
10,107,random_subsets_natural_partition,7634,3.997107479831633
10,107,random_subsets_natural_partition,7635,4.174456223259271
10,107,random_subsets_natural_partition,7636,4.1391427481066545
10,107,random_subsets_natural_partition,7637,4.034899053364795
10,107,random_subsets_natural_partition,7638,3.994522583157765
10,107,random_subsets_natural_partition,7639,4.069452888218304
10,107,random_subsets_natural_partition,7640,4.098001575000232
10,107,random_subsets_natural_partition,7641,4.0413726829284045
10,107,random_subsets_natural_partition,7642,3.976569621739973
10,107,random_subsets_natural_partition,7643,3.9864615124504925
10,107,random_subsets_natural_partition,7644,4.165156494569559
10,107,random_subsets_natural_partition,7645,4.055437834921683
10,107,random_subsets_natural_partition,7646,4.05345862851392
10,107,random_subsets_natural_partition,7647,4.129362659913211
10,107,random_subsets_natural_partition,7648,3.952246705789022
10,107,random_subsets_natural_partition,7649,4.064156426982375
10,107,random_subsets_natural_partition,7650,4.065561897738707
10,107,random_subsets_natural_partition,7651,4.076894169778407
10,107,random_subsets_natural_partition,7652,4.09336200612601
10,107,random_subsets_natural_partition,7653,4.01858070218169
10,107,random_subsets_natural_partition,7654,4.039032125602347
10,107,random_subsets_natural_partition,7655,4.03909290937814
10,107,random_subsets_natural_partition,7656,4.111090211724389
10,107,random_subsets_natural_partition,7657,4.068448527734701
10,107,random_subsets_natural_partition,7658,4.064096951473179
10,107,random_subsets_natural_partition,7659,4.0549895386854296
10,107,random_subsets_natural_partition,7660,4.086487481993448
10,107,random_subsets_natural_partition,7661,4.169472933282366
10,107,random_subsets_natural_partition,7662,4.068915293010131
10,107,random_subsets_natural_partition,7663,4.151599969757342
10,107,random_subsets_natural_partition,7664,4.1734910587765945
10,107,random_subsets_natural_partition,7665,4.110723707869637
10,107,random_subsets_natural_partition,7666,4.107189090628934
10,107,random_subsets_natural_partition,7667,4.062986422496941
10,107,random_subsets_natural_partition,7668,4.001897256581521
10,107,random_subsets_natural_partition,7669,3.999333477343407
10,107,random_subsets_natural_partition,7670,3.9958067497333034
10,107,random_subsets_natural_partition,7671,4.043584196117368
10,107,random_subsets_natural_partition,7672,4.16093463443761
10,107,random_subsets_natural_partition,7673,4.154795891009755
10,107,random_subsets_natural_partition,7674,4.033836881960371
10,107,random_subsets_natural_partition,7675,4.062583872298785
10,107,random_subsets_natural_partition,7676,4.1106293395200355
10,107,random_subsets_natural_partition,7677,4.044422582517078
10,107,random_subsets_natural_partition,7678,4.092461195333183
10,107,random_subsets_natural_partition,7679,4.003435876760809
10,107,random_subsets_natural_partition,7680,3.979521265033617
10,107,random_subsets_natural_partition,7681,4.106607854807059
10,107,random_subsets_natural_partition,7682,3.956296444038044
10,107,random_subsets_natural_partition,7683,4.219121345522448
10,107,random_subsets_natural_partition,7684,4.040084175247834
10,107,random_subsets_natural_partition,7685,4.046937556990827
10,107,random_subsets_natural_partition,7686,4.144577548838922
10,107,random_subsets_natural_partition,7687,4.097975552924563
10,107,random_subsets_natural_partition,7688,4.093018811620859
10,107,random_subsets_natural_partition,7689,4.15315845301022
10,107,random_subsets_natural_partition,7690,4.036855663359725
10,107,random_subsets_natural_partition,7691,4.023554470997138
10,107,random_subsets_natural_partition,7692,4.084840646684462
10,107,random_subsets_natural_partition,7693,4.108986128884549
10,107,random_subsets_natural_partition,7694,4.046585691343337
10,107,random_subsets_natural_partition,7695,3.996574734082081
10,107,random_subsets_natural_partition,7696,4.049024408528336
10,107,random_subsets_natural_partition,7697,4.11928805557523
10,107,random_subsets_natural_partition,7698,4.1524894837241515
10,107,random_subsets_natural_partition,7699,4.165304271502039
10,107,random_subsets_natural_partition,7700,4.156881866899803
10,107,random_subsets_natural_partition,7701,4.113748319862612
10,107,random_subsets_natural_partition,7702,4.138258144344388
10,107,random_subsets_natural_partition,7703,4.170753714926761
10,107,random_subsets_natural_partition,7704,4.083153940636441
10,107,random_subsets_natural_partition,7705,4.123296799361998
10,107,random_subsets_natural_partition,7706,4.178887489209943
10,107,random_subsets_natural_partition,7707,4.036735447355931
10,107,random_subsets_natural_partition,7708,4.066442946428759
10,107,random_subsets_natural_partition,7709,4.225206852642198
10,107,random_subsets_natural_partition,7710,4.160935332981333
10,107,random_subsets_natural_partition,7711,4.211249040561033
10,107,random_subsets_natural_partition,7712,4.123837681799199
10,107,random_subsets_natural_partition,7713,4.060400022595798
10,107,random_subsets_natural_partition,7714,4.13956903300792
10,107,random_subsets_natural_partition,7715,4.053766799225005
10,107,random_subsets_natural_partition,7716,4.082592267992199
10,107,random_subsets_natural_partition,7717,4.1174248800353235
10,107,random_subsets_natural_partition,7718,3.9960816005022997
10,107,random_subsets_natural_partition,7719,4.040801070235643
10,107,random_subsets_natural_partition,7720,3.973861214356436
10,107,random_subsets_natural_partition,7721,4.014536254487755
10,107,random_subsets_natural_partition,7722,4.120916379633107
10,107,random_subsets_natural_partition,7723,4.095517955773021
10,107,random_subsets_natural_partition,7724,4.077407197551571
10,107,random_subsets_natural_partition,7725,4.0668517785488705
10,107,random_subsets_natural_partition,7726,4.16525665329924
10,107,random_subsets_natural_partition,7727,4.110369735220011
10,107,random_subsets_natural_partition,7728,4.165298625705942
10,107,random_subsets_natural_partition,7729,3.993848419268562
10,107,random_subsets_natural_partition,7730,4.066534920430649
10,107,random_subsets_natural_partition,7731,4.0357165824405605
10,107,random_subsets_natural_partition,7732,4.048190625376716
10,107,random_subsets_natural_partition,7733,4.110939925264714
10,107,random_subsets_natural_partition,7734,4.111072143965696
10,107,random_subsets_natural_partition,7735,4.080545217256951
10,107,random_subsets_natural_partition,7736,4.100936233291604
10,107,random_subsets_natural_partition,7737,4.143289209477935
10,107,random_subsets_natural_partition,7738,4.077517682772062
10,107,random_subsets_natural_partition,7739,4.03892656309227
10,107,random_subsets_natural_partition,7740,4.0467848973963605
10,107,random_subsets_natural_partition,7741,4.051069663237593
10,107,random_subsets_natural_partition,7742,4.096006806491014
10,107,random_subsets_natural_partition,7743,3.980615593550876
10,107,random_subsets_natural_partition,7744,4.046833215340576
10,107,random_subsets_natural_partition,7745,4.021960480473364
10,107,random_subsets_natural_partition,7746,4.073558797599259
10,107,random_subsets_natural_partition,7747,4.118880932433815
10,107,random_subsets_natural_partition,7748,4.070899262588489
10,107,random_subsets_natural_partition,7749,4.087496786155534
10,107,random_subsets_natural_partition,7750,4.122099129563868
10,107,random_subsets_natural_partition,7751,4.111495393254656
10,107,random_subsets_natural_partition,7752,4.065989959457844
10,107,random_subsets_natural_partition,7753,3.9509002267617803
10,107,random_subsets_natural_partition,7754,4.044713150958711
10,107,random_subsets_natural_partition,7755,4.1599037360845355
10,107,random_subsets_natural_partition,7756,4.0811113966058725
10,107,random_subsets_natural_partition,7757,4.060584904671028
10,107,random_subsets_natural_partition,7758,4.198448359316561
10,107,random_subsets_natural_partition,7759,4.041089760478655
10,107,random_subsets_natural_partition,7760,4.016498425449142
10,107,random_subsets_natural_partition,7761,4.089795013441354
10,107,random_subsets_natural_partition,7762,4.073236150503824
10,107,random_subsets_natural_partition,7763,4.084853976167419
10,107,random_subsets_natural_partition,7764,4.080085978234022
10,107,random_subsets_natural_partition,7765,4.067044488873213
10,107,random_subsets_natural_partition,7766,4.133313254461677
10,107,random_subsets_natural_partition,7767,4.057058453005639
10,107,random_subsets_natural_partition,7768,4.025724173445379
10,107,random_subsets_natural_partition,7769,4.113209442478575
10,107,random_subsets_natural_partition,7770,3.9815865606700216
10,107,random_subsets_natural_partition,7771,4.052341165924225
10,107,random_subsets_natural_partition,7772,4.105197173002206
10,107,random_subsets_natural_partition,7773,4.024797295953271
10,107,random_subsets_natural_partition,7774,4.071113128684845
10,107,random_subsets_natural_partition,7775,4.0734031291172155
10,107,random_subsets_natural_partition,7776,4.10390703481063
10,107,random_subsets_natural_partition,7777,4.104924809202905
10,107,random_subsets_natural_partition,7778,4.21711196496016
10,107,random_subsets_natural_partition,7779,4.122757437532838
10,107,random_subsets_natural_partition,7780,3.9163152951153166
10,107,random_subsets_natural_partition,7781,4.107180424479484
10,107,random_subsets_natural_partition,7782,4.093705694291048
10,107,random_subsets_natural_partition,7783,3.9891310882346653
10,107,random_subsets_natural_partition,7784,4.076796286683871
10,107,random_subsets_natural_partition,7785,4.065335837014707
10,107,random_subsets_natural_partition,7786,4.1052325479388365
10,107,random_subsets_natural_partition,7787,4.106752534882068
10,107,random_subsets_natural_partition,7788,4.1218643382919575
10,107,random_subsets_natural_partition,7789,4.021475997719465
10,107,random_subsets_natural_partition,7790,4.080840326112286
10,107,random_subsets_natural_partition,7791,4.0960889544559596
10,107,random_subsets_natural_partition,7792,4.207473851626309
10,107,random_subsets_natural_partition,7793,4.0732552974065
10,107,random_subsets_natural_partition,7794,4.125912626783891
10,107,random_subsets_natural_partition,7795,4.068718020299293
10,107,random_subsets_natural_partition,7796,4.132943717797922
10,107,random_subsets_natural_partition,7797,4.035571441624491
10,107,random_subsets_natural_partition,7798,4.125019235955943
10,107,random_subsets_natural_partition,7799,4.1613045270391185
10,107,random_subsets_natural_partition,7800,3.965882230837682
10,107,random_subsets_natural_partition,7801,4.109816295121826
10,107,random_subsets_natural_partition,7802,4.0802645103713555
10,107,random_subsets_natural_partition,7803,4.1187145782466725
10,107,random_subsets_natural_partition,7804,4.081676941583569
10,107,random_subsets_natural_partition,7805,4.170584433797663
10,107,random_subsets_natural_partition,7806,3.9945312381745985
10,107,random_subsets_natural_partition,7807,4.061038810231469
10,107,random_subsets_natural_partition,7808,4.051213680541401
10,107,random_subsets_natural_partition,7809,4.046734563328775
10,107,random_subsets_natural_partition,7810,3.985312639234817
10,107,random_subsets_natural_partition,7811,4.049510010089541
10,107,random_subsets_natural_partition,7812,4.014881477163617
10,107,random_subsets_natural_partition,7813,3.9762945988499427
10,107,random_subsets_natural_partition,7814,4.037324891674725
10,107,random_subsets_natural_partition,7815,4.033367872866575
10,107,random_subsets_natural_partition,7816,4.011613729565964
10,107,random_subsets_natural_partition,7817,4.077178156133248
10,107,random_subsets_natural_partition,7818,3.9774050275962085
10,107,random_subsets_natural_partition,7819,4.0666574716571455
10,107,random_subsets_natural_partition,7820,4.108808329984413
10,107,random_subsets_natural_partition,7821,3.9889972302404755
10,107,random_subsets_natural_partition,7822,3.9897267222004142
10,107,random_subsets_natural_partition,7823,4.018592130557998
10,107,random_subsets_natural_partition,7824,4.060828003149251
10,107,random_subsets_natural_partition,7825,4.14228161474682
10,107,random_subsets_natural_partition,7826,4.072538508468471
10,107,random_subsets_natural_partition,7827,4.147179750882624
10,107,random_subsets_natural_partition,7828,3.985507022002166
10,107,random_subsets_natural_partition,7829,3.945687517756363
10,107,random_subsets_natural_partition,7830,4.136797300620898
10,107,random_subsets_natural_partition,7831,4.107711844179438
10,107,random_subsets_natural_partition,7832,4.136689503631257
10,107,random_subsets_natural_partition,7833,4.041043031436462
10,107,random_subsets_natural_partition,7834,4.138876653346532
10,107,random_subsets_natural_partition,7835,4.0805257479387675
10,107,random_subsets_natural_partition,7836,4.025259157669875
10,107,random_subsets_natural_partition,7837,4.042164949327236
10,107,random_subsets_natural_partition,7838,4.11873582669284
10,107,random_subsets_natural_partition,7839,4.04349588670085
10,107,random_subsets_natural_partition,7840,4.06951552418962
10,107,random_subsets_natural_partition,7841,4.072287315442285
10,107,random_subsets_natural_partition,7842,4.071377105485593
10,107,random_subsets_natural_partition,7843,4.077258938978131
10,107,random_subsets_natural_partition,7844,4.067207349670187
10,107,random_subsets_natural_partition,7845,3.979442860320162
10,107,random_subsets_natural_partition,7846,4.0692314640793
10,107,random_subsets_natural_partition,7847,3.986167343488597
10,107,random_subsets_natural_partition,7848,4.031813177820495
10,107,random_subsets_natural_partition,7849,4.003766774146092
10,107,random_subsets_natural_partition,7850,4.201411670233244
10,107,random_subsets_natural_partition,7851,4.138491532771484
10,107,random_subsets_natural_partition,7852,4.11076960087919
10,107,random_subsets_natural_partition,7853,4.1296452594034125
10,107,random_subsets_natural_partition,7854,4.023061213136149
10,107,random_subsets_natural_partition,7855,3.9638704848119533
10,107,random_subsets_natural_partition,7856,3.9627206941215034
10,107,random_subsets_natural_partition,7857,3.9424272108700342
10,107,random_subsets_natural_partition,7858,4.07632313851986
10,107,random_subsets_natural_partition,7859,4.1028503703813595
10,107,random_subsets_natural_partition,7860,4.030847562560913
10,107,random_subsets_natural_partition,7861,4.1292886659061185
10,107,random_subsets_natural_partition,7862,4.162057457067317
10,107,random_subsets_natural_partition,7863,4.061067734757948
10,107,random_subsets_natural_partition,7864,3.943088703912689
10,107,random_subsets_natural_partition,7865,4.118112616913813
10,107,random_subsets_natural_partition,7866,3.9677857494485327
10,107,random_subsets_natural_partition,7867,4.026738806972397
10,107,random_subsets_natural_partition,7868,4.046346278348358
10,107,random_subsets_natural_partition,7869,3.936726857763652
10,107,random_subsets_natural_partition,7870,4.059919531397316
10,107,random_subsets_natural_partition,7871,4.21616190711268
10,107,random_subsets_natural_partition,7872,4.079809222233376
10,107,random_subsets_natural_partition,7873,4.137812578111062
10,107,random_subsets_natural_partition,7874,4.114372992096843
10,107,random_subsets_natural_partition,7875,4.1850451913313025
10,107,random_subsets_natural_partition,7876,4.099390606591012
10,107,random_subsets_natural_partition,7877,4.125701418830326
10,107,random_subsets_natural_partition,7878,4.124535406285219
10,107,random_subsets_natural_partition,7879,4.081133139014036
10,107,random_subsets_natural_partition,7880,4.090666650722494
10,107,random_subsets_natural_partition,7881,4.076215137118465
10,107,random_subsets_natural_partition,7882,4.144342715567725
10,107,random_subsets_natural_partition,7883,4.03663600310126
10,107,random_subsets_natural_partition,7884,4.091202431580621
10,107,random_subsets_natural_partition,7885,4.029557493355661
10,107,random_subsets_natural_partition,7886,4.135917748540854
10,107,random_subsets_natural_partition,7887,4.091647571496662
10,107,random_subsets_natural_partition,7888,4.06924692530106
10,107,random_subsets_natural_partition,7889,4.056076857537764
10,107,random_subsets_natural_partition,7890,4.0743492838991795
10,107,random_subsets_natural_partition,7891,4.050831157790086
10,107,random_subsets_natural_partition,7892,3.9159057799410912
10,107,random_subsets_natural_partition,7893,4.0960744240558356
10,107,random_subsets_natural_partition,7894,4.097866674525014
10,107,random_subsets_natural_partition,7895,4.037876841703415
10,107,random_subsets_natural_partition,7896,4.051726754386867
10,107,random_subsets_natural_partition,7897,4.090482885342545
10,107,random_subsets_natural_partition,7898,3.9499640963680287
10,107,random_subsets_natural_partition,7899,4.121425171027417
10,107,random_subsets_natural_partition,7900,4.032473215114583
10,107,random_subsets_natural_partition,7901,4.0155976728931515
10,107,random_subsets_natural_partition,7902,3.9667022358912374
10,107,random_subsets_natural_partition,7903,4.0459734636926035
10,107,random_subsets_natural_partition,7904,4.178731975518026
10,107,random_subsets_natural_partition,7905,4.103512575153357
10,107,random_subsets_natural_partition,7906,4.075949705008651
10,107,random_subsets_natural_partition,7907,4.017464507710533
10,107,random_subsets_natural_partition,7908,4.07550067787727
10,107,random_subsets_natural_partition,7909,4.089817311970037
10,107,random_subsets_natural_partition,7910,4.09888726064517
10,107,random_subsets_natural_partition,7911,4.12806483206257
10,107,random_subsets_natural_partition,7912,4.168561096069728
10,107,random_subsets_natural_partition,7913,4.036575961284897
10,107,random_subsets_natural_partition,7914,4.07824448602072
10,107,random_subsets_natural_partition,7915,4.11458532748889
10,107,random_subsets_natural_partition,7916,4.068385559230756
10,107,random_subsets_natural_partition,7917,4.14695247073947
10,107,random_subsets_natural_partition,7918,4.07948891994026
10,107,random_subsets_natural_partition,7919,4.146070937106388
10,107,random_subsets_natural_partition,7920,4.097451014818946
10,107,random_subsets_natural_partition,7921,4.094755987736671
10,107,random_subsets_natural_partition,7922,4.073919198486823
10,107,random_subsets_natural_partition,7923,4.073387355344637
10,107,random_subsets_natural_partition,7924,4.047574870885011
10,107,random_subsets_natural_partition,7925,4.084630640023075
10,107,random_subsets_natural_partition,7926,4.118998534481155
10,107,random_subsets_natural_partition,7927,4.070652444750042
10,107,random_subsets_natural_partition,7928,4.1920841330415515
10,107,random_subsets_natural_partition,7929,4.125894239998956
10,107,random_subsets_natural_partition,7930,4.0755903029400145
10,107,random_subsets_natural_partition,7931,4.019268212967042
10,107,random_subsets_natural_partition,7932,4.172530689929952
10,107,random_subsets_natural_partition,7933,4.179751430893089
10,107,random_subsets_natural_partition,7934,4.098147582553937
10,107,random_subsets_natural_partition,7935,4.137493276161431
10,107,random_subsets_natural_partition,7936,4.005029983386246
10,107,random_subsets_natural_partition,7937,4.127512109565849
10,107,random_subsets_natural_partition,7938,4.113234525900944
10,107,random_subsets_natural_partition,7939,4.130538381058454
10,107,random_subsets_natural_partition,7940,4.205129354145663
10,107,random_subsets_natural_partition,7941,4.122679791906167
10,107,random_subsets_natural_partition,7942,4.00365424337409
10,107,random_subsets_natural_partition,7943,4.0846252539179995
10,107,random_subsets_natural_partition,7944,4.127131321599311
10,107,random_subsets_natural_partition,7945,4.0713361498633205
10,107,random_subsets_natural_partition,7946,4.078136974836448
10,107,random_subsets_natural_partition,7947,4.042607138745153
10,107,random_subsets_natural_partition,7948,4.0869153424527465
10,107,random_subsets_natural_partition,7949,4.065107156173935
10,107,random_subsets_natural_partition,7950,4.025262115658027
10,107,random_subsets_natural_partition,7951,4.065944571503578
10,107,random_subsets_natural_partition,7952,4.0352135139983
10,107,random_subsets_natural_partition,7953,4.131055383037075
10,107,random_subsets_natural_partition,7954,4.058726586401934
10,107,random_subsets_natural_partition,7955,4.001056760428268
10,107,random_subsets_natural_partition,7956,4.044886612710258
10,107,random_subsets_natural_partition,7957,3.9691407700123644
10,107,random_subsets_natural_partition,7958,4.056823327277961
10,107,random_subsets_natural_partition,7959,4.114589987468155
10,107,random_subsets_natural_partition,7960,3.9661302692845073
10,107,random_subsets_natural_partition,7961,4.0588763147759614
10,107,random_subsets_natural_partition,7962,4.097350183380282
10,107,random_subsets_natural_partition,7963,4.079424914878312
10,107,random_subsets_natural_partition,7964,4.0709688090194645
10,107,random_subsets_natural_partition,7965,4.117262368321349
10,107,random_subsets_natural_partition,7966,4.098472497454442
10,107,random_subsets_natural_partition,7967,4.048284374532809
10,107,random_subsets_natural_partition,7968,4.194115245850207
10,107,random_subsets_natural_partition,7969,4.116469809959431
10,107,random_subsets_natural_partition,7970,4.116403922361676
10,107,random_subsets_natural_partition,7971,4.121225754054989
10,107,random_subsets_natural_partition,7972,4.065180463812839
10,107,random_subsets_natural_partition,7973,3.943432808566182
10,107,random_subsets_natural_partition,7974,4.186820043525085
10,107,random_subsets_natural_partition,7975,3.9838688685476593
10,107,random_subsets_natural_partition,7976,4.117311565294348
10,107,random_subsets_natural_partition,7977,4.112192000184024
10,107,random_subsets_natural_partition,7978,4.0716359075534685
10,107,random_subsets_natural_partition,7979,4.050534676257477
10,107,random_subsets_natural_partition,7980,4.032261414573419
10,107,random_subsets_natural_partition,7981,4.135005596142583
10,107,random_subsets_natural_partition,7982,3.992184957539622
10,107,random_subsets_natural_partition,7983,4.075812835116397
10,107,random_subsets_natural_partition,7984,4.16127326851953
10,107,random_subsets_natural_partition,7985,4.033310672140714
10,107,random_subsets_natural_partition,7986,4.036996333429703
10,107,random_subsets_natural_partition,7987,4.116536730688164
10,107,random_subsets_natural_partition,7988,4.066681314499634
10,107,random_subsets_natural_partition,7989,3.9581563649718325
10,107,random_subsets_natural_partition,7990,4.2042467494723565
10,107,random_subsets_natural_partition,7991,3.9945363599665713
10,107,random_subsets_natural_partition,7992,4.040352854180334
10,107,random_subsets_natural_partition,7993,4.076140798871544
10,107,random_subsets_natural_partition,7994,4.138900998803727
10,107,random_subsets_natural_partition,7995,4.10760094286408
10,107,random_subsets_natural_partition,7996,4.074191190194771
10,107,random_subsets_natural_partition,7997,4.068659166357765
10,107,random_subsets_natural_partition,7998,4.083135223173732
10,107,random_subsets_natural_partition,7999,3.9610318728527116
10,107,random_subsets_natural_partition,8000,4.077589152869032
10,107,random_subsets_natural_partition,8001,4.100004099272984
10,107,random_subsets_natural_partition,8002,4.087718473622194
10,107,random_subsets_natural_partition,8003,4.12472658400326
10,107,random_subsets_natural_partition,8004,4.16680493637132
10,107,random_subsets_natural_partition,8005,4.12340533976052
10,107,random_subsets_natural_partition,8006,4.083916314910038
10,107,random_subsets_natural_partition,8007,4.018652760065232
10,107,random_subsets_natural_partition,8008,4.202040718149857
10,107,random_subsets_natural_partition,8009,4.017676601510796
10,107,random_subsets_natural_partition,8010,4.008891498727309
10,107,random_subsets_natural_partition,8011,4.043558016141965
10,107,random_subsets_natural_partition,8012,4.078468479524062
10,107,random_subsets_natural_partition,8013,4.049351851039006
10,107,random_subsets_natural_partition,8014,4.089555854255471
10,107,random_subsets_natural_partition,8015,4.14499332898313
10,107,random_subsets_natural_partition,8016,4.1001986043812515
10,107,random_subsets_natural_partition,8017,4.004140680544347
10,107,random_subsets_natural_partition,8018,4.10155027127269
10,107,random_subsets_natural_partition,8019,3.9722035504329427
10,107,random_subsets_natural_partition,8020,4.095093477348925
10,107,random_subsets_natural_partition,8021,4.004590493507302
10,107,random_subsets_natural_partition,8022,4.073089630965809
10,107,random_subsets_natural_partition,8023,4.134615533881831
10,107,random_subsets_natural_partition,8024,4.034072265026588
10,107,random_subsets_natural_partition,8025,4.165793971877301
10,107,random_subsets_natural_partition,8026,4.049514294159014
10,107,random_subsets_natural_partition,8027,4.075107541078203
10,107,random_subsets_natural_partition,8028,4.098892154286396
10,107,random_subsets_natural_partition,8029,4.103058296111661
10,107,random_subsets_natural_partition,8030,4.0440131209275245
10,107,random_subsets_natural_partition,8031,4.07354146556571
10,107,random_subsets_natural_partition,8032,4.143139748503382
10,107,random_subsets_natural_partition,8033,3.9550181886436424
10,107,random_subsets_natural_partition,8034,4.059031882482209
10,107,random_subsets_natural_partition,8035,4.018343092659796
10,107,random_subsets_natural_partition,8036,4.139255256865564
10,107,random_subsets_natural_partition,8037,4.139925993901693
10,107,random_subsets_natural_partition,8038,3.9698638978887715
10,107,random_subsets_natural_partition,8039,4.105256917678574
10,107,random_subsets_natural_partition,8040,4.1001394031034435
10,107,random_subsets_natural_partition,8041,4.05182743688657
10,107,random_subsets_natural_partition,8042,4.062564296874005
10,107,random_subsets_natural_partition,8043,3.9843889884299886
10,107,random_subsets_natural_partition,8044,4.068600760952769
10,107,random_subsets_natural_partition,8045,4.122708316814069
10,107,random_subsets_natural_partition,8046,4.133659554785423
10,107,random_subsets_natural_partition,8047,3.9624853322969935
10,107,random_subsets_natural_partition,8048,4.008762366966636
10,107,random_subsets_natural_partition,8049,4.1340008649572955
10,107,random_subsets_natural_partition,8050,4.017159238819785
10,107,random_subsets_natural_partition,8051,3.9360815924722785
10,107,random_subsets_natural_partition,8052,4.219429003396899
10,107,random_subsets_natural_partition,8053,4.093367328018497
10,107,random_subsets_natural_partition,8054,4.105895963361469
10,107,random_subsets_natural_partition,8055,4.026572449335109
10,107,random_subsets_natural_partition,8056,4.016526281051471
10,107,random_subsets_natural_partition,8057,4.019234251557697
10,107,random_subsets_natural_partition,8058,4.085602001675604
10,107,random_subsets_natural_partition,8059,4.138604984361415
10,107,random_subsets_natural_partition,8060,4.023350461500569
10,107,random_subsets_natural_partition,8061,4.068949078764032
10,107,random_subsets_natural_partition,8062,4.052994976050486
10,107,random_subsets_natural_partition,8063,3.998191905387812
10,107,random_subsets_natural_partition,8064,4.097529660274196
10,107,random_subsets_natural_partition,8065,4.170596122676289
10,107,random_subsets_natural_partition,8066,4.080676799098632
10,107,random_subsets_natural_partition,8067,4.017706963753104
10,107,random_subsets_natural_partition,8068,4.100341105487048
10,107,random_subsets_natural_partition,8069,4.095618926772264
10,107,random_subsets_natural_partition,8070,4.160464304815006
10,107,random_subsets_natural_partition,8071,4.041273200117383
10,107,random_subsets_natural_partition,8072,4.115199198720896
10,107,random_subsets_natural_partition,8073,3.9868863028648427
10,107,random_subsets_natural_partition,8074,4.128803234953684
10,107,random_subsets_natural_partition,8075,3.97572662270323
10,107,random_subsets_natural_partition,8076,4.1557932558750625
10,107,random_subsets_natural_partition,8077,4.128378850294174
10,107,random_subsets_natural_partition,8078,4.121838503429008
10,107,random_subsets_natural_partition,8079,4.108913325774202
10,107,random_subsets_natural_partition,8080,4.095481641695592
10,107,random_subsets_natural_partition,8081,4.135610270575752
10,107,random_subsets_natural_partition,8082,4.116386937905644
10,107,random_subsets_natural_partition,8083,4.198777498542095
10,107,random_subsets_natural_partition,8084,4.0890000676312095
10,107,random_subsets_natural_partition,8085,3.9752637934626445
10,107,random_subsets_natural_partition,8086,4.069335616554684
10,107,random_subsets_natural_partition,8087,4.048096906203448
10,107,random_subsets_natural_partition,8088,4.057661010114493
10,107,random_subsets_natural_partition,8089,4.070956810824499
10,107,random_subsets_natural_partition,8090,4.040806900804663
10,107,random_subsets_natural_partition,8091,4.159113194822861
10,107,random_subsets_natural_partition,8092,4.055068132272619
10,107,random_subsets_natural_partition,8093,4.143628788070521
10,107,random_subsets_natural_partition,8094,4.086737488002063
10,107,random_subsets_natural_partition,8095,4.0134395747434635
10,107,random_subsets_natural_partition,8096,4.075038324674841
10,107,random_subsets_natural_partition,8097,4.054354195175714
10,107,random_subsets_natural_partition,8098,4.078435331287117
10,107,random_subsets_natural_partition,8099,4.138061218209908
10,107,random_subsets_natural_partition,8100,4.047939944332476
10,107,random_subsets_natural_partition,8101,4.08590279532917
10,107,random_subsets_natural_partition,8102,3.9538590096585646
10,107,random_subsets_natural_partition,8103,4.1356622594485986
10,107,random_subsets_natural_partition,8104,4.03946494106064
10,107,random_subsets_natural_partition,8105,4.048537761463386
10,107,random_subsets_natural_partition,8106,4.04216878545548
10,107,random_subsets_natural_partition,8107,3.9395239667149764
10,107,random_subsets_natural_partition,8108,4.111080998767625
10,107,random_subsets_natural_partition,8109,4.118622457204037
10,107,random_subsets_natural_partition,8110,3.96210084781804
10,107,random_subsets_natural_partition,8111,4.141693652260924
10,107,random_subsets_natural_partition,8112,4.151685106513108
10,107,random_subsets_natural_partition,8113,4.032901344525232
10,107,random_subsets_natural_partition,8114,4.012203750995333
10,107,random_subsets_natural_partition,8115,4.116499081205228
10,107,random_subsets_natural_partition,8116,4.108032349439172
10,107,random_subsets_natural_partition,8117,4.119595438592111
10,107,random_subsets_natural_partition,8118,3.982332275929857
10,107,random_subsets_natural_partition,8119,4.007395206584132
10,107,random_subsets_natural_partition,8120,4.119625054744138
10,107,random_subsets_natural_partition,8121,4.085659163025962
10,107,random_subsets_natural_partition,8122,4.082942645733031
10,107,random_subsets_natural_partition,8123,4.068589489425185
10,107,random_subsets_natural_partition,8124,4.033889475570285
10,107,random_subsets_natural_partition,8125,3.938425375158894
10,107,random_subsets_natural_partition,8126,4.1542831232387
10,107,random_subsets_natural_partition,8127,4.090702770007788
10,107,random_subsets_natural_partition,8128,4.010405391836856
10,107,random_subsets_natural_partition,8129,4.083437122703757
10,107,random_subsets_natural_partition,8130,4.144636368439496
10,107,random_subsets_natural_partition,8131,4.088720601761655
10,107,random_subsets_natural_partition,8132,4.043431506197214
10,107,random_subsets_natural_partition,8133,4.018475704680181
10,107,random_subsets_natural_partition,8134,4.112371992609502
10,107,random_subsets_natural_partition,8135,4.184804172494865
10,107,random_subsets_natural_partition,8136,4.064525012737741
10,107,random_subsets_natural_partition,8137,4.030256532714141
10,107,random_subsets_natural_partition,8138,4.116286074732236
10,107,random_subsets_natural_partition,8139,4.132854648662133
10,107,random_subsets_natural_partition,8140,4.023458500734173
10,107,random_subsets_natural_partition,8141,4.160012303129626
10,107,random_subsets_natural_partition,8142,4.071577158057
10,107,random_subsets_natural_partition,8143,4.102986357462097
10,107,random_subsets_natural_partition,8144,4.091751369366348
10,107,random_subsets_natural_partition,8145,4.1194219871312985
10,107,random_subsets_natural_partition,8146,4.226918449487509
10,107,random_subsets_natural_partition,8147,4.040669833513208
10,107,random_subsets_natural_partition,8148,4.005470470722126
10,107,random_subsets_natural_partition,8149,3.9998513070971335
10,107,random_subsets_natural_partition,8150,4.230605986223929
10,107,random_subsets_natural_partition,8151,4.088921697638811
10,107,random_subsets_natural_partition,8152,4.183777845899249
10,107,random_subsets_natural_partition,8153,4.0400510312782725
10,107,random_subsets_natural_partition,8154,4.079424415925808
10,107,random_subsets_natural_partition,8155,4.1167697638728615
10,107,random_subsets_natural_partition,8156,3.9425094127379934
10,107,random_subsets_natural_partition,8157,4.1233573909014325
10,107,random_subsets_natural_partition,8158,4.026109258254413
10,107,random_subsets_natural_partition,8159,3.9548816481469884
10,107,random_subsets_natural_partition,8160,4.017038458595127
10,107,random_subsets_natural_partition,8161,4.103953305656864
10,107,random_subsets_natural_partition,8162,4.078444861680245
10,107,random_subsets_natural_partition,8163,4.170023675164421
10,107,random_subsets_natural_partition,8164,4.143834653400942
10,107,random_subsets_natural_partition,8165,4.079774864113221
10,107,random_subsets_natural_partition,8166,4.078246467227771
10,107,random_subsets_natural_partition,8167,4.11798583835744
10,107,random_subsets_natural_partition,8168,4.054663170678198
10,107,random_subsets_natural_partition,8169,4.1161637272924025
10,107,random_subsets_natural_partition,8170,4.100996709710845
10,107,random_subsets_natural_partition,8171,4.160684192639144
10,107,random_subsets_natural_partition,8172,4.023651190852385
10,107,random_subsets_natural_partition,8173,4.0862535068268135
10,107,random_subsets_natural_partition,8174,4.081623528112117
10,107,random_subsets_natural_partition,8175,4.040558195802336
10,107,random_subsets_natural_partition,8176,4.0798339492385995
10,107,random_subsets_natural_partition,8177,4.014696613427407
10,107,random_subsets_natural_partition,8178,4.1551917801017915
10,107,random_subsets_natural_partition,8179,4.006450927545699
10,107,random_subsets_natural_partition,8180,4.037097416914214
10,107,random_subsets_natural_partition,8181,4.068239887377544
10,107,random_subsets_natural_partition,8182,4.103935312055347
10,107,random_subsets_natural_partition,8183,4.119696376428941
10,107,random_subsets_natural_partition,8184,3.9497187353582603
10,107,random_subsets_natural_partition,8185,4.093140828365765
10,107,random_subsets_natural_partition,8186,4.044045408560937
10,107,random_subsets_natural_partition,8187,3.9893614618108937
10,107,random_subsets_natural_partition,8188,4.121213236050866
10,107,random_subsets_natural_partition,8189,4.172030640501501
10,107,random_subsets_natural_partition,8190,4.120497348694152
10,107,random_subsets_natural_partition,8191,4.123368416375594
10,107,random_subsets_natural_partition,8192,4.006553391155648
10,107,random_subsets_natural_partition,8193,4.107886149437025
10,107,random_subsets_natural_partition,8194,4.103059312249447
10,107,random_subsets_natural_partition,8195,4.098679759414353
10,107,random_subsets_natural_partition,8196,4.107832454199442
10,107,random_subsets_natural_partition,8197,4.139555885392761
10,107,random_subsets_natural_partition,8198,4.139374779634758
10,107,random_subsets_natural_partition,8199,4.038706284044566
10,107,random_subsets_natural_partition,8200,4.074320725361826
10,107,random_subsets_natural_partition,8201,4.082554860640593
10,107,random_subsets_natural_partition,8202,4.157731783905481
10,107,random_subsets_natural_partition,8203,3.9872913208950758
10,107,random_subsets_natural_partition,8204,4.057853904055431
10,107,random_subsets_natural_partition,8205,4.020522645856688
10,107,random_subsets_natural_partition,8206,4.070726020274532
10,107,random_subsets_natural_partition,8207,4.137748152301155
10,107,random_subsets_natural_partition,8208,4.111580787278346
10,107,random_subsets_natural_partition,8209,4.219731407309786
10,107,random_subsets_natural_partition,8210,3.981046326484499
10,107,random_subsets_natural_partition,8211,4.112479300444149
10,107,random_subsets_natural_partition,8212,4.119035016730517
10,107,random_subsets_natural_partition,8213,4.13426892862094
10,107,random_subsets_natural_partition,8214,4.060359681976826
10,107,random_subsets_natural_partition,8215,4.086985011441206
10,107,random_subsets_natural_partition,8216,4.1084322144673875
10,107,random_subsets_natural_partition,8217,3.9704449801462856
10,107,random_subsets_natural_partition,8218,4.1078684634853175
10,107,random_subsets_natural_partition,8219,4.04269351973087
10,107,random_subsets_natural_partition,8220,4.00566813866057
10,107,random_subsets_natural_partition,8221,4.0984962989341245
10,107,random_subsets_natural_partition,8222,4.115238871515955
10,107,random_subsets_natural_partition,8223,4.090827300787715
10,107,random_subsets_natural_partition,8224,4.1680265485359405
10,107,random_subsets_natural_partition,8225,4.056156504797844
10,107,random_subsets_natural_partition,8226,4.0961229079684145
10,107,random_subsets_natural_partition,8227,4.086225175033102
10,107,random_subsets_natural_partition,8228,4.036436121762044
10,107,random_subsets_natural_partition,8229,4.1383513720630845
10,107,random_subsets_natural_partition,8230,4.110051269146493
10,107,random_subsets_natural_partition,8231,4.08396456632564
10,107,random_subsets_natural_partition,8232,4.179100027256836
10,107,random_subsets_natural_partition,8233,4.117858800391585
10,107,random_subsets_natural_partition,8234,4.038459956017981
10,107,random_subsets_natural_partition,8235,4.054435783254378
10,107,random_subsets_natural_partition,8236,4.121169123714135
10,107,random_subsets_natural_partition,8237,4.132940518224373
10,107,random_subsets_natural_partition,8238,4.00999345120472
10,107,random_subsets_natural_partition,8239,4.124862184460465
10,107,random_subsets_natural_partition,8240,4.1100764981802405
10,107,random_subsets_natural_partition,8241,4.047060321849479
10,107,random_subsets_natural_partition,8242,4.067405719904728
10,107,random_subsets_natural_partition,8243,4.076540984599759
10,107,random_subsets_natural_partition,8244,4.061467352544409
10,107,random_subsets_natural_partition,8245,4.083441085347493
10,107,random_subsets_natural_partition,8246,4.069430448829392
10,107,random_subsets_natural_partition,8247,4.109588863825588
10,107,random_subsets_natural_partition,8248,4.03187127294944
10,107,random_subsets_natural_partition,8249,4.085395914251618
10,107,random_subsets_natural_partition,8250,4.012471739793461
10,107,random_subsets_natural_partition,8251,4.162456052594791
10,107,random_subsets_natural_partition,8252,4.091904125591631
10,107,random_subsets_natural_partition,8253,4.060705284834947
10,107,random_subsets_natural_partition,8254,3.989747931772258
10,107,random_subsets_natural_partition,8255,4.1545361776140375
10,107,random_subsets_natural_partition,8256,4.174782772587823
10,107,random_subsets_natural_partition,8257,4.020728337382101
10,107,random_subsets_natural_partition,8258,3.8988858850640984
10,107,random_subsets_natural_partition,8259,4.078171841269988
10,107,random_subsets_natural_partition,8260,4.0677124952746775
10,107,random_subsets_natural_partition,8261,3.939646869533329
10,107,random_subsets_natural_partition,8262,4.138179185780922
10,107,random_subsets_natural_partition,8263,4.104619127410514
10,107,random_subsets_natural_partition,8264,4.117939314422782
10,107,random_subsets_natural_partition,8265,4.160057499948694
10,107,random_subsets_natural_partition,8266,3.972103618783185
10,107,random_subsets_natural_partition,8267,3.9334742665514617
10,107,random_subsets_natural_partition,8268,4.124221677871775
10,107,random_subsets_natural_partition,8269,4.074660600377704
10,107,random_subsets_natural_partition,8270,4.085738900278324
10,107,random_subsets_natural_partition,8271,4.086871200328232
10,107,random_subsets_natural_partition,8272,3.973675904830398
10,107,random_subsets_natural_partition,8273,3.805366359154067
10,107,random_subsets_natural_partition,8274,4.021234984449888
10,107,random_subsets_natural_partition,8275,4.017716140528184
10,107,random_subsets_natural_partition,8276,4.0454908779638235
10,107,random_subsets_natural_partition,8277,4.072897024207647
10,107,random_subsets_natural_partition,8278,4.154292854778529
10,107,random_subsets_natural_partition,8279,4.049745609154935
10,107,random_subsets_natural_partition,8280,4.121969839578724
10,107,random_subsets_natural_partition,8281,4.1602275864728515
10,107,random_subsets_natural_partition,8282,4.061327319105826
10,107,random_subsets_natural_partition,8283,4.008655177435912
10,107,random_subsets_natural_partition,8284,3.986077332773722
10,107,random_subsets_natural_partition,8285,4.213783535088018
10,107,random_subsets_natural_partition,8286,4.092641311640215
10,107,random_subsets_natural_partition,8287,3.962694757258231
10,107,random_subsets_natural_partition,8288,4.158355088273662
10,107,random_subsets_natural_partition,8289,4.181099583110983
10,107,random_subsets_natural_partition,8290,4.061446329602745
10,107,random_subsets_natural_partition,8291,4.022477995936026
10,107,random_subsets_natural_partition,8292,4.02557567395243
10,107,random_subsets_natural_partition,8293,4.124977878384369
10,107,random_subsets_natural_partition,8294,4.112477205039622
10,107,random_subsets_natural_partition,8295,4.056770595457579
10,107,random_subsets_natural_partition,8296,4.150035311029828
10,107,random_subsets_natural_partition,8297,3.9710409325228526
10,107,random_subsets_natural_partition,8298,4.0627395768244545
10,107,random_subsets_natural_partition,8299,4.088328375458366
10,107,random_subsets_natural_partition,8300,4.150526547893188
10,107,random_subsets_natural_partition,8301,4.109613519023729
10,107,random_subsets_natural_partition,8302,4.061059543256037
10,107,random_subsets_natural_partition,8303,4.095189197716469
10,107,random_subsets_natural_partition,8304,4.199445053624132
10,107,random_subsets_natural_partition,8305,3.991881769162933
10,107,random_subsets_natural_partition,8306,4.0435180100679995
10,107,random_subsets_natural_partition,8307,4.061799508361587
10,107,random_subsets_natural_partition,8308,4.066697186642591
10,107,random_subsets_natural_partition,8309,4.022389017851551
10,107,random_subsets_natural_partition,8310,4.171389328099824
10,107,random_subsets_natural_partition,8311,4.034106700319877
10,107,random_subsets_natural_partition,8312,4.071005225329042
10,107,random_subsets_natural_partition,8313,4.079754754437706
10,107,random_subsets_natural_partition,8314,4.091686980653206
10,107,random_subsets_natural_partition,8315,4.09316595224253
10,107,random_subsets_natural_partition,8316,4.05008723777115
10,107,random_subsets_natural_partition,8317,4.071444555796599
10,107,random_subsets_natural_partition,8318,4.08777581317945
10,107,random_subsets_natural_partition,8319,4.021301420400175
10,107,random_subsets_natural_partition,8320,4.13961490016887
10,107,random_subsets_natural_partition,8321,4.080801685314858
10,107,random_subsets_natural_partition,8322,4.1197405646904235
10,107,random_subsets_natural_partition,8323,4.152373843274975
10,107,random_subsets_natural_partition,8324,4.030092285157612
10,107,random_subsets_natural_partition,8325,4.122900963694086
10,107,random_subsets_natural_partition,8326,4.075095680656503
10,107,random_subsets_natural_partition,8327,4.123146827116947
10,107,random_subsets_natural_partition,8328,4.104993747159157
10,107,random_subsets_natural_partition,8329,4.0166476082634155
10,107,random_subsets_natural_partition,8330,4.0954622269305405
10,107,random_subsets_natural_partition,8331,4.054919533834906
10,107,random_subsets_natural_partition,8332,4.0569321266567515
10,107,random_subsets_natural_partition,8333,4.099861301666354
10,107,random_subsets_natural_partition,8334,4.108979335694284
10,107,random_subsets_natural_partition,8335,4.081285822972241
10,107,random_subsets_natural_partition,8336,4.194793023878974
10,107,random_subsets_natural_partition,8337,4.123291612738107
10,107,random_subsets_natural_partition,8338,4.003910014524283
10,107,random_subsets_natural_partition,8339,4.0953408495123425
10,107,random_subsets_natural_partition,8340,3.9750241408570464
10,107,random_subsets_natural_partition,8341,4.068023535339431
10,107,random_subsets_natural_partition,8342,4.046127225310816
10,107,random_subsets_natural_partition,8343,4.0700375149817525
10,107,random_subsets_natural_partition,8344,4.084496294327264
10,107,random_subsets_natural_partition,8345,3.9921415453306466
10,107,random_subsets_natural_partition,8346,4.016476146381376
10,107,random_subsets_natural_partition,8347,4.13286347061784
10,107,random_subsets_natural_partition,8348,4.069333431868113
10,107,random_subsets_natural_partition,8349,4.12959453109002
10,107,random_subsets_natural_partition,8350,4.091413945484297
10,107,random_subsets_natural_partition,8351,4.045066118225312
10,107,random_subsets_natural_partition,8352,3.967204235149545
10,107,random_subsets_natural_partition,8353,4.086810753703471
10,107,random_subsets_natural_partition,8354,3.9637291407667496
10,107,random_subsets_natural_partition,8355,4.154301276136793
10,107,random_subsets_natural_partition,8356,3.9541365363328596
10,107,random_subsets_natural_partition,8357,4.156646019294781
10,107,random_subsets_natural_partition,8358,4.144503444342907
10,107,random_subsets_natural_partition,8359,4.102873785477014
10,107,random_subsets_natural_partition,8360,4.030640946681452
10,107,random_subsets_natural_partition,8361,4.038412442582053
10,107,random_subsets_natural_partition,8362,4.127217912220121
10,107,random_subsets_natural_partition,8363,4.153680916723553
10,107,random_subsets_natural_partition,8364,4.0436909295589
10,107,random_subsets_natural_partition,8365,4.056253429167149
10,107,random_subsets_natural_partition,8366,4.01346499585958
10,107,random_subsets_natural_partition,8367,4.0996491156919355
10,107,random_subsets_natural_partition,8368,4.041850966992923
10,107,random_subsets_natural_partition,8369,4.116911063597407
10,107,random_subsets_natural_partition,8370,4.0370200442431
10,107,random_subsets_natural_partition,8371,4.07666121757287
10,107,random_subsets_natural_partition,8372,4.133702028852532
10,107,random_subsets_natural_partition,8373,4.110951977417187
10,107,random_subsets_natural_partition,8374,4.183830858605968
10,107,random_subsets_natural_partition,8375,4.073744399844968
10,107,random_subsets_natural_partition,8376,4.173378221975858
10,107,random_subsets_natural_partition,8377,4.042647741942218
10,107,random_subsets_natural_partition,8378,4.10806335194689
10,107,random_subsets_natural_partition,8379,4.148136858786179
10,107,random_subsets_natural_partition,8380,4.003155331952423
10,107,random_subsets_natural_partition,8381,4.1272858210708305
10,107,random_subsets_natural_partition,8382,4.105181661558455
10,107,random_subsets_natural_partition,8383,4.08422291973591
10,107,random_subsets_natural_partition,8384,4.094995135438083
10,107,random_subsets_natural_partition,8385,4.042850869923585
10,107,random_subsets_natural_partition,8386,3.9812589348661556
10,107,random_subsets_natural_partition,8387,4.200541318783311
10,107,random_subsets_natural_partition,8388,3.983551158255144
10,107,random_subsets_natural_partition,8389,4.102647327924033
10,107,random_subsets_natural_partition,8390,4.099148414865885
10,107,random_subsets_natural_partition,8391,4.0858458820557635
10,107,random_subsets_natural_partition,8392,4.131156795114305
10,107,random_subsets_natural_partition,8393,4.02595268098478
10,107,random_subsets_natural_partition,8394,4.127936650051842
10,107,random_subsets_natural_partition,8395,4.152729069153335
10,107,random_subsets_natural_partition,8396,4.148110900166627
10,107,random_subsets_natural_partition,8397,4.0348109565863854
10,107,random_subsets_natural_partition,8398,4.158697845236223
10,107,random_subsets_natural_partition,8399,4.071804239972791
10,107,random_subsets_natural_partition,8400,3.9616012065084014
10,107,random_subsets_natural_partition,8401,4.19645380400165
10,107,random_subsets_natural_partition,8402,4.034270152986372
10,107,random_subsets_natural_partition,8403,4.047145331606758
10,107,random_subsets_natural_partition,8404,4.076743862037332
10,107,random_subsets_natural_partition,8405,4.08305961209015
10,107,random_subsets_natural_partition,8406,4.132376268181103
10,107,random_subsets_natural_partition,8407,4.1395726484248785
10,107,random_subsets_natural_partition,8408,4.116521970118063
10,107,random_subsets_natural_partition,8409,4.029867271173456
10,107,random_subsets_natural_partition,8410,4.024019435633649
10,107,random_subsets_natural_partition,8411,4.0938162693559565
10,107,random_subsets_natural_partition,8412,4.15590253746342
10,107,random_subsets_natural_partition,8413,4.07849765208383
10,107,random_subsets_natural_partition,8414,4.146051803304181
10,107,random_subsets_natural_partition,8415,4.094305673995101
10,107,random_subsets_natural_partition,8416,4.05491124997427
10,107,random_subsets_natural_partition,8417,4.071611517222835
10,107,random_subsets_natural_partition,8418,3.927492110494018
10,107,random_subsets_natural_partition,8419,4.097110208796797
10,107,random_subsets_natural_partition,8420,3.9871231419494353
10,107,random_subsets_natural_partition,8421,4.1094268747600005
10,107,random_subsets_natural_partition,8422,4.014421394815549
10,107,random_subsets_natural_partition,8423,4.044491114139671
10,107,random_subsets_natural_partition,8424,4.111674679928384
10,107,random_subsets_natural_partition,8425,4.066378092771018
10,107,random_subsets_natural_partition,8426,4.149521824443439
10,107,random_subsets_natural_partition,8427,4.1252131232177645
10,107,random_subsets_natural_partition,8428,4.083661340384793
10,107,random_subsets_natural_partition,8429,4.073822866561699
10,107,random_subsets_natural_partition,8430,4.123872941959703
10,107,random_subsets_natural_partition,8431,4.060293532112013
10,107,random_subsets_natural_partition,8432,4.100832437131308
10,107,random_subsets_natural_partition,8433,4.142892053934404
10,107,random_subsets_natural_partition,8434,4.160001727003189
10,107,random_subsets_natural_partition,8435,4.1913330556062
10,107,random_subsets_natural_partition,8436,4.041276253464215
10,107,random_subsets_natural_partition,8437,4.090688638583919
10,107,random_subsets_natural_partition,8438,4.027426561755139
10,107,random_subsets_natural_partition,8439,4.087832411512399
10,107,random_subsets_natural_partition,8440,4.118800067631874
10,107,random_subsets_natural_partition,8441,4.087921414178356
10,107,random_subsets_natural_partition,8442,4.06177401230525
10,107,random_subsets_natural_partition,8443,4.171943126973939
10,107,random_subsets_natural_partition,8444,4.050315207279369
10,107,random_subsets_natural_partition,8445,4.156008716296518
10,107,random_subsets_natural_partition,8446,4.034735915984038
10,107,random_subsets_natural_partition,8447,4.055313810037963
10,107,random_subsets_natural_partition,8448,4.045423625143232
10,107,random_subsets_natural_partition,8449,4.04329619782714
10,107,random_subsets_natural_partition,8450,4.036986185312556
10,107,random_subsets_natural_partition,8451,4.127781061270174
10,107,random_subsets_natural_partition,8452,4.059329904252425
10,107,random_subsets_natural_partition,8453,4.07411036270007
10,107,random_subsets_natural_partition,8454,4.110607083294502
10,107,random_subsets_natural_partition,8455,4.114987888448577
10,107,random_subsets_natural_partition,8456,4.118910928852679
10,107,random_subsets_natural_partition,8457,4.098079387548136
10,107,random_subsets_natural_partition,8458,4.1054983497778785
10,107,random_subsets_natural_partition,8459,4.119073689483309
10,107,random_subsets_natural_partition,8460,4.013183348650326
10,107,random_subsets_natural_partition,8461,4.1558033132163175
10,107,random_subsets_natural_partition,8462,4.140270641183066
10,107,random_subsets_natural_partition,8463,4.06493786065643
10,107,random_subsets_natural_partition,8464,4.0916432137268695
10,107,random_subsets_natural_partition,8465,4.073959231877536
10,107,random_subsets_natural_partition,8466,4.187498517501835
10,107,random_subsets_natural_partition,8467,4.032638315730454
10,107,random_subsets_natural_partition,8468,4.122741349209731
10,107,random_subsets_natural_partition,8469,4.106693171550756
10,107,random_subsets_natural_partition,8470,3.9975301678087156
10,107,random_subsets_natural_partition,8471,4.086590008200694
10,107,random_subsets_natural_partition,8472,4.089175904693863
10,107,random_subsets_natural_partition,8473,4.054409093472968
10,107,random_subsets_natural_partition,8474,4.112623481420268
10,107,random_subsets_natural_partition,8475,4.087974502975168
10,107,random_subsets_natural_partition,8476,4.201142495594941
10,107,random_subsets_natural_partition,8477,4.014158389449097
10,107,random_subsets_natural_partition,8478,4.078665946380871
10,107,random_subsets_natural_partition,8479,4.019252869599537
10,107,random_subsets_natural_partition,8480,4.0952669602767795
10,107,random_subsets_natural_partition,8481,4.005929946876884
10,107,random_subsets_natural_partition,8482,4.12239994664084
10,107,random_subsets_natural_partition,8483,4.042033016025991
10,107,random_subsets_natural_partition,8484,4.061981483841317
10,107,random_subsets_natural_partition,8485,4.08484863365223
10,107,random_subsets_natural_partition,8486,4.06915571565562
10,107,random_subsets_natural_partition,8487,4.034614082116408
10,107,random_subsets_natural_partition,8488,4.085541420484169
10,107,random_subsets_natural_partition,8489,4.123524361535599
10,107,random_subsets_natural_partition,8490,4.135936637848688
10,107,random_subsets_natural_partition,8491,4.048097606784612
10,107,random_subsets_natural_partition,8492,4.076210259988493
10,107,random_subsets_natural_partition,8493,4.163203386569175
10,107,random_subsets_natural_partition,8494,4.01312642209025
10,107,random_subsets_natural_partition,8495,4.0585659656678095
10,107,random_subsets_natural_partition,8496,4.065003578797732
10,107,random_subsets_natural_partition,8497,4.056874487897598
10,107,random_subsets_natural_partition,8498,4.005489265238939
10,107,random_subsets_natural_partition,8499,4.042022410838402
10,107,random_subsets_natural_partition,8500,4.093616383269533
10,107,random_subsets_natural_partition,8501,4.1146711372269
10,107,random_subsets_natural_partition,8502,4.074351535529419
10,107,random_subsets_natural_partition,8503,3.9390729971626954
10,107,random_subsets_natural_partition,8504,3.9652232006936248
10,107,random_subsets_natural_partition,8505,4.106919572448052
10,107,random_subsets_natural_partition,8506,4.146487422486823
10,107,random_subsets_natural_partition,8507,4.003068896219658
10,107,random_subsets_natural_partition,8508,4.045272309453394
10,107,random_subsets_natural_partition,8509,4.046489945194953
10,107,random_subsets_natural_partition,8510,4.051830523270438
10,107,random_subsets_natural_partition,8511,4.039338831557776
10,107,random_subsets_natural_partition,8512,4.057416592730733
10,107,random_subsets_natural_partition,8513,4.0825584388949006
10,107,random_subsets_natural_partition,8514,4.128868244450298
10,107,random_subsets_natural_partition,8515,4.054146685197761
10,107,random_subsets_natural_partition,8516,4.179206741561578
10,107,random_subsets_natural_partition,8517,4.052866656573439
10,107,random_subsets_natural_partition,8518,4.151719835347095
10,107,random_subsets_natural_partition,8519,4.03807994873497
10,107,random_subsets_natural_partition,8520,4.155179916991954
10,107,random_subsets_natural_partition,8521,4.19593074886066
10,107,random_subsets_natural_partition,8522,4.081737883188225
10,107,random_subsets_natural_partition,8523,4.099214466073956
10,107,random_subsets_natural_partition,8524,4.090836555085842
10,107,random_subsets_natural_partition,8525,4.034051519687307
10,107,random_subsets_natural_partition,8526,3.977134886356258
10,107,random_subsets_natural_partition,8527,3.972990808122044
10,107,random_subsets_natural_partition,8528,4.0952494391865875
10,107,random_subsets_natural_partition,8529,4.045433965701489
10,107,random_subsets_natural_partition,8530,4.162270979110202
10,107,random_subsets_natural_partition,8531,4.079580520950101
10,107,random_subsets_natural_partition,8532,4.102088105207969
10,107,random_subsets_natural_partition,8533,4.1689799886226355
10,107,random_subsets_natural_partition,8534,4.095199656709954
10,107,random_subsets_natural_partition,8535,4.188329070762104
10,107,random_subsets_natural_partition,8536,4.062348608967759
10,107,random_subsets_natural_partition,8537,4.015842288857051
10,107,random_subsets_natural_partition,8538,4.069539428505706
10,107,random_subsets_natural_partition,8539,4.025876185383533
10,107,random_subsets_natural_partition,8540,4.088997077207556
10,107,random_subsets_natural_partition,8541,4.117669322468472
10,107,random_subsets_natural_partition,8542,4.030936641611128
10,107,random_subsets_natural_partition,8543,4.057445351801687
10,107,random_subsets_natural_partition,8544,4.006049677964014
10,107,random_subsets_natural_partition,8545,4.039768789041493
10,107,random_subsets_natural_partition,8546,4.1205421452729585
10,107,random_subsets_natural_partition,8547,4.107495274343427
10,107,random_subsets_natural_partition,8548,4.007856636665674
10,107,random_subsets_natural_partition,8549,3.986457922135372
10,107,random_subsets_natural_partition,8550,4.180489184099187
10,107,random_subsets_natural_partition,8551,4.099965011052709
10,107,random_subsets_natural_partition,8552,4.134845086319378
10,107,random_subsets_natural_partition,8553,4.063416036747354
10,107,random_subsets_natural_partition,8554,4.140334643793836
10,107,random_subsets_natural_partition,8555,4.089187108261549
10,107,random_subsets_natural_partition,8556,4.044618244512433
10,107,random_subsets_natural_partition,8557,4.078898917180525
10,107,random_subsets_natural_partition,8558,4.035687165984036
10,107,random_subsets_natural_partition,8559,4.051769453911158
10,107,random_subsets_natural_partition,8560,4.01743321903972
10,107,random_subsets_natural_partition,8561,4.077752651465775
10,107,random_subsets_natural_partition,8562,4.026166600988958
10,107,random_subsets_natural_partition,8563,4.025303049825792
10,107,random_subsets_natural_partition,8564,4.108434625862887
10,107,random_subsets_natural_partition,8565,4.040760557988712
10,107,random_subsets_natural_partition,8566,4.117847549790682
10,107,random_subsets_natural_partition,8567,4.125286834791583
10,107,random_subsets_natural_partition,8568,4.011283091955007
10,107,random_subsets_natural_partition,8569,4.07264605126325
10,107,random_subsets_natural_partition,8570,4.137771987563434
10,107,random_subsets_natural_partition,8571,3.983629883799663
10,107,random_subsets_natural_partition,8572,4.136242919788183
10,107,random_subsets_natural_partition,8573,4.094667255669322
10,107,random_subsets_natural_partition,8574,3.977617193881936
10,107,random_subsets_natural_partition,8575,4.110193375660524
10,107,random_subsets_natural_partition,8576,4.062392174571871
10,107,random_subsets_natural_partition,8577,4.0428608129386125
10,107,random_subsets_natural_partition,8578,4.127310194297356
10,107,random_subsets_natural_partition,8579,4.094176155214045
10,107,random_subsets_natural_partition,8580,3.962032045729161
10,107,random_subsets_natural_partition,8581,4.122590457559319
10,107,random_subsets_natural_partition,8582,4.008210766459073
10,107,random_subsets_natural_partition,8583,4.051992510966988
10,107,random_subsets_natural_partition,8584,4.10290509117413
10,107,random_subsets_natural_partition,8585,4.0030132033059616
10,107,random_subsets_natural_partition,8586,4.0872945121901365
10,107,random_subsets_natural_partition,8587,4.134294181140269
10,107,random_subsets_natural_partition,8588,4.182500635734505
10,107,random_subsets_natural_partition,8589,4.141317172947257
10,107,random_subsets_natural_partition,8590,4.028618294260149
10,107,random_subsets_natural_partition,8591,4.04532611659153
10,107,random_subsets_natural_partition,8592,4.132347229615852
10,107,random_subsets_natural_partition,8593,4.1962438077271
10,107,random_subsets_natural_partition,8594,4.097781607017879
10,107,random_subsets_natural_partition,8595,4.056883144417628
10,107,random_subsets_natural_partition,8596,4.1170005547312885
10,107,random_subsets_natural_partition,8597,4.120127323036205
10,107,random_subsets_natural_partition,8598,4.137863603151944
10,107,random_subsets_natural_partition,8599,4.050688327845438
10,107,random_subsets_natural_partition,8600,3.9690184441232534
10,107,random_subsets_natural_partition,8601,4.178447482560617
10,107,random_subsets_natural_partition,8602,4.047655276437457
10,107,random_subsets_natural_partition,8603,3.955684267731454
10,107,random_subsets_natural_partition,8604,4.063954077840003
10,107,random_subsets_natural_partition,8605,4.068581715508293
10,107,random_subsets_natural_partition,8606,4.130784284700914
10,107,random_subsets_natural_partition,8607,4.144593040176178
10,107,random_subsets_natural_partition,8608,4.096008213907396
10,107,random_subsets_natural_partition,8609,4.101492168528631
10,107,random_subsets_natural_partition,8610,3.984940870548054
10,107,random_subsets_natural_partition,8611,4.0315232183412055
10,107,random_subsets_natural_partition,8612,4.0084350183579724
10,107,random_subsets_natural_partition,8613,4.155008486685001
10,107,random_subsets_natural_partition,8614,4.131794062763593
10,107,random_subsets_natural_partition,8615,4.005288522294075
10,107,random_subsets_natural_partition,8616,4.1198791363075715
10,107,random_subsets_natural_partition,8617,4.111501493203645
10,107,random_subsets_natural_partition,8618,3.957162075487728
10,107,random_subsets_natural_partition,8619,4.019675059942536
10,107,random_subsets_natural_partition,8620,4.076779502416179
10,107,random_subsets_natural_partition,8621,4.0808954067374605
10,107,random_subsets_natural_partition,8622,3.939732598708587
10,107,random_subsets_natural_partition,8623,4.1462130160067145
10,107,random_subsets_natural_partition,8624,4.099187866916758
10,107,random_subsets_natural_partition,8625,3.891950297355373
10,107,random_subsets_natural_partition,8626,4.126275187455478
10,107,random_subsets_natural_partition,8627,4.0315434690242276
10,107,random_subsets_natural_partition,8628,3.98037569362439
10,107,random_subsets_natural_partition,8629,4.0683410314077095
10,107,random_subsets_natural_partition,8630,3.994042685784066
10,107,random_subsets_natural_partition,8631,4.135599793468993
10,107,random_subsets_natural_partition,8632,4.181911046667867
10,107,random_subsets_natural_partition,8633,4.110360967270693
10,107,random_subsets_natural_partition,8634,4.133972818489965
10,107,random_subsets_natural_partition,8635,4.038126949137872
10,107,random_subsets_natural_partition,8636,4.057448325848497
10,107,random_subsets_natural_partition,8637,4.066409514756876
10,107,random_subsets_natural_partition,8638,4.094281034576046
10,107,random_subsets_natural_partition,8639,4.048105622592984
10,107,random_subsets_natural_partition,8640,4.021074432840566
10,107,random_subsets_natural_partition,8641,3.891978737251113
10,107,random_subsets_natural_partition,8642,4.102120282944591
10,107,random_subsets_natural_partition,8643,4.052254865840226
10,107,random_subsets_natural_partition,8644,4.101906952688952
10,107,random_subsets_natural_partition,8645,4.06338857349359
10,107,random_subsets_natural_partition,8646,4.038791597035922
10,107,random_subsets_natural_partition,8647,4.141570754060736
10,107,random_subsets_natural_partition,8648,4.1001244733159155
10,107,random_subsets_natural_partition,8649,4.100785660668124
10,107,random_subsets_natural_partition,8650,4.010492885166376
10,107,random_subsets_natural_partition,8651,4.032085226156836
10,107,random_subsets_natural_partition,8652,4.030412993381495
10,107,random_subsets_natural_partition,8653,3.9573892712346876
10,107,random_subsets_natural_partition,8654,4.107294853113583
10,107,random_subsets_natural_partition,8655,3.9763378233968596
10,107,random_subsets_natural_partition,8656,4.076870866394926
10,107,random_subsets_natural_partition,8657,4.109780075920913
10,107,random_subsets_natural_partition,8658,4.086653032249747
10,107,random_subsets_natural_partition,8659,4.084620916361743
10,107,random_subsets_natural_partition,8660,4.088320390074349
10,107,random_subsets_natural_partition,8661,4.064929404575318
10,107,random_subsets_natural_partition,8662,4.166354470644405
10,107,random_subsets_natural_partition,8663,4.099532238954059
10,107,random_subsets_natural_partition,8664,4.059228025350187
10,107,random_subsets_natural_partition,8665,4.094820738259275
10,107,random_subsets_natural_partition,8666,4.052019372248402
10,107,random_subsets_natural_partition,8667,4.1730487245194965
10,107,random_subsets_natural_partition,8668,4.12995264510138
10,107,random_subsets_natural_partition,8669,4.098135517656665
10,107,random_subsets_natural_partition,8670,4.111282393298588
10,107,random_subsets_natural_partition,8671,4.100900104166671
10,107,random_subsets_natural_partition,8672,4.073622068813819
10,107,random_subsets_natural_partition,8673,4.117051195408403
10,107,random_subsets_natural_partition,8674,3.973184910313388
10,107,random_subsets_natural_partition,8675,4.127726091813776
10,107,random_subsets_natural_partition,8676,4.0230551264538965
10,107,random_subsets_natural_partition,8677,4.139414463000286
10,107,random_subsets_natural_partition,8678,4.041630141181534
10,107,random_subsets_natural_partition,8679,4.130550853347963
10,107,random_subsets_natural_partition,8680,4.036999886583879
10,107,random_subsets_natural_partition,8681,3.9982483951692256
10,107,random_subsets_natural_partition,8682,4.130063540990453
10,107,random_subsets_natural_partition,8683,4.100218879935626
10,107,random_subsets_natural_partition,8684,4.038370607626935
10,107,random_subsets_natural_partition,8685,4.071390463179072
10,107,random_subsets_natural_partition,8686,4.105544739603762
10,107,random_subsets_natural_partition,8687,4.151607475781714
10,107,random_subsets_natural_partition,8688,4.020697708588017
10,107,random_subsets_natural_partition,8689,4.032121008786759
10,107,random_subsets_natural_partition,8690,4.142154235569002
10,107,random_subsets_natural_partition,8691,4.007500356482715
10,107,random_subsets_natural_partition,8692,4.169822179978463
10,107,random_subsets_natural_partition,8693,4.058277647902285
10,107,random_subsets_natural_partition,8694,4.167400541104656
10,107,random_subsets_natural_partition,8695,4.140998160599064
10,107,random_subsets_natural_partition,8696,4.0356462698781534
10,107,random_subsets_natural_partition,8697,4.081566697792334
10,107,random_subsets_natural_partition,8698,4.132252401913007
10,107,random_subsets_natural_partition,8699,4.142370947285479
10,107,random_subsets_natural_partition,8700,4.081958364835363
10,107,random_subsets_natural_partition,8701,4.085886994890472
10,107,random_subsets_natural_partition,8702,4.089597139088015
10,107,random_subsets_natural_partition,8703,4.049581151944173
10,107,random_subsets_natural_partition,8704,4.115157935795127
10,107,random_subsets_natural_partition,8705,4.143492550391832
10,107,random_subsets_natural_partition,8706,4.081057418039356
10,107,random_subsets_natural_partition,8707,4.041066002467719
10,107,random_subsets_natural_partition,8708,4.026069047274273
10,107,random_subsets_natural_partition,8709,4.104024151521889
10,107,random_subsets_natural_partition,8710,4.148633590974019
10,107,random_subsets_natural_partition,8711,4.112195099836128
10,107,random_subsets_natural_partition,8712,4.17799173692181
10,107,random_subsets_natural_partition,8713,4.118280952313465
10,107,random_subsets_natural_partition,8714,4.122165600217399
10,107,random_subsets_natural_partition,8715,3.942603386861799
10,107,random_subsets_natural_partition,8716,4.037214014815463
10,107,random_subsets_natural_partition,8717,4.058790328258968
10,107,random_subsets_natural_partition,8718,4.075807965067137
10,107,random_subsets_natural_partition,8719,4.111127782064456
10,107,random_subsets_natural_partition,8720,3.8824693097771545
10,107,random_subsets_natural_partition,8721,4.212134916317873
10,107,random_subsets_natural_partition,8722,4.093288658167815
10,107,random_subsets_natural_partition,8723,4.055239267306464
10,107,random_subsets_natural_partition,8724,4.162905907458248
10,107,random_subsets_natural_partition,8725,3.992504737283306
10,107,random_subsets_natural_partition,8726,4.169763965382346
10,107,random_subsets_natural_partition,8727,4.085810005247789
10,107,random_subsets_natural_partition,8728,4.052908285977216
10,107,random_subsets_natural_partition,8729,4.161076130497054
10,107,random_subsets_natural_partition,8730,4.039294988162418
10,107,random_subsets_natural_partition,8731,4.047362921750684
10,107,random_subsets_natural_partition,8732,4.02684057541766
10,107,random_subsets_natural_partition,8733,4.151409142367001
10,107,random_subsets_natural_partition,8734,3.9386685375539914
10,107,random_subsets_natural_partition,8735,4.116734095802805
10,107,random_subsets_natural_partition,8736,4.076431249437564
10,107,random_subsets_natural_partition,8737,4.166676458463858
10,107,random_subsets_natural_partition,8738,4.094074787002167
10,107,random_subsets_natural_partition,8739,4.071899979680117
10,107,random_subsets_natural_partition,8740,4.0192900097504705
10,107,random_subsets_natural_partition,8741,4.094861035700914
10,107,random_subsets_natural_partition,8742,4.14379658402303
10,107,random_subsets_natural_partition,8743,4.062051784626087
10,107,random_subsets_natural_partition,8744,4.097141840242682
10,107,random_subsets_natural_partition,8745,4.058132127061411
10,107,random_subsets_natural_partition,8746,4.161263424927632
10,107,random_subsets_natural_partition,8747,4.0839417376079235
10,107,random_subsets_natural_partition,8748,4.008511339022422
10,107,random_subsets_natural_partition,8749,4.096575508942365
10,107,random_subsets_natural_partition,8750,4.0437980334604395
10,107,random_subsets_natural_partition,8751,4.072019682305766
10,107,random_subsets_natural_partition,8752,4.1184578933277365
10,107,random_subsets_natural_partition,8753,4.1329274782044205
10,107,random_subsets_natural_partition,8754,3.9847397290167272
10,107,random_subsets_natural_partition,8755,4.1077330560356655
10,107,random_subsets_natural_partition,8756,4.038689909368652
10,107,random_subsets_natural_partition,8757,4.004356942883565
10,107,random_subsets_natural_partition,8758,4.131026921356648
10,107,random_subsets_natural_partition,8759,4.116833862457547
10,107,random_subsets_natural_partition,8760,4.130900791373694
10,107,random_subsets_natural_partition,8761,3.985191414320969
10,107,random_subsets_natural_partition,8762,4.0471652102175195
10,107,random_subsets_natural_partition,8763,4.024990033673825
10,107,random_subsets_natural_partition,8764,4.082729243106239
10,107,random_subsets_natural_partition,8765,4.129750626391184
10,107,random_subsets_natural_partition,8766,4.013677066291667
10,107,random_subsets_natural_partition,8767,4.030339864985355
10,107,random_subsets_natural_partition,8768,4.042653218461697
10,107,random_subsets_natural_partition,8769,3.9735689980406517
10,107,random_subsets_natural_partition,8770,4.036664541687005
10,107,random_subsets_natural_partition,8771,4.023868605977708
10,107,random_subsets_natural_partition,8772,4.059384928315789
10,107,random_subsets_natural_partition,8773,3.9253546288232153
10,107,random_subsets_natural_partition,8774,4.13965488481417
10,107,random_subsets_natural_partition,8775,4.081950268449739
10,107,random_subsets_natural_partition,8776,4.0021829290509725
10,107,random_subsets_natural_partition,8777,4.044457174255169
10,107,random_subsets_natural_partition,8778,4.067779481538077
10,107,random_subsets_natural_partition,8779,4.070225645886863
10,107,random_subsets_natural_partition,8780,4.160452668316442
10,107,random_subsets_natural_partition,8781,4.061149906008236
10,107,random_subsets_natural_partition,8782,4.090691251681686
10,107,random_subsets_natural_partition,8783,4.217313408389407
10,107,random_subsets_natural_partition,8784,4.140766317237255
10,107,random_subsets_natural_partition,8785,4.0808878708172545
10,107,random_subsets_natural_partition,8786,4.117560559584798
10,107,random_subsets_natural_partition,8787,4.0511099625364375
10,107,random_subsets_natural_partition,8788,4.017283230239483
10,107,random_subsets_natural_partition,8789,4.139273211199742
10,107,random_subsets_natural_partition,8790,4.07590206475321
10,107,random_subsets_natural_partition,8791,4.132732033099478
10,107,random_subsets_natural_partition,8792,4.066203885133654
10,107,random_subsets_natural_partition,8793,4.148843991323858
10,107,random_subsets_natural_partition,8794,4.067272593032235
10,107,random_subsets_natural_partition,8795,3.9686510509933264
10,107,random_subsets_natural_partition,8796,4.128936606731788
10,107,random_subsets_natural_partition,8797,4.0820820991537605
10,107,random_subsets_natural_partition,8798,4.037963287053715
10,107,random_subsets_natural_partition,8799,4.157143153925956
10,107,random_subsets_natural_partition,8800,4.174506411108583
10,107,random_subsets_natural_partition,8801,4.052714529730618
10,107,random_subsets_natural_partition,8802,4.157392382127713
10,107,random_subsets_natural_partition,8803,4.044151953836209
10,107,random_subsets_natural_partition,8804,4.142640870470796
10,107,random_subsets_natural_partition,8805,4.067666113410201
10,107,random_subsets_natural_partition,8806,4.093635058078917
10,107,random_subsets_natural_partition,8807,4.090837591832246
10,107,random_subsets_natural_partition,8808,4.111535002576771
10,107,random_subsets_natural_partition,8809,4.029901828806667
10,107,random_subsets_natural_partition,8810,4.165797983594238
10,107,random_subsets_natural_partition,8811,4.1274169194477155
10,107,random_subsets_natural_partition,8812,4.0287289495669905
10,107,random_subsets_natural_partition,8813,4.042793786567042
10,107,random_subsets_natural_partition,8814,4.047810721398663
10,107,random_subsets_natural_partition,8815,4.11938979604107
10,107,random_subsets_natural_partition,8816,4.0667052914167705
10,107,random_subsets_natural_partition,8817,4.0052361355664
10,107,random_subsets_natural_partition,8818,4.173638387450927
10,107,random_subsets_natural_partition,8819,4.050937530196398
10,107,random_subsets_natural_partition,8820,3.987367583559666
10,107,random_subsets_natural_partition,8821,4.0333970023844214
10,107,random_subsets_natural_partition,8822,4.036657345629211
10,107,random_subsets_natural_partition,8823,4.058917009327526
10,107,random_subsets_natural_partition,8824,4.058061188269005
10,107,random_subsets_natural_partition,8825,4.1112733236647
10,107,random_subsets_natural_partition,8826,3.9969443625837124
10,107,random_subsets_natural_partition,8827,4.0783048778435536
10,107,random_subsets_natural_partition,8828,4.078759618728981
10,107,random_subsets_natural_partition,8829,3.9324146317192743
10,107,random_subsets_natural_partition,8830,4.094860040512221
10,107,random_subsets_natural_partition,8831,4.1135904528142895
10,107,random_subsets_natural_partition,8832,3.99736289100859
10,107,random_subsets_natural_partition,8833,4.0373422849185285
10,107,random_subsets_natural_partition,8834,4.103535416970662
10,107,random_subsets_natural_partition,8835,4.087018136757641
10,107,random_subsets_natural_partition,8836,4.038715775752727
10,107,random_subsets_natural_partition,8837,4.22993573443478
10,107,random_subsets_natural_partition,8838,3.934453584796927
10,107,random_subsets_natural_partition,8839,4.134533644153211
10,107,random_subsets_natural_partition,8840,4.042723816542212
10,107,random_subsets_natural_partition,8841,4.021293884294936
10,107,random_subsets_natural_partition,8842,3.967870598445534
10,107,random_subsets_natural_partition,8843,4.136660001824851
10,107,random_subsets_natural_partition,8844,4.105905257226716
10,107,random_subsets_natural_partition,8845,3.9951089442516565
10,107,random_subsets_natural_partition,8846,4.049725975821798
10,107,random_subsets_natural_partition,8847,4.108812248477617
10,107,random_subsets_natural_partition,8848,4.1349537789077075
10,107,random_subsets_natural_partition,8849,4.113470320036223
10,107,random_subsets_natural_partition,8850,4.111601984625149
10,107,random_subsets_natural_partition,8851,4.069812278147908
10,107,random_subsets_natural_partition,8852,4.084971981759932
10,107,random_subsets_natural_partition,8853,4.025302566000106
10,107,random_subsets_natural_partition,8854,3.961988653883419
10,107,random_subsets_natural_partition,8855,4.119265845101077
10,107,random_subsets_natural_partition,8856,4.146551276900234
10,107,random_subsets_natural_partition,8857,4.092918487951346
10,107,random_subsets_natural_partition,8858,4.150983565440595
10,107,random_subsets_natural_partition,8859,4.102231622699545
10,107,random_subsets_natural_partition,8860,4.088709551007183
10,107,random_subsets_natural_partition,8861,4.075046138151845
10,107,random_subsets_natural_partition,8862,4.155353413360385
10,107,random_subsets_natural_partition,8863,4.045409025086482
10,107,random_subsets_natural_partition,8864,3.884812395126245
10,107,random_subsets_natural_partition,8865,4.108320664583298
10,107,random_subsets_natural_partition,8866,4.030610177265225
10,107,random_subsets_natural_partition,8867,4.096452172788174
10,107,random_subsets_natural_partition,8868,4.017182752004546
10,107,random_subsets_natural_partition,8869,4.136139384484254
10,107,random_subsets_natural_partition,8870,4.094329577321059
10,107,random_subsets_natural_partition,8871,4.208771911658763
10,107,random_subsets_natural_partition,8872,4.0431684596460755
10,107,random_subsets_natural_partition,8873,4.059602152411403
10,107,random_subsets_natural_partition,8874,4.138930567665772
10,107,random_subsets_natural_partition,8875,4.094172014768331
10,107,random_subsets_natural_partition,8876,4.12288509256812
10,107,random_subsets_natural_partition,8877,4.058398157602284
10,107,random_subsets_natural_partition,8878,4.061698668977895
10,107,random_subsets_natural_partition,8879,3.9831793175631875
10,107,random_subsets_natural_partition,8880,4.14616028052516
10,107,random_subsets_natural_partition,8881,4.0745397478275835
10,107,random_subsets_natural_partition,8882,3.9717421299171023
10,107,random_subsets_natural_partition,8883,3.990343650138452
10,107,random_subsets_natural_partition,8884,3.9761070817727253
10,107,random_subsets_natural_partition,8885,4.021453574929147
10,107,random_subsets_natural_partition,8886,4.065052436298037
10,107,random_subsets_natural_partition,8887,4.150974917265107
10,107,random_subsets_natural_partition,8888,4.057330034144549
10,107,random_subsets_natural_partition,8889,4.015817311810202
10,107,random_subsets_natural_partition,8890,4.074496505189987
10,107,random_subsets_natural_partition,8891,4.12512062083257
10,107,random_subsets_natural_partition,8892,4.008539745453666
10,107,random_subsets_natural_partition,8893,3.993762576214435
10,107,random_subsets_natural_partition,8894,4.132931899489003
10,107,random_subsets_natural_partition,8895,4.011619761563803
10,107,random_subsets_natural_partition,8896,4.09333068041048
10,107,random_subsets_natural_partition,8897,4.050596343811087
10,107,random_subsets_natural_partition,8898,4.090848053454941
10,107,random_subsets_natural_partition,8899,4.183691227352699
10,107,random_subsets_natural_partition,8900,4.180833452931374
10,107,random_subsets_natural_partition,8901,4.044710886015462
10,107,random_subsets_natural_partition,8902,4.064680764504193
10,107,random_subsets_natural_partition,8903,4.155685300104249
10,107,random_subsets_natural_partition,8904,4.056532227995291
10,107,random_subsets_natural_partition,8905,4.144642823895311
10,107,random_subsets_natural_partition,8906,4.065315595322782
10,107,random_subsets_natural_partition,8907,4.135180166833055
10,107,random_subsets_natural_partition,8908,4.013845891428347
10,107,random_subsets_natural_partition,8909,4.183168894037768
10,107,random_subsets_natural_partition,8910,4.10957392493167
10,107,random_subsets_natural_partition,8911,4.093589711824992
10,107,random_subsets_natural_partition,8912,4.083913027819654
10,107,random_subsets_natural_partition,8913,4.081714369561924
10,107,random_subsets_natural_partition,8914,4.011041967112098
10,107,random_subsets_natural_partition,8915,4.093577889157741
10,107,random_subsets_natural_partition,8916,4.087180759303263
10,107,random_subsets_natural_partition,8917,4.139480346829587
10,107,random_subsets_natural_partition,8918,4.06591406091956
10,107,random_subsets_natural_partition,8919,4.058725337210055
10,107,random_subsets_natural_partition,8920,3.9684233532352486
10,107,random_subsets_natural_partition,8921,3.9568940218797035
10,107,random_subsets_natural_partition,8922,4.063327864732839
10,107,random_subsets_natural_partition,8923,3.9720172089856507
10,107,random_subsets_natural_partition,8924,4.020601102118316
10,107,random_subsets_natural_partition,8925,4.089722489366115
10,107,random_subsets_natural_partition,8926,4.056847684895423
10,107,random_subsets_natural_partition,8927,4.023141416495309
10,107,random_subsets_natural_partition,8928,4.015596487549299
10,107,random_subsets_natural_partition,8929,3.9468478029316123
10,107,random_subsets_natural_partition,8930,3.966848666166583
10,107,random_subsets_natural_partition,8931,4.089385181929394
10,107,random_subsets_natural_partition,8932,4.166422628571874
10,107,random_subsets_natural_partition,8933,4.162457504622998
10,107,random_subsets_natural_partition,8934,4.098018407505786
10,107,random_subsets_natural_partition,8935,4.141174467994221
10,107,random_subsets_natural_partition,8936,3.9912571859240256
10,107,random_subsets_natural_partition,8937,3.953777920474821
10,107,random_subsets_natural_partition,8938,3.999656114301115
10,107,random_subsets_natural_partition,8939,4.107598197762691
10,107,random_subsets_natural_partition,8940,4.0794490912114165
10,107,random_subsets_natural_partition,8941,4.075462858603006
10,107,random_subsets_natural_partition,8942,4.103552316299928
10,107,random_subsets_natural_partition,8943,4.076401267430167
10,107,random_subsets_natural_partition,8944,3.9855824234081743
10,107,random_subsets_natural_partition,8945,4.108955746263121
10,107,random_subsets_natural_partition,8946,4.018157051089235
10,107,random_subsets_natural_partition,8947,4.103471057747821
10,107,random_subsets_natural_partition,8948,4.072134889693603
10,107,random_subsets_natural_partition,8949,4.084346104228171
10,107,random_subsets_natural_partition,8950,4.073801514515322
10,107,random_subsets_natural_partition,8951,4.026914414503296
10,107,random_subsets_natural_partition,8952,4.138254112002606
10,107,random_subsets_natural_partition,8953,4.044963215856253
10,107,random_subsets_natural_partition,8954,4.001192154350229
10,107,random_subsets_natural_partition,8955,4.152565197029772
10,107,random_subsets_natural_partition,8956,4.080039573957636
10,107,random_subsets_natural_partition,8957,4.221242420350327
10,107,random_subsets_natural_partition,8958,4.011061637695602
10,107,random_subsets_natural_partition,8959,4.127319014402558
10,107,random_subsets_natural_partition,8960,4.069364845395208
10,107,random_subsets_natural_partition,8961,4.0319998161700115
10,107,random_subsets_natural_partition,8962,4.142446084631185
10,107,random_subsets_natural_partition,8963,4.0863424682782465
10,107,random_subsets_natural_partition,8964,4.016748176758547
10,107,random_subsets_natural_partition,8965,4.080332342557679
10,107,random_subsets_natural_partition,8966,4.152982614381586
10,107,random_subsets_natural_partition,8967,4.041930952776275
10,107,random_subsets_natural_partition,8968,4.100153270225815
10,107,random_subsets_natural_partition,8969,4.116264019554136
10,107,random_subsets_natural_partition,8970,3.968256683291632
10,107,random_subsets_natural_partition,8971,4.09247445476071
10,107,random_subsets_natural_partition,8972,4.02886778598149
10,107,random_subsets_natural_partition,8973,4.0107979655981625
10,107,random_subsets_natural_partition,8974,4.12956484746017
10,107,random_subsets_natural_partition,8975,4.119151735783314
10,107,random_subsets_natural_partition,8976,4.141175436434764
10,107,random_subsets_natural_partition,8977,4.0666625035518225
10,107,random_subsets_natural_partition,8978,3.9582640829973514
10,107,random_subsets_natural_partition,8979,4.024365170378543
10,107,random_subsets_natural_partition,8980,4.115315979855365
10,107,random_subsets_natural_partition,8981,4.179813230497532
10,107,random_subsets_natural_partition,8982,4.190287282119826
10,107,random_subsets_natural_partition,8983,4.1016517001484205
10,107,random_subsets_natural_partition,8984,4.0417683815383825
10,107,random_subsets_natural_partition,8985,4.054226256763589
10,107,random_subsets_natural_partition,8986,4.114463502934745
10,107,random_subsets_natural_partition,8987,4.141658246700854
10,107,random_subsets_natural_partition,8988,4.161833272016171
10,107,random_subsets_natural_partition,8989,4.109440816979327
10,107,random_subsets_natural_partition,8990,4.056957539449465
10,107,random_subsets_natural_partition,8991,4.045221211705661
10,107,random_subsets_natural_partition,8992,3.982221447829075
10,107,random_subsets_natural_partition,8993,3.952157292310535
10,107,random_subsets_natural_partition,8994,4.0535527318487885
10,107,random_subsets_natural_partition,8995,4.082491392646878
10,107,random_subsets_natural_partition,8996,4.156288939749219
10,107,random_subsets_natural_partition,8997,3.9713210846204436
10,107,random_subsets_natural_partition,8998,4.0877319873828535
10,107,random_subsets_natural_partition,8999,4.063097465128998
10,107,random_subsets_natural_partition,9000,3.9975166705655036
10,107,random_subsets_natural_partition,9001,4.049366961522568
10,107,random_subsets_natural_partition,9002,4.113189109219831
10,107,random_subsets_natural_partition,9003,4.16624811208295
10,107,random_subsets_natural_partition,9004,4.071784297804245
10,107,random_subsets_natural_partition,9005,4.109355526751451
10,107,random_subsets_natural_partition,9006,4.040813503558855
10,107,random_subsets_natural_partition,9007,4.150729691682762
10,107,random_subsets_natural_partition,9008,3.9901778350198986
10,107,random_subsets_natural_partition,9009,4.056345595173865
10,107,random_subsets_natural_partition,9010,4.107165700069454
10,107,random_subsets_natural_partition,9011,4.082464381747767
10,107,random_subsets_natural_partition,9012,4.084084666895302
10,107,random_subsets_natural_partition,9013,4.0704416708321105
10,107,random_subsets_natural_partition,9014,4.09933643199551
10,107,random_subsets_natural_partition,9015,4.100121834738085
10,107,random_subsets_natural_partition,9016,4.055580077960415
10,107,random_subsets_natural_partition,9017,4.116769974010978
10,107,random_subsets_natural_partition,9018,4.088083202662715
10,107,random_subsets_natural_partition,9019,4.079230188289006
10,107,random_subsets_natural_partition,9020,4.151868017296429
10,107,random_subsets_natural_partition,9021,4.160185190994135
10,107,random_subsets_natural_partition,9022,4.017512297997485
10,107,random_subsets_natural_partition,9023,4.109018312388197
10,107,random_subsets_natural_partition,9024,4.032307116634324
10,107,random_subsets_natural_partition,9025,4.068427331356156
10,107,random_subsets_natural_partition,9026,4.0975932682814395
10,107,random_subsets_natural_partition,9027,4.053611964748416
10,107,random_subsets_natural_partition,9028,4.124977246384936
10,107,random_subsets_natural_partition,9029,4.0634694043052555
10,107,random_subsets_natural_partition,9030,4.149133385652965
10,107,random_subsets_natural_partition,9031,4.092887010875596
10,107,random_subsets_natural_partition,9032,4.04810537102058
10,107,random_subsets_natural_partition,9033,3.9917674463936637
10,107,random_subsets_natural_partition,9034,4.021901629454991
10,107,random_subsets_natural_partition,9035,4.050280581203652
10,107,random_subsets_natural_partition,9036,4.032457630676703
10,107,random_subsets_natural_partition,9037,4.0782125627660895
10,107,random_subsets_natural_partition,9038,4.072352894960701
10,107,random_subsets_natural_partition,9039,4.11514646145466
10,107,random_subsets_natural_partition,9040,4.010331422844609
10,107,random_subsets_natural_partition,9041,4.106545372152193
10,107,random_subsets_natural_partition,9042,3.991105736609392
10,107,random_subsets_natural_partition,9043,4.033420187694498
10,107,random_subsets_natural_partition,9044,4.048741006518256
10,107,random_subsets_natural_partition,9045,4.0457393651366695
10,107,random_subsets_natural_partition,9046,4.135371279763378
10,107,random_subsets_natural_partition,9047,4.123824676478701
10,107,random_subsets_natural_partition,9048,4.029229067044147
10,107,random_subsets_natural_partition,9049,3.9742143185684142
10,107,random_subsets_natural_partition,9050,4.03316197960408
10,107,random_subsets_natural_partition,9051,4.048542945140614
10,107,random_subsets_natural_partition,9052,4.177471798347245
10,107,random_subsets_natural_partition,9053,4.08453196821687
10,107,random_subsets_natural_partition,9054,4.0868746778729745
10,107,random_subsets_natural_partition,9055,4.0709096230055195
10,107,random_subsets_natural_partition,9056,4.195226563681647
10,107,random_subsets_natural_partition,9057,3.9639582835345593
10,107,random_subsets_natural_partition,9058,4.095099366171515
10,107,random_subsets_natural_partition,9059,4.002255866826118
10,107,random_subsets_natural_partition,9060,4.159400238089245
10,107,random_subsets_natural_partition,9061,4.138547427832134
10,107,random_subsets_natural_partition,9062,4.108515606060555
10,107,random_subsets_natural_partition,9063,4.030777308842365
10,107,random_subsets_natural_partition,9064,4.053367658492326
10,107,random_subsets_natural_partition,9065,4.099098133886605
10,107,random_subsets_natural_partition,9066,3.9905027515747076
10,107,random_subsets_natural_partition,9067,4.036671328075722
10,107,random_subsets_natural_partition,9068,4.130326841513993
10,107,random_subsets_natural_partition,9069,4.1249538160293975
10,107,random_subsets_natural_partition,9070,4.107166604365749
10,107,random_subsets_natural_partition,9071,4.132665910427498
10,107,random_subsets_natural_partition,9072,4.14816197605993
10,107,random_subsets_natural_partition,9073,4.121114372712337
10,107,random_subsets_natural_partition,9074,4.1078214071323025
10,107,random_subsets_natural_partition,9075,4.089605157354674
10,107,random_subsets_natural_partition,9076,4.053713123885241
10,107,random_subsets_natural_partition,9077,4.062186341647976
10,107,random_subsets_natural_partition,9078,4.087193445931206
10,107,random_subsets_natural_partition,9079,4.04844510100216
10,107,random_subsets_natural_partition,9080,4.161467954998673
10,107,random_subsets_natural_partition,9081,4.107228441073895
10,107,random_subsets_natural_partition,9082,4.150280063818282
10,107,random_subsets_natural_partition,9083,4.058713097162637
10,107,random_subsets_natural_partition,9084,3.937637113851023
10,107,random_subsets_natural_partition,9085,4.074122643330223
10,107,random_subsets_natural_partition,9086,4.077999951924484
10,107,random_subsets_natural_partition,9087,4.039774773321408
10,107,random_subsets_natural_partition,9088,4.011636878346856
10,107,random_subsets_natural_partition,9089,4.068442979098583
10,107,random_subsets_natural_partition,9090,4.199446620294655
10,107,random_subsets_natural_partition,9091,4.141455945364478
10,107,random_subsets_natural_partition,9092,3.9889254006306447
10,107,random_subsets_natural_partition,9093,3.9567443723715563
10,107,random_subsets_natural_partition,9094,4.022095836598121
10,107,random_subsets_natural_partition,9095,4.093550034888689
10,107,random_subsets_natural_partition,9096,3.948058472764684
10,107,random_subsets_natural_partition,9097,4.218919965432289
10,107,random_subsets_natural_partition,9098,4.030343304124387
10,107,random_subsets_natural_partition,9099,4.056030353517993
10,107,random_subsets_natural_partition,9100,4.0810901922636775
10,107,random_subsets_natural_partition,9101,4.198938172132261
10,107,random_subsets_natural_partition,9102,3.992612991943104
10,107,random_subsets_natural_partition,9103,4.1004675519224385
10,107,random_subsets_natural_partition,9104,4.083956366956418
10,107,random_subsets_natural_partition,9105,4.10965397135894
10,107,random_subsets_natural_partition,9106,4.061796564699921
10,107,random_subsets_natural_partition,9107,4.116224412011492
10,107,random_subsets_natural_partition,9108,4.000835663849696
10,107,random_subsets_natural_partition,9109,4.048162793665443
10,107,random_subsets_natural_partition,9110,4.046454701302381
10,107,random_subsets_natural_partition,9111,4.052327663259908
10,107,random_subsets_natural_partition,9112,4.090212621218029
10,107,random_subsets_natural_partition,9113,4.0980577310699635
10,107,random_subsets_natural_partition,9114,4.0703107919132435
10,107,random_subsets_natural_partition,9115,4.040540492440364
10,107,random_subsets_natural_partition,9116,4.123214100286528
10,107,random_subsets_natural_partition,9117,4.047190900584204
10,107,random_subsets_natural_partition,9118,4.007206372061777
10,107,random_subsets_natural_partition,9119,4.090899383647188
10,107,random_subsets_natural_partition,9120,4.141407909045828
10,107,random_subsets_natural_partition,9121,4.0772730813229945
10,107,random_subsets_natural_partition,9122,4.144993358281216
10,107,random_subsets_natural_partition,9123,4.035958459732314
10,107,random_subsets_natural_partition,9124,4.0604084735829415
10,107,random_subsets_natural_partition,9125,4.035225595900908
10,107,random_subsets_natural_partition,9126,4.072799186499287
10,107,random_subsets_natural_partition,9127,4.056501219414762
10,107,random_subsets_natural_partition,9128,4.164790363199626
10,107,random_subsets_natural_partition,9129,4.071688156479256
10,107,random_subsets_natural_partition,9130,4.025154274099834
10,107,random_subsets_natural_partition,9131,4.007404907630341
10,107,random_subsets_natural_partition,9132,3.918480995076835
10,107,random_subsets_natural_partition,9133,4.074625453540244
10,107,random_subsets_natural_partition,9134,4.11159949515423
10,107,random_subsets_natural_partition,9135,4.050591334787134
10,107,random_subsets_natural_partition,9136,4.133392800841601
10,107,random_subsets_natural_partition,9137,4.0698096314546905
10,107,random_subsets_natural_partition,9138,4.116964298826018
10,107,random_subsets_natural_partition,9139,4.170314485058516
10,107,random_subsets_natural_partition,9140,4.101513263722374
10,107,random_subsets_natural_partition,9141,4.100004984179918
10,107,random_subsets_natural_partition,9142,4.084740110957701
10,107,random_subsets_natural_partition,9143,4.017667008926479
10,107,random_subsets_natural_partition,9144,4.002268946805895
10,107,random_subsets_natural_partition,9145,4.149753664390934
10,107,random_subsets_natural_partition,9146,4.076959430412069
10,107,random_subsets_natural_partition,9147,4.0661653590126265
10,107,random_subsets_natural_partition,9148,4.013720494574161
10,107,random_subsets_natural_partition,9149,4.085756193866423
10,107,random_subsets_natural_partition,9150,4.13180691747252
10,107,random_subsets_natural_partition,9151,4.047515351132831
10,107,random_subsets_natural_partition,9152,4.034366015083544
10,107,random_subsets_natural_partition,9153,4.109523017284266
10,107,random_subsets_natural_partition,9154,4.08935191845504
10,107,random_subsets_natural_partition,9155,4.03116317046889
10,107,random_subsets_natural_partition,9156,4.152453523914099
10,107,random_subsets_natural_partition,9157,4.098049711051146
10,107,random_subsets_natural_partition,9158,4.054596025760545
10,107,random_subsets_natural_partition,9159,4.036198177557067
10,107,random_subsets_natural_partition,9160,4.194010249917331
10,107,random_subsets_natural_partition,9161,4.057368240365881
10,107,random_subsets_natural_partition,9162,4.058985463315509
10,107,random_subsets_natural_partition,9163,3.959866703839345
10,107,random_subsets_natural_partition,9164,4.0928213503618975
10,107,random_subsets_natural_partition,9165,4.031967915444463
10,107,random_subsets_natural_partition,9166,4.128830860981469
10,107,random_subsets_natural_partition,9167,4.054502658005016
10,107,random_subsets_natural_partition,9168,4.134175762206919
10,107,random_subsets_natural_partition,9169,4.083323007784883
10,107,random_subsets_natural_partition,9170,4.013245188265043
10,107,random_subsets_natural_partition,9171,4.085559510241332
10,107,random_subsets_natural_partition,9172,4.075287117450388
10,107,random_subsets_natural_partition,9173,4.117012390549216
10,107,random_subsets_natural_partition,9174,4.119595648477562
10,107,random_subsets_natural_partition,9175,4.109765549840187
10,107,random_subsets_natural_partition,9176,4.054462759463948
10,107,random_subsets_natural_partition,9177,4.036751343807186
10,107,random_subsets_natural_partition,9178,3.988704388292522
10,107,random_subsets_natural_partition,9179,4.0479810702700245
10,107,random_subsets_natural_partition,9180,4.081265897467586
10,107,random_subsets_natural_partition,9181,4.010286780751453
10,107,random_subsets_natural_partition,9182,4.139332650113921
10,107,random_subsets_natural_partition,9183,4.0733337932380875
10,107,random_subsets_natural_partition,9184,4.0661091816273975
10,107,random_subsets_natural_partition,9185,4.041844878349904
10,107,random_subsets_natural_partition,9186,4.108551603503996
10,107,random_subsets_natural_partition,9187,4.091180820143464
10,107,random_subsets_natural_partition,9188,4.116601130201837
10,107,random_subsets_natural_partition,9189,4.059540416671697
10,107,random_subsets_natural_partition,9190,4.093776882013786
10,107,random_subsets_natural_partition,9191,4.066278622756426
10,107,random_subsets_natural_partition,9192,4.126302664143312
10,107,random_subsets_natural_partition,9193,4.101995048937201
10,107,random_subsets_natural_partition,9194,4.044023081270989
10,107,random_subsets_natural_partition,9195,4.10677290637177
10,107,random_subsets_natural_partition,9196,3.9728743830735054
10,107,random_subsets_natural_partition,9197,3.9024293285559186
10,107,random_subsets_natural_partition,9198,4.069643990342165
10,107,random_subsets_natural_partition,9199,4.091742870675994
10,107,random_subsets_natural_partition,9200,4.016550017025007
10,107,random_subsets_natural_partition,9201,4.1531883429939835
10,107,random_subsets_natural_partition,9202,4.099941960256301
10,107,random_subsets_natural_partition,9203,4.200332073216834
10,107,random_subsets_natural_partition,9204,3.9644617980563504
10,107,random_subsets_natural_partition,9205,4.078736847447508
10,107,random_subsets_natural_partition,9206,3.993508191464351
10,107,random_subsets_natural_partition,9207,4.030899550823021
10,107,random_subsets_natural_partition,9208,4.070549463806582
10,107,random_subsets_natural_partition,9209,4.07488231784401
10,107,random_subsets_natural_partition,9210,4.0662528707921295
10,107,random_subsets_natural_partition,9211,4.096387905748588
10,107,random_subsets_natural_partition,9212,4.066855994090716
10,107,random_subsets_natural_partition,9213,4.035581153214897
10,107,random_subsets_natural_partition,9214,3.929682441419498
10,107,random_subsets_natural_partition,9215,4.056326906676389
10,107,random_subsets_natural_partition,9216,4.032492490557992
10,107,random_subsets_natural_partition,9217,4.039062537370881
10,107,random_subsets_natural_partition,9218,4.026078283529914
10,107,random_subsets_natural_partition,9219,4.072418730218131
10,107,random_subsets_natural_partition,9220,3.933643586741828
10,107,random_subsets_natural_partition,9221,4.020758405400183
10,107,random_subsets_natural_partition,9222,4.091161941261917
10,107,random_subsets_natural_partition,9223,4.104074301234561
10,107,random_subsets_natural_partition,9224,4.133721408979307
10,107,random_subsets_natural_partition,9225,4.050207326661427
10,107,random_subsets_natural_partition,9226,4.05635175481635
10,107,random_subsets_natural_partition,9227,4.1138381943653695
10,107,random_subsets_natural_partition,9228,4.048334121503736
10,107,random_subsets_natural_partition,9229,4.056719754656121
10,107,random_subsets_natural_partition,9230,4.0733274585127575
10,107,random_subsets_natural_partition,9231,4.08390571115116
10,107,random_subsets_natural_partition,9232,4.03567899020397
10,107,random_subsets_natural_partition,9233,4.067786600498156
10,107,random_subsets_natural_partition,9234,4.040783660112155
10,107,random_subsets_natural_partition,9235,4.2609735031855935
10,107,random_subsets_natural_partition,9236,4.079682484763609
10,107,random_subsets_natural_partition,9237,4.202331316223857
10,107,random_subsets_natural_partition,9238,4.181242407881469
10,107,random_subsets_natural_partition,9239,4.1635220920334515
10,107,random_subsets_natural_partition,9240,4.040611832868292
10,107,random_subsets_natural_partition,9241,4.0787927207704335
10,107,random_subsets_natural_partition,9242,4.07319701301205
10,107,random_subsets_natural_partition,9243,4.106643559259937
10,107,random_subsets_natural_partition,9244,3.999722966927064
10,107,random_subsets_natural_partition,9245,4.001052554811316
10,107,random_subsets_natural_partition,9246,4.077901459698238
10,107,random_subsets_natural_partition,9247,4.102874051226752
10,107,random_subsets_natural_partition,9248,4.044527354905954
10,107,random_subsets_natural_partition,9249,4.122366714425743
10,107,random_subsets_natural_partition,9250,4.036787003721542
10,107,random_subsets_natural_partition,9251,4.143725272682384
10,107,random_subsets_natural_partition,9252,4.05886629589146
10,107,random_subsets_natural_partition,9253,4.148137320698507
10,107,random_subsets_natural_partition,9254,4.159326154872469
10,107,random_subsets_natural_partition,9255,4.1442949726697025
10,107,random_subsets_natural_partition,9256,4.05030720936548
10,107,random_subsets_natural_partition,9257,4.112881227646878
10,107,random_subsets_natural_partition,9258,3.9745248709459493
10,107,random_subsets_natural_partition,9259,4.141849101613708
10,107,random_subsets_natural_partition,9260,4.090381577626225
10,107,random_subsets_natural_partition,9261,4.00790897003036
10,107,random_subsets_natural_partition,9262,4.034739320741924
10,107,random_subsets_natural_partition,9263,4.065276356175072
10,107,random_subsets_natural_partition,9264,4.09281023941996
10,107,random_subsets_natural_partition,9265,4.079522795663071
10,107,random_subsets_natural_partition,9266,4.1271689568471235
10,107,random_subsets_natural_partition,9267,4.061378176486773
10,107,random_subsets_natural_partition,9268,3.96149694777406
10,107,random_subsets_natural_partition,9269,4.118456329941211
10,107,random_subsets_natural_partition,9270,3.9729910240075377
10,107,random_subsets_natural_partition,9271,4.108365625681427
10,107,random_subsets_natural_partition,9272,4.176255707315462
10,107,random_subsets_natural_partition,9273,3.965942474502754
10,107,random_subsets_natural_partition,9274,4.0112418417730735
10,107,random_subsets_natural_partition,9275,4.079380680812221
10,107,random_subsets_natural_partition,9276,4.036078332299657
10,107,random_subsets_natural_partition,9277,4.100624965324622
10,107,random_subsets_natural_partition,9278,4.122653571923119
10,107,random_subsets_natural_partition,9279,4.054944163227332
10,107,random_subsets_natural_partition,9280,3.9963701630257584
10,107,random_subsets_natural_partition,9281,4.090908330122979
10,107,random_subsets_natural_partition,9282,4.071196685222167
10,107,random_subsets_natural_partition,9283,4.11772045469139
10,107,random_subsets_natural_partition,9284,4.162125017900178
10,107,random_subsets_natural_partition,9285,4.122857305050085
10,107,random_subsets_natural_partition,9286,4.127846354028021
10,107,random_subsets_natural_partition,9287,4.068415230032778
10,107,random_subsets_natural_partition,9288,4.10693358653847
10,107,random_subsets_natural_partition,9289,4.0404560724492935
10,107,random_subsets_natural_partition,9290,4.1756697285978035
10,107,random_subsets_natural_partition,9291,4.119752135853043
10,107,random_subsets_natural_partition,9292,3.916207636018906
10,107,random_subsets_natural_partition,9293,4.086733034455046
10,107,random_subsets_natural_partition,9294,4.02168313278867
10,107,random_subsets_natural_partition,9295,4.0664440210721615
10,107,random_subsets_natural_partition,9296,4.106272847980773
10,107,random_subsets_natural_partition,9297,4.001925242738322
10,107,random_subsets_natural_partition,9298,4.174923925633926
10,107,random_subsets_natural_partition,9299,4.042254800486546
10,107,random_subsets_natural_partition,9300,4.012919394973546
10,107,random_subsets_natural_partition,9301,3.936027095140838
10,107,random_subsets_natural_partition,9302,4.077623845461216
10,107,random_subsets_natural_partition,9303,4.062055980666642
10,107,random_subsets_natural_partition,9304,4.1439396401309425
10,107,random_subsets_natural_partition,9305,3.9910522496449845
10,107,random_subsets_natural_partition,9306,4.110822624815715
10,107,random_subsets_natural_partition,9307,4.130356113484231
10,107,random_subsets_natural_partition,9308,4.033699647277296
10,107,random_subsets_natural_partition,9309,4.147081568330303
10,107,random_subsets_natural_partition,9310,4.078077432576669
10,107,random_subsets_natural_partition,9311,3.992837850417776
10,107,random_subsets_natural_partition,9312,4.172297131900983
10,107,random_subsets_natural_partition,9313,4.065678851981118
10,107,random_subsets_natural_partition,9314,4.099938631798332
10,107,random_subsets_natural_partition,9315,4.109457136100056
10,107,random_subsets_natural_partition,9316,4.116339406777808
10,107,random_subsets_natural_partition,9317,4.069224076276695
10,107,random_subsets_natural_partition,9318,4.09714407236763
10,107,random_subsets_natural_partition,9319,4.120488071183052
10,107,random_subsets_natural_partition,9320,4.080026816954927
10,107,random_subsets_natural_partition,9321,4.053282684130377
10,107,random_subsets_natural_partition,9322,4.019548818218709
10,107,random_subsets_natural_partition,9323,4.131044466868239
10,107,random_subsets_natural_partition,9324,4.042457702373626
10,107,random_subsets_natural_partition,9325,4.002501762849512
10,107,random_subsets_natural_partition,9326,4.053846099185507
10,107,random_subsets_natural_partition,9327,3.974338894810337
10,107,random_subsets_natural_partition,9328,4.143486672215415
10,107,random_subsets_natural_partition,9329,4.12652133311968
10,107,random_subsets_natural_partition,9330,4.014855132978015
10,107,random_subsets_natural_partition,9331,4.133144089614473
10,107,random_subsets_natural_partition,9332,3.930873299758389
10,107,random_subsets_natural_partition,9333,4.03887353816142
10,107,random_subsets_natural_partition,9334,4.14292981429896
10,107,random_subsets_natural_partition,9335,4.019497691521238
10,107,random_subsets_natural_partition,9336,4.050576023978931
10,107,random_subsets_natural_partition,9337,4.126499689955861
10,107,random_subsets_natural_partition,9338,4.019979970763388
10,107,random_subsets_natural_partition,9339,4.050935535923028
10,107,random_subsets_natural_partition,9340,3.9812935157839977
10,107,random_subsets_natural_partition,9341,3.9685523371352587
10,107,random_subsets_natural_partition,9342,4.0474542159950495
10,107,random_subsets_natural_partition,9343,4.065832315196076
10,107,random_subsets_natural_partition,9344,4.037430574292552
10,107,random_subsets_natural_partition,9345,4.050609384739028
10,107,random_subsets_natural_partition,9346,4.085752038921447
10,107,random_subsets_natural_partition,9347,4.089199157522522
10,107,random_subsets_natural_partition,9348,4.003027218665887
10,107,random_subsets_natural_partition,9349,4.104512531905157
10,107,random_subsets_natural_partition,9350,4.039725591820527
10,107,random_subsets_natural_partition,9351,4.104991086865002
10,107,random_subsets_natural_partition,9352,4.065459531357646
10,107,random_subsets_natural_partition,9353,4.148571141897839
10,107,random_subsets_natural_partition,9354,3.930094237040203
10,107,random_subsets_natural_partition,9355,4.1117881875018725
10,107,random_subsets_natural_partition,9356,4.068251714235423
10,107,random_subsets_natural_partition,9357,4.189054305473834
10,107,random_subsets_natural_partition,9358,4.174631088880565
10,107,random_subsets_natural_partition,9359,3.987101816867452
10,107,random_subsets_natural_partition,9360,4.158609180720578
10,107,random_subsets_natural_partition,9361,4.076966811312537
10,107,random_subsets_natural_partition,9362,4.021754110989509
10,107,random_subsets_natural_partition,9363,4.026920889200357
10,107,random_subsets_natural_partition,9364,4.039593093583063
10,107,random_subsets_natural_partition,9365,4.178757012943167
10,107,random_subsets_natural_partition,9366,4.167355137817546
10,107,random_subsets_natural_partition,9367,4.14660453495802
10,107,random_subsets_natural_partition,9368,3.974534345485556
10,107,random_subsets_natural_partition,9369,4.156432109856556
10,107,random_subsets_natural_partition,9370,4.146726525994786
10,107,random_subsets_natural_partition,9371,4.00805225845613
10,107,random_subsets_natural_partition,9372,4.1173458739558715
10,107,random_subsets_natural_partition,9373,4.023948444828365
10,107,random_subsets_natural_partition,9374,4.179315787615743
10,107,random_subsets_natural_partition,9375,4.117521980840258
10,107,random_subsets_natural_partition,9376,4.100236012127224
10,107,random_subsets_natural_partition,9377,4.025901363892862
10,107,random_subsets_natural_partition,9378,4.113847297773343
10,107,random_subsets_natural_partition,9379,3.9811666723960637
10,107,random_subsets_natural_partition,9380,4.063644571790009
10,107,random_subsets_natural_partition,9381,4.007993051637743
10,107,random_subsets_natural_partition,9382,4.098858584228933
10,107,random_subsets_natural_partition,9383,4.023372125906647
10,107,random_subsets_natural_partition,9384,3.968288403547186
10,107,random_subsets_natural_partition,9385,4.037129073914305
10,107,random_subsets_natural_partition,9386,4.013933311184807
10,107,random_subsets_natural_partition,9387,4.052622200727566
10,107,random_subsets_natural_partition,9388,4.011296930032144
10,107,random_subsets_natural_partition,9389,4.068235830143459
10,107,random_subsets_natural_partition,9390,4.1058428433775465
10,107,random_subsets_natural_partition,9391,3.948790437517634
10,107,random_subsets_natural_partition,9392,4.15385622386828
10,107,random_subsets_natural_partition,9393,4.072809795518654
10,107,random_subsets_natural_partition,9394,4.051323556707424
10,107,random_subsets_natural_partition,9395,4.106335374884746
10,107,random_subsets_natural_partition,9396,4.107387566568308
10,107,random_subsets_natural_partition,9397,4.144428680075566
10,107,random_subsets_natural_partition,9398,3.9593744899577596
10,107,random_subsets_natural_partition,9399,4.052580390953484
10,107,random_subsets_natural_partition,9400,4.158555575432371
10,107,random_subsets_natural_partition,9401,4.1310341152828505
10,107,random_subsets_natural_partition,9402,4.160802151507217
10,107,random_subsets_natural_partition,9403,4.025273649353271
10,107,random_subsets_natural_partition,9404,3.969353070598099
10,107,random_subsets_natural_partition,9405,3.9650709160138957
10,107,random_subsets_natural_partition,9406,4.044477241036839
10,107,random_subsets_natural_partition,9407,4.12272903041422
10,107,random_subsets_natural_partition,9408,4.163485813828289
10,107,random_subsets_natural_partition,9409,4.163217387975514
10,107,random_subsets_natural_partition,9410,4.107437810545036
10,107,random_subsets_natural_partition,9411,4.0914246025197984
10,107,random_subsets_natural_partition,9412,4.119236021969391
10,107,random_subsets_natural_partition,9413,4.127775878237285
10,107,random_subsets_natural_partition,9414,4.090498945949281
10,107,random_subsets_natural_partition,9415,4.153032790290083
10,107,random_subsets_natural_partition,9416,4.074366626540447
10,107,random_subsets_natural_partition,9417,4.028641593448004
10,107,random_subsets_natural_partition,9418,4.100042445552925
10,107,random_subsets_natural_partition,9419,3.9299991633241462
10,107,random_subsets_natural_partition,9420,4.156698865397292
10,107,random_subsets_natural_partition,9421,4.010917744721141
10,107,random_subsets_natural_partition,9422,4.122598533820616
10,107,random_subsets_natural_partition,9423,4.005527009741729
10,107,random_subsets_natural_partition,9424,4.001504107739704
10,107,random_subsets_natural_partition,9425,4.036000978640201
10,107,random_subsets_natural_partition,9426,4.158885987234097
10,107,random_subsets_natural_partition,9427,4.07536209273183
10,107,random_subsets_natural_partition,9428,4.063017312214322
10,107,random_subsets_natural_partition,9429,4.124213501959297
10,107,random_subsets_natural_partition,9430,4.120866712091268
10,107,random_subsets_natural_partition,9431,4.151655455187857
10,107,random_subsets_natural_partition,9432,4.136539542804756
10,107,random_subsets_natural_partition,9433,4.113293196669339
10,107,random_subsets_natural_partition,9434,3.9840211611305665
10,107,random_subsets_natural_partition,9435,4.126479281518902
10,107,random_subsets_natural_partition,9436,4.231483548410675
10,107,random_subsets_natural_partition,9437,4.10633455159769
10,107,random_subsets_natural_partition,9438,3.9949966266868286
10,107,random_subsets_natural_partition,9439,4.06488464343782
10,107,random_subsets_natural_partition,9440,4.09389216413001
10,107,random_subsets_natural_partition,9441,4.080999771976787
10,107,random_subsets_natural_partition,9442,4.065016139207081
10,107,random_subsets_natural_partition,9443,4.087483162215368
10,107,random_subsets_natural_partition,9444,4.151507811216994
10,107,random_subsets_natural_partition,9445,4.06993647258863
10,107,random_subsets_natural_partition,9446,4.101495253703258
10,107,random_subsets_natural_partition,9447,3.986648419210239
10,107,random_subsets_natural_partition,9448,4.184188607777107
10,107,random_subsets_natural_partition,9449,4.07020126824296
10,107,random_subsets_natural_partition,9450,4.068653235501042
10,107,random_subsets_natural_partition,9451,4.165859928011956
10,107,random_subsets_natural_partition,9452,4.000620455632095
10,107,random_subsets_natural_partition,9453,4.013213936344826
10,107,random_subsets_natural_partition,9454,4.056829067999303
10,107,random_subsets_natural_partition,9455,4.033356862321676
10,107,random_subsets_natural_partition,9456,4.103432781639184
10,107,random_subsets_natural_partition,9457,4.1464850774247415
10,107,random_subsets_natural_partition,9458,3.9894371727498177
10,107,random_subsets_natural_partition,9459,3.9976347770820366
10,107,random_subsets_natural_partition,9460,4.048613761582002
10,107,random_subsets_natural_partition,9461,4.102288068369285
10,107,random_subsets_natural_partition,9462,4.087709177346842
10,107,random_subsets_natural_partition,9463,4.064624416585655
10,107,random_subsets_natural_partition,9464,4.094581477682748
10,107,random_subsets_natural_partition,9465,4.075791419621443
10,107,random_subsets_natural_partition,9466,4.044077449502962
10,107,random_subsets_natural_partition,9467,4.038365112410469
10,107,random_subsets_natural_partition,9468,3.9381985852206296
10,107,random_subsets_natural_partition,9469,4.081939893026188
10,107,random_subsets_natural_partition,9470,4.150606815514448
10,107,random_subsets_natural_partition,9471,4.212309881736385
10,107,random_subsets_natural_partition,9472,3.9966468133541753
10,107,random_subsets_natural_partition,9473,4.083724615649206
10,107,random_subsets_natural_partition,9474,4.1144426462114385
10,107,random_subsets_natural_partition,9475,4.039532923193675
10,107,random_subsets_natural_partition,9476,4.07259749483939
10,107,random_subsets_natural_partition,9477,4.126584908236625
10,107,random_subsets_natural_partition,9478,4.049154253461529
10,107,random_subsets_natural_partition,9479,4.01672548120922
10,107,random_subsets_natural_partition,9480,4.008316106848016
10,107,random_subsets_natural_partition,9481,4.092156659702361
10,107,random_subsets_natural_partition,9482,3.9794695716054185
10,107,random_subsets_natural_partition,9483,4.0533159071124345
10,107,random_subsets_natural_partition,9484,4.104545134958208
10,107,random_subsets_natural_partition,9485,4.107799852951788
10,107,random_subsets_natural_partition,9486,4.063553488524907
10,107,random_subsets_natural_partition,9487,4.077778759170435
10,107,random_subsets_natural_partition,9488,4.069390129898194
10,107,random_subsets_natural_partition,9489,4.067171784297984
10,107,random_subsets_natural_partition,9490,4.147476034848298
10,107,random_subsets_natural_partition,9491,4.188258704566091
10,107,random_subsets_natural_partition,9492,4.050175149490664
10,107,random_subsets_natural_partition,9493,4.011802717675806
10,107,random_subsets_natural_partition,9494,4.1300682216204265
10,107,random_subsets_natural_partition,9495,4.00418956854686
10,107,random_subsets_natural_partition,9496,4.029368712719647
10,107,random_subsets_natural_partition,9497,4.036472375445116
10,107,random_subsets_natural_partition,9498,4.001103113840959
10,107,random_subsets_natural_partition,9499,4.075896763844431
10,107,random_subsets_natural_partition,9500,4.0630924199525955
10,107,random_subsets_natural_partition,9501,3.902849752549496
10,107,random_subsets_natural_partition,9502,4.059503350915523
10,107,random_subsets_natural_partition,9503,4.0909406520008575
10,107,random_subsets_natural_partition,9504,4.115578464026852
10,107,random_subsets_natural_partition,9505,4.028892041379003
10,107,random_subsets_natural_partition,9506,4.084073079936962
10,107,random_subsets_natural_partition,9507,4.090132432135696
10,107,random_subsets_natural_partition,9508,4.095501492149665
10,107,random_subsets_natural_partition,9509,4.154889399194264
10,107,random_subsets_natural_partition,9510,4.113672923374205
10,107,random_subsets_natural_partition,9511,3.931365756828918
10,107,random_subsets_natural_partition,9512,4.121092739003074
10,107,random_subsets_natural_partition,9513,4.1137429260098575
10,107,random_subsets_natural_partition,9514,4.091910725026271
10,107,random_subsets_natural_partition,9515,4.121634211515752
10,107,random_subsets_natural_partition,9516,4.081389323185076
10,107,random_subsets_natural_partition,9517,4.084787120622517
10,107,random_subsets_natural_partition,9518,4.045598536900284
10,107,random_subsets_natural_partition,9519,4.176761360117525
10,107,random_subsets_natural_partition,9520,4.070479889095365
10,107,random_subsets_natural_partition,9521,3.971936325621019
10,107,random_subsets_natural_partition,9522,4.078274580134512
10,107,random_subsets_natural_partition,9523,4.077388817802046
10,107,random_subsets_natural_partition,9524,4.166851855900561
10,107,random_subsets_natural_partition,9525,4.0513869793712365
10,107,random_subsets_natural_partition,9526,4.085265569013339
10,107,random_subsets_natural_partition,9527,4.002560406233528
10,107,random_subsets_natural_partition,9528,4.055392976017388
10,107,random_subsets_natural_partition,9529,4.038769741329234
10,107,random_subsets_natural_partition,9530,4.072544723667376
10,107,random_subsets_natural_partition,9531,4.035048994545552
10,107,random_subsets_natural_partition,9532,4.013610392434869
10,107,random_subsets_natural_partition,9533,4.151441312545955
10,107,random_subsets_natural_partition,9534,4.110900040323475
10,107,random_subsets_natural_partition,9535,4.104070144852934
10,107,random_subsets_natural_partition,9536,4.147195528587111
10,107,random_subsets_natural_partition,9537,4.182621592893656
10,107,random_subsets_natural_partition,9538,4.083622004915039
10,107,random_subsets_natural_partition,9539,4.086878558272029
10,107,random_subsets_natural_partition,9540,4.033399734542363
10,107,random_subsets_natural_partition,9541,4.184062089308312
10,107,random_subsets_natural_partition,9542,4.110882760162618
10,107,random_subsets_natural_partition,9543,4.05396480889132
10,107,random_subsets_natural_partition,9544,4.159920995238859
10,107,random_subsets_natural_partition,9545,4.139447320399076
10,107,random_subsets_natural_partition,9546,4.109736317820318
10,107,random_subsets_natural_partition,9547,4.058584618815071
10,107,random_subsets_natural_partition,9548,4.109596362707926
10,107,random_subsets_natural_partition,9549,4.1053870214085455
10,107,random_subsets_natural_partition,9550,3.9392849056194024
10,107,random_subsets_natural_partition,9551,4.076367449080656
10,107,random_subsets_natural_partition,9552,4.004383888118505
10,107,random_subsets_natural_partition,9553,4.189450725447835
10,107,random_subsets_natural_partition,9554,4.086254291909894
10,107,random_subsets_natural_partition,9555,4.077527464066326
10,107,random_subsets_natural_partition,9556,4.269215927571168
10,107,random_subsets_natural_partition,9557,4.025801503583797
10,107,random_subsets_natural_partition,9558,4.006935913147492
10,107,random_subsets_natural_partition,9559,4.104581077030247
10,107,random_subsets_natural_partition,9560,4.14037241976949
10,107,random_subsets_natural_partition,9561,4.094315319503747
10,107,random_subsets_natural_partition,9562,4.175121310529549
10,107,random_subsets_natural_partition,9563,4.031399578910951
10,107,random_subsets_natural_partition,9564,4.015734216622034
10,107,random_subsets_natural_partition,9565,4.20435681747888
10,107,random_subsets_natural_partition,9566,4.184086492121016
10,107,random_subsets_natural_partition,9567,4.05489649793222
10,107,random_subsets_natural_partition,9568,4.06012770407004
10,107,random_subsets_natural_partition,9569,4.011246757394335
10,107,random_subsets_natural_partition,9570,4.032469366090914
10,107,random_subsets_natural_partition,9571,4.093109753278814
10,107,random_subsets_natural_partition,9572,4.160274061047794
10,107,random_subsets_natural_partition,9573,4.048147722509608
10,107,random_subsets_natural_partition,9574,3.9635087773843853
10,107,random_subsets_natural_partition,9575,4.019044957993151
10,107,random_subsets_natural_partition,9576,4.101040458637264
10,107,random_subsets_natural_partition,9577,4.034526231926407
10,107,random_subsets_natural_partition,9578,4.023213818684534
10,107,random_subsets_natural_partition,9579,4.114174771224917
10,107,random_subsets_natural_partition,9580,4.0686919068509
10,107,random_subsets_natural_partition,9581,4.092334037318947
10,107,random_subsets_natural_partition,9582,4.032223077379308
10,107,random_subsets_natural_partition,9583,4.124667706659533
10,107,random_subsets_natural_partition,9584,3.9800559288931656
10,107,random_subsets_natural_partition,9585,4.001871668829896
10,107,random_subsets_natural_partition,9586,4.136088566061183
10,107,random_subsets_natural_partition,9587,4.097244838510435
10,107,random_subsets_natural_partition,9588,4.105225976800973
10,107,random_subsets_natural_partition,9589,4.057701817339792
10,107,random_subsets_natural_partition,9590,4.0397916260089435
10,107,random_subsets_natural_partition,9591,3.9642168443011054
10,107,random_subsets_natural_partition,9592,4.06395761287915
10,107,random_subsets_natural_partition,9593,3.9681521743897634
10,107,random_subsets_natural_partition,9594,4.063642748624936
10,107,random_subsets_natural_partition,9595,4.013933502161475
10,107,random_subsets_natural_partition,9596,4.06813386539745
10,107,random_subsets_natural_partition,9597,4.094010236376343
10,107,random_subsets_natural_partition,9598,4.0191337303774
10,107,random_subsets_natural_partition,9599,4.00358200352591
10,107,random_subsets_natural_partition,9600,4.046941175357387
10,107,random_subsets_natural_partition,9601,4.14621281902125
10,107,random_subsets_natural_partition,9602,4.069768951281432
10,107,random_subsets_natural_partition,9603,4.195056317536345
10,107,random_subsets_natural_partition,9604,4.061369419246865
10,107,random_subsets_natural_partition,9605,4.001071753172349
10,107,random_subsets_natural_partition,9606,4.056583304735472
10,107,random_subsets_natural_partition,9607,4.133068261502797
10,107,random_subsets_natural_partition,9608,4.155073613787217
10,107,random_subsets_natural_partition,9609,4.150524492436099
10,107,random_subsets_natural_partition,9610,4.049631854362603
10,107,random_subsets_natural_partition,9611,4.023414410884763
10,107,random_subsets_natural_partition,9612,3.999098358720305
10,107,random_subsets_natural_partition,9613,4.030227734269685
10,107,random_subsets_natural_partition,9614,4.148317253588139
10,107,random_subsets_natural_partition,9615,4.0985798715399175
10,107,random_subsets_natural_partition,9616,4.009649745793937
10,107,random_subsets_natural_partition,9617,4.152105742127762
10,107,random_subsets_natural_partition,9618,4.058990950665096
10,107,random_subsets_natural_partition,9619,4.105261948574736
10,107,random_subsets_natural_partition,9620,4.089839299808182
10,107,random_subsets_natural_partition,9621,3.966103996531188
10,107,random_subsets_natural_partition,9622,4.1159768599368425
10,107,random_subsets_natural_partition,9623,4.087351205671805
10,107,random_subsets_natural_partition,9624,4.148934042202595
10,107,random_subsets_natural_partition,9625,4.073860978976933
10,107,random_subsets_natural_partition,9626,4.058634739548395
10,107,random_subsets_natural_partition,9627,3.9882735322840865
10,107,random_subsets_natural_partition,9628,4.032844794168603
10,107,random_subsets_natural_partition,9629,4.0955331854068735
10,107,random_subsets_natural_partition,9630,4.054154590539617
10,107,random_subsets_natural_partition,9631,4.1002962636552605
10,107,random_subsets_natural_partition,9632,3.9826840645898827
10,107,random_subsets_natural_partition,9633,4.170901490593764
10,107,random_subsets_natural_partition,9634,4.088305702456453
10,107,random_subsets_natural_partition,9635,4.067065922826173
10,107,random_subsets_natural_partition,9636,4.080806281886369
10,107,random_subsets_natural_partition,9637,3.97755257147247
10,107,random_subsets_natural_partition,9638,3.961838200359754
10,107,random_subsets_natural_partition,9639,4.15538471779136
10,107,random_subsets_natural_partition,9640,4.0863438697855035
10,107,random_subsets_natural_partition,9641,4.114956517513305
10,107,random_subsets_natural_partition,9642,4.102413958022352
10,107,random_subsets_natural_partition,9643,4.066571997214499
10,107,random_subsets_natural_partition,9644,3.979559639201976
10,107,random_subsets_natural_partition,9645,4.107133465846357
10,107,random_subsets_natural_partition,9646,4.0620216886027025
10,107,random_subsets_natural_partition,9647,4.021878048640876
10,107,random_subsets_natural_partition,9648,4.047187421167872
10,107,random_subsets_natural_partition,9649,4.066810956513592
10,107,random_subsets_natural_partition,9650,4.097714731777416
10,107,random_subsets_natural_partition,9651,4.074932408403404
10,107,random_subsets_natural_partition,9652,4.053345303833397
10,107,random_subsets_natural_partition,9653,3.977231927928877
10,107,random_subsets_natural_partition,9654,4.08444623309129
10,107,random_subsets_natural_partition,9655,4.148725625205164
10,107,random_subsets_natural_partition,9656,4.077326658092846
10,107,random_subsets_natural_partition,9657,4.103569689286915
10,107,random_subsets_natural_partition,9658,4.13889928442398
10,107,random_subsets_natural_partition,9659,4.053634874408726
10,107,random_subsets_natural_partition,9660,4.06741147974382
10,107,random_subsets_natural_partition,9661,4.100044323005207
10,107,random_subsets_natural_partition,9662,4.033547169991101
10,107,random_subsets_natural_partition,9663,4.1056400142618275
10,107,random_subsets_natural_partition,9664,4.044909260683839
10,107,random_subsets_natural_partition,9665,4.081618158071593
10,107,random_subsets_natural_partition,9666,4.122323999476449
10,107,random_subsets_natural_partition,9667,4.100960663459408
10,107,random_subsets_natural_partition,9668,4.119037755718228
10,107,random_subsets_natural_partition,9669,4.104561863641151
10,107,random_subsets_natural_partition,9670,4.070591476842525
10,107,random_subsets_natural_partition,9671,4.088572033538382
10,107,random_subsets_natural_partition,9672,4.103954851975554
10,107,random_subsets_natural_partition,9673,4.016929673204839
10,107,random_subsets_natural_partition,9674,4.133001448330271
10,107,random_subsets_natural_partition,9675,4.061018400722758
10,107,random_subsets_natural_partition,9676,4.071049859221403
10,107,random_subsets_natural_partition,9677,4.008564952497698
10,107,random_subsets_natural_partition,9678,4.16578790663869
10,107,random_subsets_natural_partition,9679,4.111379293406219
10,107,random_subsets_natural_partition,9680,4.093146060751213
10,107,random_subsets_natural_partition,9681,4.1589139088837355
10,107,random_subsets_natural_partition,9682,4.199988350774326
10,107,random_subsets_natural_partition,9683,4.075319418378759
10,107,random_subsets_natural_partition,9684,3.8392976384848083
10,107,random_subsets_natural_partition,9685,4.068888860859695
10,107,random_subsets_natural_partition,9686,4.084424821441389
10,107,random_subsets_natural_partition,9687,3.9878216456872355
10,107,random_subsets_natural_partition,9688,3.9768978101671357
10,107,random_subsets_natural_partition,9689,4.089604627575654
10,107,random_subsets_natural_partition,9690,4.123010438624316
10,107,random_subsets_natural_partition,9691,4.14571292036982
10,107,random_subsets_natural_partition,9692,4.005252566734377
10,107,random_subsets_natural_partition,9693,4.152105625353748
10,107,random_subsets_natural_partition,9694,4.056539670772218
10,107,random_subsets_natural_partition,9695,4.058303918557195
10,107,random_subsets_natural_partition,9696,4.0875527904569235
10,107,random_subsets_natural_partition,9697,3.9593958061409134
10,107,random_subsets_natural_partition,9698,4.052817575850789
10,107,random_subsets_natural_partition,9699,4.1592425882908035
10,107,random_subsets_natural_partition,9700,3.9917755898216156
10,107,random_subsets_natural_partition,9701,4.108841228667225
10,107,random_subsets_natural_partition,9702,4.077395392122813
10,107,random_subsets_natural_partition,9703,4.158386152588327
10,107,random_subsets_natural_partition,9704,3.960074893259784
10,107,random_subsets_natural_partition,9705,4.188671696530049
10,107,random_subsets_natural_partition,9706,4.1114101594775025
10,107,random_subsets_natural_partition,9707,4.123393989783346
10,107,random_subsets_natural_partition,9708,4.160282576041614
10,107,random_subsets_natural_partition,9709,4.084692128241698
10,107,random_subsets_natural_partition,9710,4.051610136482642
10,107,random_subsets_natural_partition,9711,4.033558110330601
10,107,random_subsets_natural_partition,9712,4.096263896893004
10,107,random_subsets_natural_partition,9713,4.02351330651694
10,107,random_subsets_natural_partition,9714,4.239686317445684
10,107,random_subsets_natural_partition,9715,4.065849453609481
10,107,random_subsets_natural_partition,9716,4.122037738197026
10,107,random_subsets_natural_partition,9717,4.031489080979472
10,107,random_subsets_natural_partition,9718,4.004445805811801
10,107,random_subsets_natural_partition,9719,4.116276267171264
10,107,random_subsets_natural_partition,9720,4.0084107346352
10,107,random_subsets_natural_partition,9721,3.9906542811307393
10,107,random_subsets_natural_partition,9722,4.061821924494738
10,107,random_subsets_natural_partition,9723,4.1814554711505005
10,107,random_subsets_natural_partition,9724,3.9811953999340495
10,107,random_subsets_natural_partition,9725,4.037246247057825
10,107,random_subsets_natural_partition,9726,4.037859593856066
10,107,random_subsets_natural_partition,9727,4.103692777886152
10,107,random_subsets_natural_partition,9728,4.015730885028806
10,107,random_subsets_natural_partition,9729,4.0408840020410155
10,107,random_subsets_natural_partition,9730,4.096103645103396
10,107,random_subsets_natural_partition,9731,4.0773349959337475
10,107,random_subsets_natural_partition,9732,4.025485266271304
10,107,random_subsets_natural_partition,9733,4.102744860058661
10,107,random_subsets_natural_partition,9734,4.043177120394702
10,107,random_subsets_natural_partition,9735,4.089808842810639
10,107,random_subsets_natural_partition,9736,4.05723485386752
10,107,random_subsets_natural_partition,9737,4.128202875304754
10,107,random_subsets_natural_partition,9738,4.082186112074212
10,107,random_subsets_natural_partition,9739,4.17889811592978
10,107,random_subsets_natural_partition,9740,4.13292714899979
10,107,random_subsets_natural_partition,9741,4.135871629288896
10,107,random_subsets_natural_partition,9742,4.0898548397046195
10,107,random_subsets_natural_partition,9743,4.048065497409989
10,107,random_subsets_natural_partition,9744,4.123783033581491
10,107,random_subsets_natural_partition,9745,4.183389046854324
10,107,random_subsets_natural_partition,9746,4.066612507424688
10,107,random_subsets_natural_partition,9747,4.022481572516513
10,107,random_subsets_natural_partition,9748,4.060955602317439
10,107,random_subsets_natural_partition,9749,4.071484874605751
10,107,random_subsets_natural_partition,9750,3.9813937239190085
10,107,random_subsets_natural_partition,9751,4.121143563960435
10,107,random_subsets_natural_partition,9752,4.1824743074697555
10,107,random_subsets_natural_partition,9753,4.105531215069788
10,107,random_subsets_natural_partition,9754,4.135277798797557
10,107,random_subsets_natural_partition,9755,4.008874012589295
10,107,random_subsets_natural_partition,9756,4.110061583057942
10,107,random_subsets_natural_partition,9757,4.149009283668639
10,107,random_subsets_natural_partition,9758,4.0433798496398525
10,107,random_subsets_natural_partition,9759,4.024305606301637
10,107,random_subsets_natural_partition,9760,4.095373949870984
10,107,random_subsets_natural_partition,9761,3.9996152348505007
10,107,random_subsets_natural_partition,9762,4.11782890880248
10,107,random_subsets_natural_partition,9763,3.9833244972066657
10,107,random_subsets_natural_partition,9764,3.944279091544385
10,107,random_subsets_natural_partition,9765,4.141597981837174
10,107,random_subsets_natural_partition,9766,4.135194422633193
10,107,random_subsets_natural_partition,9767,4.1176881283905304
10,107,random_subsets_natural_partition,9768,4.167189756069444
10,107,random_subsets_natural_partition,9769,4.045439627634125
10,107,random_subsets_natural_partition,9770,4.128541338296938
10,107,random_subsets_natural_partition,9771,4.087202362681897
10,107,random_subsets_natural_partition,9772,4.06487427332619
10,107,random_subsets_natural_partition,9773,4.064598709967299
10,107,random_subsets_natural_partition,9774,4.077547920793753
10,107,random_subsets_natural_partition,9775,3.9852382698766786
10,107,random_subsets_natural_partition,9776,4.045295190506287
10,107,random_subsets_natural_partition,9777,4.082326145983503
10,107,random_subsets_natural_partition,9778,4.03097312828681
10,107,random_subsets_natural_partition,9779,4.096425985154922
10,107,random_subsets_natural_partition,9780,3.9984325230423114
10,107,random_subsets_natural_partition,9781,4.129224753458637
10,107,random_subsets_natural_partition,9782,4.012365310744208
10,107,random_subsets_natural_partition,9783,4.063307430853831
10,107,random_subsets_natural_partition,9784,4.039385192644905
10,107,random_subsets_natural_partition,9785,4.105517189015522
10,107,random_subsets_natural_partition,9786,4.053939958576038
10,107,random_subsets_natural_partition,9787,4.140948305694572
10,107,random_subsets_natural_partition,9788,4.090441430363204
10,107,random_subsets_natural_partition,9789,4.00553017067743
10,107,random_subsets_natural_partition,9790,4.183566056204542
10,107,random_subsets_natural_partition,9791,3.975456163510439
10,107,random_subsets_natural_partition,9792,4.015639273475628
10,107,random_subsets_natural_partition,9793,4.057678780995252
10,107,random_subsets_natural_partition,9794,4.0565389151901625
10,107,random_subsets_natural_partition,9795,4.072993225332351
10,107,random_subsets_natural_partition,9796,4.124562573586581
10,107,random_subsets_natural_partition,9797,4.078711214023517
10,107,random_subsets_natural_partition,9798,4.076304576513124
10,107,random_subsets_natural_partition,9799,4.064722634758011
10,107,random_subsets_natural_partition,9800,4.066114534176771
10,107,random_subsets_natural_partition,9801,4.108028273324785
10,107,random_subsets_natural_partition,9802,4.053842782780516
10,107,random_subsets_natural_partition,9803,3.9787980253452124
10,107,random_subsets_natural_partition,9804,4.1157363059893655
10,107,random_subsets_natural_partition,9805,4.125902034114985
10,107,random_subsets_natural_partition,9806,4.072348716304328
10,107,random_subsets_natural_partition,9807,4.087016183732916
10,107,random_subsets_natural_partition,9808,4.021840974785331
10,107,random_subsets_natural_partition,9809,4.095256209144137
10,107,random_subsets_natural_partition,9810,4.070020934299826
10,107,random_subsets_natural_partition,9811,4.027120251397871
10,107,random_subsets_natural_partition,9812,3.9657084643248055
10,107,random_subsets_natural_partition,9813,4.143199155809731
10,107,random_subsets_natural_partition,9814,4.102001851313649
10,107,random_subsets_natural_partition,9815,4.056901875806629
10,107,random_subsets_natural_partition,9816,4.087337598338415
10,107,random_subsets_natural_partition,9817,4.13511705568429
10,107,random_subsets_natural_partition,9818,4.048504702015621
10,107,random_subsets_natural_partition,9819,4.0910768621709455
10,107,random_subsets_natural_partition,9820,3.96753420750537
10,107,random_subsets_natural_partition,9821,4.077725414032586
10,107,random_subsets_natural_partition,9822,4.08721659436535
10,107,random_subsets_natural_partition,9823,4.1365432094788845
10,107,random_subsets_natural_partition,9824,4.093119760960767
10,107,random_subsets_natural_partition,9825,4.031976888735316
10,107,random_subsets_natural_partition,9826,4.0258151137944616
10,107,random_subsets_natural_partition,9827,4.101705457572198
10,107,random_subsets_natural_partition,9828,4.036437218156607
10,107,random_subsets_natural_partition,9829,4.077487508486937
10,107,random_subsets_natural_partition,9830,4.1225714732893675
10,107,random_subsets_natural_partition,9831,3.945398373918547
10,107,random_subsets_natural_partition,9832,4.133474627472608
10,107,random_subsets_natural_partition,9833,4.153653211622552
10,107,random_subsets_natural_partition,9834,3.9968232289443457
10,107,random_subsets_natural_partition,9835,4.104949274129755
10,107,random_subsets_natural_partition,9836,4.01992005371087
10,107,random_subsets_natural_partition,9837,4.214946598557347
10,107,random_subsets_natural_partition,9838,4.0766183886410445
10,107,random_subsets_natural_partition,9839,4.0252312453597225
10,107,random_subsets_natural_partition,9840,4.065035676884132
10,107,random_subsets_natural_partition,9841,4.08490257278452
10,107,random_subsets_natural_partition,9842,4.058642870319428
10,107,random_subsets_natural_partition,9843,4.000001067088598
10,107,random_subsets_natural_partition,9844,4.169895571056131
10,107,random_subsets_natural_partition,9845,4.094447115507881
10,107,random_subsets_natural_partition,9846,4.069757031440751
10,107,random_subsets_natural_partition,9847,4.12477763339243
10,107,random_subsets_natural_partition,9848,4.003123516391752
10,107,random_subsets_natural_partition,9849,4.076277422876382
10,107,random_subsets_natural_partition,9850,4.074499220019115
10,107,random_subsets_natural_partition,9851,4.047703014970232
10,107,random_subsets_natural_partition,9852,4.059621037643096
10,107,random_subsets_natural_partition,9853,4.1446667105030475
10,107,random_subsets_natural_partition,9854,4.164623168364748
10,107,random_subsets_natural_partition,9855,4.102329147925615
10,107,random_subsets_natural_partition,9856,4.073767749139148
10,107,random_subsets_natural_partition,9857,4.077152569051073
10,107,random_subsets_natural_partition,9858,4.062730003989713
10,107,random_subsets_natural_partition,9859,4.000624396587023
10,107,random_subsets_natural_partition,9860,4.122659493808679
10,107,random_subsets_natural_partition,9861,4.060687578954527
10,107,random_subsets_natural_partition,9862,4.020745548101069
10,107,random_subsets_natural_partition,9863,4.0166487047470065
10,107,random_subsets_natural_partition,9864,4.0677515801763
10,107,random_subsets_natural_partition,9865,4.077198120374091
10,107,random_subsets_natural_partition,9866,4.011740941182862
10,107,random_subsets_natural_partition,9867,4.153383161807724
10,107,random_subsets_natural_partition,9868,3.998861794029344
10,107,random_subsets_natural_partition,9869,4.113585949909929
10,107,random_subsets_natural_partition,9870,4.122828873645967
10,107,random_subsets_natural_partition,9871,4.090977456817867
10,107,random_subsets_natural_partition,9872,4.000732869170655
10,107,random_subsets_natural_partition,9873,4.178593263791425
10,107,random_subsets_natural_partition,9874,4.169226301553098
10,107,random_subsets_natural_partition,9875,4.078205952888268
10,107,random_subsets_natural_partition,9876,4.110728718570204
10,107,random_subsets_natural_partition,9877,3.9506525792119502
10,107,random_subsets_natural_partition,9878,4.164745139189222
10,107,random_subsets_natural_partition,9879,4.120883807705386
10,107,random_subsets_natural_partition,9880,4.071276093259084
10,107,random_subsets_natural_partition,9881,4.096907689473214
10,107,random_subsets_natural_partition,9882,4.10603441686507
10,107,random_subsets_natural_partition,9883,3.9954221729074284
10,107,random_subsets_natural_partition,9884,4.0267579986924495
10,107,random_subsets_natural_partition,9885,4.095594919516978
10,107,random_subsets_natural_partition,9886,4.085183062389123
10,107,random_subsets_natural_partition,9887,4.026348707973246
10,107,random_subsets_natural_partition,9888,4.1493867774188
10,107,random_subsets_natural_partition,9889,4.09970916338285
10,107,random_subsets_natural_partition,9890,4.096181761273903
10,107,random_subsets_natural_partition,9891,4.038629180407703
10,107,random_subsets_natural_partition,9892,4.033448290617668
10,107,random_subsets_natural_partition,9893,4.070194175150819
10,107,random_subsets_natural_partition,9894,4.032217342029798
10,107,random_subsets_natural_partition,9895,4.134302658090856
10,107,random_subsets_natural_partition,9896,4.067191554150787
10,107,random_subsets_natural_partition,9897,4.1332076809961755
10,107,random_subsets_natural_partition,9898,4.10041790190034
10,107,random_subsets_natural_partition,9899,4.060717925662672
10,107,random_subsets_natural_partition,9900,4.094755344190632
10,107,random_subsets_natural_partition,9901,4.202600928958786
10,107,random_subsets_natural_partition,9902,4.096449794044072
10,107,random_subsets_natural_partition,9903,4.045594694848177
10,107,random_subsets_natural_partition,9904,4.166057474453286
10,107,random_subsets_natural_partition,9905,3.9841471541208247
10,107,random_subsets_natural_partition,9906,4.1451774602375
10,107,random_subsets_natural_partition,9907,4.0539727745808944
10,107,random_subsets_natural_partition,9908,4.16840239469861
10,107,random_subsets_natural_partition,9909,4.169587247256709
10,107,random_subsets_natural_partition,9910,4.088953002627795
10,107,random_subsets_natural_partition,9911,4.0439782009394465
10,107,random_subsets_natural_partition,9912,4.074236106189027
10,107,random_subsets_natural_partition,9913,4.022804687774089
10,107,random_subsets_natural_partition,9914,4.097615955870909
10,107,random_subsets_natural_partition,9915,4.031867218210606
10,107,random_subsets_natural_partition,9916,4.127546509415614
10,107,random_subsets_natural_partition,9917,4.186494466115962
10,107,random_subsets_natural_partition,9918,4.140702905096575
10,107,random_subsets_natural_partition,9919,4.153343148678714
10,107,random_subsets_natural_partition,9920,4.060762924667456
10,107,random_subsets_natural_partition,9921,4.110749857879053
10,107,random_subsets_natural_partition,9922,4.0504960056012935
10,107,random_subsets_natural_partition,9923,4.1901151716485945
10,107,random_subsets_natural_partition,9924,4.004598227338941
10,107,random_subsets_natural_partition,9925,4.017939301949211
10,107,random_subsets_natural_partition,9926,4.068925847101365
10,107,random_subsets_natural_partition,9927,4.171696276269181
10,107,random_subsets_natural_partition,9928,4.049659293157266
10,107,random_subsets_natural_partition,9929,4.091679696708594
10,107,random_subsets_natural_partition,9930,4.083544431350654
10,107,random_subsets_natural_partition,9931,4.115366127487835
10,107,random_subsets_natural_partition,9932,4.19126794061224
10,107,random_subsets_natural_partition,9933,4.075912326996803
10,107,random_subsets_natural_partition,9934,4.047719406079909
10,107,random_subsets_natural_partition,9935,4.082401916944237
10,107,random_subsets_natural_partition,9936,4.080273618784555
10,107,random_subsets_natural_partition,9937,4.079592542536308
10,107,random_subsets_natural_partition,9938,4.049457267032729
10,107,random_subsets_natural_partition,9939,4.1482447631859936
10,107,random_subsets_natural_partition,9940,4.139660537691835
10,107,random_subsets_natural_partition,9941,4.134426194850754
10,107,random_subsets_natural_partition,9942,3.99795072296424
10,107,random_subsets_natural_partition,9943,4.166249838774576
10,107,random_subsets_natural_partition,9944,4.057382616876914
10,107,random_subsets_natural_partition,9945,4.051184815815766
10,107,random_subsets_natural_partition,9946,4.049156826892699
10,107,random_subsets_natural_partition,9947,4.153751642023157
10,107,random_subsets_natural_partition,9948,4.095096798133042
10,107,random_subsets_natural_partition,9949,4.03103441916687
10,107,random_subsets_natural_partition,9950,4.120796140695087
10,107,random_subsets_natural_partition,9951,4.101549707993789
10,107,random_subsets_natural_partition,9952,4.11097844431927
10,107,random_subsets_natural_partition,9953,4.150792215120862
10,107,random_subsets_natural_partition,9954,3.963714155512114
10,107,random_subsets_natural_partition,9955,4.074032992452884
10,107,random_subsets_natural_partition,9956,3.9854386580719368
10,107,random_subsets_natural_partition,9957,4.0680246922666985
10,107,random_subsets_natural_partition,9958,4.0586773434970125
10,107,random_subsets_natural_partition,9959,4.101809438709854
10,107,random_subsets_natural_partition,9960,4.072823639281737
10,107,random_subsets_natural_partition,9961,4.034126653012984
10,107,random_subsets_natural_partition,9962,4.0373709419410835
10,107,random_subsets_natural_partition,9963,4.166192322999802
10,107,random_subsets_natural_partition,9964,4.062590717266549
10,107,random_subsets_natural_partition,9965,4.11889987453432
10,107,random_subsets_natural_partition,9966,4.039940329482887
10,107,random_subsets_natural_partition,9967,4.001254797822012
10,107,random_subsets_natural_partition,9968,4.078327219448407
10,107,random_subsets_natural_partition,9969,4.05486539507549
10,107,random_subsets_natural_partition,9970,4.122986058760046
10,107,random_subsets_natural_partition,9971,4.073903235741009
10,107,random_subsets_natural_partition,9972,4.123818653189867
10,107,random_subsets_natural_partition,9973,4.042280429114458
10,107,random_subsets_natural_partition,9974,4.011643729824217
10,107,random_subsets_natural_partition,9975,4.098889109880639
10,107,random_subsets_natural_partition,9976,4.075543576345787
10,107,random_subsets_natural_partition,9977,4.045692787688411
10,107,random_subsets_natural_partition,9978,4.059476112690298
10,107,random_subsets_natural_partition,9979,4.110563584592615
10,107,random_subsets_natural_partition,9980,3.937984970838126
10,107,random_subsets_natural_partition,9981,4.012726697619979
10,107,random_subsets_natural_partition,9982,3.973561025943208
10,107,random_subsets_natural_partition,9983,4.063596225955302
10,107,random_subsets_natural_partition,9984,4.075240001330683
10,107,random_subsets_natural_partition,9985,3.957017981523812
10,107,random_subsets_natural_partition,9986,4.161811164451907
10,107,random_subsets_natural_partition,9987,4.020657688795576
10,107,random_subsets_natural_partition,9988,4.033470649779247
10,107,random_subsets_natural_partition,9989,4.11941961849372
10,107,random_subsets_natural_partition,9990,4.0797228101795495
10,107,random_subsets_natural_partition,9991,4.0345451533711865
10,107,random_subsets_natural_partition,9992,4.144552957987873
10,107,random_subsets_natural_partition,9993,4.071953642131032
10,107,random_subsets_natural_partition,9994,3.9855600776380657
10,107,random_subsets_natural_partition,9995,4.038301846412804
10,107,random_subsets_natural_partition,9996,4.037426600890991
10,107,random_subsets_natural_partition,9997,4.0182789525749305
10,107,random_subsets_natural_partition,9998,4.122413675662753
10,107,random_subsets_natural_partition,9999,3.9492738135183805
10,107,selected_seed_163765_all_partitions,0,4.11708827826993
10,107,selected_seed_163765_all_partitions,1,4.117336374129596
10,107,selected_seed_163765_all_partitions,2,4.21666825850118
10,107,selected_seed_163765_all_partitions,3,4.133617374509066
10,107,selected_seed_163765_all_partitions,4,4.13291461748303
10,107,selected_seed_163765_all_partitions,5,4.140321754362247
10,107,selected_seed_163765_all_partitions,6,4.132996618142367
10,107,selected_seed_163765_all_partitions,7,4.123666677351841
10,107,selected_seed_163765_all_partitions,8,4.093603336124529
10,107,selected_seed_163765_all_partitions,9,4.115512484267523
10,107,selected_seed_163765_all_partitions,10,4.153181734333775
10,107,selected_seed_163765_all_partitions,11,4.202421369582704
10,107,selected_seed_163765_all_partitions,12,4.145304720596776
10,107,selected_seed_163765_all_partitions,13,4.0906275037025
10,107,selected_seed_163765_all_partitions,14,4.20306387509514
10,107,selected_seed_163765_all_partitions,15,4.08045655054161
10,107,selected_seed_163765_all_partitions,16,4.127151570714821
10,107,selected_seed_163765_all_partitions,17,4.230904854779127
10,107,selected_seed_163765_all_partitions,18,4.145834139159511
10,107,selected_seed_163765_all_partitions,19,4.145270722587414
10,107,selected_seed_163765_all_partitions,20,4.163536189364772
10,107,selected_seed_163765_all_partitions,21,4.08895568969956
10,107,selected_seed_163765_all_partitions,22,4.158445071940113
10,107,selected_seed_163765_all_partitions,23,4.167243178616222
10,107,selected_seed_163765_all_partitions,24,4.155869511739496
10,107,selected_seed_163765_all_partitions,25,4.187705116237445
10,107,selected_seed_163765_all_partitions,26,4.134847012459114
10,107,selected_seed_163765_all_partitions,27,4.130060720498796
10,107,selected_seed_163765_all_partitions,28,4.094226686037039
10,107,selected_seed_163765_all_partitions,29,3.9855910721337007
10,107,selected_seed_163765_all_partitions,30,4.1531663680203605
10,107,selected_seed_163765_all_partitions,31,4.0991783303646345
10,107,selected_seed_163765_all_partitions,32,4.164698946162744
10,107,selected_seed_163765_all_partitions,33,4.1122643798048095
10,107,selected_seed_163765_all_partitions,34,4.1551143972072255
10,107,selected_seed_163765_all_partitions,35,4.086032224780882
10,107,selected_seed_163765_all_partitions,36,4.1497348491615735
10,107,selected_seed_163765_all_partitions,37,4.1547802808477075
10,107,selected_seed_163765_all_partitions,38,4.112328409422907
10,107,selected_seed_163765_all_partitions,39,4.168382198574656
10,107,selected_seed_163765_all_partitions,40,4.119016162350793
10,107,selected_seed_163765_all_partitions,41,4.128393569634056
10,107,selected_seed_163765_all_partitions,42,4.199196072845223
10,107,selected_seed_163765_all_partitions,43,4.192562102131775
10,107,selected_seed_163765_all_partitions,44,4.0940145342992755
10,107,selected_seed_163765_all_partitions,45,4.196154705885797
10,107,selected_seed_163765_all_partitions,46,4.113423954499242
10,107,selected_seed_163765_all_partitions,47,4.151990751094911
10,107,selected_seed_163765_all_partitions,48,4.171906101262774
10,107,selected_seed_163765_all_partitions,49,4.123258162975588
10,107,selected_seed_163765_all_partitions,50,4.129811502035175
10,107,selected_seed_163765_all_partitions,51,4.149472719670904
10,107,selected_seed_163765_all_partitions,52,4.059787351279336
10,107,selected_seed_163765_all_partitions,53,4.123557527803105
10,107,selected_seed_163765_all_partitions,54,4.10808653445959
10,107,selected_seed_163765_all_partitions,55,4.152890741821752
10,107,selected_seed_163765_all_partitions,56,4.047581754165545
10,107,selected_seed_163765_all_partitions,57,4.150779182286791
10,107,selected_seed_163765_all_partitions,58,4.113659620499306
10,107,selected_seed_163765_all_partitions,59,4.073132276905616
10,107,selected_seed_163765_all_partitions,60,4.108437371031753
10,107,selected_seed_163765_all_partitions,61,4.252291576982151
10,107,selected_seed_163765_all_partitions,62,4.18541339354463
10,107,selected_seed_163765_all_partitions,63,4.091458071722525
10,107,selected_seed_163765_all_partitions,64,4.124660710538686
10,107,selected_seed_163765_all_partitions,65,4.169216213732288
10,107,selected_seed_163765_all_partitions,66,4.155915210494886
10,107,selected_seed_163765_all_partitions,67,4.197638889753106
10,107,selected_seed_163765_all_partitions,68,4.131727723642725
10,107,selected_seed_163765_all_partitions,69,4.153104789363268
10,107,selected_seed_163765_all_partitions,70,4.135152756418335
10,107,selected_seed_163765_all_partitions,71,4.186050545140649
10,107,selected_seed_163765_all_partitions,72,4.124796137735292
10,107,selected_seed_163765_all_partitions,73,4.154430770276758
10,107,selected_seed_163765_all_partitions,74,4.161071931799286
10,107,selected_seed_163765_all_partitions,75,4.05651536564471
10,107,selected_seed_163765_all_partitions,76,4.095752011699451
10,107,selected_seed_163765_all_partitions,77,4.180098121494119
10,107,selected_seed_163765_all_partitions,78,4.127295507102878
10,107,selected_seed_163765_all_partitions,79,4.111516816534423
10,107,selected_seed_163765_all_partitions,80,4.1317237911884765
10,107,selected_seed_163765_all_partitions,81,4.182418656484143
10,107,selected_seed_163765_all_partitions,82,4.186771711648517
10,107,selected_seed_163765_all_partitions,83,4.284745752538602
10,107,selected_seed_163765_all_partitions,84,4.213511590260312
10,107,selected_seed_163765_all_partitions,85,4.2043509852842975
10,107,selected_seed_163765_all_partitions,86,4.205543979910381
10,107,selected_seed_163765_all_partitions,87,4.124514409511276
10,107,selected_seed_163765_all_partitions,88,4.157503644013731
10,107,selected_seed_163765_all_partitions,89,4.1322681912728925
10,107,selected_seed_163765_all_partitions,90,4.167445536509386
10,107,selected_seed_163765_all_partitions,91,4.174568991574736
10,107,selected_seed_163765_all_partitions,92,4.17043945767632
10,107,selected_seed_163765_all_partitions,93,4.174117331247721
10,107,selected_seed_163765_all_partitions,94,4.126762425577039
10,107,selected_seed_163765_all_partitions,95,4.088891979766538
10,107,selected_seed_163765_all_partitions,96,4.2167423401055855
10,107,selected_seed_163765_all_partitions,97,4.166024639094494
10,107,selected_seed_163765_all_partitions,98,4.198053783996757
10,107,selected_seed_163765_all_partitions,99,4.116291994973198
10,107,selected_seed_163765_all_partitions,100,4.154551990922143
10,107,selected_seed_163765_all_partitions,101,4.161367522073256
10,107,selected_seed_163765_all_partitions,102,4.179414054886632
10,107,selected_seed_163765_all_partitions,103,4.168651419501877
10,107,selected_seed_163765_all_partitions,104,4.20753925520698
10,107,selected_seed_163765_all_partitions,105,4.084478793011369
10,107,selected_seed_163765_all_partitions,106,4.092121389204425
10,107,selected_seed_163765_all_partitions,107,4.151418538375199
10,107,selected_seed_163765_all_partitions,108,4.001430147428638
10,107,selected_seed_163765_all_partitions,109,4.176152653779294
10,107,selected_seed_163765_all_partitions,110,4.15182175797787
10,107,selected_seed_163765_all_partitions,111,4.117749622678405
10,107,selected_seed_163765_all_partitions,112,4.089155597721443
10,107,selected_seed_163765_all_partitions,113,4.1921940941956635
10,107,selected_seed_163765_all_partitions,114,4.200931566396152
10,107,selected_seed_163765_all_partitions,115,4.175459449502127
10,107,selected_seed_163765_all_partitions,116,4.187513406446591
10,107,selected_seed_163765_all_partitions,117,4.135290618332121
10,107,selected_seed_163765_all_partitions,118,4.1155544735811285
10,107,selected_seed_163765_all_partitions,119,4.138682028894513
10,107,selected_seed_163765_all_partitions,120,4.1941805400022565
10,107,selected_seed_163765_all_partitions,121,4.191124052893992
10,107,selected_seed_163765_all_partitions,122,4.137601029092947
10,107,selected_seed_163765_all_partitions,123,4.202621564540747
10,107,selected_seed_163765_all_partitions,124,4.14818382213979
10,107,selected_seed_163765_all_partitions,125,4.10972748185684
