n,M,family,sample,entropy
14,716,random_subsets_natural_partition,0,6.1512211376248045
14,716,random_subsets_natural_partition,1,6.179205397787318
14,716,random_subsets_natural_partition,2,6.174387872463648
14,716,random_subsets_natural_partition,3,6.114428706257237
14,716,random_subsets_natural_partition,4,6.154307399725313
14,716,random_subsets_natural_partition,5,6.1696444052964114
14,716,random_subsets_natural_partition,6,6.132357007318013
14,716,random_subsets_natural_partition,7,6.145422164482313
14,716,random_subsets_natural_partition,8,6.134756415816065
14,716,random_subsets_natural_partition,9,6.158051417533113
14,716,random_subsets_natural_partition,10,6.124147200406896
14,716,random_subsets_natural_partition,11,6.171677229043091
14,716,random_subsets_natural_partition,12,6.138592887631493
14,716,random_subsets_natural_partition,13,6.127720301806982
14,716,random_subsets_natural_partition,14,6.15655491535035
14,716,random_subsets_natural_partition,15,6.175158212524118
14,716,random_subsets_natural_partition,16,6.116193423336833
14,716,random_subsets_natural_partition,17,6.132178983977158
14,716,random_subsets_natural_partition,18,6.168565019816589
14,716,random_subsets_natural_partition,19,6.158003709697755
14,716,random_subsets_natural_partition,20,6.157628355535915
14,716,random_subsets_natural_partition,21,6.161491100018088
14,716,random_subsets_natural_partition,22,6.130581301711341
14,716,random_subsets_natural_partition,23,6.163796660341941
14,716,random_subsets_natural_partition,24,6.159706035305897
14,716,random_subsets_natural_partition,25,6.141554345715422
14,716,random_subsets_natural_partition,26,6.138685916027233
14,716,random_subsets_natural_partition,27,6.144769645433753
14,716,random_subsets_natural_partition,28,6.137044399627753
14,716,random_subsets_natural_partition,29,6.1519206197203475
14,716,random_subsets_natural_partition,30,6.133690714011174
14,716,random_subsets_natural_partition,31,6.163400721285982
14,716,random_subsets_natural_partition,32,6.1442475122216385
14,716,random_subsets_natural_partition,33,6.141153563210322
14,716,random_subsets_natural_partition,34,6.140319578026465
14,716,random_subsets_natural_partition,35,6.131679094113193
14,716,random_subsets_natural_partition,36,6.168422529542219
14,716,random_subsets_natural_partition,37,6.166974512173816
14,716,random_subsets_natural_partition,38,6.151028201830899
14,716,random_subsets_natural_partition,39,6.102986203996449
14,716,random_subsets_natural_partition,40,6.1407965073919435
14,716,random_subsets_natural_partition,41,6.114647305827975
14,716,random_subsets_natural_partition,42,6.134698970867517
14,716,random_subsets_natural_partition,43,6.163357398794728
14,716,random_subsets_natural_partition,44,6.178376895813042
14,716,random_subsets_natural_partition,45,6.136126901322296
14,716,random_subsets_natural_partition,46,6.150182213278958
14,716,random_subsets_natural_partition,47,6.146428012277675
14,716,random_subsets_natural_partition,48,6.170871552515889
14,716,random_subsets_natural_partition,49,6.121151515139536
14,716,random_subsets_natural_partition,50,6.137837606553644
14,716,random_subsets_natural_partition,51,6.12771624565881
14,716,random_subsets_natural_partition,52,6.161468045843615
14,716,random_subsets_natural_partition,53,6.142252570748695
14,716,random_subsets_natural_partition,54,6.137149503892333
14,716,random_subsets_natural_partition,55,6.150391544740987
14,716,random_subsets_natural_partition,56,6.156369269313689
14,716,random_subsets_natural_partition,57,6.138748086604044
14,716,random_subsets_natural_partition,58,6.130623742813709
14,716,random_subsets_natural_partition,59,6.159284199942842
14,716,random_subsets_natural_partition,60,6.130793651395919
14,716,random_subsets_natural_partition,61,6.13300165316665
14,716,random_subsets_natural_partition,62,6.124671575148237
14,716,random_subsets_natural_partition,63,6.14802212368547
14,716,random_subsets_natural_partition,64,6.1333712256426836
14,716,random_subsets_natural_partition,65,6.131925534512286
14,716,random_subsets_natural_partition,66,6.1296779450079155
14,716,random_subsets_natural_partition,67,6.147111043275793
14,716,random_subsets_natural_partition,68,6.135658388069896
14,716,random_subsets_natural_partition,69,6.118477665579664
14,716,random_subsets_natural_partition,70,6.126901560994486
14,716,random_subsets_natural_partition,71,6.078471171685287
14,716,random_subsets_natural_partition,72,6.146499394005905
14,716,random_subsets_natural_partition,73,6.175143661257215
14,716,random_subsets_natural_partition,74,6.132431790138691
14,716,random_subsets_natural_partition,75,6.168802554287815
14,716,random_subsets_natural_partition,76,6.158142172999344
14,716,random_subsets_natural_partition,77,6.133147833464764
14,716,random_subsets_natural_partition,78,6.164274834146238
14,716,random_subsets_natural_partition,79,6.108335752192407
14,716,random_subsets_natural_partition,80,6.116090187092746
14,716,random_subsets_natural_partition,81,6.1564648020999115
14,716,random_subsets_natural_partition,82,6.140538070736465
14,716,random_subsets_natural_partition,83,6.161666257237344
14,716,random_subsets_natural_partition,84,6.1414884786145665
14,716,random_subsets_natural_partition,85,6.121329462668231
14,716,random_subsets_natural_partition,86,6.129575862247787
14,716,random_subsets_natural_partition,87,6.170447872615915
14,716,random_subsets_natural_partition,88,6.160641958546503
14,716,random_subsets_natural_partition,89,6.1239335899370015
14,716,random_subsets_natural_partition,90,6.144158798166046
14,716,random_subsets_natural_partition,91,6.133603975128091
14,716,random_subsets_natural_partition,92,6.164645623846562
14,716,random_subsets_natural_partition,93,6.119422140450841
14,716,random_subsets_natural_partition,94,6.156968935626349
14,716,random_subsets_natural_partition,95,6.1465893658950215
14,716,random_subsets_natural_partition,96,6.115858774352254
14,716,random_subsets_natural_partition,97,6.153220647979635
14,716,random_subsets_natural_partition,98,6.1307458987527665
14,716,random_subsets_natural_partition,99,6.115276866469777
14,716,random_subsets_natural_partition,100,6.1488897873840065
14,716,random_subsets_natural_partition,101,6.154921934380659
14,716,random_subsets_natural_partition,102,6.1309065353781325
14,716,random_subsets_natural_partition,103,6.140232648004401
14,716,random_subsets_natural_partition,104,6.134222276089747
14,716,random_subsets_natural_partition,105,6.134308301639738
14,716,random_subsets_natural_partition,106,6.142766211906142
14,716,random_subsets_natural_partition,107,6.153187193570523
14,716,random_subsets_natural_partition,108,6.1505521415771245
14,716,random_subsets_natural_partition,109,6.114808850536691
14,716,random_subsets_natural_partition,110,6.115352976404697
14,716,random_subsets_natural_partition,111,6.140894088411223
14,716,random_subsets_natural_partition,112,6.157569826200264
14,716,random_subsets_natural_partition,113,6.1471468092605175
14,716,random_subsets_natural_partition,114,6.145918254069083
14,716,random_subsets_natural_partition,115,6.158861960339095
14,716,random_subsets_natural_partition,116,6.147087381432568
14,716,random_subsets_natural_partition,117,6.147738664088753
14,716,random_subsets_natural_partition,118,6.1357852780398225
14,716,random_subsets_natural_partition,119,6.135960921771936
14,716,random_subsets_natural_partition,120,6.1519374656542825
14,716,random_subsets_natural_partition,121,6.13557474025001
14,716,random_subsets_natural_partition,122,6.141336717503249
14,716,random_subsets_natural_partition,123,6.14162712896505
14,716,random_subsets_natural_partition,124,6.1520495445652505
14,716,random_subsets_natural_partition,125,6.153287402689857
14,716,random_subsets_natural_partition,126,6.145459435621995
14,716,random_subsets_natural_partition,127,6.142630589548826
14,716,random_subsets_natural_partition,128,6.135851182964465
14,716,random_subsets_natural_partition,129,6.150186406354011
14,716,random_subsets_natural_partition,130,6.114029873075185
14,716,random_subsets_natural_partition,131,6.146919113764705
14,716,random_subsets_natural_partition,132,6.127097327184092
14,716,random_subsets_natural_partition,133,6.120404363069268
14,716,random_subsets_natural_partition,134,6.140070275955126
14,716,random_subsets_natural_partition,135,6.13656395648458
14,716,random_subsets_natural_partition,136,6.157780742956122
14,716,random_subsets_natural_partition,137,6.138793132401409
14,716,random_subsets_natural_partition,138,6.138545896932388
14,716,random_subsets_natural_partition,139,6.146969250716134
14,716,random_subsets_natural_partition,140,6.159073703165658
14,716,random_subsets_natural_partition,141,6.155344748103381
14,716,random_subsets_natural_partition,142,6.1611811157198515
14,716,random_subsets_natural_partition,143,6.125161317324784
14,716,random_subsets_natural_partition,144,6.11850793162276
14,716,random_subsets_natural_partition,145,6.125647248947238
14,716,random_subsets_natural_partition,146,6.123566532891911
14,716,random_subsets_natural_partition,147,6.158561542128298
14,716,random_subsets_natural_partition,148,6.145424855498665
14,716,random_subsets_natural_partition,149,6.154726727783325
14,716,random_subsets_natural_partition,150,6.137318385978377
14,716,random_subsets_natural_partition,151,6.161266675752268
14,716,random_subsets_natural_partition,152,6.142522216564408
14,716,random_subsets_natural_partition,153,6.131089262241024
14,716,random_subsets_natural_partition,154,6.164555195760675
14,716,random_subsets_natural_partition,155,6.145386779514145
14,716,random_subsets_natural_partition,156,6.16185008679929
14,716,random_subsets_natural_partition,157,6.1601236083809985
14,716,random_subsets_natural_partition,158,6.134939438779934
14,716,random_subsets_natural_partition,159,6.136373741474139
14,716,random_subsets_natural_partition,160,6.141060249140811
14,716,random_subsets_natural_partition,161,6.13796157774756
14,716,random_subsets_natural_partition,162,6.138308486006208
14,716,random_subsets_natural_partition,163,6.126129084152147
14,716,random_subsets_natural_partition,164,6.141435859582561
14,716,random_subsets_natural_partition,165,6.129250235881883
14,716,random_subsets_natural_partition,166,6.142315164370762
14,716,random_subsets_natural_partition,167,6.1299695523271955
14,716,random_subsets_natural_partition,168,6.158201758444898
14,716,random_subsets_natural_partition,169,6.15022286189289
14,716,random_subsets_natural_partition,170,6.146512694240785
14,716,random_subsets_natural_partition,171,6.163177694176811
14,716,random_subsets_natural_partition,172,6.11831227067548
14,716,random_subsets_natural_partition,173,6.14742659751191
14,716,random_subsets_natural_partition,174,6.09868480958583
14,716,random_subsets_natural_partition,175,6.146314132699719
14,716,random_subsets_natural_partition,176,6.116661965980898
14,716,random_subsets_natural_partition,177,6.1431975548929705
14,716,random_subsets_natural_partition,178,6.166369203453969
14,716,random_subsets_natural_partition,179,6.1335007110962225
14,716,random_subsets_natural_partition,180,6.1553146353507096
14,716,random_subsets_natural_partition,181,6.150655491437032
14,716,random_subsets_natural_partition,182,6.156910207625251
14,716,random_subsets_natural_partition,183,6.160308058655472
14,716,random_subsets_natural_partition,184,6.124284198638537
14,716,random_subsets_natural_partition,185,6.167472509467063
14,716,random_subsets_natural_partition,186,6.141561175094532
14,716,random_subsets_natural_partition,187,6.1578451788184285
14,716,random_subsets_natural_partition,188,6.123355697820923
14,716,random_subsets_natural_partition,189,6.175245474079089
14,716,random_subsets_natural_partition,190,6.174097600260621
14,716,random_subsets_natural_partition,191,6.1526861851813806
14,716,random_subsets_natural_partition,192,6.169973009219115
14,716,random_subsets_natural_partition,193,6.140288189543234
14,716,random_subsets_natural_partition,194,6.1643337229001345
14,716,random_subsets_natural_partition,195,6.162836664240783
14,716,random_subsets_natural_partition,196,6.157241623723436
14,716,random_subsets_natural_partition,197,6.1458788171646495
14,716,random_subsets_natural_partition,198,6.106930069049258
14,716,random_subsets_natural_partition,199,6.131780634188177
14,716,random_subsets_natural_partition,200,6.113262732957481
14,716,random_subsets_natural_partition,201,6.141997451678716
14,716,random_subsets_natural_partition,202,6.139645716566388
14,716,random_subsets_natural_partition,203,6.145849517292067
14,716,random_subsets_natural_partition,204,6.1250575713026985
14,716,random_subsets_natural_partition,205,6.129743731703872
14,716,random_subsets_natural_partition,206,6.161395326875391
14,716,random_subsets_natural_partition,207,6.12751033290074
14,716,random_subsets_natural_partition,208,6.133741731121392
14,716,random_subsets_natural_partition,209,6.166912764283339
14,716,random_subsets_natural_partition,210,6.1123394908540245
14,716,random_subsets_natural_partition,211,6.12654812504761
14,716,random_subsets_natural_partition,212,6.119400318979418
14,716,random_subsets_natural_partition,213,6.104243758743528
14,716,random_subsets_natural_partition,214,6.1359495803819435
14,716,random_subsets_natural_partition,215,6.133223356799025
14,716,random_subsets_natural_partition,216,6.142401300681733
14,716,random_subsets_natural_partition,217,6.129436328577052
14,716,random_subsets_natural_partition,218,6.130908783541102
14,716,random_subsets_natural_partition,219,6.132989987931598
14,716,random_subsets_natural_partition,220,6.15239438790711
14,716,random_subsets_natural_partition,221,6.148214747759439
14,716,random_subsets_natural_partition,222,6.165772655221023
14,716,random_subsets_natural_partition,223,6.165581867090798
14,716,random_subsets_natural_partition,224,6.134423091254942
14,716,random_subsets_natural_partition,225,6.10451426613833
14,716,random_subsets_natural_partition,226,6.144387792422382
14,716,random_subsets_natural_partition,227,6.126401698812375
14,716,random_subsets_natural_partition,228,6.133922423781584
14,716,random_subsets_natural_partition,229,6.1595673002157225
14,716,random_subsets_natural_partition,230,6.156518242998656
14,716,random_subsets_natural_partition,231,6.135595899885335
14,716,random_subsets_natural_partition,232,6.120108106265212
14,716,random_subsets_natural_partition,233,6.13564464524285
14,716,random_subsets_natural_partition,234,6.122816190928907
14,716,random_subsets_natural_partition,235,6.140467999257254
14,716,random_subsets_natural_partition,236,6.165708067543427
14,716,random_subsets_natural_partition,237,6.13775038714478
14,716,random_subsets_natural_partition,238,6.152117186157112
14,716,random_subsets_natural_partition,239,6.123026255562826
14,716,random_subsets_natural_partition,240,6.16086580398177
14,716,random_subsets_natural_partition,241,6.1685018461938625
14,716,random_subsets_natural_partition,242,6.137697189819121
14,716,random_subsets_natural_partition,243,6.170080260747914
14,716,random_subsets_natural_partition,244,6.1445177406484195
14,716,random_subsets_natural_partition,245,6.128221334107362
14,716,random_subsets_natural_partition,246,6.1307020438681725
14,716,random_subsets_natural_partition,247,6.170081584777188
14,716,random_subsets_natural_partition,248,6.1650397373069605
14,716,random_subsets_natural_partition,249,6.139188748753629
14,716,random_subsets_natural_partition,250,6.1507867783466486
14,716,random_subsets_natural_partition,251,6.144769840853965
14,716,random_subsets_natural_partition,252,6.161923917790201
14,716,random_subsets_natural_partition,253,6.181873349793256
14,716,random_subsets_natural_partition,254,6.157438926706229
14,716,random_subsets_natural_partition,255,6.144670965043249
14,716,random_subsets_natural_partition,256,6.140425326873517
14,716,random_subsets_natural_partition,257,6.136592388693599
14,716,random_subsets_natural_partition,258,6.129880480102553
14,716,random_subsets_natural_partition,259,6.147641267636232
14,716,random_subsets_natural_partition,260,6.128264347509435
14,716,random_subsets_natural_partition,261,6.129039248969264
14,716,random_subsets_natural_partition,262,6.144162495299889
14,716,random_subsets_natural_partition,263,6.152132470738656
14,716,random_subsets_natural_partition,264,6.160474021771319
14,716,random_subsets_natural_partition,265,6.157726865852993
14,716,random_subsets_natural_partition,266,6.143959246225638
14,716,random_subsets_natural_partition,267,6.141239708023704
14,716,random_subsets_natural_partition,268,6.138835608683997
14,716,random_subsets_natural_partition,269,6.126571775112118
14,716,random_subsets_natural_partition,270,6.118249868676405
14,716,random_subsets_natural_partition,271,6.141116336745096
14,716,random_subsets_natural_partition,272,6.125857832371307
14,716,random_subsets_natural_partition,273,6.166291160925866
14,716,random_subsets_natural_partition,274,6.139928568101794
14,716,random_subsets_natural_partition,275,6.132053491727866
14,716,random_subsets_natural_partition,276,6.16015764011729
14,716,random_subsets_natural_partition,277,6.149348203297003
14,716,random_subsets_natural_partition,278,6.1750417276951755
14,716,random_subsets_natural_partition,279,6.170327627027565
14,716,random_subsets_natural_partition,280,6.124408913711122
14,716,random_subsets_natural_partition,281,6.149560452375207
14,716,random_subsets_natural_partition,282,6.170884068026546
14,716,random_subsets_natural_partition,283,6.138768975473332
14,716,random_subsets_natural_partition,284,6.139503651813556
14,716,random_subsets_natural_partition,285,6.158989001878488
14,716,random_subsets_natural_partition,286,6.149084501850384
14,716,random_subsets_natural_partition,287,6.12729517458755
14,716,random_subsets_natural_partition,288,6.12068501109233
14,716,random_subsets_natural_partition,289,6.149745319704099
14,716,random_subsets_natural_partition,290,6.156803504109
14,716,random_subsets_natural_partition,291,6.154471650589639
14,716,random_subsets_natural_partition,292,6.151820053579236
14,716,random_subsets_natural_partition,293,6.1519828677958985
14,716,random_subsets_natural_partition,294,6.143647273758104
14,716,random_subsets_natural_partition,295,6.149825417789941
14,716,random_subsets_natural_partition,296,6.147980499764873
14,716,random_subsets_natural_partition,297,6.124401091463432
14,716,random_subsets_natural_partition,298,6.167809218710964
14,716,random_subsets_natural_partition,299,6.147024506490033
14,716,random_subsets_natural_partition,300,6.154619834467443
14,716,random_subsets_natural_partition,301,6.145707723868298
14,716,random_subsets_natural_partition,302,6.1231239465908684
14,716,random_subsets_natural_partition,303,6.146004977664973
14,716,random_subsets_natural_partition,304,6.1538404111582095
14,716,random_subsets_natural_partition,305,6.146576529512828
14,716,random_subsets_natural_partition,306,6.148194922365568
14,716,random_subsets_natural_partition,307,6.151009180570495
14,716,random_subsets_natural_partition,308,6.1561284538564465
14,716,random_subsets_natural_partition,309,6.124674501498733
14,716,random_subsets_natural_partition,310,6.159520647321721
14,716,random_subsets_natural_partition,311,6.11289857055465
14,716,random_subsets_natural_partition,312,6.131445889927018
14,716,random_subsets_natural_partition,313,6.120815813357014
14,716,random_subsets_natural_partition,314,6.137064177091098
14,716,random_subsets_natural_partition,315,6.132303424872521
14,716,random_subsets_natural_partition,316,6.158187330209406
14,716,random_subsets_natural_partition,317,6.142619666397512
14,716,random_subsets_natural_partition,318,6.114084966885891
14,716,random_subsets_natural_partition,319,6.134054580510665
14,716,random_subsets_natural_partition,320,6.136496438985952
14,716,random_subsets_natural_partition,321,6.156786229617392
14,716,random_subsets_natural_partition,322,6.144633320837109
14,716,random_subsets_natural_partition,323,6.138725359784806
14,716,random_subsets_natural_partition,324,6.160955790028556
14,716,random_subsets_natural_partition,325,6.141645945408611
14,716,random_subsets_natural_partition,326,6.1297005612169295
14,716,random_subsets_natural_partition,327,6.12774547702827
14,716,random_subsets_natural_partition,328,6.165210656342892
14,716,random_subsets_natural_partition,329,6.131192883015017
14,716,random_subsets_natural_partition,330,6.119527772491559
14,716,random_subsets_natural_partition,331,6.141440848575571
14,716,random_subsets_natural_partition,332,6.127484111917138
14,716,random_subsets_natural_partition,333,6.147502176896766
14,716,random_subsets_natural_partition,334,6.136437537565739
14,716,random_subsets_natural_partition,335,6.143924286329949
14,716,random_subsets_natural_partition,336,6.136038885578203
14,716,random_subsets_natural_partition,337,6.108956078272956
14,716,random_subsets_natural_partition,338,6.113532370456388
14,716,random_subsets_natural_partition,339,6.121726783717205
14,716,random_subsets_natural_partition,340,6.1247078307669565
14,716,random_subsets_natural_partition,341,6.127896792537093
14,716,random_subsets_natural_partition,342,6.161421732364993
14,716,random_subsets_natural_partition,343,6.163217822325781
14,716,random_subsets_natural_partition,344,6.165362988739155
14,716,random_subsets_natural_partition,345,6.134546674763669
14,716,random_subsets_natural_partition,346,6.144261262423879
14,716,random_subsets_natural_partition,347,6.157228752653406
14,716,random_subsets_natural_partition,348,6.144103945260802
14,716,random_subsets_natural_partition,349,6.155337268294716
14,716,random_subsets_natural_partition,350,6.11516797059296
14,716,random_subsets_natural_partition,351,6.124953575829425
14,716,random_subsets_natural_partition,352,6.133887886240329
14,716,random_subsets_natural_partition,353,6.166795065036115
14,716,random_subsets_natural_partition,354,6.141858292866493
14,716,random_subsets_natural_partition,355,6.118095447947858
14,716,random_subsets_natural_partition,356,6.143704766336585
14,716,random_subsets_natural_partition,357,6.169341547948894
14,716,random_subsets_natural_partition,358,6.166464685078554
14,716,random_subsets_natural_partition,359,6.137229856966179
14,716,random_subsets_natural_partition,360,6.157413668759886
14,716,random_subsets_natural_partition,361,6.150004156484553
14,716,random_subsets_natural_partition,362,6.172454926194532
14,716,random_subsets_natural_partition,363,6.134356331931322
14,716,random_subsets_natural_partition,364,6.123441354700194
14,716,random_subsets_natural_partition,365,6.1074140795183265
14,716,random_subsets_natural_partition,366,6.164585954520511
14,716,random_subsets_natural_partition,367,6.143686619305456
14,716,random_subsets_natural_partition,368,6.144584674008243
14,716,random_subsets_natural_partition,369,6.165412569385203
14,716,random_subsets_natural_partition,370,6.142124607492665
14,716,random_subsets_natural_partition,371,6.157288125062735
14,716,random_subsets_natural_partition,372,6.155321277997341
14,716,random_subsets_natural_partition,373,6.1350537635871945
14,716,random_subsets_natural_partition,374,6.152774498163505
14,716,random_subsets_natural_partition,375,6.175215116201717
14,716,random_subsets_natural_partition,376,6.129150178689919
14,716,random_subsets_natural_partition,377,6.143784211768471
14,716,random_subsets_natural_partition,378,6.155053977618541
14,716,random_subsets_natural_partition,379,6.122727686541391
14,716,random_subsets_natural_partition,380,6.12515570300962
14,716,random_subsets_natural_partition,381,6.1605607149689785
14,716,random_subsets_natural_partition,382,6.145896994274501
14,716,random_subsets_natural_partition,383,6.130112120843024
14,716,random_subsets_natural_partition,384,6.1263941932994745
14,716,random_subsets_natural_partition,385,6.1658045102569226
14,716,random_subsets_natural_partition,386,6.164997608364124
14,716,random_subsets_natural_partition,387,6.114078281217802
14,716,random_subsets_natural_partition,388,6.147813631353014
14,716,random_subsets_natural_partition,389,6.112793568569517
14,716,random_subsets_natural_partition,390,6.150903844697892
14,716,random_subsets_natural_partition,391,6.150449923858528
14,716,random_subsets_natural_partition,392,6.173682458846536
14,716,random_subsets_natural_partition,393,6.167230741105829
14,716,random_subsets_natural_partition,394,6.131733115126362
14,716,random_subsets_natural_partition,395,6.119639431480564
14,716,random_subsets_natural_partition,396,6.124124287221054
14,716,random_subsets_natural_partition,397,6.156365268439795
14,716,random_subsets_natural_partition,398,6.137094066053422
14,716,random_subsets_natural_partition,399,6.114851035012953
14,716,random_subsets_natural_partition,400,6.136411095776625
14,716,random_subsets_natural_partition,401,6.15127036781167
14,716,random_subsets_natural_partition,402,6.154447853883322
14,716,random_subsets_natural_partition,403,6.1055842006971845
14,716,random_subsets_natural_partition,404,6.147205145347441
14,716,random_subsets_natural_partition,405,6.091683631464408
14,716,random_subsets_natural_partition,406,6.1521671111184535
14,716,random_subsets_natural_partition,407,6.111248691718915
14,716,random_subsets_natural_partition,408,6.137262700173184
14,716,random_subsets_natural_partition,409,6.154442646640257
14,716,random_subsets_natural_partition,410,6.1375340456213845
14,716,random_subsets_natural_partition,411,6.167507826298409
14,716,random_subsets_natural_partition,412,6.126479952776054
14,716,random_subsets_natural_partition,413,6.134162847087327
14,716,random_subsets_natural_partition,414,6.14309932758715
14,716,random_subsets_natural_partition,415,6.155024000331545
14,716,random_subsets_natural_partition,416,6.114460613695846
14,716,random_subsets_natural_partition,417,6.167775996067022
14,716,random_subsets_natural_partition,418,6.118618720775548
14,716,random_subsets_natural_partition,419,6.141595429293596
14,716,random_subsets_natural_partition,420,6.156965301637806
14,716,random_subsets_natural_partition,421,6.141653022801683
14,716,random_subsets_natural_partition,422,6.151849762586633
14,716,random_subsets_natural_partition,423,6.140888915964089
14,716,random_subsets_natural_partition,424,6.137580547737102
14,716,random_subsets_natural_partition,425,6.145282824812091
14,716,random_subsets_natural_partition,426,6.152224137733267
14,716,random_subsets_natural_partition,427,6.14840227019048
14,716,random_subsets_natural_partition,428,6.154839273998713
14,716,random_subsets_natural_partition,429,6.146209334124367
14,716,random_subsets_natural_partition,430,6.158072697437094
14,716,random_subsets_natural_partition,431,6.116026176097613
14,716,random_subsets_natural_partition,432,6.117514383363064
14,716,random_subsets_natural_partition,433,6.136670692500332
14,716,random_subsets_natural_partition,434,6.124276740691771
14,716,random_subsets_natural_partition,435,6.160085260603811
14,716,random_subsets_natural_partition,436,6.135301936392607
14,716,random_subsets_natural_partition,437,6.149586995591528
14,716,random_subsets_natural_partition,438,6.126466854092821
14,716,random_subsets_natural_partition,439,6.1277291258211
14,716,random_subsets_natural_partition,440,6.104452640455095
14,716,random_subsets_natural_partition,441,6.128283166852553
14,716,random_subsets_natural_partition,442,6.145068974458539
14,716,random_subsets_natural_partition,443,6.131129019172995
14,716,random_subsets_natural_partition,444,6.165677566102855
14,716,random_subsets_natural_partition,445,6.140515774732028
14,716,random_subsets_natural_partition,446,6.1416580344954665
14,716,random_subsets_natural_partition,447,6.115672114954614
14,716,random_subsets_natural_partition,448,6.151578963523186
14,716,random_subsets_natural_partition,449,6.149222788234096
14,716,random_subsets_natural_partition,450,6.1706702707720895
14,716,random_subsets_natural_partition,451,6.143845215854517
14,716,random_subsets_natural_partition,452,6.10064880058642
14,716,random_subsets_natural_partition,453,6.139888995041697
14,716,random_subsets_natural_partition,454,6.132677481166216
14,716,random_subsets_natural_partition,455,6.1345201225886274
14,716,random_subsets_natural_partition,456,6.11471572040525
14,716,random_subsets_natural_partition,457,6.1224726043009285
14,716,random_subsets_natural_partition,458,6.111487431655675
14,716,random_subsets_natural_partition,459,6.1747796656654375
14,716,random_subsets_natural_partition,460,6.153599196504363
14,716,random_subsets_natural_partition,461,6.1316304526713274
14,716,random_subsets_natural_partition,462,6.148518784582408
14,716,random_subsets_natural_partition,463,6.178703526840683
14,716,random_subsets_natural_partition,464,6.101008883334659
14,716,random_subsets_natural_partition,465,6.153055139388532
14,716,random_subsets_natural_partition,466,6.133797856847782
14,716,random_subsets_natural_partition,467,6.157631587279192
14,716,random_subsets_natural_partition,468,6.147301295955577
14,716,random_subsets_natural_partition,469,6.148179862056823
14,716,random_subsets_natural_partition,470,6.115042891383269
14,716,random_subsets_natural_partition,471,6.1413369336533155
14,716,random_subsets_natural_partition,472,6.173285917323801
14,716,random_subsets_natural_partition,473,6.101958161933165
14,716,random_subsets_natural_partition,474,6.1314844194882445
14,716,random_subsets_natural_partition,475,6.1483948737566765
14,716,random_subsets_natural_partition,476,6.13634398962164
14,716,random_subsets_natural_partition,477,6.141118772296217
14,716,random_subsets_natural_partition,478,6.168236290038466
14,716,random_subsets_natural_partition,479,6.137108742252075
14,716,random_subsets_natural_partition,480,6.14205463440491
14,716,random_subsets_natural_partition,481,6.164536171266016
14,716,random_subsets_natural_partition,482,6.169144527469673
14,716,random_subsets_natural_partition,483,6.181625355640206
14,716,random_subsets_natural_partition,484,6.116976677253534
14,716,random_subsets_natural_partition,485,6.164882572135109
14,716,random_subsets_natural_partition,486,6.156265880330876
14,716,random_subsets_natural_partition,487,6.1461377849350445
14,716,random_subsets_natural_partition,488,6.123600589561325
14,716,random_subsets_natural_partition,489,6.173310601468732
14,716,random_subsets_natural_partition,490,6.126982091852058
14,716,random_subsets_natural_partition,491,6.167786338955137
14,716,random_subsets_natural_partition,492,6.153362855820192
14,716,random_subsets_natural_partition,493,6.15564479218395
14,716,random_subsets_natural_partition,494,6.172289970675931
14,716,random_subsets_natural_partition,495,6.1275714773738
14,716,random_subsets_natural_partition,496,6.137814318685537
14,716,random_subsets_natural_partition,497,6.162257470836425
14,716,random_subsets_natural_partition,498,6.1359614142219066
14,716,random_subsets_natural_partition,499,6.113942948113942
14,716,random_subsets_natural_partition,500,6.130521797592994
14,716,random_subsets_natural_partition,501,6.138812281321758
14,716,random_subsets_natural_partition,502,6.1305590628998585
14,716,random_subsets_natural_partition,503,6.140115552256311
14,716,random_subsets_natural_partition,504,6.135653302861843
14,716,random_subsets_natural_partition,505,6.133942401919442
14,716,random_subsets_natural_partition,506,6.131738923629016
14,716,random_subsets_natural_partition,507,6.151352438104592
14,716,random_subsets_natural_partition,508,6.122832938740011
14,716,random_subsets_natural_partition,509,6.1397479004163555
14,716,random_subsets_natural_partition,510,6.133718793847968
14,716,random_subsets_natural_partition,511,6.169108646219164
14,716,random_subsets_natural_partition,512,6.12498900016818
14,716,random_subsets_natural_partition,513,6.142767719074941
14,716,random_subsets_natural_partition,514,6.139611319077852
14,716,random_subsets_natural_partition,515,6.118333124068301
14,716,random_subsets_natural_partition,516,6.141588363226232
14,716,random_subsets_natural_partition,517,6.137626048641378
14,716,random_subsets_natural_partition,518,6.149055599818294
14,716,random_subsets_natural_partition,519,6.107175334459365
14,716,random_subsets_natural_partition,520,6.163809877017758
14,716,random_subsets_natural_partition,521,6.12334762365483
14,716,random_subsets_natural_partition,522,6.131822412885335
14,716,random_subsets_natural_partition,523,6.1603892473826045
14,716,random_subsets_natural_partition,524,6.131022773385625
14,716,random_subsets_natural_partition,525,6.154014364153293
14,716,random_subsets_natural_partition,526,6.18279590056953
14,716,random_subsets_natural_partition,527,6.120309891862148
14,716,random_subsets_natural_partition,528,6.143767701107805
14,716,random_subsets_natural_partition,529,6.1586023973443265
14,716,random_subsets_natural_partition,530,6.116638872758527
14,716,random_subsets_natural_partition,531,6.156529246106768
14,716,random_subsets_natural_partition,532,6.121460190555332
14,716,random_subsets_natural_partition,533,6.146616943652867
14,716,random_subsets_natural_partition,534,6.088038935879668
14,716,random_subsets_natural_partition,535,6.170015864712835
14,716,random_subsets_natural_partition,536,6.129147660518624
14,716,random_subsets_natural_partition,537,6.174558860322735
14,716,random_subsets_natural_partition,538,6.1461015780932335
14,716,random_subsets_natural_partition,539,6.145213920026973
14,716,random_subsets_natural_partition,540,6.136034596039831
14,716,random_subsets_natural_partition,541,6.172426603187115
14,716,random_subsets_natural_partition,542,6.158298177540877
14,716,random_subsets_natural_partition,543,6.120447431292382
14,716,random_subsets_natural_partition,544,6.128243049778631
14,716,random_subsets_natural_partition,545,6.1566368809957
14,716,random_subsets_natural_partition,546,6.138985931403263
14,716,random_subsets_natural_partition,547,6.165435868839533
14,716,random_subsets_natural_partition,548,6.138597384744939
14,716,random_subsets_natural_partition,549,6.137083564237961
14,716,random_subsets_natural_partition,550,6.095445515232244
14,716,random_subsets_natural_partition,551,6.148736334726932
14,716,random_subsets_natural_partition,552,6.162856522657056
14,716,random_subsets_natural_partition,553,6.162412210737004
14,716,random_subsets_natural_partition,554,6.1581878867035655
14,716,random_subsets_natural_partition,555,6.155134234959875
14,716,random_subsets_natural_partition,556,6.135381083802877
14,716,random_subsets_natural_partition,557,6.146928957011272
14,716,random_subsets_natural_partition,558,6.14547256411629
14,716,random_subsets_natural_partition,559,6.1370044073011005
14,716,random_subsets_natural_partition,560,6.134701179963343
14,716,random_subsets_natural_partition,561,6.143202496774918
14,716,random_subsets_natural_partition,562,6.1442294867775775
14,716,random_subsets_natural_partition,563,6.100826268454583
14,716,random_subsets_natural_partition,564,6.141104514377555
14,716,random_subsets_natural_partition,565,6.107668535392831
14,716,random_subsets_natural_partition,566,6.145025356562096
14,716,random_subsets_natural_partition,567,6.134776155902691
14,716,random_subsets_natural_partition,568,6.148170378002609
14,716,random_subsets_natural_partition,569,6.119299382235812
14,716,random_subsets_natural_partition,570,6.156199854841534
14,716,random_subsets_natural_partition,571,6.145908938284147
14,716,random_subsets_natural_partition,572,6.1482828417287765
14,716,random_subsets_natural_partition,573,6.13142910872838
14,716,random_subsets_natural_partition,574,6.163351052077271
14,716,random_subsets_natural_partition,575,6.1361359035107075
14,716,random_subsets_natural_partition,576,6.1164048691169945
14,716,random_subsets_natural_partition,577,6.130565386413076
14,716,random_subsets_natural_partition,578,6.158522945264061
14,716,random_subsets_natural_partition,579,6.155862886167176
14,716,random_subsets_natural_partition,580,6.137199256850314
14,716,random_subsets_natural_partition,581,6.175960417379606
14,716,random_subsets_natural_partition,582,6.116822986677088
14,716,random_subsets_natural_partition,583,6.1223290942868065
14,716,random_subsets_natural_partition,584,6.150640268563954
14,716,random_subsets_natural_partition,585,6.149064594121733
14,716,random_subsets_natural_partition,586,6.121268116094678
14,716,random_subsets_natural_partition,587,6.149181860503338
14,716,random_subsets_natural_partition,588,6.155486630116707
14,716,random_subsets_natural_partition,589,6.155020740221581
14,716,random_subsets_natural_partition,590,6.134231012674331
14,716,random_subsets_natural_partition,591,6.135716251158242
14,716,random_subsets_natural_partition,592,6.1611959582621205
14,716,random_subsets_natural_partition,593,6.118690362124762
14,716,random_subsets_natural_partition,594,6.1418310536919245
14,716,random_subsets_natural_partition,595,6.162240215667755
14,716,random_subsets_natural_partition,596,6.15066556282367
14,716,random_subsets_natural_partition,597,6.127436973248815
14,716,random_subsets_natural_partition,598,6.160530412729077
14,716,random_subsets_natural_partition,599,6.184712780435179
14,716,random_subsets_natural_partition,600,6.116354037850681
14,716,random_subsets_natural_partition,601,6.118750566563847
14,716,random_subsets_natural_partition,602,6.148177006885696
14,716,random_subsets_natural_partition,603,6.126438646323738
14,716,random_subsets_natural_partition,604,6.145547171839133
14,716,random_subsets_natural_partition,605,6.161330907787283
14,716,random_subsets_natural_partition,606,6.168228182978172
14,716,random_subsets_natural_partition,607,6.156466747662704
14,716,random_subsets_natural_partition,608,6.150896950975533
14,716,random_subsets_natural_partition,609,6.164783137877986
14,716,random_subsets_natural_partition,610,6.151361397483554
14,716,random_subsets_natural_partition,611,6.121755448145462
14,716,random_subsets_natural_partition,612,6.157974229395723
14,716,random_subsets_natural_partition,613,6.133276293332669
14,716,random_subsets_natural_partition,614,6.1405589821620685
14,716,random_subsets_natural_partition,615,6.164471987676605
14,716,random_subsets_natural_partition,616,6.12326549679287
14,716,random_subsets_natural_partition,617,6.133490745988721
14,716,random_subsets_natural_partition,618,6.146233745749167
14,716,random_subsets_natural_partition,619,6.157793988186305
14,716,random_subsets_natural_partition,620,6.152037676221381
14,716,random_subsets_natural_partition,621,6.123572701279722
14,716,random_subsets_natural_partition,622,6.146839359635885
14,716,random_subsets_natural_partition,623,6.143688935196271
14,716,random_subsets_natural_partition,624,6.173229656582062
14,716,random_subsets_natural_partition,625,6.099462658205361
14,716,random_subsets_natural_partition,626,6.141750554487678
14,716,random_subsets_natural_partition,627,6.139674540872065
14,716,random_subsets_natural_partition,628,6.158571245944988
14,716,random_subsets_natural_partition,629,6.119526520872296
14,716,random_subsets_natural_partition,630,6.169699842747861
14,716,random_subsets_natural_partition,631,6.137848243310957
14,716,random_subsets_natural_partition,632,6.132464538326547
14,716,random_subsets_natural_partition,633,6.171640473218029
14,716,random_subsets_natural_partition,634,6.159985685742149
14,716,random_subsets_natural_partition,635,6.163230102178921
14,716,random_subsets_natural_partition,636,6.117638858092774
14,716,random_subsets_natural_partition,637,6.136728266518282
14,716,random_subsets_natural_partition,638,6.123153856162128
14,716,random_subsets_natural_partition,639,6.138714543356715
14,716,random_subsets_natural_partition,640,6.1396260878647615
14,716,random_subsets_natural_partition,641,6.155785168447411
14,716,random_subsets_natural_partition,642,6.141412720243615
14,716,random_subsets_natural_partition,643,6.151392924173176
14,716,random_subsets_natural_partition,644,6.177390214269081
14,716,random_subsets_natural_partition,645,6.126852727850919
14,716,random_subsets_natural_partition,646,6.166216848557545
14,716,random_subsets_natural_partition,647,6.140405828401069
14,716,random_subsets_natural_partition,648,6.1640512937986225
14,716,random_subsets_natural_partition,649,6.116853115793282
14,716,random_subsets_natural_partition,650,6.110714931012122
14,716,random_subsets_natural_partition,651,6.15248941732634
14,716,random_subsets_natural_partition,652,6.156662288681811
14,716,random_subsets_natural_partition,653,6.119324629565374
14,716,random_subsets_natural_partition,654,6.131704583805477
14,716,random_subsets_natural_partition,655,6.117468584170599
14,716,random_subsets_natural_partition,656,6.1254367257473215
14,716,random_subsets_natural_partition,657,6.146486317927395
14,716,random_subsets_natural_partition,658,6.123211540071064
14,716,random_subsets_natural_partition,659,6.184833686358608
14,716,random_subsets_natural_partition,660,6.136825586263548
14,716,random_subsets_natural_partition,661,6.135535029232309
14,716,random_subsets_natural_partition,662,6.138157823777421
14,716,random_subsets_natural_partition,663,6.159505435816562
14,716,random_subsets_natural_partition,664,6.155080301186792
14,716,random_subsets_natural_partition,665,6.121110501423683
14,716,random_subsets_natural_partition,666,6.143728110259726
14,716,random_subsets_natural_partition,667,6.146997688623514
14,716,random_subsets_natural_partition,668,6.149911124409643
14,716,random_subsets_natural_partition,669,6.172736280236109
14,716,random_subsets_natural_partition,670,6.137059777404098
14,716,random_subsets_natural_partition,671,6.115211862910728
14,716,random_subsets_natural_partition,672,6.142277937598331
14,716,random_subsets_natural_partition,673,6.14038724708904
14,716,random_subsets_natural_partition,674,6.170098055993219
14,716,random_subsets_natural_partition,675,6.115595263136642
14,716,random_subsets_natural_partition,676,6.138296149849457
14,716,random_subsets_natural_partition,677,6.166413760696661
14,716,random_subsets_natural_partition,678,6.1430388086460175
14,716,random_subsets_natural_partition,679,6.1378697061423715
14,716,random_subsets_natural_partition,680,6.1773844101586715
14,716,random_subsets_natural_partition,681,6.154294683023461
14,716,random_subsets_natural_partition,682,6.162801313509016
14,716,random_subsets_natural_partition,683,6.1055021420277145
14,716,random_subsets_natural_partition,684,6.116703276664351
14,716,random_subsets_natural_partition,685,6.134804469857821
14,716,random_subsets_natural_partition,686,6.143357299456755
14,716,random_subsets_natural_partition,687,6.167691593074386
14,716,random_subsets_natural_partition,688,6.15087300440218
14,716,random_subsets_natural_partition,689,6.138704075021379
14,716,random_subsets_natural_partition,690,6.142971235908136
14,716,random_subsets_natural_partition,691,6.147427220241461
14,716,random_subsets_natural_partition,692,6.145730266641455
14,716,random_subsets_natural_partition,693,6.142140239958685
14,716,random_subsets_natural_partition,694,6.122809528318838
14,716,random_subsets_natural_partition,695,6.142236945293476
14,716,random_subsets_natural_partition,696,6.138048734676681
14,716,random_subsets_natural_partition,697,6.1087376707743415
14,716,random_subsets_natural_partition,698,6.191382513858779
14,716,random_subsets_natural_partition,699,6.1342383941389205
14,716,random_subsets_natural_partition,700,6.134821275348203
14,716,random_subsets_natural_partition,701,6.142209007598972
14,716,random_subsets_natural_partition,702,6.142182095941573
14,716,random_subsets_natural_partition,703,6.135035586078267
14,716,random_subsets_natural_partition,704,6.131507537001674
14,716,random_subsets_natural_partition,705,6.161543246730515
14,716,random_subsets_natural_partition,706,6.145169771686473
14,716,random_subsets_natural_partition,707,6.138515950894558
14,716,random_subsets_natural_partition,708,6.121096065419052
14,716,random_subsets_natural_partition,709,6.15522325033653
14,716,random_subsets_natural_partition,710,6.163013256270175
14,716,random_subsets_natural_partition,711,6.135599272315031
14,716,random_subsets_natural_partition,712,6.128011681950451
14,716,random_subsets_natural_partition,713,6.14592412591496
14,716,random_subsets_natural_partition,714,6.141244573652985
14,716,random_subsets_natural_partition,715,6.156903753602946
14,716,random_subsets_natural_partition,716,6.145509067024333
14,716,random_subsets_natural_partition,717,6.161072847743572
14,716,random_subsets_natural_partition,718,6.112123605234999
14,716,random_subsets_natural_partition,719,6.129006691891881
14,716,random_subsets_natural_partition,720,6.1660119558068684
14,716,random_subsets_natural_partition,721,6.153478984560406
14,716,random_subsets_natural_partition,722,6.146067161000623
14,716,random_subsets_natural_partition,723,6.14140296643338
14,716,random_subsets_natural_partition,724,6.106866497070356
14,716,random_subsets_natural_partition,725,6.119482631690418
14,716,random_subsets_natural_partition,726,6.136922118897349
14,716,random_subsets_natural_partition,727,6.154695206309846
14,716,random_subsets_natural_partition,728,6.146649161062848
14,716,random_subsets_natural_partition,729,6.137080763434087
14,716,random_subsets_natural_partition,730,6.135177044826452
14,716,random_subsets_natural_partition,731,6.131339606551033
14,716,random_subsets_natural_partition,732,6.157296371777123
14,716,random_subsets_natural_partition,733,6.142384531067266
14,716,random_subsets_natural_partition,734,6.131443844742613
14,716,random_subsets_natural_partition,735,6.140374660701037
14,716,random_subsets_natural_partition,736,6.144949883709357
14,716,random_subsets_natural_partition,737,6.149438472662833
14,716,random_subsets_natural_partition,738,6.12240854302313
14,716,random_subsets_natural_partition,739,6.142643139463444
14,716,random_subsets_natural_partition,740,6.14588296384336
14,716,random_subsets_natural_partition,741,6.156754034511296
14,716,random_subsets_natural_partition,742,6.143203061372545
14,716,random_subsets_natural_partition,743,6.161264507173657
14,716,random_subsets_natural_partition,744,6.1742954124179015
14,716,random_subsets_natural_partition,745,6.136921963682402
14,716,random_subsets_natural_partition,746,6.143672259983773
14,716,random_subsets_natural_partition,747,6.132320063703682
14,716,random_subsets_natural_partition,748,6.153689241694304
14,716,random_subsets_natural_partition,749,6.148143242694122
14,716,random_subsets_natural_partition,750,6.140221693611535
14,716,random_subsets_natural_partition,751,6.125926412252669
14,716,random_subsets_natural_partition,752,6.1196641475541025
14,716,random_subsets_natural_partition,753,6.1577343034660235
14,716,random_subsets_natural_partition,754,6.14730306365503
14,716,random_subsets_natural_partition,755,6.145297930621927
14,716,random_subsets_natural_partition,756,6.118456262944158
14,716,random_subsets_natural_partition,757,6.153477931639573
14,716,random_subsets_natural_partition,758,6.132700961671199
14,716,random_subsets_natural_partition,759,6.131065015306336
14,716,random_subsets_natural_partition,760,6.148544772260439
14,716,random_subsets_natural_partition,761,6.1509458110258715
14,716,random_subsets_natural_partition,762,6.162661503397561
14,716,random_subsets_natural_partition,763,6.131270229319231
14,716,random_subsets_natural_partition,764,6.1371618321698245
14,716,random_subsets_natural_partition,765,6.134085864471359
14,716,random_subsets_natural_partition,766,6.15221273657901
14,716,random_subsets_natural_partition,767,6.14829950712633
14,716,random_subsets_natural_partition,768,6.157547214019075
14,716,random_subsets_natural_partition,769,6.153985132929102
14,716,random_subsets_natural_partition,770,6.1464881880874715
14,716,random_subsets_natural_partition,771,6.110502993212428
14,716,random_subsets_natural_partition,772,6.148128325472701
14,716,random_subsets_natural_partition,773,6.136123586839324
14,716,random_subsets_natural_partition,774,6.143345569600254
14,716,random_subsets_natural_partition,775,6.177340597809933
14,716,random_subsets_natural_partition,776,6.1304064759413075
14,716,random_subsets_natural_partition,777,6.112801548220266
14,716,random_subsets_natural_partition,778,6.162035316136418
14,716,random_subsets_natural_partition,779,6.126838938129763
14,716,random_subsets_natural_partition,780,6.148870714132223
14,716,random_subsets_natural_partition,781,6.1365379447496275
14,716,random_subsets_natural_partition,782,6.147959614957414
14,716,random_subsets_natural_partition,783,6.158415892098196
14,716,random_subsets_natural_partition,784,6.1531913042707265
14,716,random_subsets_natural_partition,785,6.168532726228323
14,716,random_subsets_natural_partition,786,6.148634169510421
14,716,random_subsets_natural_partition,787,6.122245202539227
14,716,random_subsets_natural_partition,788,6.183308078325075
14,716,random_subsets_natural_partition,789,6.1469419348668275
14,716,random_subsets_natural_partition,790,6.163942764627701
14,716,random_subsets_natural_partition,791,6.139593564286034
14,716,random_subsets_natural_partition,792,6.148552463523622
14,716,random_subsets_natural_partition,793,6.1574387627586855
14,716,random_subsets_natural_partition,794,6.12485947578386
14,716,random_subsets_natural_partition,795,6.14198227875432
14,716,random_subsets_natural_partition,796,6.143156820097767
14,716,random_subsets_natural_partition,797,6.1231315609245165
14,716,random_subsets_natural_partition,798,6.128631778076142
14,716,random_subsets_natural_partition,799,6.123648779679483
14,716,random_subsets_natural_partition,800,6.168429572001939
14,716,random_subsets_natural_partition,801,6.166308575617571
14,716,random_subsets_natural_partition,802,6.134319981537768
14,716,random_subsets_natural_partition,803,6.126699201617884
14,716,random_subsets_natural_partition,804,6.157031943130543
14,716,random_subsets_natural_partition,805,6.191450576380167
14,716,random_subsets_natural_partition,806,6.148129125988675
14,716,random_subsets_natural_partition,807,6.140881674467367
14,716,random_subsets_natural_partition,808,6.095704629124018
14,716,random_subsets_natural_partition,809,6.109166032823769
14,716,random_subsets_natural_partition,810,6.116753397330147
14,716,random_subsets_natural_partition,811,6.158377113444216
14,716,random_subsets_natural_partition,812,6.1886379355169305
14,716,random_subsets_natural_partition,813,6.148250730654813
14,716,random_subsets_natural_partition,814,6.121113683428843
14,716,random_subsets_natural_partition,815,6.109433919745675
14,716,random_subsets_natural_partition,816,6.171306313606807
14,716,random_subsets_natural_partition,817,6.158685969334811
14,716,random_subsets_natural_partition,818,6.150363875019132
14,716,random_subsets_natural_partition,819,6.160184749524984
14,716,random_subsets_natural_partition,820,6.093141255268713
14,716,random_subsets_natural_partition,821,6.148201005517697
14,716,random_subsets_natural_partition,822,6.087917320806094
14,716,random_subsets_natural_partition,823,6.12046088630429
14,716,random_subsets_natural_partition,824,6.157799267164857
14,716,random_subsets_natural_partition,825,6.10977717739958
14,716,random_subsets_natural_partition,826,6.167831987075788
14,716,random_subsets_natural_partition,827,6.138044573727668
14,716,random_subsets_natural_partition,828,6.150384000361767
14,716,random_subsets_natural_partition,829,6.1252913200289605
14,716,random_subsets_natural_partition,830,6.1714038298922365
14,716,random_subsets_natural_partition,831,6.139488558417391
14,716,random_subsets_natural_partition,832,6.138883967869859
14,716,random_subsets_natural_partition,833,6.154302374586554
14,716,random_subsets_natural_partition,834,6.141718553759228
14,716,random_subsets_natural_partition,835,6.173887583356889
14,716,random_subsets_natural_partition,836,6.162384092876325
14,716,random_subsets_natural_partition,837,6.1562459979570034
14,716,random_subsets_natural_partition,838,6.154575796441799
14,716,random_subsets_natural_partition,839,6.125885433093474
14,716,random_subsets_natural_partition,840,6.1321114124660605
14,716,random_subsets_natural_partition,841,6.179144375347438
14,716,random_subsets_natural_partition,842,6.1275380517167175
14,716,random_subsets_natural_partition,843,6.1537873348051795
14,716,random_subsets_natural_partition,844,6.126490728127986
14,716,random_subsets_natural_partition,845,6.160703621334658
14,716,random_subsets_natural_partition,846,6.1800389253711785
14,716,random_subsets_natural_partition,847,6.1309826527030085
14,716,random_subsets_natural_partition,848,6.1469823781700885
14,716,random_subsets_natural_partition,849,6.1170286459471015
14,716,random_subsets_natural_partition,850,6.130672161072336
14,716,random_subsets_natural_partition,851,6.159982140163995
14,716,random_subsets_natural_partition,852,6.146065858548076
14,716,random_subsets_natural_partition,853,6.14569800405779
14,716,random_subsets_natural_partition,854,6.181152958452402
14,716,random_subsets_natural_partition,855,6.136894558103798
14,716,random_subsets_natural_partition,856,6.1580525821787475
14,716,random_subsets_natural_partition,857,6.1069101539077195
14,716,random_subsets_natural_partition,858,6.164618104385065
14,716,random_subsets_natural_partition,859,6.124927057408958
14,716,random_subsets_natural_partition,860,6.125961473138523
14,716,random_subsets_natural_partition,861,6.1301570592909105
14,716,random_subsets_natural_partition,862,6.166205356836902
14,716,random_subsets_natural_partition,863,6.121383641386367
14,716,random_subsets_natural_partition,864,6.167007489973086
14,716,random_subsets_natural_partition,865,6.1337847098277365
14,716,random_subsets_natural_partition,866,6.148884361519816
14,716,random_subsets_natural_partition,867,6.1283119725753945
14,716,random_subsets_natural_partition,868,6.1220657608365645
14,716,random_subsets_natural_partition,869,6.128046381288303
14,716,random_subsets_natural_partition,870,6.166597891959851
14,716,random_subsets_natural_partition,871,6.152266308849283
14,716,random_subsets_natural_partition,872,6.155192881808412
14,716,random_subsets_natural_partition,873,6.1316264253692925
14,716,random_subsets_natural_partition,874,6.132005660590584
14,716,random_subsets_natural_partition,875,6.131370420447264
14,716,random_subsets_natural_partition,876,6.123105120687925
14,716,random_subsets_natural_partition,877,6.156288642716174
14,716,random_subsets_natural_partition,878,6.139455004544281
14,716,random_subsets_natural_partition,879,6.169607949494205
14,716,random_subsets_natural_partition,880,6.168018650875308
14,716,random_subsets_natural_partition,881,6.171895301582626
14,716,random_subsets_natural_partition,882,6.129282096085351
14,716,random_subsets_natural_partition,883,6.135756193800653
14,716,random_subsets_natural_partition,884,6.135909860405669
14,716,random_subsets_natural_partition,885,6.161755093366929
14,716,random_subsets_natural_partition,886,6.139326544425009
14,716,random_subsets_natural_partition,887,6.140630515017229
14,716,random_subsets_natural_partition,888,6.164610706628233
14,716,random_subsets_natural_partition,889,6.136766654750254
14,716,random_subsets_natural_partition,890,6.138881744967847
14,716,random_subsets_natural_partition,891,6.156896742226522
14,716,random_subsets_natural_partition,892,6.135439022229787
14,716,random_subsets_natural_partition,893,6.142413037909333
14,716,random_subsets_natural_partition,894,6.148870239912603
14,716,random_subsets_natural_partition,895,6.131312093188012
14,716,random_subsets_natural_partition,896,6.15171116287612
14,716,random_subsets_natural_partition,897,6.139849421019238
14,716,random_subsets_natural_partition,898,6.138204783958878
14,716,random_subsets_natural_partition,899,6.153131385471281
14,716,random_subsets_natural_partition,900,6.171379986908144
14,716,random_subsets_natural_partition,901,6.1402908544977475
14,716,random_subsets_natural_partition,902,6.119006059872071
14,716,random_subsets_natural_partition,903,6.146286209171204
14,716,random_subsets_natural_partition,904,6.149595468951698
14,716,random_subsets_natural_partition,905,6.128560546378886
14,716,random_subsets_natural_partition,906,6.139913336654753
14,716,random_subsets_natural_partition,907,6.078728958852559
14,716,random_subsets_natural_partition,908,6.168550768175382
14,716,random_subsets_natural_partition,909,6.14478692505509
14,716,random_subsets_natural_partition,910,6.158564583263129
14,716,random_subsets_natural_partition,911,6.154589919691493
14,716,random_subsets_natural_partition,912,6.143100621601772
14,716,random_subsets_natural_partition,913,6.135019114333973
14,716,random_subsets_natural_partition,914,6.1339261449361455
14,716,random_subsets_natural_partition,915,6.135302011799654
14,716,random_subsets_natural_partition,916,6.128331832950064
14,716,random_subsets_natural_partition,917,6.1122602082905395
14,716,random_subsets_natural_partition,918,6.136730371609413
14,716,random_subsets_natural_partition,919,6.160756804476034
14,716,random_subsets_natural_partition,920,6.138488634283291
14,716,random_subsets_natural_partition,921,6.164168846793577
14,716,random_subsets_natural_partition,922,6.136428282094669
14,716,random_subsets_natural_partition,923,6.124293401523472
14,716,random_subsets_natural_partition,924,6.132792842591771
14,716,random_subsets_natural_partition,925,6.139602680250791
14,716,random_subsets_natural_partition,926,6.099745990681444
14,716,random_subsets_natural_partition,927,6.135228249005727
14,716,random_subsets_natural_partition,928,6.154413812663462
14,716,random_subsets_natural_partition,929,6.137276832935481
14,716,random_subsets_natural_partition,930,6.1414623487082665
14,716,random_subsets_natural_partition,931,6.134992377113471
14,716,random_subsets_natural_partition,932,6.158222902876642
14,716,random_subsets_natural_partition,933,6.152557383881439
14,716,random_subsets_natural_partition,934,6.153406728591533
14,716,random_subsets_natural_partition,935,6.127654641002945
14,716,random_subsets_natural_partition,936,6.1321916077576235
14,716,random_subsets_natural_partition,937,6.158880921008301
14,716,random_subsets_natural_partition,938,6.104594460813084
14,716,random_subsets_natural_partition,939,6.169188724106229
14,716,random_subsets_natural_partition,940,6.136659581646435
14,716,random_subsets_natural_partition,941,6.1263645669224305
14,716,random_subsets_natural_partition,942,6.144047540695453
14,716,random_subsets_natural_partition,943,6.121925192750858
14,716,random_subsets_natural_partition,944,6.14055894364469
14,716,random_subsets_natural_partition,945,6.1542378732827
14,716,random_subsets_natural_partition,946,6.116731092162059
14,716,random_subsets_natural_partition,947,6.136110946813527
14,716,random_subsets_natural_partition,948,6.132549494888445
14,716,random_subsets_natural_partition,949,6.154388795058316
14,716,random_subsets_natural_partition,950,6.127221078575377
14,716,random_subsets_natural_partition,951,6.16160073019484
14,716,random_subsets_natural_partition,952,6.1560881341405
14,716,random_subsets_natural_partition,953,6.148500439212089
14,716,random_subsets_natural_partition,954,6.155268729937101
14,716,random_subsets_natural_partition,955,6.138527197052818
14,716,random_subsets_natural_partition,956,6.12721031685705
14,716,random_subsets_natural_partition,957,6.114831981874359
14,716,random_subsets_natural_partition,958,6.128706246491299
14,716,random_subsets_natural_partition,959,6.140832538230494
14,716,random_subsets_natural_partition,960,6.168249580903013
14,716,random_subsets_natural_partition,961,6.147518092500726
14,716,random_subsets_natural_partition,962,6.116860787531843
14,716,random_subsets_natural_partition,963,6.114313634362136
14,716,random_subsets_natural_partition,964,6.133423739375099
14,716,random_subsets_natural_partition,965,6.151287591177605
14,716,random_subsets_natural_partition,966,6.146894079775768
14,716,random_subsets_natural_partition,967,6.157137603602314
14,716,random_subsets_natural_partition,968,6.157587435538995
14,716,random_subsets_natural_partition,969,6.14938430600061
14,716,random_subsets_natural_partition,970,6.17323127703879
14,716,random_subsets_natural_partition,971,6.17115503879806
14,716,random_subsets_natural_partition,972,6.127009776808487
14,716,random_subsets_natural_partition,973,6.148218606615705
14,716,random_subsets_natural_partition,974,6.159329248103134
14,716,random_subsets_natural_partition,975,6.130556167957353
14,716,random_subsets_natural_partition,976,6.1616597840533265
14,716,random_subsets_natural_partition,977,6.154770514824121
14,716,random_subsets_natural_partition,978,6.134344812282982
14,716,random_subsets_natural_partition,979,6.114177632958005
14,716,random_subsets_natural_partition,980,6.123277762678059
14,716,random_subsets_natural_partition,981,6.150749085856308
14,716,random_subsets_natural_partition,982,6.138351211532039
14,716,random_subsets_natural_partition,983,6.133960736559612
14,716,random_subsets_natural_partition,984,6.151831389451601
14,716,random_subsets_natural_partition,985,6.133539375938733
14,716,random_subsets_natural_partition,986,6.149313977836428
14,716,random_subsets_natural_partition,987,6.153591897064606
14,716,random_subsets_natural_partition,988,6.136731585008204
14,716,random_subsets_natural_partition,989,6.1411543651752964
14,716,random_subsets_natural_partition,990,6.102703156132672
14,716,random_subsets_natural_partition,991,6.142663852945857
14,716,random_subsets_natural_partition,992,6.142676272782699
14,716,random_subsets_natural_partition,993,6.14372443936991
14,716,random_subsets_natural_partition,994,6.138672212329028
14,716,random_subsets_natural_partition,995,6.140912599710982
14,716,random_subsets_natural_partition,996,6.153547341899813
14,716,random_subsets_natural_partition,997,6.1516409607473355
14,716,random_subsets_natural_partition,998,6.170746625271245
14,716,random_subsets_natural_partition,999,6.154104274466621
14,716,random_subsets_natural_partition,1000,6.109024954286845
14,716,random_subsets_natural_partition,1001,6.141967260518809
14,716,random_subsets_natural_partition,1002,6.145968603397838
14,716,random_subsets_natural_partition,1003,6.124552009782945
14,716,random_subsets_natural_partition,1004,6.146520166204797
14,716,random_subsets_natural_partition,1005,6.140763485606702
14,716,random_subsets_natural_partition,1006,6.156239484881229
14,716,random_subsets_natural_partition,1007,6.132029175787482
14,716,random_subsets_natural_partition,1008,6.152245788073269
14,716,random_subsets_natural_partition,1009,6.095690616574437
14,716,random_subsets_natural_partition,1010,6.153850569411556
14,716,random_subsets_natural_partition,1011,6.1545456143700985
14,716,random_subsets_natural_partition,1012,6.134375639983807
14,716,random_subsets_natural_partition,1013,6.13599302517254
14,716,random_subsets_natural_partition,1014,6.147421610369189
14,716,random_subsets_natural_partition,1015,6.155703470170263
14,716,random_subsets_natural_partition,1016,6.14544313332254
14,716,random_subsets_natural_partition,1017,6.136319384340327
14,716,random_subsets_natural_partition,1018,6.121298484270339
14,716,random_subsets_natural_partition,1019,6.138192101427465
14,716,random_subsets_natural_partition,1020,6.152535327241174
14,716,random_subsets_natural_partition,1021,6.18220841902254
14,716,random_subsets_natural_partition,1022,6.155358393811176
14,716,random_subsets_natural_partition,1023,6.150065190474226
14,716,random_subsets_natural_partition,1024,6.14572388574884
14,716,random_subsets_natural_partition,1025,6.156971682401603
14,716,random_subsets_natural_partition,1026,6.125824570244671
14,716,random_subsets_natural_partition,1027,6.103952264255178
14,716,random_subsets_natural_partition,1028,6.195263714192201
14,716,random_subsets_natural_partition,1029,6.126191643429707
14,716,random_subsets_natural_partition,1030,6.136607424576478
14,716,random_subsets_natural_partition,1031,6.159678853424183
14,716,random_subsets_natural_partition,1032,6.161005842350964
14,716,random_subsets_natural_partition,1033,6.156970970250199
14,716,random_subsets_natural_partition,1034,6.144755409181561
14,716,random_subsets_natural_partition,1035,6.138616547368494
14,716,random_subsets_natural_partition,1036,6.159908118172959
14,716,random_subsets_natural_partition,1037,6.14037476363585
14,716,random_subsets_natural_partition,1038,6.1110645521079965
14,716,random_subsets_natural_partition,1039,6.1453919193146875
14,716,random_subsets_natural_partition,1040,6.153250015430575
14,716,random_subsets_natural_partition,1041,6.138970691528713
14,716,random_subsets_natural_partition,1042,6.151473074230078
14,716,random_subsets_natural_partition,1043,6.163668889770033
14,716,random_subsets_natural_partition,1044,6.1747370356671905
14,716,random_subsets_natural_partition,1045,6.1382988350680945
14,716,random_subsets_natural_partition,1046,6.140348932675334
14,716,random_subsets_natural_partition,1047,6.146130016354488
14,716,random_subsets_natural_partition,1048,6.126386385160865
14,716,random_subsets_natural_partition,1049,6.136897449049033
14,716,random_subsets_natural_partition,1050,6.124884201045214
14,716,random_subsets_natural_partition,1051,6.154563233586737
14,716,random_subsets_natural_partition,1052,6.171179096648985
14,716,random_subsets_natural_partition,1053,6.129464296934015
14,716,random_subsets_natural_partition,1054,6.123440023619876
14,716,random_subsets_natural_partition,1055,6.127282554628501
14,716,random_subsets_natural_partition,1056,6.192888902288331
14,716,random_subsets_natural_partition,1057,6.147353005272859
14,716,random_subsets_natural_partition,1058,6.166518392478333
14,716,random_subsets_natural_partition,1059,6.175944994625722
14,716,random_subsets_natural_partition,1060,6.161712307798401
14,716,random_subsets_natural_partition,1061,6.146177418383044
14,716,random_subsets_natural_partition,1062,6.1137789568733645
14,716,random_subsets_natural_partition,1063,6.131339232100706
14,716,random_subsets_natural_partition,1064,6.114172872184057
14,716,random_subsets_natural_partition,1065,6.155929063515212
14,716,random_subsets_natural_partition,1066,6.1473843587058665
14,716,random_subsets_natural_partition,1067,6.172608549024926
14,716,random_subsets_natural_partition,1068,6.120736050128558
14,716,random_subsets_natural_partition,1069,6.1405252457080115
14,716,random_subsets_natural_partition,1070,6.144262217100605
14,716,random_subsets_natural_partition,1071,6.121677393071474
14,716,random_subsets_natural_partition,1072,6.1165937722532355
14,716,random_subsets_natural_partition,1073,6.129813960959679
14,716,random_subsets_natural_partition,1074,6.14507430372074
14,716,random_subsets_natural_partition,1075,6.142141994949853
14,716,random_subsets_natural_partition,1076,6.1635413036299544
14,716,random_subsets_natural_partition,1077,6.163070250779806
14,716,random_subsets_natural_partition,1078,6.102978432373427
14,716,random_subsets_natural_partition,1079,6.176307913842075
14,716,random_subsets_natural_partition,1080,6.135221879450856
14,716,random_subsets_natural_partition,1081,6.123234524891454
14,716,random_subsets_natural_partition,1082,6.146011514392617
14,716,random_subsets_natural_partition,1083,6.1491912305854
14,716,random_subsets_natural_partition,1084,6.130319501394161
14,716,random_subsets_natural_partition,1085,6.130201640852927
14,716,random_subsets_natural_partition,1086,6.132250819002975
14,716,random_subsets_natural_partition,1087,6.1301832135575545
14,716,random_subsets_natural_partition,1088,6.161461683725992
14,716,random_subsets_natural_partition,1089,6.146185457709027
14,716,random_subsets_natural_partition,1090,6.136499441435361
14,716,random_subsets_natural_partition,1091,6.140454877403631
14,716,random_subsets_natural_partition,1092,6.1151970768563695
14,716,random_subsets_natural_partition,1093,6.1369118940810345
14,716,random_subsets_natural_partition,1094,6.144479894109766
14,716,random_subsets_natural_partition,1095,6.11596353933515
14,716,random_subsets_natural_partition,1096,6.1649553310943785
14,716,random_subsets_natural_partition,1097,6.143834912278452
14,716,random_subsets_natural_partition,1098,6.172164973592927
14,716,random_subsets_natural_partition,1099,6.135345987716761
14,716,random_subsets_natural_partition,1100,6.13164223295875
14,716,random_subsets_natural_partition,1101,6.1538545347294304
14,716,random_subsets_natural_partition,1102,6.159963861019101
14,716,random_subsets_natural_partition,1103,6.129854338225659
14,716,random_subsets_natural_partition,1104,6.146863954995519
14,716,random_subsets_natural_partition,1105,6.150363017020505
14,716,random_subsets_natural_partition,1106,6.13006001085628
14,716,random_subsets_natural_partition,1107,6.161728308684039
14,716,random_subsets_natural_partition,1108,6.1722463660457905
14,716,random_subsets_natural_partition,1109,6.137482825282294
14,716,random_subsets_natural_partition,1110,6.138642373146278
14,716,random_subsets_natural_partition,1111,6.127573794323411
14,716,random_subsets_natural_partition,1112,6.1494853311693225
14,716,random_subsets_natural_partition,1113,6.110553786873199
14,716,random_subsets_natural_partition,1114,6.142844780178606
14,716,random_subsets_natural_partition,1115,6.1431650375585285
14,716,random_subsets_natural_partition,1116,6.159685184703349
14,716,random_subsets_natural_partition,1117,6.1396441185545845
14,716,random_subsets_natural_partition,1118,6.15239396515799
14,716,random_subsets_natural_partition,1119,6.182872865746187
14,716,random_subsets_natural_partition,1120,6.140896882972626
14,716,random_subsets_natural_partition,1121,6.136721225956306
14,716,random_subsets_natural_partition,1122,6.131382786013463
14,716,random_subsets_natural_partition,1123,6.135174588183442
14,716,random_subsets_natural_partition,1124,6.114847315389873
14,716,random_subsets_natural_partition,1125,6.1378698592764005
14,716,random_subsets_natural_partition,1126,6.165139745828628
14,716,random_subsets_natural_partition,1127,6.142793536604434
14,716,random_subsets_natural_partition,1128,6.1199841119665725
14,716,random_subsets_natural_partition,1129,6.132433255453447
14,716,random_subsets_natural_partition,1130,6.1151095591622
14,716,random_subsets_natural_partition,1131,6.164778311374701
14,716,random_subsets_natural_partition,1132,6.15377171394693
14,716,random_subsets_natural_partition,1133,6.1350570676094245
14,716,random_subsets_natural_partition,1134,6.145580788340684
14,716,random_subsets_natural_partition,1135,6.16115641358957
14,716,random_subsets_natural_partition,1136,6.113850732499422
14,716,random_subsets_natural_partition,1137,6.169507900215462
14,716,random_subsets_natural_partition,1138,6.137196762832733
14,716,random_subsets_natural_partition,1139,6.1552527585968395
14,716,random_subsets_natural_partition,1140,6.169706980941242
14,716,random_subsets_natural_partition,1141,6.1525023421338885
14,716,random_subsets_natural_partition,1142,6.145444718000355
14,716,random_subsets_natural_partition,1143,6.159507386873034
14,716,random_subsets_natural_partition,1144,6.154345484869062
14,716,random_subsets_natural_partition,1145,6.132120707374759
14,716,random_subsets_natural_partition,1146,6.147273366792619
14,716,random_subsets_natural_partition,1147,6.119560255376006
14,716,random_subsets_natural_partition,1148,6.137141152649687
14,716,random_subsets_natural_partition,1149,6.107661725565177
14,716,random_subsets_natural_partition,1150,6.144063970393123
14,716,random_subsets_natural_partition,1151,6.1437711912218695
14,716,random_subsets_natural_partition,1152,6.10662946069277
14,716,random_subsets_natural_partition,1153,6.152564378801841
14,716,random_subsets_natural_partition,1154,6.129901139678048
14,716,random_subsets_natural_partition,1155,6.162365042221039
14,716,random_subsets_natural_partition,1156,6.144524902410822
14,716,random_subsets_natural_partition,1157,6.147825537832379
14,716,random_subsets_natural_partition,1158,6.158915041236601
14,716,random_subsets_natural_partition,1159,6.143340827528075
14,716,random_subsets_natural_partition,1160,6.145521132694442
14,716,random_subsets_natural_partition,1161,6.12141207723755
14,716,random_subsets_natural_partition,1162,6.137391882519956
14,716,random_subsets_natural_partition,1163,6.145784987289826
14,716,random_subsets_natural_partition,1164,6.123082716481875
14,716,random_subsets_natural_partition,1165,6.139728078346175
14,716,random_subsets_natural_partition,1166,6.137562259107226
14,716,random_subsets_natural_partition,1167,6.1498813687157545
14,716,random_subsets_natural_partition,1168,6.1196749413141545
14,716,random_subsets_natural_partition,1169,6.154984074222375
14,716,random_subsets_natural_partition,1170,6.104017818335588
14,716,random_subsets_natural_partition,1171,6.1069530361702
14,716,random_subsets_natural_partition,1172,6.164079288255586
14,716,random_subsets_natural_partition,1173,6.113314206013423
14,716,random_subsets_natural_partition,1174,6.167008340789716
14,716,random_subsets_natural_partition,1175,6.139910567737977
14,716,random_subsets_natural_partition,1176,6.158257335349188
14,716,random_subsets_natural_partition,1177,6.132048014884262
14,716,random_subsets_natural_partition,1178,6.133943591744615
14,716,random_subsets_natural_partition,1179,6.142515048225961
14,716,random_subsets_natural_partition,1180,6.140413163854231
14,716,random_subsets_natural_partition,1181,6.166004704098678
14,716,random_subsets_natural_partition,1182,6.107775622058388
14,716,random_subsets_natural_partition,1183,6.162949619121968
14,716,random_subsets_natural_partition,1184,6.122409224935912
14,716,random_subsets_natural_partition,1185,6.123516421155358
14,716,random_subsets_natural_partition,1186,6.1209183379354055
14,716,random_subsets_natural_partition,1187,6.142081806886425
14,716,random_subsets_natural_partition,1188,6.158907807650093
14,716,random_subsets_natural_partition,1189,6.165717564526167
14,716,random_subsets_natural_partition,1190,6.133138348996712
14,716,random_subsets_natural_partition,1191,6.148207316900077
14,716,random_subsets_natural_partition,1192,6.159895560659688
14,716,random_subsets_natural_partition,1193,6.134587217836866
14,716,random_subsets_natural_partition,1194,6.160474193794554
14,716,random_subsets_natural_partition,1195,6.156220858186662
14,716,random_subsets_natural_partition,1196,6.136296418742928
14,716,random_subsets_natural_partition,1197,6.138107712016474
14,716,random_subsets_natural_partition,1198,6.127814395073192
14,716,random_subsets_natural_partition,1199,6.116181206009906
14,716,random_subsets_natural_partition,1200,6.154923280458649
14,716,random_subsets_natural_partition,1201,6.136843556421947
14,716,random_subsets_natural_partition,1202,6.129361865504447
14,716,random_subsets_natural_partition,1203,6.110303544318683
14,716,random_subsets_natural_partition,1204,6.143888877546012
14,716,random_subsets_natural_partition,1205,6.15094633442757
14,716,random_subsets_natural_partition,1206,6.138633319299626
14,716,random_subsets_natural_partition,1207,6.140917695669372
14,716,random_subsets_natural_partition,1208,6.1515259203666215
14,716,random_subsets_natural_partition,1209,6.1492062737817825
14,716,random_subsets_natural_partition,1210,6.137137014122424
14,716,random_subsets_natural_partition,1211,6.170683343621842
14,716,random_subsets_natural_partition,1212,6.141733549016639
14,716,random_subsets_natural_partition,1213,6.134900933223299
14,716,random_subsets_natural_partition,1214,6.136171710208329
14,716,random_subsets_natural_partition,1215,6.141196558928634
14,716,random_subsets_natural_partition,1216,6.150921858540339
14,716,random_subsets_natural_partition,1217,6.150045237529806
14,716,random_subsets_natural_partition,1218,6.166819218421946
14,716,random_subsets_natural_partition,1219,6.151785768662702
14,716,random_subsets_natural_partition,1220,6.157504623818762
14,716,random_subsets_natural_partition,1221,6.174634019428869
14,716,random_subsets_natural_partition,1222,6.107491310986619
14,716,random_subsets_natural_partition,1223,6.138761143271889
14,716,random_subsets_natural_partition,1224,6.147015801490387
14,716,random_subsets_natural_partition,1225,6.1287237897978
14,716,random_subsets_natural_partition,1226,6.163163015017975
14,716,random_subsets_natural_partition,1227,6.161987399476629
14,716,random_subsets_natural_partition,1228,6.1185395830186335
14,716,random_subsets_natural_partition,1229,6.1548922796277585
14,716,random_subsets_natural_partition,1230,6.129101364593526
14,716,random_subsets_natural_partition,1231,6.137369028296213
14,716,random_subsets_natural_partition,1232,6.162916819089626
14,716,random_subsets_natural_partition,1233,6.156995065984837
14,716,random_subsets_natural_partition,1234,6.150101905257932
14,716,random_subsets_natural_partition,1235,6.160853388052349
14,716,random_subsets_natural_partition,1236,6.143514118427129
14,716,random_subsets_natural_partition,1237,6.149117550197749
14,716,random_subsets_natural_partition,1238,6.160715544968344
14,716,random_subsets_natural_partition,1239,6.156696122945033
14,716,random_subsets_natural_partition,1240,6.143413450682353
14,716,random_subsets_natural_partition,1241,6.151341595467251
14,716,random_subsets_natural_partition,1242,6.129357584360213
14,716,random_subsets_natural_partition,1243,6.1515305348512745
14,716,random_subsets_natural_partition,1244,6.1216335816724445
14,716,random_subsets_natural_partition,1245,6.095169821983639
14,716,random_subsets_natural_partition,1246,6.1607464768411395
14,716,random_subsets_natural_partition,1247,6.137631996626461
14,716,random_subsets_natural_partition,1248,6.1437881104114505
14,716,random_subsets_natural_partition,1249,6.143927804109176
14,716,random_subsets_natural_partition,1250,6.13145054165032
14,716,random_subsets_natural_partition,1251,6.147213965167427
14,716,random_subsets_natural_partition,1252,6.137702786411889
14,716,random_subsets_natural_partition,1253,6.154067682416224
14,716,random_subsets_natural_partition,1254,6.1351674119576165
14,716,random_subsets_natural_partition,1255,6.168789762032664
14,716,random_subsets_natural_partition,1256,6.1270246007057825
14,716,random_subsets_natural_partition,1257,6.1580614118539865
14,716,random_subsets_natural_partition,1258,6.139620394320453
14,716,random_subsets_natural_partition,1259,6.172011877712916
14,716,random_subsets_natural_partition,1260,6.125032386646464
14,716,random_subsets_natural_partition,1261,6.133731104656434
14,716,random_subsets_natural_partition,1262,6.125343938724146
14,716,random_subsets_natural_partition,1263,6.112296740700316
14,716,random_subsets_natural_partition,1264,6.143029003533329
14,716,random_subsets_natural_partition,1265,6.1381060644896
14,716,random_subsets_natural_partition,1266,6.143584149823561
14,716,random_subsets_natural_partition,1267,6.179848054660117
14,716,random_subsets_natural_partition,1268,6.143685649096929
14,716,random_subsets_natural_partition,1269,6.125425136577218
14,716,random_subsets_natural_partition,1270,6.162782261355015
14,716,random_subsets_natural_partition,1271,6.149580895453749
14,716,random_subsets_natural_partition,1272,6.108438828587548
14,716,random_subsets_natural_partition,1273,6.158392199645914
14,716,random_subsets_natural_partition,1274,6.1215643474323045
14,716,random_subsets_natural_partition,1275,6.148143862553649
14,716,random_subsets_natural_partition,1276,6.153371288263746
14,716,random_subsets_natural_partition,1277,6.172302665324073
14,716,random_subsets_natural_partition,1278,6.119509497583683
14,716,random_subsets_natural_partition,1279,6.117255070080761
14,716,random_subsets_natural_partition,1280,6.154959205421121
14,716,random_subsets_natural_partition,1281,6.124966548609321
14,716,random_subsets_natural_partition,1282,6.121633204017873
14,716,random_subsets_natural_partition,1283,6.167910089486182
14,716,random_subsets_natural_partition,1284,6.158140055864851
14,716,random_subsets_natural_partition,1285,6.138674257356317
14,716,random_subsets_natural_partition,1286,6.148735991842795
14,716,random_subsets_natural_partition,1287,6.141856632401743
14,716,random_subsets_natural_partition,1288,6.150108316875319
14,716,random_subsets_natural_partition,1289,6.149105513847569
14,716,random_subsets_natural_partition,1290,6.1199523128987146
14,716,random_subsets_natural_partition,1291,6.1477358143365715
14,716,random_subsets_natural_partition,1292,6.120770288632368
14,716,random_subsets_natural_partition,1293,6.135220495506808
14,716,random_subsets_natural_partition,1294,6.13828054459543
14,716,random_subsets_natural_partition,1295,6.184633062948597
14,716,random_subsets_natural_partition,1296,6.1355026048363595
14,716,random_subsets_natural_partition,1297,6.148276283060743
14,716,random_subsets_natural_partition,1298,6.109218563226678
14,716,random_subsets_natural_partition,1299,6.144721209862989
14,716,random_subsets_natural_partition,1300,6.147323839085715
14,716,random_subsets_natural_partition,1301,6.154566686106827
14,716,random_subsets_natural_partition,1302,6.137490845423103
14,716,random_subsets_natural_partition,1303,6.107182969254831
14,716,random_subsets_natural_partition,1304,6.130756212353481
14,716,random_subsets_natural_partition,1305,6.168996196887642
14,716,random_subsets_natural_partition,1306,6.158444424972503
14,716,random_subsets_natural_partition,1307,6.176456607653681
14,716,random_subsets_natural_partition,1308,6.127007914758856
14,716,random_subsets_natural_partition,1309,6.146718946632365
14,716,random_subsets_natural_partition,1310,6.157065280871483
14,716,random_subsets_natural_partition,1311,6.179915355144873
14,716,random_subsets_natural_partition,1312,6.126906775826694
14,716,random_subsets_natural_partition,1313,6.121866263035222
14,716,random_subsets_natural_partition,1314,6.141165515529866
14,716,random_subsets_natural_partition,1315,6.140032488006821
14,716,random_subsets_natural_partition,1316,6.161104417581987
14,716,random_subsets_natural_partition,1317,6.131079956674882
14,716,random_subsets_natural_partition,1318,6.133366474575152
14,716,random_subsets_natural_partition,1319,6.119578315511092
14,716,random_subsets_natural_partition,1320,6.140170686131225
14,716,random_subsets_natural_partition,1321,6.158043272735297
14,716,random_subsets_natural_partition,1322,6.138792554001795
14,716,random_subsets_natural_partition,1323,6.146791984644606
14,716,random_subsets_natural_partition,1324,6.138698097375338
14,716,random_subsets_natural_partition,1325,6.141545461768102
14,716,random_subsets_natural_partition,1326,6.148497800258181
14,716,random_subsets_natural_partition,1327,6.153854937242077
14,716,random_subsets_natural_partition,1328,6.132110750665065
14,716,random_subsets_natural_partition,1329,6.1202708682357665
14,716,random_subsets_natural_partition,1330,6.169742085761709
14,716,random_subsets_natural_partition,1331,6.137792145457412
14,716,random_subsets_natural_partition,1332,6.127179248773345
14,716,random_subsets_natural_partition,1333,6.131819303791403
14,716,random_subsets_natural_partition,1334,6.13356680768867
14,716,random_subsets_natural_partition,1335,6.141857002271062
14,716,random_subsets_natural_partition,1336,6.148043575558142
14,716,random_subsets_natural_partition,1337,6.161205375141567
14,716,random_subsets_natural_partition,1338,6.142510278632418
14,716,random_subsets_natural_partition,1339,6.154949861591281
14,716,random_subsets_natural_partition,1340,6.15266687431336
14,716,random_subsets_natural_partition,1341,6.17510986841806
14,716,random_subsets_natural_partition,1342,6.187255695479222
14,716,random_subsets_natural_partition,1343,6.147802361909284
14,716,random_subsets_natural_partition,1344,6.105465572709405
14,716,random_subsets_natural_partition,1345,6.188330141789676
14,716,random_subsets_natural_partition,1346,6.159398921851059
14,716,random_subsets_natural_partition,1347,6.136484671623607
14,716,random_subsets_natural_partition,1348,6.140110885570751
14,716,random_subsets_natural_partition,1349,6.154732133224599
14,716,random_subsets_natural_partition,1350,6.136476327592061
14,716,random_subsets_natural_partition,1351,6.1233673534345625
14,716,random_subsets_natural_partition,1352,6.120314770384812
14,716,random_subsets_natural_partition,1353,6.137769631697661
14,716,random_subsets_natural_partition,1354,6.139468688556211
14,716,random_subsets_natural_partition,1355,6.161658103138238
14,716,random_subsets_natural_partition,1356,6.148386047397216
14,716,random_subsets_natural_partition,1357,6.167448503070115
14,716,random_subsets_natural_partition,1358,6.130815782711685
14,716,random_subsets_natural_partition,1359,6.172290491224298
14,716,random_subsets_natural_partition,1360,6.137764703160389
14,716,random_subsets_natural_partition,1361,6.1427199741238185
14,716,random_subsets_natural_partition,1362,6.138971795797838
14,716,random_subsets_natural_partition,1363,6.11284188786399
14,716,random_subsets_natural_partition,1364,6.117426640316096
14,716,random_subsets_natural_partition,1365,6.131303097579094
14,716,random_subsets_natural_partition,1366,6.1152758857048575
14,716,random_subsets_natural_partition,1367,6.155184976463651
14,716,random_subsets_natural_partition,1368,6.1594840659911565
14,716,random_subsets_natural_partition,1369,6.1295485220423425
14,716,random_subsets_natural_partition,1370,6.106258846010803
14,716,random_subsets_natural_partition,1371,6.16710147925676
14,716,random_subsets_natural_partition,1372,6.146922715315085
14,716,random_subsets_natural_partition,1373,6.149360980445615
14,716,random_subsets_natural_partition,1374,6.138078456854535
14,716,random_subsets_natural_partition,1375,6.17800694672919
14,716,random_subsets_natural_partition,1376,6.143171582143562
14,716,random_subsets_natural_partition,1377,6.1219802294395285
14,716,random_subsets_natural_partition,1378,6.141829102795871
14,716,random_subsets_natural_partition,1379,6.143791934551476
14,716,random_subsets_natural_partition,1380,6.118478602468367
14,716,random_subsets_natural_partition,1381,6.169240290433999
14,716,random_subsets_natural_partition,1382,6.1383379440424415
14,716,random_subsets_natural_partition,1383,6.123485260679755
14,716,random_subsets_natural_partition,1384,6.1197457979083465
14,716,random_subsets_natural_partition,1385,6.175350185136971
14,716,random_subsets_natural_partition,1386,6.114723117703193
14,716,random_subsets_natural_partition,1387,6.119142410990953
14,716,random_subsets_natural_partition,1388,6.161873940250282
14,716,random_subsets_natural_partition,1389,6.129907802882436
14,716,random_subsets_natural_partition,1390,6.121467787033172
14,716,random_subsets_natural_partition,1391,6.163226288412166
14,716,random_subsets_natural_partition,1392,6.123236785265403
14,716,random_subsets_natural_partition,1393,6.158090396567489
14,716,random_subsets_natural_partition,1394,6.122357452646795
14,716,random_subsets_natural_partition,1395,6.144335429259588
14,716,random_subsets_natural_partition,1396,6.144969719848238
14,716,random_subsets_natural_partition,1397,6.147131256523425
14,716,random_subsets_natural_partition,1398,6.17162606606318
14,716,random_subsets_natural_partition,1399,6.1097797516662204
14,716,random_subsets_natural_partition,1400,6.097832245274181
14,716,random_subsets_natural_partition,1401,6.174261217843754
14,716,random_subsets_natural_partition,1402,6.130295398896456
14,716,random_subsets_natural_partition,1403,6.130287709391308
14,716,random_subsets_natural_partition,1404,6.128246079708277
14,716,random_subsets_natural_partition,1405,6.144256402552788
14,716,random_subsets_natural_partition,1406,6.138553148372857
14,716,random_subsets_natural_partition,1407,6.150008871353401
14,716,random_subsets_natural_partition,1408,6.151631299240439
14,716,random_subsets_natural_partition,1409,6.122997032827272
14,716,random_subsets_natural_partition,1410,6.148024497862538
14,716,random_subsets_natural_partition,1411,6.156184887362688
14,716,random_subsets_natural_partition,1412,6.110243441669557
14,716,random_subsets_natural_partition,1413,6.177591456783896
14,716,random_subsets_natural_partition,1414,6.151104822650409
14,716,random_subsets_natural_partition,1415,6.152360640964024
14,716,random_subsets_natural_partition,1416,6.126423680133152
14,716,random_subsets_natural_partition,1417,6.1547993574192015
14,716,random_subsets_natural_partition,1418,6.154728861934434
14,716,random_subsets_natural_partition,1419,6.132308268457756
14,716,random_subsets_natural_partition,1420,6.154969498146106
14,716,random_subsets_natural_partition,1421,6.165959137721888
14,716,random_subsets_natural_partition,1422,6.128170787856065
14,716,random_subsets_natural_partition,1423,6.112004492546287
14,716,random_subsets_natural_partition,1424,6.142959448214235
14,716,random_subsets_natural_partition,1425,6.172284254513778
14,716,random_subsets_natural_partition,1426,6.122603658513562
14,716,random_subsets_natural_partition,1427,6.139010611316091
14,716,random_subsets_natural_partition,1428,6.119874306705971
14,716,random_subsets_natural_partition,1429,6.167428673237192
14,716,random_subsets_natural_partition,1430,6.151999690187038
14,716,random_subsets_natural_partition,1431,6.151503722709274
14,716,random_subsets_natural_partition,1432,6.175213835829042
14,716,random_subsets_natural_partition,1433,6.149132031362321
14,716,random_subsets_natural_partition,1434,6.12822113297654
14,716,random_subsets_natural_partition,1435,6.170692393203892
14,716,random_subsets_natural_partition,1436,6.150104041438055
14,716,random_subsets_natural_partition,1437,6.134702337860968
14,716,random_subsets_natural_partition,1438,6.141401194995003
14,716,random_subsets_natural_partition,1439,6.130994442709406
14,716,random_subsets_natural_partition,1440,6.164648366276906
14,716,random_subsets_natural_partition,1441,6.1291604986738815
14,716,random_subsets_natural_partition,1442,6.128631170633065
14,716,random_subsets_natural_partition,1443,6.142824422700067
14,716,random_subsets_natural_partition,1444,6.1233229655669925
14,716,random_subsets_natural_partition,1445,6.1544221449324805
14,716,random_subsets_natural_partition,1446,6.159265328049905
14,716,random_subsets_natural_partition,1447,6.138333802569975
14,716,random_subsets_natural_partition,1448,6.106342151137107
14,716,random_subsets_natural_partition,1449,6.15290555095901
14,716,random_subsets_natural_partition,1450,6.117040614128182
14,716,random_subsets_natural_partition,1451,6.1484232546530135
14,716,random_subsets_natural_partition,1452,6.154060106155803
14,716,random_subsets_natural_partition,1453,6.114221580441754
14,716,random_subsets_natural_partition,1454,6.143329552711969
14,716,random_subsets_natural_partition,1455,6.144527501638289
14,716,random_subsets_natural_partition,1456,6.149290624808464
14,716,random_subsets_natural_partition,1457,6.125123893661408
14,716,random_subsets_natural_partition,1458,6.138678624182998
14,716,random_subsets_natural_partition,1459,6.133756722917031
14,716,random_subsets_natural_partition,1460,6.150423706130369
14,716,random_subsets_natural_partition,1461,6.13968879133568
14,716,random_subsets_natural_partition,1462,6.135484224687395
14,716,random_subsets_natural_partition,1463,6.127244750222626
14,716,random_subsets_natural_partition,1464,6.156674626685596
14,716,random_subsets_natural_partition,1465,6.175964709468964
14,716,random_subsets_natural_partition,1466,6.160890657190417
14,716,random_subsets_natural_partition,1467,6.178284534893773
14,716,random_subsets_natural_partition,1468,6.1537645432587835
14,716,random_subsets_natural_partition,1469,6.149335815493901
14,716,random_subsets_natural_partition,1470,6.118021924721756
14,716,random_subsets_natural_partition,1471,6.163672546614965
14,716,random_subsets_natural_partition,1472,6.140508566967122
14,716,random_subsets_natural_partition,1473,6.1506895253682865
14,716,random_subsets_natural_partition,1474,6.123350401177455
14,716,random_subsets_natural_partition,1475,6.125144504167196
14,716,random_subsets_natural_partition,1476,6.113904727299505
14,716,random_subsets_natural_partition,1477,6.1507821612469336
14,716,random_subsets_natural_partition,1478,6.133170388868659
14,716,random_subsets_natural_partition,1479,6.111979827448791
14,716,random_subsets_natural_partition,1480,6.144032948427234
14,716,random_subsets_natural_partition,1481,6.148977828138195
14,716,random_subsets_natural_partition,1482,6.149877368247089
14,716,random_subsets_natural_partition,1483,6.125181378453648
14,716,random_subsets_natural_partition,1484,6.131766990377684
14,716,random_subsets_natural_partition,1485,6.123440823902321
14,716,random_subsets_natural_partition,1486,6.1090430719007
14,716,random_subsets_natural_partition,1487,6.161648029926929
14,716,random_subsets_natural_partition,1488,6.148338214947907
14,716,random_subsets_natural_partition,1489,6.132508514037575
14,716,random_subsets_natural_partition,1490,6.14888743478626
14,716,random_subsets_natural_partition,1491,6.134921331662652
14,716,random_subsets_natural_partition,1492,6.142066242317894
14,716,random_subsets_natural_partition,1493,6.146505055845384
14,716,random_subsets_natural_partition,1494,6.137718844515547
14,716,random_subsets_natural_partition,1495,6.150907688806224
14,716,random_subsets_natural_partition,1496,6.139930154496002
14,716,random_subsets_natural_partition,1497,6.146084539118572
14,716,random_subsets_natural_partition,1498,6.147990458003245
14,716,random_subsets_natural_partition,1499,6.1578277364777625
14,716,random_subsets_natural_partition,1500,6.153941717619055
14,716,random_subsets_natural_partition,1501,6.159451472825667
14,716,random_subsets_natural_partition,1502,6.150779451901363
14,716,random_subsets_natural_partition,1503,6.135129662056788
14,716,random_subsets_natural_partition,1504,6.130714588664625
14,716,random_subsets_natural_partition,1505,6.164067553682815
14,716,random_subsets_natural_partition,1506,6.1536380582879175
14,716,random_subsets_natural_partition,1507,6.1572236596395165
14,716,random_subsets_natural_partition,1508,6.142049379000625
14,716,random_subsets_natural_partition,1509,6.139308395807183
14,716,random_subsets_natural_partition,1510,6.142927952599079
14,716,random_subsets_natural_partition,1511,6.13979949003586
14,716,random_subsets_natural_partition,1512,6.109576800669227
14,716,random_subsets_natural_partition,1513,6.129856523009429
14,716,random_subsets_natural_partition,1514,6.1373335462952445
14,716,random_subsets_natural_partition,1515,6.162638288552939
14,716,random_subsets_natural_partition,1516,6.134309278264592
14,716,random_subsets_natural_partition,1517,6.160929867677521
14,716,random_subsets_natural_partition,1518,6.141673840063552
14,716,random_subsets_natural_partition,1519,6.157907792513664
14,716,random_subsets_natural_partition,1520,6.119947809797596
14,716,random_subsets_natural_partition,1521,6.154462718345726
14,716,random_subsets_natural_partition,1522,6.157275337474192
14,716,random_subsets_natural_partition,1523,6.176746987118122
14,716,random_subsets_natural_partition,1524,6.16603730171561
14,716,random_subsets_natural_partition,1525,6.136186142005456
14,716,random_subsets_natural_partition,1526,6.158338417085054
14,716,random_subsets_natural_partition,1527,6.13321451581396
14,716,random_subsets_natural_partition,1528,6.152224551584598
14,716,random_subsets_natural_partition,1529,6.120286872035346
14,716,random_subsets_natural_partition,1530,6.082121756157169
14,716,random_subsets_natural_partition,1531,6.151421656916864
14,716,random_subsets_natural_partition,1532,6.17139538265454
14,716,random_subsets_natural_partition,1533,6.0863937232487615
14,716,random_subsets_natural_partition,1534,6.1345146079413055
14,716,random_subsets_natural_partition,1535,6.112554557417961
14,716,random_subsets_natural_partition,1536,6.147879467551796
14,716,random_subsets_natural_partition,1537,6.127241373240566
14,716,random_subsets_natural_partition,1538,6.144627581522611
14,716,random_subsets_natural_partition,1539,6.138745888193742
14,716,random_subsets_natural_partition,1540,6.159273674427529
14,716,random_subsets_natural_partition,1541,6.148334436608055
14,716,random_subsets_natural_partition,1542,6.149854962564899
14,716,random_subsets_natural_partition,1543,6.105468544897032
14,716,random_subsets_natural_partition,1544,6.160451402424945
14,716,random_subsets_natural_partition,1545,6.170524424179086
14,716,random_subsets_natural_partition,1546,6.156529010587339
14,716,random_subsets_natural_partition,1547,6.147965908172157
14,716,random_subsets_natural_partition,1548,6.124196287653474
14,716,random_subsets_natural_partition,1549,6.142672690911366
14,716,random_subsets_natural_partition,1550,6.116650409624914
14,716,random_subsets_natural_partition,1551,6.158640707387015
14,716,random_subsets_natural_partition,1552,6.131459313171311
14,716,random_subsets_natural_partition,1553,6.125508945473326
14,716,random_subsets_natural_partition,1554,6.147996527246877
14,716,random_subsets_natural_partition,1555,6.1362596229335775
14,716,random_subsets_natural_partition,1556,6.15879300665026
14,716,random_subsets_natural_partition,1557,6.136515111500795
14,716,random_subsets_natural_partition,1558,6.136307563146637
14,716,random_subsets_natural_partition,1559,6.143810604968812
14,716,random_subsets_natural_partition,1560,6.149616467411105
14,716,random_subsets_natural_partition,1561,6.136651282688418
14,716,random_subsets_natural_partition,1562,6.156149647188055
14,716,random_subsets_natural_partition,1563,6.154844542836175
14,716,random_subsets_natural_partition,1564,6.133463403387202
14,716,random_subsets_natural_partition,1565,6.120008749179538
14,716,random_subsets_natural_partition,1566,6.1363036207983415
14,716,random_subsets_natural_partition,1567,6.122197258406133
14,716,random_subsets_natural_partition,1568,6.145078575795197
14,716,random_subsets_natural_partition,1569,6.159926558637515
14,716,random_subsets_natural_partition,1570,6.165161528051612
14,716,random_subsets_natural_partition,1571,6.135965720709981
14,716,random_subsets_natural_partition,1572,6.147142114073174
14,716,random_subsets_natural_partition,1573,6.156253370992464
14,716,random_subsets_natural_partition,1574,6.160300021554973
14,716,random_subsets_natural_partition,1575,6.14039558225744
14,716,random_subsets_natural_partition,1576,6.137039392746385
14,716,random_subsets_natural_partition,1577,6.142595736622383
14,716,random_subsets_natural_partition,1578,6.141811037660886
14,716,random_subsets_natural_partition,1579,6.150602619338669
14,716,random_subsets_natural_partition,1580,6.131090458741599
14,716,random_subsets_natural_partition,1581,6.148294386332021
14,716,random_subsets_natural_partition,1582,6.158423008952431
14,716,random_subsets_natural_partition,1583,6.142036962173318
14,716,random_subsets_natural_partition,1584,6.134954159808016
14,716,random_subsets_natural_partition,1585,6.123035635063337
14,716,random_subsets_natural_partition,1586,6.159979310141326
14,716,random_subsets_natural_partition,1587,6.113479689692106
14,716,random_subsets_natural_partition,1588,6.167813922076453
14,716,random_subsets_natural_partition,1589,6.127787597440217
14,716,random_subsets_natural_partition,1590,6.1486350379876
14,716,random_subsets_natural_partition,1591,6.166351096370335
14,716,random_subsets_natural_partition,1592,6.122500973449053
14,716,random_subsets_natural_partition,1593,6.144884792743568
14,716,random_subsets_natural_partition,1594,6.133477920695048
14,716,random_subsets_natural_partition,1595,6.142847796438474
14,716,random_subsets_natural_partition,1596,6.162613656585624
14,716,random_subsets_natural_partition,1597,6.170784556232851
14,716,random_subsets_natural_partition,1598,6.157771421219198
14,716,random_subsets_natural_partition,1599,6.1719028289572515
14,716,random_subsets_natural_partition,1600,6.1442220828419005
14,716,random_subsets_natural_partition,1601,6.164318631604427
14,716,random_subsets_natural_partition,1602,6.147425082751335
14,716,random_subsets_natural_partition,1603,6.118427473045671
14,716,random_subsets_natural_partition,1604,6.137838915301233
14,716,random_subsets_natural_partition,1605,6.12264529229349
14,716,random_subsets_natural_partition,1606,6.13327676759892
14,716,random_subsets_natural_partition,1607,6.133084094906586
14,716,random_subsets_natural_partition,1608,6.1543547207410665
14,716,random_subsets_natural_partition,1609,6.170180532900478
14,716,random_subsets_natural_partition,1610,6.157036379946049
14,716,random_subsets_natural_partition,1611,6.165461128433851
14,716,random_subsets_natural_partition,1612,6.136923470235183
14,716,random_subsets_natural_partition,1613,6.1608760993026515
14,716,random_subsets_natural_partition,1614,6.144003820508402
14,716,random_subsets_natural_partition,1615,6.095251591415404
14,716,random_subsets_natural_partition,1616,6.122919326773734
14,716,random_subsets_natural_partition,1617,6.154437645043013
14,716,random_subsets_natural_partition,1618,6.149034393283038
14,716,random_subsets_natural_partition,1619,6.173086175506234
14,716,random_subsets_natural_partition,1620,6.130640193431595
14,716,random_subsets_natural_partition,1621,6.125760679305186
14,716,random_subsets_natural_partition,1622,6.142880667353795
14,716,random_subsets_natural_partition,1623,6.1549467080357205
14,716,random_subsets_natural_partition,1624,6.118381079756755
14,716,random_subsets_natural_partition,1625,6.145106404050521
14,716,random_subsets_natural_partition,1626,6.129444496810328
14,716,random_subsets_natural_partition,1627,6.114903386213697
14,716,random_subsets_natural_partition,1628,6.147531830659365
14,716,random_subsets_natural_partition,1629,6.158570829564713
14,716,random_subsets_natural_partition,1630,6.146027706388166
14,716,random_subsets_natural_partition,1631,6.1506268606486145
14,716,random_subsets_natural_partition,1632,6.117785948672418
14,716,random_subsets_natural_partition,1633,6.148098957912333
14,716,random_subsets_natural_partition,1634,6.133625682533547
14,716,random_subsets_natural_partition,1635,6.144430368149228
14,716,random_subsets_natural_partition,1636,6.116836405870055
14,716,random_subsets_natural_partition,1637,6.128428282288424
14,716,random_subsets_natural_partition,1638,6.16045637005189
14,716,random_subsets_natural_partition,1639,6.1363653402691964
14,716,random_subsets_natural_partition,1640,6.116283342023156
14,716,random_subsets_natural_partition,1641,6.162778193276245
14,716,random_subsets_natural_partition,1642,6.15069307991495
14,716,random_subsets_natural_partition,1643,6.135987945477977
14,716,random_subsets_natural_partition,1644,6.140590963754014
14,716,random_subsets_natural_partition,1645,6.140633818845041
14,716,random_subsets_natural_partition,1646,6.126766910555323
14,716,random_subsets_natural_partition,1647,6.170851796341147
14,716,random_subsets_natural_partition,1648,6.153961075786402
14,716,random_subsets_natural_partition,1649,6.142713340573031
14,716,random_subsets_natural_partition,1650,6.120031535542799
14,716,random_subsets_natural_partition,1651,6.092377455374944
14,716,random_subsets_natural_partition,1652,6.134035347718762
14,716,random_subsets_natural_partition,1653,6.1679146108266085
14,716,random_subsets_natural_partition,1654,6.134800626181584
14,716,random_subsets_natural_partition,1655,6.144648298865648
14,716,random_subsets_natural_partition,1656,6.104986165243981
14,716,random_subsets_natural_partition,1657,6.13968904273561
14,716,random_subsets_natural_partition,1658,6.149520534219277
14,716,random_subsets_natural_partition,1659,6.178527870339925
14,716,random_subsets_natural_partition,1660,6.161250663261551
14,716,random_subsets_natural_partition,1661,6.152477245489055
14,716,random_subsets_natural_partition,1662,6.171328727059217
14,716,random_subsets_natural_partition,1663,6.105635848728672
14,716,random_subsets_natural_partition,1664,6.132305173282332
14,716,random_subsets_natural_partition,1665,6.147976150635611
14,716,random_subsets_natural_partition,1666,6.1609806060858565
14,716,random_subsets_natural_partition,1667,6.15081287821267
14,716,random_subsets_natural_partition,1668,6.142675266481411
14,716,random_subsets_natural_partition,1669,6.1712663567185615
14,716,random_subsets_natural_partition,1670,6.175350414489055
14,716,random_subsets_natural_partition,1671,6.1472841154308515
14,716,random_subsets_natural_partition,1672,6.11148869295883
14,716,random_subsets_natural_partition,1673,6.147091087850285
14,716,random_subsets_natural_partition,1674,6.146417652274445
14,716,random_subsets_natural_partition,1675,6.1441286768278065
14,716,random_subsets_natural_partition,1676,6.1431719573368575
14,716,random_subsets_natural_partition,1677,6.132401291602629
14,716,random_subsets_natural_partition,1678,6.146233087153418
14,716,random_subsets_natural_partition,1679,6.135815620116931
14,716,random_subsets_natural_partition,1680,6.12947991021615
14,716,random_subsets_natural_partition,1681,6.118257446844003
14,716,random_subsets_natural_partition,1682,6.107088180791078
14,716,random_subsets_natural_partition,1683,6.134214557263071
14,716,random_subsets_natural_partition,1684,6.126639732466979
14,716,random_subsets_natural_partition,1685,6.145903569508631
14,716,random_subsets_natural_partition,1686,6.158215923073337
14,716,random_subsets_natural_partition,1687,6.1612242103768375
14,716,random_subsets_natural_partition,1688,6.169425811909039
14,716,random_subsets_natural_partition,1689,6.1707759397569975
14,716,random_subsets_natural_partition,1690,6.165743307044918
14,716,random_subsets_natural_partition,1691,6.155209144020331
14,716,random_subsets_natural_partition,1692,6.115566897154183
14,716,random_subsets_natural_partition,1693,6.131024068610941
14,716,random_subsets_natural_partition,1694,6.150155830448527
14,716,random_subsets_natural_partition,1695,6.153836151195006
14,716,random_subsets_natural_partition,1696,6.157649214236994
14,716,random_subsets_natural_partition,1697,6.135084153497183
14,716,random_subsets_natural_partition,1698,6.147599322757131
14,716,random_subsets_natural_partition,1699,6.156663336512563
14,716,random_subsets_natural_partition,1700,6.123695112152202
14,716,random_subsets_natural_partition,1701,6.1218683317641505
14,716,random_subsets_natural_partition,1702,6.126900312665965
14,716,random_subsets_natural_partition,1703,6.129410953711348
14,716,random_subsets_natural_partition,1704,6.173596316096907
14,716,random_subsets_natural_partition,1705,6.147469183550925
14,716,random_subsets_natural_partition,1706,6.105019870846514
14,716,random_subsets_natural_partition,1707,6.12818968149191
14,716,random_subsets_natural_partition,1708,6.117264860057574
14,716,random_subsets_natural_partition,1709,6.152794540132966
14,716,random_subsets_natural_partition,1710,6.141305741015317
14,716,random_subsets_natural_partition,1711,6.118493198159079
14,716,random_subsets_natural_partition,1712,6.16685655454568
14,716,random_subsets_natural_partition,1713,6.1659128523180495
14,716,random_subsets_natural_partition,1714,6.134895599121937
14,716,random_subsets_natural_partition,1715,6.143628111593377
14,716,random_subsets_natural_partition,1716,6.144238899047198
14,716,random_subsets_natural_partition,1717,6.159186370401664
14,716,random_subsets_natural_partition,1718,6.111823171380905
14,716,random_subsets_natural_partition,1719,6.142620132764377
14,716,random_subsets_natural_partition,1720,6.13005909924707
14,716,random_subsets_natural_partition,1721,6.120655886389775
14,716,random_subsets_natural_partition,1722,6.145438787714349
14,716,random_subsets_natural_partition,1723,6.144629347473792
14,716,random_subsets_natural_partition,1724,6.161727342738378
14,716,random_subsets_natural_partition,1725,6.163891967813703
14,716,random_subsets_natural_partition,1726,6.149217457535002
14,716,random_subsets_natural_partition,1727,6.133990623203989
14,716,random_subsets_natural_partition,1728,6.1239203641394235
14,716,random_subsets_natural_partition,1729,6.132921445051627
14,716,random_subsets_natural_partition,1730,6.120546074014526
14,716,random_subsets_natural_partition,1731,6.137089295215334
14,716,random_subsets_natural_partition,1732,6.1477172975455625
14,716,random_subsets_natural_partition,1733,6.175245820216955
14,716,random_subsets_natural_partition,1734,6.153412397039036
14,716,random_subsets_natural_partition,1735,6.139451569426426
14,716,random_subsets_natural_partition,1736,6.142357610214915
14,716,random_subsets_natural_partition,1737,6.174908298810777
14,716,random_subsets_natural_partition,1738,6.161205456583914
14,716,random_subsets_natural_partition,1739,6.1752524054493945
14,716,random_subsets_natural_partition,1740,6.145750705460039
14,716,random_subsets_natural_partition,1741,6.151663657653621
14,716,random_subsets_natural_partition,1742,6.133504278888228
14,716,random_subsets_natural_partition,1743,6.170103202988199
14,716,random_subsets_natural_partition,1744,6.162777338004589
14,716,random_subsets_natural_partition,1745,6.120164207564773
14,716,random_subsets_natural_partition,1746,6.133942122636963
14,716,random_subsets_natural_partition,1747,6.14779154724771
14,716,random_subsets_natural_partition,1748,6.142700520342111
14,716,random_subsets_natural_partition,1749,6.090754827677831
14,716,random_subsets_natural_partition,1750,6.132557762309562
14,716,random_subsets_natural_partition,1751,6.1631574103101805
14,716,random_subsets_natural_partition,1752,6.166288275762842
14,716,random_subsets_natural_partition,1753,6.156212119077895
14,716,random_subsets_natural_partition,1754,6.162342620639277
14,716,random_subsets_natural_partition,1755,6.137749657074574
14,716,random_subsets_natural_partition,1756,6.159301454718084
14,716,random_subsets_natural_partition,1757,6.125673775923119
14,716,random_subsets_natural_partition,1758,6.1552359461227715
14,716,random_subsets_natural_partition,1759,6.166977086459919
14,716,random_subsets_natural_partition,1760,6.151608759629371
14,716,random_subsets_natural_partition,1761,6.1437678929340835
14,716,random_subsets_natural_partition,1762,6.142105575638411
14,716,random_subsets_natural_partition,1763,6.105522221099257
14,716,random_subsets_natural_partition,1764,6.125431346870351
14,716,random_subsets_natural_partition,1765,6.15070887361151
14,716,random_subsets_natural_partition,1766,6.1585283426510085
14,716,random_subsets_natural_partition,1767,6.16017899138756
14,716,random_subsets_natural_partition,1768,6.142316356592026
14,716,random_subsets_natural_partition,1769,6.103622915586966
14,716,random_subsets_natural_partition,1770,6.154400322564218
14,716,random_subsets_natural_partition,1771,6.174042561578209
14,716,random_subsets_natural_partition,1772,6.131037403900051
14,716,random_subsets_natural_partition,1773,6.14542390527294
14,716,random_subsets_natural_partition,1774,6.11773201897351
14,716,random_subsets_natural_partition,1775,6.150972078304469
14,716,random_subsets_natural_partition,1776,6.0885314211934665
14,716,random_subsets_natural_partition,1777,6.12378993826053
14,716,random_subsets_natural_partition,1778,6.135744160541679
14,716,random_subsets_natural_partition,1779,6.146342063839894
14,716,random_subsets_natural_partition,1780,6.146951662148388
14,716,random_subsets_natural_partition,1781,6.152743320169304
14,716,random_subsets_natural_partition,1782,6.142267755459582
14,716,random_subsets_natural_partition,1783,6.16561529887393
14,716,random_subsets_natural_partition,1784,6.132290863871766
14,716,random_subsets_natural_partition,1785,6.1449671694457235
14,716,random_subsets_natural_partition,1786,6.145785008540893
14,716,random_subsets_natural_partition,1787,6.142463013707379
14,716,random_subsets_natural_partition,1788,6.193074695162717
14,716,random_subsets_natural_partition,1789,6.127208085380558
14,716,random_subsets_natural_partition,1790,6.175182045208059
14,716,random_subsets_natural_partition,1791,6.147391038453316
14,716,random_subsets_natural_partition,1792,6.166013511242804
14,716,random_subsets_natural_partition,1793,6.136183695791411
14,716,random_subsets_natural_partition,1794,6.140076026583818
14,716,random_subsets_natural_partition,1795,6.170436164300939
14,716,random_subsets_natural_partition,1796,6.161165835889972
14,716,random_subsets_natural_partition,1797,6.153067553982042
14,716,random_subsets_natural_partition,1798,6.131350856838541
14,716,random_subsets_natural_partition,1799,6.1060977808869925
14,716,random_subsets_natural_partition,1800,6.109557888475813
14,716,random_subsets_natural_partition,1801,6.109602938446885
14,716,random_subsets_natural_partition,1802,6.115029779774116
14,716,random_subsets_natural_partition,1803,6.178167028952839
14,716,random_subsets_natural_partition,1804,6.143562024961983
14,716,random_subsets_natural_partition,1805,6.130571984687106
14,716,random_subsets_natural_partition,1806,6.182504934183285
14,716,random_subsets_natural_partition,1807,6.16200527820239
14,716,random_subsets_natural_partition,1808,6.146240764365078
14,716,random_subsets_natural_partition,1809,6.1561763849813875
14,716,random_subsets_natural_partition,1810,6.146787748452639
14,716,random_subsets_natural_partition,1811,6.136873570766615
14,716,random_subsets_natural_partition,1812,6.150746399150012
14,716,random_subsets_natural_partition,1813,6.163346974538133
14,716,random_subsets_natural_partition,1814,6.156892422525995
14,716,random_subsets_natural_partition,1815,6.147274201345132
14,716,random_subsets_natural_partition,1816,6.1367582094018145
14,716,random_subsets_natural_partition,1817,6.149361501619148
14,716,random_subsets_natural_partition,1818,6.168700666482472
14,716,random_subsets_natural_partition,1819,6.123988932760237
14,716,random_subsets_natural_partition,1820,6.12322361526139
14,716,random_subsets_natural_partition,1821,6.154980993030727
14,716,random_subsets_natural_partition,1822,6.162336244373731
14,716,random_subsets_natural_partition,1823,6.13649336657434
14,716,random_subsets_natural_partition,1824,6.118900202907748
14,716,random_subsets_natural_partition,1825,6.130809277675673
14,716,random_subsets_natural_partition,1826,6.13765104452717
14,716,random_subsets_natural_partition,1827,6.150236054517199
14,716,random_subsets_natural_partition,1828,6.182648332990855
14,716,random_subsets_natural_partition,1829,6.15708358829278
14,716,random_subsets_natural_partition,1830,6.122751342451158
14,716,random_subsets_natural_partition,1831,6.1679736371379414
14,716,random_subsets_natural_partition,1832,6.155239309498388
14,716,random_subsets_natural_partition,1833,6.141660611857856
14,716,random_subsets_natural_partition,1834,6.163610583375618
14,716,random_subsets_natural_partition,1835,6.13689852558024
14,716,random_subsets_natural_partition,1836,6.164216579808427
14,716,random_subsets_natural_partition,1837,6.1761606790253145
14,716,random_subsets_natural_partition,1838,6.131082441267784
14,716,random_subsets_natural_partition,1839,6.1526640112911295
14,716,random_subsets_natural_partition,1840,6.179784506565747
14,716,random_subsets_natural_partition,1841,6.150668912231898
14,716,random_subsets_natural_partition,1842,6.140393069531354
14,716,random_subsets_natural_partition,1843,6.123383060469593
14,716,random_subsets_natural_partition,1844,6.133754258839901
14,716,random_subsets_natural_partition,1845,6.105634396380079
14,716,random_subsets_natural_partition,1846,6.168410979448988
14,716,random_subsets_natural_partition,1847,6.150574367170857
14,716,random_subsets_natural_partition,1848,6.13901901268662
14,716,random_subsets_natural_partition,1849,6.165249894993236
14,716,random_subsets_natural_partition,1850,6.161670233217558
14,716,random_subsets_natural_partition,1851,6.133821186603231
14,716,random_subsets_natural_partition,1852,6.136301144243976
14,716,random_subsets_natural_partition,1853,6.108242788136268
14,716,random_subsets_natural_partition,1854,6.142229143394245
14,716,random_subsets_natural_partition,1855,6.156466256746478
14,716,random_subsets_natural_partition,1856,6.180881741365297
14,716,random_subsets_natural_partition,1857,6.14699264322845
14,716,random_subsets_natural_partition,1858,6.154451437835281
14,716,random_subsets_natural_partition,1859,6.149671469804622
14,716,random_subsets_natural_partition,1860,6.1465855768796285
14,716,random_subsets_natural_partition,1861,6.13581113944289
14,716,random_subsets_natural_partition,1862,6.121652763191273
14,716,random_subsets_natural_partition,1863,6.127073347344086
14,716,random_subsets_natural_partition,1864,6.122268042547536
14,716,random_subsets_natural_partition,1865,6.123366167019965
14,716,random_subsets_natural_partition,1866,6.135920888857872
14,716,random_subsets_natural_partition,1867,6.141089089011305
14,716,random_subsets_natural_partition,1868,6.12234944837158
14,716,random_subsets_natural_partition,1869,6.14899500792728
14,716,random_subsets_natural_partition,1870,6.14582307562522
14,716,random_subsets_natural_partition,1871,6.146173542533457
14,716,random_subsets_natural_partition,1872,6.1430190407480625
14,716,random_subsets_natural_partition,1873,6.132601110246339
14,716,random_subsets_natural_partition,1874,6.1339039840451335
14,716,random_subsets_natural_partition,1875,6.139477939797657
14,716,random_subsets_natural_partition,1876,6.127116461546559
14,716,random_subsets_natural_partition,1877,6.132754514059244
14,716,random_subsets_natural_partition,1878,6.111353335859372
14,716,random_subsets_natural_partition,1879,6.150349107110854
14,716,random_subsets_natural_partition,1880,6.185054660782719
14,716,random_subsets_natural_partition,1881,6.1693244740816695
14,716,random_subsets_natural_partition,1882,6.140888460722039
14,716,random_subsets_natural_partition,1883,6.184463973902384
14,716,random_subsets_natural_partition,1884,6.132343097529108
14,716,random_subsets_natural_partition,1885,6.131561407600729
14,716,random_subsets_natural_partition,1886,6.105360591406318
14,716,random_subsets_natural_partition,1887,6.1464219422478665
14,716,random_subsets_natural_partition,1888,6.1406132887287805
14,716,random_subsets_natural_partition,1889,6.115208824152943
14,716,random_subsets_natural_partition,1890,6.148474221526629
14,716,random_subsets_natural_partition,1891,6.1670443741036305
14,716,random_subsets_natural_partition,1892,6.144326683554268
14,716,random_subsets_natural_partition,1893,6.147940114035055
14,716,random_subsets_natural_partition,1894,6.146088076972001
14,716,random_subsets_natural_partition,1895,6.128950490908051
14,716,random_subsets_natural_partition,1896,6.15575746405112
14,716,random_subsets_natural_partition,1897,6.167404421652998
14,716,random_subsets_natural_partition,1898,6.157800565400327
14,716,random_subsets_natural_partition,1899,6.121765947587726
14,716,random_subsets_natural_partition,1900,6.154853369872142
14,716,random_subsets_natural_partition,1901,6.131309098689441
14,716,random_subsets_natural_partition,1902,6.141104251622063
14,716,random_subsets_natural_partition,1903,6.1194883143492005
14,716,random_subsets_natural_partition,1904,6.165410834858161
14,716,random_subsets_natural_partition,1905,6.14050920354891
14,716,random_subsets_natural_partition,1906,6.134339746579013
14,716,random_subsets_natural_partition,1907,6.15203534292448
14,716,random_subsets_natural_partition,1908,6.161201435671883
14,716,random_subsets_natural_partition,1909,6.153598778536117
14,716,random_subsets_natural_partition,1910,6.174953976255669
14,716,random_subsets_natural_partition,1911,6.129786450056421
14,716,random_subsets_natural_partition,1912,6.096351208078037
14,716,random_subsets_natural_partition,1913,6.170765273557729
14,716,random_subsets_natural_partition,1914,6.178400674479484
14,716,random_subsets_natural_partition,1915,6.1457685148052095
14,716,random_subsets_natural_partition,1916,6.140933088541529
14,716,random_subsets_natural_partition,1917,6.120459059521016
14,716,random_subsets_natural_partition,1918,6.140363468882419
14,716,random_subsets_natural_partition,1919,6.157673303720136
14,716,random_subsets_natural_partition,1920,6.142491177658779
14,716,random_subsets_natural_partition,1921,6.190093035611751
14,716,random_subsets_natural_partition,1922,6.180659022490726
14,716,random_subsets_natural_partition,1923,6.144040452125468
14,716,random_subsets_natural_partition,1924,6.150975317070472
14,716,random_subsets_natural_partition,1925,6.149998114274987
14,716,random_subsets_natural_partition,1926,6.188083662983287
14,716,random_subsets_natural_partition,1927,6.146929526409819
14,716,random_subsets_natural_partition,1928,6.177543141852909
14,716,random_subsets_natural_partition,1929,6.151837374069159
14,716,random_subsets_natural_partition,1930,6.179245348998982
14,716,random_subsets_natural_partition,1931,6.132107626508186
14,716,random_subsets_natural_partition,1932,6.17949217916519
14,716,random_subsets_natural_partition,1933,6.158362745745976
14,716,random_subsets_natural_partition,1934,6.150691740071242
14,716,random_subsets_natural_partition,1935,6.141782476390655
14,716,random_subsets_natural_partition,1936,6.140540557082227
14,716,random_subsets_natural_partition,1937,6.115968621397524
14,716,random_subsets_natural_partition,1938,6.130276292594596
14,716,random_subsets_natural_partition,1939,6.118146038391852
14,716,random_subsets_natural_partition,1940,6.162794496319224
14,716,random_subsets_natural_partition,1941,6.152604251310258
14,716,random_subsets_natural_partition,1942,6.148252832190854
14,716,random_subsets_natural_partition,1943,6.161522663220312
14,716,random_subsets_natural_partition,1944,6.146832872633474
14,716,random_subsets_natural_partition,1945,6.150261256076944
14,716,random_subsets_natural_partition,1946,6.12770718968245
14,716,random_subsets_natural_partition,1947,6.129799001063981
14,716,random_subsets_natural_partition,1948,6.1411443240269845
14,716,random_subsets_natural_partition,1949,6.1453664055992325
14,716,random_subsets_natural_partition,1950,6.105765602433785
14,716,random_subsets_natural_partition,1951,6.15071497505258
14,716,random_subsets_natural_partition,1952,6.148297400397539
14,716,random_subsets_natural_partition,1953,6.140665832069702
14,716,random_subsets_natural_partition,1954,6.113108698318389
14,716,random_subsets_natural_partition,1955,6.15593072325379
14,716,random_subsets_natural_partition,1956,6.161486023654938
14,716,random_subsets_natural_partition,1957,6.135055385789785
14,716,random_subsets_natural_partition,1958,6.15117662309361
14,716,random_subsets_natural_partition,1959,6.183717994436829
14,716,random_subsets_natural_partition,1960,6.1553909275533085
14,716,random_subsets_natural_partition,1961,6.1354019220660945
14,716,random_subsets_natural_partition,1962,6.158385363250802
14,716,random_subsets_natural_partition,1963,6.166124752819827
14,716,random_subsets_natural_partition,1964,6.136434567485772
14,716,random_subsets_natural_partition,1965,6.147635665878384
14,716,random_subsets_natural_partition,1966,6.180565370974208
14,716,random_subsets_natural_partition,1967,6.114898119964569
14,716,random_subsets_natural_partition,1968,6.178465351774592
14,716,random_subsets_natural_partition,1969,6.143105702585799
14,716,random_subsets_natural_partition,1970,6.16744485219356
14,716,random_subsets_natural_partition,1971,6.157070753334883
14,716,random_subsets_natural_partition,1972,6.131005108907388
14,716,random_subsets_natural_partition,1973,6.152797942167032
14,716,random_subsets_natural_partition,1974,6.1351677064903924
14,716,random_subsets_natural_partition,1975,6.115069116882319
14,716,random_subsets_natural_partition,1976,6.123283456780723
14,716,random_subsets_natural_partition,1977,6.143596784729235
14,716,random_subsets_natural_partition,1978,6.152099899003687
14,716,random_subsets_natural_partition,1979,6.155866007263785
14,716,random_subsets_natural_partition,1980,6.137358429833293
14,716,random_subsets_natural_partition,1981,6.109938094698086
14,716,random_subsets_natural_partition,1982,6.154046026649619
14,716,random_subsets_natural_partition,1983,6.133537173240673
14,716,random_subsets_natural_partition,1984,6.129258363432705
14,716,random_subsets_natural_partition,1985,6.160858071676191
14,716,random_subsets_natural_partition,1986,6.144088457852881
14,716,random_subsets_natural_partition,1987,6.117768043769249
14,716,random_subsets_natural_partition,1988,6.158074022059067
14,716,random_subsets_natural_partition,1989,6.148182380344171
14,716,random_subsets_natural_partition,1990,6.164021539297885
14,716,random_subsets_natural_partition,1991,6.1321768551862865
14,716,random_subsets_natural_partition,1992,6.1349111866405
14,716,random_subsets_natural_partition,1993,6.149522066485526
14,716,random_subsets_natural_partition,1994,6.118411112669015
14,716,random_subsets_natural_partition,1995,6.123163501460505
14,716,random_subsets_natural_partition,1996,6.144996003424147
14,716,random_subsets_natural_partition,1997,6.15990099540098
14,716,random_subsets_natural_partition,1998,6.143273921519176
14,716,random_subsets_natural_partition,1999,6.1319188374132345
14,716,random_subsets_natural_partition,2000,6.135511484882278
14,716,random_subsets_natural_partition,2001,6.119781136613081
14,716,random_subsets_natural_partition,2002,6.150463054180727
14,716,random_subsets_natural_partition,2003,6.159167397757781
14,716,random_subsets_natural_partition,2004,6.151838502889849
14,716,random_subsets_natural_partition,2005,6.14140279357533
14,716,random_subsets_natural_partition,2006,6.1481064372721
14,716,random_subsets_natural_partition,2007,6.151856771794366
14,716,random_subsets_natural_partition,2008,6.11990925341777
14,716,random_subsets_natural_partition,2009,6.132095840612139
14,716,random_subsets_natural_partition,2010,6.134247887887854
14,716,random_subsets_natural_partition,2011,6.1201722800662965
14,716,random_subsets_natural_partition,2012,6.177177317876862
14,716,random_subsets_natural_partition,2013,6.142480445634376
14,716,random_subsets_natural_partition,2014,6.171202472915336
14,716,random_subsets_natural_partition,2015,6.146878463644249
14,716,random_subsets_natural_partition,2016,6.130644088350007
14,716,random_subsets_natural_partition,2017,6.153746861770508
14,716,random_subsets_natural_partition,2018,6.133460187205378
14,716,random_subsets_natural_partition,2019,6.120942089250151
14,716,random_subsets_natural_partition,2020,6.143833003385134
14,716,random_subsets_natural_partition,2021,6.117316751268245
14,716,random_subsets_natural_partition,2022,6.121522890567812
14,716,random_subsets_natural_partition,2023,6.149999202912585
14,716,random_subsets_natural_partition,2024,6.1586383919529135
14,716,random_subsets_natural_partition,2025,6.113285285466689
14,716,random_subsets_natural_partition,2026,6.108037154897752
14,716,random_subsets_natural_partition,2027,6.142274177467974
14,716,random_subsets_natural_partition,2028,6.178188212796334
14,716,random_subsets_natural_partition,2029,6.145472053828101
14,716,random_subsets_natural_partition,2030,6.159604859786709
14,716,random_subsets_natural_partition,2031,6.15170442376756
14,716,random_subsets_natural_partition,2032,6.141848701338943
14,716,random_subsets_natural_partition,2033,6.15525393540319
14,716,random_subsets_natural_partition,2034,6.120987002728124
14,716,random_subsets_natural_partition,2035,6.148173355550376
14,716,random_subsets_natural_partition,2036,6.12619857366762
14,716,random_subsets_natural_partition,2037,6.152786477360283
14,716,random_subsets_natural_partition,2038,6.14884349968236
14,716,random_subsets_natural_partition,2039,6.1412386322940575
14,716,random_subsets_natural_partition,2040,6.147057996668206
14,716,random_subsets_natural_partition,2041,6.13607749108204
14,716,random_subsets_natural_partition,2042,6.1309089227126075
14,716,random_subsets_natural_partition,2043,6.170149457704731
14,716,random_subsets_natural_partition,2044,6.1542283842356245
14,716,random_subsets_natural_partition,2045,6.148055556901045
14,716,random_subsets_natural_partition,2046,6.132089384576498
14,716,random_subsets_natural_partition,2047,6.105806405940747
14,716,random_subsets_natural_partition,2048,6.156402747911433
14,716,random_subsets_natural_partition,2049,6.135687271567132
14,716,random_subsets_natural_partition,2050,6.119154080592926
14,716,random_subsets_natural_partition,2051,6.155294397326943
14,716,random_subsets_natural_partition,2052,6.189469207525173
14,716,random_subsets_natural_partition,2053,6.130548805008939
14,716,random_subsets_natural_partition,2054,6.128865192859713
14,716,random_subsets_natural_partition,2055,6.119790114103562
14,716,random_subsets_natural_partition,2056,6.179106430980305
14,716,random_subsets_natural_partition,2057,6.13944199274906
14,716,random_subsets_natural_partition,2058,6.170941468214524
14,716,random_subsets_natural_partition,2059,6.156137860981121
14,716,random_subsets_natural_partition,2060,6.144854030248706
14,716,random_subsets_natural_partition,2061,6.137412980973683
14,716,random_subsets_natural_partition,2062,6.148020538705547
14,716,random_subsets_natural_partition,2063,6.139032546912831
14,716,random_subsets_natural_partition,2064,6.137235584379528
14,716,random_subsets_natural_partition,2065,6.140865530584948
14,716,random_subsets_natural_partition,2066,6.132706294563147
14,716,random_subsets_natural_partition,2067,6.1702833552613106
14,716,random_subsets_natural_partition,2068,6.152895771870399
14,716,random_subsets_natural_partition,2069,6.120644537822211
14,716,random_subsets_natural_partition,2070,6.1396720061726695
14,716,random_subsets_natural_partition,2071,6.138937075140184
14,716,random_subsets_natural_partition,2072,6.133510976396948
14,716,random_subsets_natural_partition,2073,6.155991635366248
14,716,random_subsets_natural_partition,2074,6.147403649524932
14,716,random_subsets_natural_partition,2075,6.13808744795623
14,716,random_subsets_natural_partition,2076,6.160093263089315
14,716,random_subsets_natural_partition,2077,6.163290879300326
14,716,random_subsets_natural_partition,2078,6.139469210091742
14,716,random_subsets_natural_partition,2079,6.1247905585058025
14,716,random_subsets_natural_partition,2080,6.137919020483757
14,716,random_subsets_natural_partition,2081,6.154219417089918
14,716,random_subsets_natural_partition,2082,6.175946124512076
14,716,random_subsets_natural_partition,2083,6.135811587939467
14,716,random_subsets_natural_partition,2084,6.152461965479525
14,716,random_subsets_natural_partition,2085,6.161317043940777
14,716,random_subsets_natural_partition,2086,6.159930851694391
14,716,random_subsets_natural_partition,2087,6.127468168905873
14,716,random_subsets_natural_partition,2088,6.153789918928675
14,716,random_subsets_natural_partition,2089,6.129343298534168
14,716,random_subsets_natural_partition,2090,6.130435097247942
14,716,random_subsets_natural_partition,2091,6.140538447475259
14,716,random_subsets_natural_partition,2092,6.137223151473309
14,716,random_subsets_natural_partition,2093,6.157190433718336
14,716,random_subsets_natural_partition,2094,6.180324801689793
14,716,random_subsets_natural_partition,2095,6.164469718302953
14,716,random_subsets_natural_partition,2096,6.178865165171307
14,716,random_subsets_natural_partition,2097,6.148424194330899
14,716,random_subsets_natural_partition,2098,6.144395098249071
14,716,random_subsets_natural_partition,2099,6.117137241657114
14,716,random_subsets_natural_partition,2100,6.1222222694027915
14,716,random_subsets_natural_partition,2101,6.1734520791241385
14,716,random_subsets_natural_partition,2102,6.176772394566551
14,716,random_subsets_natural_partition,2103,6.138556814738841
14,716,random_subsets_natural_partition,2104,6.153867420422281
14,716,random_subsets_natural_partition,2105,6.155699369461286
14,716,random_subsets_natural_partition,2106,6.152383074877808
14,716,random_subsets_natural_partition,2107,6.12419275652945
14,716,random_subsets_natural_partition,2108,6.161385729323319
14,716,random_subsets_natural_partition,2109,6.129775954540188
14,716,random_subsets_natural_partition,2110,6.135448775264503
14,716,random_subsets_natural_partition,2111,6.101037138443431
14,716,random_subsets_natural_partition,2112,6.171142421856352
14,716,random_subsets_natural_partition,2113,6.15860164865398
14,716,random_subsets_natural_partition,2114,6.126573968850941
14,716,random_subsets_natural_partition,2115,6.133141000276002
14,716,random_subsets_natural_partition,2116,6.144312654822192
14,716,random_subsets_natural_partition,2117,6.131902236611103
14,716,random_subsets_natural_partition,2118,6.133158454322922
14,716,random_subsets_natural_partition,2119,6.13472157278753
14,716,random_subsets_natural_partition,2120,6.15278008288138
14,716,random_subsets_natural_partition,2121,6.169366676638825
14,716,random_subsets_natural_partition,2122,6.14021422336254
14,716,random_subsets_natural_partition,2123,6.137898448704725
14,716,random_subsets_natural_partition,2124,6.136764375529752
14,716,random_subsets_natural_partition,2125,6.156023598581772
14,716,random_subsets_natural_partition,2126,6.15034391286437
14,716,random_subsets_natural_partition,2127,6.161759073729588
14,716,random_subsets_natural_partition,2128,6.135854364221503
14,716,random_subsets_natural_partition,2129,6.148220161397137
14,716,random_subsets_natural_partition,2130,6.149284324474083
14,716,random_subsets_natural_partition,2131,6.154111823402012
14,716,random_subsets_natural_partition,2132,6.138480656803895
14,716,random_subsets_natural_partition,2133,6.15117425456758
14,716,random_subsets_natural_partition,2134,6.1434448168045055
14,716,random_subsets_natural_partition,2135,6.128113062567268
14,716,random_subsets_natural_partition,2136,6.153241815021516
14,716,random_subsets_natural_partition,2137,6.171640328588051
14,716,random_subsets_natural_partition,2138,6.144077995303128
14,716,random_subsets_natural_partition,2139,6.147655089227612
14,716,random_subsets_natural_partition,2140,6.144013780186216
14,716,random_subsets_natural_partition,2141,6.149789569369582
14,716,random_subsets_natural_partition,2142,6.136563048525902
14,716,random_subsets_natural_partition,2143,6.150262761523283
14,716,random_subsets_natural_partition,2144,6.132326800661691
14,716,random_subsets_natural_partition,2145,6.124431555450313
14,716,random_subsets_natural_partition,2146,6.135123449578848
14,716,random_subsets_natural_partition,2147,6.14052941330696
14,716,random_subsets_natural_partition,2148,6.135937883220434
14,716,random_subsets_natural_partition,2149,6.13521663420962
14,716,random_subsets_natural_partition,2150,6.124852671295582
14,716,random_subsets_natural_partition,2151,6.137290250990843
14,716,random_subsets_natural_partition,2152,6.133038812978585
14,716,random_subsets_natural_partition,2153,6.124603542135604
14,716,random_subsets_natural_partition,2154,6.122852605551326
14,716,random_subsets_natural_partition,2155,6.142737061177391
14,716,random_subsets_natural_partition,2156,6.180302569796983
14,716,random_subsets_natural_partition,2157,6.1470318605823255
14,716,random_subsets_natural_partition,2158,6.155498139732216
14,716,random_subsets_natural_partition,2159,6.154513006459165
14,716,random_subsets_natural_partition,2160,6.133571427081418
14,716,random_subsets_natural_partition,2161,6.128877823983879
14,716,random_subsets_natural_partition,2162,6.1635211549639894
14,716,random_subsets_natural_partition,2163,6.1769937680711555
14,716,random_subsets_natural_partition,2164,6.166675976761353
14,716,random_subsets_natural_partition,2165,6.114581942498402
14,716,random_subsets_natural_partition,2166,6.106891817442538
14,716,random_subsets_natural_partition,2167,6.140569602963287
14,716,random_subsets_natural_partition,2168,6.167043746942304
14,716,random_subsets_natural_partition,2169,6.1340346251735
14,716,random_subsets_natural_partition,2170,6.174277427122584
14,716,random_subsets_natural_partition,2171,6.108803360774656
14,716,random_subsets_natural_partition,2172,6.101097326938481
14,716,random_subsets_natural_partition,2173,6.122007932699148
14,716,random_subsets_natural_partition,2174,6.150843115606792
14,716,random_subsets_natural_partition,2175,6.150705384643513
14,716,random_subsets_natural_partition,2176,6.153159692242222
14,716,random_subsets_natural_partition,2177,6.157174898738061
14,716,random_subsets_natural_partition,2178,6.12157276490278
14,716,random_subsets_natural_partition,2179,6.11714420255697
14,716,random_subsets_natural_partition,2180,6.144328297135697
14,716,random_subsets_natural_partition,2181,6.107862512809544
14,716,random_subsets_natural_partition,2182,6.113965428773138
14,716,random_subsets_natural_partition,2183,6.1469680434764005
14,716,random_subsets_natural_partition,2184,6.131408637852601
14,716,random_subsets_natural_partition,2185,6.151994819198642
14,716,random_subsets_natural_partition,2186,6.14747158749267
14,716,random_subsets_natural_partition,2187,6.140851623879653
14,716,random_subsets_natural_partition,2188,6.137594167878854
14,716,random_subsets_natural_partition,2189,6.145084797456812
14,716,random_subsets_natural_partition,2190,6.148763276973392
14,716,random_subsets_natural_partition,2191,6.137259003373921
14,716,random_subsets_natural_partition,2192,6.170178123145412
14,716,random_subsets_natural_partition,2193,6.163872863488555
14,716,random_subsets_natural_partition,2194,6.1508382537959685
14,716,random_subsets_natural_partition,2195,6.1272083808352535
14,716,random_subsets_natural_partition,2196,6.136099324163253
14,716,random_subsets_natural_partition,2197,6.137869408368481
14,716,random_subsets_natural_partition,2198,6.121158096550544
14,716,random_subsets_natural_partition,2199,6.1404942321032365
14,716,random_subsets_natural_partition,2200,6.149133687298419
14,716,random_subsets_natural_partition,2201,6.157099004193605
14,716,random_subsets_natural_partition,2202,6.131075078464412
14,716,random_subsets_natural_partition,2203,6.153819003355692
14,716,random_subsets_natural_partition,2204,6.132184965084701
14,716,random_subsets_natural_partition,2205,6.146402277450373
14,716,random_subsets_natural_partition,2206,6.12625396193113
14,716,random_subsets_natural_partition,2207,6.152029224935126
14,716,random_subsets_natural_partition,2208,6.164510538211835
14,716,random_subsets_natural_partition,2209,6.13397439367798
14,716,random_subsets_natural_partition,2210,6.13076994448193
14,716,random_subsets_natural_partition,2211,6.135962469912718
14,716,random_subsets_natural_partition,2212,6.161486024616376
14,716,random_subsets_natural_partition,2213,6.132736140018623
14,716,random_subsets_natural_partition,2214,6.11962681355324
14,716,random_subsets_natural_partition,2215,6.13384931127395
14,716,random_subsets_natural_partition,2216,6.1760587413368615
14,716,random_subsets_natural_partition,2217,6.135386361039977
14,716,random_subsets_natural_partition,2218,6.152458886029477
14,716,random_subsets_natural_partition,2219,6.156860172006952
14,716,random_subsets_natural_partition,2220,6.155193100053588
14,716,random_subsets_natural_partition,2221,6.143737332934161
14,716,random_subsets_natural_partition,2222,6.107623823751662
14,716,random_subsets_natural_partition,2223,6.139340774350124
14,716,random_subsets_natural_partition,2224,6.160775487720561
14,716,random_subsets_natural_partition,2225,6.148393573041163
14,716,random_subsets_natural_partition,2226,6.131188950510062
14,716,random_subsets_natural_partition,2227,6.119458149362303
14,716,random_subsets_natural_partition,2228,6.126068568254145
14,716,random_subsets_natural_partition,2229,6.122651083872822
14,716,random_subsets_natural_partition,2230,6.1288330481896125
14,716,random_subsets_natural_partition,2231,6.191309784609319
14,716,random_subsets_natural_partition,2232,6.165680598737292
14,716,random_subsets_natural_partition,2233,6.135142753398327
14,716,random_subsets_natural_partition,2234,6.145934684803396
14,716,random_subsets_natural_partition,2235,6.158433317096921
14,716,random_subsets_natural_partition,2236,6.1208474812097915
14,716,random_subsets_natural_partition,2237,6.156024865680103
14,716,random_subsets_natural_partition,2238,6.136881546940852
14,716,random_subsets_natural_partition,2239,6.150404378657614
14,716,random_subsets_natural_partition,2240,6.1740666396150425
14,716,random_subsets_natural_partition,2241,6.153438513534919
14,716,random_subsets_natural_partition,2242,6.153154956277981
14,716,random_subsets_natural_partition,2243,6.131320367918016
14,716,random_subsets_natural_partition,2244,6.1508711085259575
14,716,random_subsets_natural_partition,2245,6.139801662184629
14,716,random_subsets_natural_partition,2246,6.180120397683586
14,716,random_subsets_natural_partition,2247,6.142055422460325
14,716,random_subsets_natural_partition,2248,6.163016034865077
14,716,random_subsets_natural_partition,2249,6.1688898828203245
14,716,random_subsets_natural_partition,2250,6.156692336368305
14,716,random_subsets_natural_partition,2251,6.110493449404555
14,716,random_subsets_natural_partition,2252,6.164723557107886
14,716,random_subsets_natural_partition,2253,6.133244894245147
14,716,random_subsets_natural_partition,2254,6.153260936846081
14,716,random_subsets_natural_partition,2255,6.1475033071357945
14,716,random_subsets_natural_partition,2256,6.106175286852863
14,716,random_subsets_natural_partition,2257,6.143909398644213
14,716,random_subsets_natural_partition,2258,6.153528574089577
14,716,random_subsets_natural_partition,2259,6.146882590708316
14,716,random_subsets_natural_partition,2260,6.138222969693445
14,716,random_subsets_natural_partition,2261,6.153801433683986
14,716,random_subsets_natural_partition,2262,6.157082117975243
14,716,random_subsets_natural_partition,2263,6.121781701806907
14,716,random_subsets_natural_partition,2264,6.134316567761519
14,716,random_subsets_natural_partition,2265,6.127311778070418
14,716,random_subsets_natural_partition,2266,6.128596195840669
14,716,random_subsets_natural_partition,2267,6.16672711180265
14,716,random_subsets_natural_partition,2268,6.132045063829719
14,716,random_subsets_natural_partition,2269,6.1435385140102365
14,716,random_subsets_natural_partition,2270,6.178377741813609
14,716,random_subsets_natural_partition,2271,6.152781996223529
14,716,random_subsets_natural_partition,2272,6.17463742361726
14,716,random_subsets_natural_partition,2273,6.138409911862471
14,716,random_subsets_natural_partition,2274,6.137964977592877
14,716,random_subsets_natural_partition,2275,6.12488280055888
14,716,random_subsets_natural_partition,2276,6.10649942308286
14,716,random_subsets_natural_partition,2277,6.154719046338207
14,716,random_subsets_natural_partition,2278,6.127997029272328
14,716,random_subsets_natural_partition,2279,6.180391156373419
14,716,random_subsets_natural_partition,2280,6.13945858815164
14,716,random_subsets_natural_partition,2281,6.150517138359727
14,716,random_subsets_natural_partition,2282,6.1066117334004355
14,716,random_subsets_natural_partition,2283,6.147196957536082
14,716,random_subsets_natural_partition,2284,6.14787546866863
14,716,random_subsets_natural_partition,2285,6.138254208186401
14,716,random_subsets_natural_partition,2286,6.1162967040654985
14,716,random_subsets_natural_partition,2287,6.132571821243965
14,716,random_subsets_natural_partition,2288,6.16513264171635
14,716,random_subsets_natural_partition,2289,6.170727655653741
14,716,random_subsets_natural_partition,2290,6.125378021503505
14,716,random_subsets_natural_partition,2291,6.12407009895375
14,716,random_subsets_natural_partition,2292,6.132307563523319
14,716,random_subsets_natural_partition,2293,6.133755040253127
14,716,random_subsets_natural_partition,2294,6.156291707260247
14,716,random_subsets_natural_partition,2295,6.130918869586132
14,716,random_subsets_natural_partition,2296,6.153631590524053
14,716,random_subsets_natural_partition,2297,6.135627186726343
14,716,random_subsets_natural_partition,2298,6.170220592441779
14,716,random_subsets_natural_partition,2299,6.123409858580083
14,716,random_subsets_natural_partition,2300,6.140218579724783
14,716,random_subsets_natural_partition,2301,6.1316012548101835
14,716,random_subsets_natural_partition,2302,6.141179269743953
14,716,random_subsets_natural_partition,2303,6.15197227319876
14,716,random_subsets_natural_partition,2304,6.114857355446493
14,716,random_subsets_natural_partition,2305,6.178224518525258
14,716,random_subsets_natural_partition,2306,6.129631094367247
14,716,random_subsets_natural_partition,2307,6.125409868039562
14,716,random_subsets_natural_partition,2308,6.11157649440134
14,716,random_subsets_natural_partition,2309,6.13918899309914
14,716,random_subsets_natural_partition,2310,6.114339250983981
14,716,random_subsets_natural_partition,2311,6.148360110793708
14,716,random_subsets_natural_partition,2312,6.155346296474059
14,716,random_subsets_natural_partition,2313,6.120826179098216
14,716,random_subsets_natural_partition,2314,6.157582162264009
14,716,random_subsets_natural_partition,2315,6.135057441175116
14,716,random_subsets_natural_partition,2316,6.147678016170188
14,716,random_subsets_natural_partition,2317,6.158877465328129
14,716,random_subsets_natural_partition,2318,6.14513039050813
14,716,random_subsets_natural_partition,2319,6.143674363662864
14,716,random_subsets_natural_partition,2320,6.140208634150919
14,716,random_subsets_natural_partition,2321,6.134556512266101
14,716,random_subsets_natural_partition,2322,6.154556003368345
14,716,random_subsets_natural_partition,2323,6.131698247026475
14,716,random_subsets_natural_partition,2324,6.137710992998168
14,716,random_subsets_natural_partition,2325,6.120409647362802
14,716,random_subsets_natural_partition,2326,6.1074030897977405
14,716,random_subsets_natural_partition,2327,6.101956079351831
14,716,random_subsets_natural_partition,2328,6.132809498332012
14,716,random_subsets_natural_partition,2329,6.153782590970644
14,716,random_subsets_natural_partition,2330,6.139193898312927
14,716,random_subsets_natural_partition,2331,6.1716192352686905
14,716,random_subsets_natural_partition,2332,6.138870162942192
14,716,random_subsets_natural_partition,2333,6.1468948107484245
14,716,random_subsets_natural_partition,2334,6.116556843445613
14,716,random_subsets_natural_partition,2335,6.1724001217396465
14,716,random_subsets_natural_partition,2336,6.136060159457904
14,716,random_subsets_natural_partition,2337,6.145927403622653
14,716,random_subsets_natural_partition,2338,6.153562048328087
14,716,random_subsets_natural_partition,2339,6.137726208122202
14,716,random_subsets_natural_partition,2340,6.130486369159696
14,716,random_subsets_natural_partition,2341,6.161023808432228
14,716,random_subsets_natural_partition,2342,6.142788674609766
14,716,random_subsets_natural_partition,2343,6.1688022334010935
14,716,random_subsets_natural_partition,2344,6.128704275283196
14,716,random_subsets_natural_partition,2345,6.165702831591153
14,716,random_subsets_natural_partition,2346,6.137392492894463
14,716,random_subsets_natural_partition,2347,6.158623996097618
14,716,random_subsets_natural_partition,2348,6.103415079479568
14,716,random_subsets_natural_partition,2349,6.122231298049512
14,716,random_subsets_natural_partition,2350,6.131524411352866
14,716,random_subsets_natural_partition,2351,6.14797504264125
14,716,random_subsets_natural_partition,2352,6.132373120655533
14,716,random_subsets_natural_partition,2353,6.138260895112963
14,716,random_subsets_natural_partition,2354,6.135028375421265
14,716,random_subsets_natural_partition,2355,6.153039008003259
14,716,random_subsets_natural_partition,2356,6.145029552415692
14,716,random_subsets_natural_partition,2357,6.117377329581405
14,716,random_subsets_natural_partition,2358,6.15799808487755
14,716,random_subsets_natural_partition,2359,6.160993375268651
14,716,random_subsets_natural_partition,2360,6.154674646620842
14,716,random_subsets_natural_partition,2361,6.166633279134648
14,716,random_subsets_natural_partition,2362,6.160021266576916
14,716,random_subsets_natural_partition,2363,6.1219093777826705
14,716,random_subsets_natural_partition,2364,6.122225792334264
14,716,random_subsets_natural_partition,2365,6.122440516982062
14,716,random_subsets_natural_partition,2366,6.121686625832881
14,716,random_subsets_natural_partition,2367,6.130685947353987
14,716,random_subsets_natural_partition,2368,6.170120574810638
14,716,random_subsets_natural_partition,2369,6.126939787966086
14,716,random_subsets_natural_partition,2370,6.166278164679152
14,716,random_subsets_natural_partition,2371,6.0990317573137265
14,716,random_subsets_natural_partition,2372,6.130106941338317
14,716,random_subsets_natural_partition,2373,6.167212650482962
14,716,random_subsets_natural_partition,2374,6.139405374801169
14,716,random_subsets_natural_partition,2375,6.156972269926275
14,716,random_subsets_natural_partition,2376,6.120722688799418
14,716,random_subsets_natural_partition,2377,6.152858206121443
14,716,random_subsets_natural_partition,2378,6.16008510516862
14,716,random_subsets_natural_partition,2379,6.123454167806572
14,716,random_subsets_natural_partition,2380,6.153074575045176
14,716,random_subsets_natural_partition,2381,6.140631741242901
14,716,random_subsets_natural_partition,2382,6.133911292292263
14,716,random_subsets_natural_partition,2383,6.128724205315037
14,716,random_subsets_natural_partition,2384,6.135664368522797
14,716,random_subsets_natural_partition,2385,6.164430608564728
14,716,random_subsets_natural_partition,2386,6.114669056006657
14,716,random_subsets_natural_partition,2387,6.139273987963889
14,716,random_subsets_natural_partition,2388,6.161421228038307
14,716,random_subsets_natural_partition,2389,6.143565387867051
14,716,random_subsets_natural_partition,2390,6.150174902259352
14,716,random_subsets_natural_partition,2391,6.1448196545361435
14,716,random_subsets_natural_partition,2392,6.1351787500672685
14,716,random_subsets_natural_partition,2393,6.126901529034883
14,716,random_subsets_natural_partition,2394,6.1755118691874715
14,716,random_subsets_natural_partition,2395,6.109110369246648
14,716,random_subsets_natural_partition,2396,6.118378072591542
14,716,random_subsets_natural_partition,2397,6.139912283166338
14,716,random_subsets_natural_partition,2398,6.1607737588377836
14,716,random_subsets_natural_partition,2399,6.134233541605254
14,716,random_subsets_natural_partition,2400,6.149619607462939
14,716,random_subsets_natural_partition,2401,6.168196397959291
14,716,random_subsets_natural_partition,2402,6.14536139095915
14,716,random_subsets_natural_partition,2403,6.144786142788021
14,716,random_subsets_natural_partition,2404,6.125085034806741
14,716,random_subsets_natural_partition,2405,6.1472007035786325
14,716,random_subsets_natural_partition,2406,6.112668977966926
14,716,random_subsets_natural_partition,2407,6.152214351801062
14,716,random_subsets_natural_partition,2408,6.168754413456206
14,716,random_subsets_natural_partition,2409,6.156108591753277
14,716,random_subsets_natural_partition,2410,6.104024084597141
14,716,random_subsets_natural_partition,2411,6.137386496102713
14,716,random_subsets_natural_partition,2412,6.134426865050977
14,716,random_subsets_natural_partition,2413,6.160255119536319
14,716,random_subsets_natural_partition,2414,6.131084089688693
14,716,random_subsets_natural_partition,2415,6.142452454210807
14,716,random_subsets_natural_partition,2416,6.152311057703331
14,716,random_subsets_natural_partition,2417,6.166481284408224
14,716,random_subsets_natural_partition,2418,6.117524812006552
14,716,random_subsets_natural_partition,2419,6.099657164596476
14,716,random_subsets_natural_partition,2420,6.153500817668245
14,716,random_subsets_natural_partition,2421,6.130149542140987
14,716,random_subsets_natural_partition,2422,6.142520801038187
14,716,random_subsets_natural_partition,2423,6.122391123149654
14,716,random_subsets_natural_partition,2424,6.138533335876457
14,716,random_subsets_natural_partition,2425,6.146933725385596
14,716,random_subsets_natural_partition,2426,6.161830841595613
14,716,random_subsets_natural_partition,2427,6.151950239316481
14,716,random_subsets_natural_partition,2428,6.1286924935776455
14,716,random_subsets_natural_partition,2429,6.153787936843095
14,716,random_subsets_natural_partition,2430,6.142694941705469
14,716,random_subsets_natural_partition,2431,6.120645493963707
14,716,random_subsets_natural_partition,2432,6.121371276049018
14,716,random_subsets_natural_partition,2433,6.128586307386898
14,716,random_subsets_natural_partition,2434,6.157770473295343
14,716,random_subsets_natural_partition,2435,6.1911260250541105
14,716,random_subsets_natural_partition,2436,6.135739787166528
14,716,random_subsets_natural_partition,2437,6.092165153331374
14,716,random_subsets_natural_partition,2438,6.13707647677292
14,716,random_subsets_natural_partition,2439,6.1498397074271764
14,716,random_subsets_natural_partition,2440,6.172923028703218
14,716,random_subsets_natural_partition,2441,6.128644379516502
14,716,random_subsets_natural_partition,2442,6.125958583647836
14,716,random_subsets_natural_partition,2443,6.11926843364636
14,716,random_subsets_natural_partition,2444,6.136179511358617
14,716,random_subsets_natural_partition,2445,6.144859692326453
14,716,random_subsets_natural_partition,2446,6.112906964999645
14,716,random_subsets_natural_partition,2447,6.148208892061333
14,716,random_subsets_natural_partition,2448,6.153270732309839
14,716,random_subsets_natural_partition,2449,6.156100042187954
14,716,random_subsets_natural_partition,2450,6.174273838684832
14,716,random_subsets_natural_partition,2451,6.142828070629369
14,716,random_subsets_natural_partition,2452,6.118500443981724
14,716,random_subsets_natural_partition,2453,6.151281140654475
14,716,random_subsets_natural_partition,2454,6.142385592881963
14,716,random_subsets_natural_partition,2455,6.139393215820432
14,716,random_subsets_natural_partition,2456,6.143415458949105
14,716,random_subsets_natural_partition,2457,6.161237918509913
14,716,random_subsets_natural_partition,2458,6.112165468354015
14,716,random_subsets_natural_partition,2459,6.109701124220471
14,716,random_subsets_natural_partition,2460,6.134450880957233
14,716,random_subsets_natural_partition,2461,6.159865208591836
14,716,random_subsets_natural_partition,2462,6.154400301746306
14,716,random_subsets_natural_partition,2463,6.100310234964867
14,716,random_subsets_natural_partition,2464,6.167506552678298
14,716,random_subsets_natural_partition,2465,6.144670222312181
14,716,random_subsets_natural_partition,2466,6.127330739110935
14,716,random_subsets_natural_partition,2467,6.126789066277941
14,716,random_subsets_natural_partition,2468,6.143442978303238
14,716,random_subsets_natural_partition,2469,6.175883603500376
14,716,random_subsets_natural_partition,2470,6.1510061466815005
14,716,random_subsets_natural_partition,2471,6.127026152974607
14,716,random_subsets_natural_partition,2472,6.139672576488605
14,716,random_subsets_natural_partition,2473,6.157772709933125
14,716,random_subsets_natural_partition,2474,6.127597266562392
14,716,random_subsets_natural_partition,2475,6.156123884682406
14,716,random_subsets_natural_partition,2476,6.137557426264271
14,716,random_subsets_natural_partition,2477,6.103616813583546
14,716,random_subsets_natural_partition,2478,6.154990530851814
14,716,random_subsets_natural_partition,2479,6.148264647106318
14,716,random_subsets_natural_partition,2480,6.15605916054574
14,716,random_subsets_natural_partition,2481,6.1475341921027296
14,716,random_subsets_natural_partition,2482,6.146512828374768
14,716,random_subsets_natural_partition,2483,6.132353443224057
14,716,random_subsets_natural_partition,2484,6.12421448523152
14,716,random_subsets_natural_partition,2485,6.166198313412606
14,716,random_subsets_natural_partition,2486,6.157935066279236
14,716,random_subsets_natural_partition,2487,6.149698395940053
14,716,random_subsets_natural_partition,2488,6.144450814070377
14,716,random_subsets_natural_partition,2489,6.136144706935339
14,716,random_subsets_natural_partition,2490,6.14084306015123
14,716,random_subsets_natural_partition,2491,6.125491408486143
14,716,random_subsets_natural_partition,2492,6.186335033172119
14,716,random_subsets_natural_partition,2493,6.146851156102718
14,716,random_subsets_natural_partition,2494,6.1200156084307435
14,716,random_subsets_natural_partition,2495,6.146702346053953
14,716,random_subsets_natural_partition,2496,6.15487477521898
14,716,random_subsets_natural_partition,2497,6.152757818673725
14,716,random_subsets_natural_partition,2498,6.133119880908796
14,716,random_subsets_natural_partition,2499,6.129764932168789
14,716,random_subsets_natural_partition,2500,6.134687926520802
14,716,random_subsets_natural_partition,2501,6.146470646045083
14,716,random_subsets_natural_partition,2502,6.152745887367724
14,716,random_subsets_natural_partition,2503,6.171446519742171
14,716,random_subsets_natural_partition,2504,6.152137752926291
14,716,random_subsets_natural_partition,2505,6.112726811735509
14,716,random_subsets_natural_partition,2506,6.156033905682742
14,716,random_subsets_natural_partition,2507,6.1322507468065135
14,716,random_subsets_natural_partition,2508,6.151395780195577
14,716,random_subsets_natural_partition,2509,6.15645946391799
14,716,random_subsets_natural_partition,2510,6.162688561782006
14,716,random_subsets_natural_partition,2511,6.150848258197875
14,716,random_subsets_natural_partition,2512,6.162566371304207
14,716,random_subsets_natural_partition,2513,6.124957607076519
14,716,random_subsets_natural_partition,2514,6.135568162382422
14,716,random_subsets_natural_partition,2515,6.128651085141153
14,716,random_subsets_natural_partition,2516,6.142487359281599
14,716,random_subsets_natural_partition,2517,6.174067793276897
14,716,random_subsets_natural_partition,2518,6.144217596522757
14,716,random_subsets_natural_partition,2519,6.1381854115554235
14,716,random_subsets_natural_partition,2520,6.144929380196225
14,716,random_subsets_natural_partition,2521,6.159804828044241
14,716,random_subsets_natural_partition,2522,6.198635529561884
14,716,random_subsets_natural_partition,2523,6.165604854544101
14,716,random_subsets_natural_partition,2524,6.152223051993455
14,716,random_subsets_natural_partition,2525,6.143346442696387
14,716,random_subsets_natural_partition,2526,6.155320429768272
14,716,random_subsets_natural_partition,2527,6.165993696332564
14,716,random_subsets_natural_partition,2528,6.137301180119543
14,716,random_subsets_natural_partition,2529,6.14405838870045
14,716,random_subsets_natural_partition,2530,6.169900509598757
14,716,random_subsets_natural_partition,2531,6.13641908206393
14,716,random_subsets_natural_partition,2532,6.133097095164931
14,716,random_subsets_natural_partition,2533,6.137432364144601
14,716,random_subsets_natural_partition,2534,6.136556278797622
14,716,random_subsets_natural_partition,2535,6.178920769426265
14,716,random_subsets_natural_partition,2536,6.169002139438547
14,716,random_subsets_natural_partition,2537,6.118955191206954
14,716,random_subsets_natural_partition,2538,6.14433540770858
14,716,random_subsets_natural_partition,2539,6.1571826010359985
14,716,random_subsets_natural_partition,2540,6.162539642666033
14,716,random_subsets_natural_partition,2541,6.150566106631049
14,716,random_subsets_natural_partition,2542,6.129715763521731
14,716,random_subsets_natural_partition,2543,6.144330736266541
14,716,random_subsets_natural_partition,2544,6.150759728790103
14,716,random_subsets_natural_partition,2545,6.135190139605667
14,716,random_subsets_natural_partition,2546,6.154068841621608
14,716,random_subsets_natural_partition,2547,6.133118964841031
14,716,random_subsets_natural_partition,2548,6.1465376484161345
14,716,random_subsets_natural_partition,2549,6.1357014773296825
14,716,random_subsets_natural_partition,2550,6.14809221367723
14,716,random_subsets_natural_partition,2551,6.1125558082447915
14,716,random_subsets_natural_partition,2552,6.119529135445105
14,716,random_subsets_natural_partition,2553,6.149244300499979
14,716,random_subsets_natural_partition,2554,6.157326700809719
14,716,random_subsets_natural_partition,2555,6.1406419160740695
14,716,random_subsets_natural_partition,2556,6.142214260736175
14,716,random_subsets_natural_partition,2557,6.167826187418782
14,716,random_subsets_natural_partition,2558,6.155938346705217
14,716,random_subsets_natural_partition,2559,6.1512673028200275
14,716,random_subsets_natural_partition,2560,6.145664725406554
14,716,random_subsets_natural_partition,2561,6.164730918631572
14,716,random_subsets_natural_partition,2562,6.158315923812405
14,716,random_subsets_natural_partition,2563,6.159159589747045
14,716,random_subsets_natural_partition,2564,6.171503015001466
14,716,random_subsets_natural_partition,2565,6.117186947667607
14,716,random_subsets_natural_partition,2566,6.135531692901962
14,716,random_subsets_natural_partition,2567,6.128716370461458
14,716,random_subsets_natural_partition,2568,6.1014294371619675
14,716,random_subsets_natural_partition,2569,6.140624051332038
14,716,random_subsets_natural_partition,2570,6.150334486478064
14,716,random_subsets_natural_partition,2571,6.145815101665258
14,716,random_subsets_natural_partition,2572,6.165398241901014
14,716,random_subsets_natural_partition,2573,6.130048892443164
14,716,random_subsets_natural_partition,2574,6.157754703216407
14,716,random_subsets_natural_partition,2575,6.144942975513063
14,716,random_subsets_natural_partition,2576,6.128998346905002
14,716,random_subsets_natural_partition,2577,6.173303737626956
14,716,random_subsets_natural_partition,2578,6.128365246914192
14,716,random_subsets_natural_partition,2579,6.159629349585089
14,716,random_subsets_natural_partition,2580,6.14660132692085
14,716,random_subsets_natural_partition,2581,6.130711453311752
14,716,random_subsets_natural_partition,2582,6.143996766307667
14,716,random_subsets_natural_partition,2583,6.155629960066217
14,716,random_subsets_natural_partition,2584,6.1528454122444405
14,716,random_subsets_natural_partition,2585,6.134456701439085
14,716,random_subsets_natural_partition,2586,6.15791089395845
14,716,random_subsets_natural_partition,2587,6.153509500134083
14,716,random_subsets_natural_partition,2588,6.12828293458692
14,716,random_subsets_natural_partition,2589,6.135318943076246
14,716,random_subsets_natural_partition,2590,6.1635289047934325
14,716,random_subsets_natural_partition,2591,6.173635372966326
14,716,random_subsets_natural_partition,2592,6.1515876973497186
14,716,random_subsets_natural_partition,2593,6.1631316900880035
14,716,random_subsets_natural_partition,2594,6.136618434652999
14,716,random_subsets_natural_partition,2595,6.138945808368188
14,716,random_subsets_natural_partition,2596,6.14344261119513
14,716,random_subsets_natural_partition,2597,6.145653864069096
14,716,random_subsets_natural_partition,2598,6.148625816035662
14,716,random_subsets_natural_partition,2599,6.129357488940667
14,716,random_subsets_natural_partition,2600,6.147741592848375
14,716,random_subsets_natural_partition,2601,6.134032016365908
14,716,random_subsets_natural_partition,2602,6.167239693331732
14,716,random_subsets_natural_partition,2603,6.158444550821732
14,716,random_subsets_natural_partition,2604,6.158333664548432
14,716,random_subsets_natural_partition,2605,6.147986198847996
14,716,random_subsets_natural_partition,2606,6.1438319126414545
14,716,random_subsets_natural_partition,2607,6.143330749730832
14,716,random_subsets_natural_partition,2608,6.126800504258725
14,716,random_subsets_natural_partition,2609,6.130453281386174
14,716,random_subsets_natural_partition,2610,6.1691563938445135
14,716,random_subsets_natural_partition,2611,6.127386826167604
14,716,random_subsets_natural_partition,2612,6.165016653983541
14,716,random_subsets_natural_partition,2613,6.152036834696671
14,716,random_subsets_natural_partition,2614,6.1244172015887095
14,716,random_subsets_natural_partition,2615,6.1795778434650686
14,716,random_subsets_natural_partition,2616,6.13429125845233
14,716,random_subsets_natural_partition,2617,6.180379010326174
14,716,random_subsets_natural_partition,2618,6.127696273505514
14,716,random_subsets_natural_partition,2619,6.154243076398205
14,716,random_subsets_natural_partition,2620,6.116251057922787
14,716,random_subsets_natural_partition,2621,6.133900370985026
14,716,random_subsets_natural_partition,2622,6.113409410002818
14,716,random_subsets_natural_partition,2623,6.152267448370197
14,716,random_subsets_natural_partition,2624,6.157601684543013
14,716,random_subsets_natural_partition,2625,6.137548202811568
14,716,random_subsets_natural_partition,2626,6.1355402050082155
14,716,random_subsets_natural_partition,2627,6.130445693853147
14,716,random_subsets_natural_partition,2628,6.116518918655822
14,716,random_subsets_natural_partition,2629,6.138291651881088
14,716,random_subsets_natural_partition,2630,6.113046975268367
14,716,random_subsets_natural_partition,2631,6.144381586266235
14,716,random_subsets_natural_partition,2632,6.127068387716167
14,716,random_subsets_natural_partition,2633,6.0942803333683555
14,716,random_subsets_natural_partition,2634,6.107628657096601
14,716,random_subsets_natural_partition,2635,6.126729059509815
14,716,random_subsets_natural_partition,2636,6.18613098253277
14,716,random_subsets_natural_partition,2637,6.131184231392778
14,716,random_subsets_natural_partition,2638,6.161356983132742
14,716,random_subsets_natural_partition,2639,6.1057422144335085
14,716,random_subsets_natural_partition,2640,6.153472164356357
14,716,random_subsets_natural_partition,2641,6.150488819518427
14,716,random_subsets_natural_partition,2642,6.162725116570521
14,716,random_subsets_natural_partition,2643,6.160678295945293
14,716,random_subsets_natural_partition,2644,6.159027337915615
14,716,random_subsets_natural_partition,2645,6.172629476661984
14,716,random_subsets_natural_partition,2646,6.157104207824318
14,716,random_subsets_natural_partition,2647,6.165282464167402
14,716,random_subsets_natural_partition,2648,6.156884464408753
14,716,random_subsets_natural_partition,2649,6.130686323745933
14,716,random_subsets_natural_partition,2650,6.1149678861616845
14,716,random_subsets_natural_partition,2651,6.114582434934204
14,716,random_subsets_natural_partition,2652,6.14899332981761
14,716,random_subsets_natural_partition,2653,6.133973751396249
14,716,random_subsets_natural_partition,2654,6.1295205581086005
14,716,random_subsets_natural_partition,2655,6.148922099392013
14,716,random_subsets_natural_partition,2656,6.128960288608267
14,716,random_subsets_natural_partition,2657,6.149571954251544
14,716,random_subsets_natural_partition,2658,6.133263481486482
14,716,random_subsets_natural_partition,2659,6.141001733188511
14,716,random_subsets_natural_partition,2660,6.151997059068477
14,716,random_subsets_natural_partition,2661,6.149618432906449
14,716,random_subsets_natural_partition,2662,6.144307135076219
14,716,random_subsets_natural_partition,2663,6.151907804387303
14,716,random_subsets_natural_partition,2664,6.175514898585628
14,716,random_subsets_natural_partition,2665,6.13410975688683
14,716,random_subsets_natural_partition,2666,6.148846269068139
14,716,random_subsets_natural_partition,2667,6.118784154324305
14,716,random_subsets_natural_partition,2668,6.162371644484751
14,716,random_subsets_natural_partition,2669,6.171923068534432
14,716,random_subsets_natural_partition,2670,6.119557231587353
14,716,random_subsets_natural_partition,2671,6.150540163630031
14,716,random_subsets_natural_partition,2672,6.145688223575574
14,716,random_subsets_natural_partition,2673,6.133415459213864
14,716,random_subsets_natural_partition,2674,6.182596376576325
14,716,random_subsets_natural_partition,2675,6.148555693817027
14,716,random_subsets_natural_partition,2676,6.137381741322619
14,716,random_subsets_natural_partition,2677,6.106309973812751
14,716,random_subsets_natural_partition,2678,6.1359805021153235
14,716,random_subsets_natural_partition,2679,6.144527511277841
14,716,random_subsets_natural_partition,2680,6.135126059533231
14,716,random_subsets_natural_partition,2681,6.130843687927239
14,716,random_subsets_natural_partition,2682,6.136570528727038
14,716,random_subsets_natural_partition,2683,6.138086134493357
14,716,random_subsets_natural_partition,2684,6.1579253230421545
14,716,random_subsets_natural_partition,2685,6.126808488698794
14,716,random_subsets_natural_partition,2686,6.145055977150009
14,716,random_subsets_natural_partition,2687,6.150097650833661
14,716,random_subsets_natural_partition,2688,6.111835947008163
14,716,random_subsets_natural_partition,2689,6.160348853762212
14,716,random_subsets_natural_partition,2690,6.148708679016408
14,716,random_subsets_natural_partition,2691,6.143286696683917
14,716,random_subsets_natural_partition,2692,6.164414852447699
14,716,random_subsets_natural_partition,2693,6.124306965410304
14,716,random_subsets_natural_partition,2694,6.189445045592453
14,716,random_subsets_natural_partition,2695,6.132125506074602
14,716,random_subsets_natural_partition,2696,6.152254047147249
14,716,random_subsets_natural_partition,2697,6.14611122190094
14,716,random_subsets_natural_partition,2698,6.161703061179687
14,716,random_subsets_natural_partition,2699,6.150490849963561
14,716,random_subsets_natural_partition,2700,6.152354974343394
14,716,random_subsets_natural_partition,2701,6.1518640878771595
14,716,random_subsets_natural_partition,2702,6.140087386013586
14,716,random_subsets_natural_partition,2703,6.151643797433047
14,716,random_subsets_natural_partition,2704,6.15783805236552
14,716,random_subsets_natural_partition,2705,6.153238162804812
14,716,random_subsets_natural_partition,2706,6.154806363713452
14,716,random_subsets_natural_partition,2707,6.151765207551684
14,716,random_subsets_natural_partition,2708,6.1323522433960616
14,716,random_subsets_natural_partition,2709,6.1532938314442776
14,716,random_subsets_natural_partition,2710,6.099575321620508
14,716,random_subsets_natural_partition,2711,6.147572103794502
14,716,random_subsets_natural_partition,2712,6.171817841556448
14,716,random_subsets_natural_partition,2713,6.13221699747148
14,716,random_subsets_natural_partition,2714,6.15411896726393
14,716,random_subsets_natural_partition,2715,6.140214907121215
14,716,random_subsets_natural_partition,2716,6.170867184370517
14,716,random_subsets_natural_partition,2717,6.154492924878386
14,716,random_subsets_natural_partition,2718,6.179454027608854
14,716,random_subsets_natural_partition,2719,6.122350646978399
14,716,random_subsets_natural_partition,2720,6.1295344172824695
14,716,random_subsets_natural_partition,2721,6.136190480106418
14,716,random_subsets_natural_partition,2722,6.145487400009686
14,716,random_subsets_natural_partition,2723,6.157285295764009
14,716,random_subsets_natural_partition,2724,6.154996381286837
14,716,random_subsets_natural_partition,2725,6.131184533441516
14,716,random_subsets_natural_partition,2726,6.146816909248208
14,716,random_subsets_natural_partition,2727,6.154236634656452
14,716,random_subsets_natural_partition,2728,6.175906084980164
14,716,random_subsets_natural_partition,2729,6.132600438900516
14,716,random_subsets_natural_partition,2730,6.149424521168057
14,716,random_subsets_natural_partition,2731,6.115030030656011
14,716,random_subsets_natural_partition,2732,6.134027733023483
14,716,random_subsets_natural_partition,2733,6.165938602092203
14,716,random_subsets_natural_partition,2734,6.143512932016497
14,716,random_subsets_natural_partition,2735,6.134002567553574
14,716,random_subsets_natural_partition,2736,6.123754104195354
14,716,random_subsets_natural_partition,2737,6.13430628165248
14,716,random_subsets_natural_partition,2738,6.1625023731578015
14,716,random_subsets_natural_partition,2739,6.130178800446304
14,716,random_subsets_natural_partition,2740,6.137276154198136
14,716,random_subsets_natural_partition,2741,6.12500639104139
14,716,random_subsets_natural_partition,2742,6.160283233143611
14,716,random_subsets_natural_partition,2743,6.098154506491419
14,716,random_subsets_natural_partition,2744,6.138633914524156
14,716,random_subsets_natural_partition,2745,6.146892395788494
14,716,random_subsets_natural_partition,2746,6.123110386396286
14,716,random_subsets_natural_partition,2747,6.1560186384911315
14,716,random_subsets_natural_partition,2748,6.132874268392033
14,716,random_subsets_natural_partition,2749,6.114449725993694
14,716,random_subsets_natural_partition,2750,6.139860657250438
14,716,random_subsets_natural_partition,2751,6.128965050028687
14,716,random_subsets_natural_partition,2752,6.171772750941635
14,716,random_subsets_natural_partition,2753,6.151777158678986
14,716,random_subsets_natural_partition,2754,6.160679609001262
14,716,random_subsets_natural_partition,2755,6.146729669681669
14,716,random_subsets_natural_partition,2756,6.138367001772589
14,716,random_subsets_natural_partition,2757,6.110121556959447
14,716,random_subsets_natural_partition,2758,6.124832392446008
14,716,random_subsets_natural_partition,2759,6.167887071471246
14,716,random_subsets_natural_partition,2760,6.1686870714025686
14,716,random_subsets_natural_partition,2761,6.138147321020877
14,716,random_subsets_natural_partition,2762,6.127085147702514
14,716,random_subsets_natural_partition,2763,6.0957968863981
14,716,random_subsets_natural_partition,2764,6.132676127066701
14,716,random_subsets_natural_partition,2765,6.153119055755967
14,716,random_subsets_natural_partition,2766,6.126675438697314
14,716,random_subsets_natural_partition,2767,6.150852338143862
14,716,random_subsets_natural_partition,2768,6.161090346470294
14,716,random_subsets_natural_partition,2769,6.131248851512644
14,716,random_subsets_natural_partition,2770,6.168870212261893
14,716,random_subsets_natural_partition,2771,6.1812866784159715
14,716,random_subsets_natural_partition,2772,6.141136924764286
14,716,random_subsets_natural_partition,2773,6.135273811337162
14,716,random_subsets_natural_partition,2774,6.134836628202716
14,716,random_subsets_natural_partition,2775,6.127859130916022
14,716,random_subsets_natural_partition,2776,6.141713363323374
14,716,random_subsets_natural_partition,2777,6.131005938266944
14,716,random_subsets_natural_partition,2778,6.14413658328346
14,716,random_subsets_natural_partition,2779,6.118997006356703
14,716,random_subsets_natural_partition,2780,6.160211564057334
14,716,random_subsets_natural_partition,2781,6.143042499634389
14,716,random_subsets_natural_partition,2782,6.146632000796045
14,716,random_subsets_natural_partition,2783,6.126969452432565
14,716,random_subsets_natural_partition,2784,6.165743790326042
14,716,random_subsets_natural_partition,2785,6.175480413415723
14,716,random_subsets_natural_partition,2786,6.141989392217343
14,716,random_subsets_natural_partition,2787,6.163689201201108
14,716,random_subsets_natural_partition,2788,6.154363808262619
14,716,random_subsets_natural_partition,2789,6.122411031674785
14,716,random_subsets_natural_partition,2790,6.15926981119535
14,716,random_subsets_natural_partition,2791,6.137179708596754
14,716,random_subsets_natural_partition,2792,6.136128849467997
14,716,random_subsets_natural_partition,2793,6.129149760173128
14,716,random_subsets_natural_partition,2794,6.1320870260416145
14,716,random_subsets_natural_partition,2795,6.13246311147211
14,716,random_subsets_natural_partition,2796,6.146144688742588
14,716,random_subsets_natural_partition,2797,6.163772430684184
14,716,random_subsets_natural_partition,2798,6.155584284270908
14,716,random_subsets_natural_partition,2799,6.151894608748296
14,716,random_subsets_natural_partition,2800,6.136177556040101
14,716,random_subsets_natural_partition,2801,6.166839876302247
14,716,random_subsets_natural_partition,2802,6.132892467755577
14,716,random_subsets_natural_partition,2803,6.139847965313617
14,716,random_subsets_natural_partition,2804,6.15330119088803
14,716,random_subsets_natural_partition,2805,6.142107458941052
14,716,random_subsets_natural_partition,2806,6.120951060342587
14,716,random_subsets_natural_partition,2807,6.15607039686248
14,716,random_subsets_natural_partition,2808,6.103253388284498
14,716,random_subsets_natural_partition,2809,6.13732937704001
14,716,random_subsets_natural_partition,2810,6.152172612847245
14,716,random_subsets_natural_partition,2811,6.166214302474725
14,716,random_subsets_natural_partition,2812,6.156296737295264
14,716,random_subsets_natural_partition,2813,6.111209187742913
14,716,random_subsets_natural_partition,2814,6.153586444774821
14,716,random_subsets_natural_partition,2815,6.1510435813314475
14,716,random_subsets_natural_partition,2816,6.149372013835387
14,716,random_subsets_natural_partition,2817,6.144568466862356
14,716,random_subsets_natural_partition,2818,6.130321753554701
14,716,random_subsets_natural_partition,2819,6.130557355349278
14,716,random_subsets_natural_partition,2820,6.157480331427706
14,716,random_subsets_natural_partition,2821,6.166035297625992
14,716,random_subsets_natural_partition,2822,6.159202287689295
14,716,random_subsets_natural_partition,2823,6.161000572704524
14,716,random_subsets_natural_partition,2824,6.137061088620439
14,716,random_subsets_natural_partition,2825,6.153956599108808
14,716,random_subsets_natural_partition,2826,6.141825048374217
14,716,random_subsets_natural_partition,2827,6.152880293215111
14,716,random_subsets_natural_partition,2828,6.1501356134298115
14,716,random_subsets_natural_partition,2829,6.159205630143319
14,716,random_subsets_natural_partition,2830,6.134591629640027
14,716,random_subsets_natural_partition,2831,6.135681032065842
14,716,random_subsets_natural_partition,2832,6.142783062803695
14,716,random_subsets_natural_partition,2833,6.168020311560023
14,716,random_subsets_natural_partition,2834,6.125275020697951
14,716,random_subsets_natural_partition,2835,6.161079892670065
14,716,random_subsets_natural_partition,2836,6.103572731654465
14,716,random_subsets_natural_partition,2837,6.135854588128639
14,716,random_subsets_natural_partition,2838,6.149822782967548
14,716,random_subsets_natural_partition,2839,6.12918767014344
14,716,random_subsets_natural_partition,2840,6.146790879229346
14,716,random_subsets_natural_partition,2841,6.162671698637032
14,716,random_subsets_natural_partition,2842,6.150919401482866
14,716,random_subsets_natural_partition,2843,6.151839675576514
14,716,random_subsets_natural_partition,2844,6.131652384703053
14,716,random_subsets_natural_partition,2845,6.151039258867065
14,716,random_subsets_natural_partition,2846,6.105021927837849
14,716,random_subsets_natural_partition,2847,6.141007089487709
14,716,random_subsets_natural_partition,2848,6.150066685557765
14,716,random_subsets_natural_partition,2849,6.167264601623951
14,716,random_subsets_natural_partition,2850,6.149951876783863
14,716,random_subsets_natural_partition,2851,6.153467997988204
14,716,random_subsets_natural_partition,2852,6.123858444523836
14,716,random_subsets_natural_partition,2853,6.126057964651282
14,716,random_subsets_natural_partition,2854,6.141392850104924
14,716,random_subsets_natural_partition,2855,6.14479599486654
14,716,random_subsets_natural_partition,2856,6.160181570884718
14,716,random_subsets_natural_partition,2857,6.145789770433039
14,716,random_subsets_natural_partition,2858,6.1217565471479505
14,716,random_subsets_natural_partition,2859,6.151513564715299
14,716,random_subsets_natural_partition,2860,6.168412083863663
14,716,random_subsets_natural_partition,2861,6.121537275775181
14,716,random_subsets_natural_partition,2862,6.143036679272719
14,716,random_subsets_natural_partition,2863,6.153360735459395
14,716,random_subsets_natural_partition,2864,6.139437472255037
14,716,random_subsets_natural_partition,2865,6.153072633883036
14,716,random_subsets_natural_partition,2866,6.114588720391733
14,716,random_subsets_natural_partition,2867,6.13916258277677
14,716,random_subsets_natural_partition,2868,6.122282915373326
14,716,random_subsets_natural_partition,2869,6.115423408207013
14,716,random_subsets_natural_partition,2870,6.162677975856892
14,716,random_subsets_natural_partition,2871,6.155247888533001
14,716,random_subsets_natural_partition,2872,6.147949436196981
14,716,random_subsets_natural_partition,2873,6.138892456278066
14,716,random_subsets_natural_partition,2874,6.156711413934596
14,716,random_subsets_natural_partition,2875,6.143962174691428
14,716,random_subsets_natural_partition,2876,6.091915328951612
14,716,random_subsets_natural_partition,2877,6.157198239668906
14,716,random_subsets_natural_partition,2878,6.125164585825276
14,716,random_subsets_natural_partition,2879,6.108626161640686
14,716,random_subsets_natural_partition,2880,6.164172736848706
14,716,random_subsets_natural_partition,2881,6.139395261618973
14,716,random_subsets_natural_partition,2882,6.156564089970795
14,716,random_subsets_natural_partition,2883,6.154277734399589
14,716,random_subsets_natural_partition,2884,6.118158901534075
14,716,random_subsets_natural_partition,2885,6.1231058543713495
14,716,random_subsets_natural_partition,2886,6.151454242347663
14,716,random_subsets_natural_partition,2887,6.154905522926817
14,716,random_subsets_natural_partition,2888,6.118680651142101
14,716,random_subsets_natural_partition,2889,6.168312820860646
14,716,random_subsets_natural_partition,2890,6.14137406405484
14,716,random_subsets_natural_partition,2891,6.152674696247707
14,716,random_subsets_natural_partition,2892,6.143966383526344
14,716,random_subsets_natural_partition,2893,6.134095588012584
14,716,random_subsets_natural_partition,2894,6.144981537474375
14,716,random_subsets_natural_partition,2895,6.172595775077696
14,716,random_subsets_natural_partition,2896,6.147346742103157
14,716,random_subsets_natural_partition,2897,6.1455244905743145
14,716,random_subsets_natural_partition,2898,6.1278571955375725
14,716,random_subsets_natural_partition,2899,6.159229197462259
14,716,random_subsets_natural_partition,2900,6.159823120362492
14,716,random_subsets_natural_partition,2901,6.113364254081759
14,716,random_subsets_natural_partition,2902,6.156458013063179
14,716,random_subsets_natural_partition,2903,6.16630192579378
14,716,random_subsets_natural_partition,2904,6.1180223983743085
14,716,random_subsets_natural_partition,2905,6.127001684786931
14,716,random_subsets_natural_partition,2906,6.141531997208284
14,716,random_subsets_natural_partition,2907,6.1355780874691375
14,716,random_subsets_natural_partition,2908,6.14501580604456
14,716,random_subsets_natural_partition,2909,6.156168612313443
14,716,random_subsets_natural_partition,2910,6.160569811944815
14,716,random_subsets_natural_partition,2911,6.1789962236473235
14,716,random_subsets_natural_partition,2912,6.149300050767642
14,716,random_subsets_natural_partition,2913,6.14553057778395
14,716,random_subsets_natural_partition,2914,6.142268056253679
14,716,random_subsets_natural_partition,2915,6.119945960490833
14,716,random_subsets_natural_partition,2916,6.140402267258591
14,716,random_subsets_natural_partition,2917,6.1382291555616275
14,716,random_subsets_natural_partition,2918,6.147324852270608
14,716,random_subsets_natural_partition,2919,6.152400633352781
14,716,random_subsets_natural_partition,2920,6.144558406100603
14,716,random_subsets_natural_partition,2921,6.162989782679848
14,716,random_subsets_natural_partition,2922,6.150115637351765
14,716,random_subsets_natural_partition,2923,6.12062557971801
14,716,random_subsets_natural_partition,2924,6.150639902591095
14,716,random_subsets_natural_partition,2925,6.145258425750813
14,716,random_subsets_natural_partition,2926,6.127005983578008
14,716,random_subsets_natural_partition,2927,6.13856261457001
14,716,random_subsets_natural_partition,2928,6.152603425558392
14,716,random_subsets_natural_partition,2929,6.153792035716183
14,716,random_subsets_natural_partition,2930,6.1381038569940864
14,716,random_subsets_natural_partition,2931,6.122205201265717
14,716,random_subsets_natural_partition,2932,6.161348262643338
14,716,random_subsets_natural_partition,2933,6.095810087387125
14,716,random_subsets_natural_partition,2934,6.160622209359262
14,716,random_subsets_natural_partition,2935,6.126432428032404
14,716,random_subsets_natural_partition,2936,6.154482113911317
14,716,random_subsets_natural_partition,2937,6.164196280762957
14,716,random_subsets_natural_partition,2938,6.152992448016065
14,716,random_subsets_natural_partition,2939,6.151206562939401
14,716,random_subsets_natural_partition,2940,6.173528409889325
14,716,random_subsets_natural_partition,2941,6.162020770829773
14,716,random_subsets_natural_partition,2942,6.112169797218138
14,716,random_subsets_natural_partition,2943,6.137456393482119
14,716,random_subsets_natural_partition,2944,6.14524492521757
14,716,random_subsets_natural_partition,2945,6.134620096529766
14,716,random_subsets_natural_partition,2946,6.18156637988619
14,716,random_subsets_natural_partition,2947,6.119821875589507
14,716,random_subsets_natural_partition,2948,6.146271768447106
14,716,random_subsets_natural_partition,2949,6.146200714735605
14,716,random_subsets_natural_partition,2950,6.11892992132668
14,716,random_subsets_natural_partition,2951,6.162237593447843
14,716,random_subsets_natural_partition,2952,6.1262209894501325
14,716,random_subsets_natural_partition,2953,6.133806237899566
14,716,random_subsets_natural_partition,2954,6.159409264377236
14,716,random_subsets_natural_partition,2955,6.1194215519073945
14,716,random_subsets_natural_partition,2956,6.126948563872593
14,716,random_subsets_natural_partition,2957,6.142749922544911
14,716,random_subsets_natural_partition,2958,6.150775089251591
14,716,random_subsets_natural_partition,2959,6.144384504864888
14,716,random_subsets_natural_partition,2960,6.1523688949272755
14,716,random_subsets_natural_partition,2961,6.14528169197343
14,716,random_subsets_natural_partition,2962,6.144702915911256
14,716,random_subsets_natural_partition,2963,6.127824808264534
14,716,random_subsets_natural_partition,2964,6.133632225979683
14,716,random_subsets_natural_partition,2965,6.168032655774627
14,716,random_subsets_natural_partition,2966,6.129270577394005
14,716,random_subsets_natural_partition,2967,6.118339607844856
14,716,random_subsets_natural_partition,2968,6.139926749518721
14,716,random_subsets_natural_partition,2969,6.136057225662499
14,716,random_subsets_natural_partition,2970,6.163518139878697
14,716,random_subsets_natural_partition,2971,6.1319228533610195
14,716,random_subsets_natural_partition,2972,6.134944403741094
14,716,random_subsets_natural_partition,2973,6.15149373234498
14,716,random_subsets_natural_partition,2974,6.139186591933751
14,716,random_subsets_natural_partition,2975,6.10630351539437
14,716,random_subsets_natural_partition,2976,6.1486955027159444
14,716,random_subsets_natural_partition,2977,6.14364301595649
14,716,random_subsets_natural_partition,2978,6.161389481918346
14,716,random_subsets_natural_partition,2979,6.171824243578775
14,716,random_subsets_natural_partition,2980,6.139739619420478
14,716,random_subsets_natural_partition,2981,6.132888448359333
14,716,random_subsets_natural_partition,2982,6.176370456085613
14,716,random_subsets_natural_partition,2983,6.170249705418703
14,716,random_subsets_natural_partition,2984,6.141974397561961
14,716,random_subsets_natural_partition,2985,6.13925702979351
14,716,random_subsets_natural_partition,2986,6.1696043970836
14,716,random_subsets_natural_partition,2987,6.134138013905758
14,716,random_subsets_natural_partition,2988,6.129158651303072
14,716,random_subsets_natural_partition,2989,6.146580610504417
14,716,random_subsets_natural_partition,2990,6.156143113614047
14,716,random_subsets_natural_partition,2991,6.1201151397993705
14,716,random_subsets_natural_partition,2992,6.136584760670429
14,716,random_subsets_natural_partition,2993,6.155248981386196
14,716,random_subsets_natural_partition,2994,6.151759708018135
14,716,random_subsets_natural_partition,2995,6.159342850502907
14,716,random_subsets_natural_partition,2996,6.124445188402248
14,716,random_subsets_natural_partition,2997,6.128007303026361
14,716,random_subsets_natural_partition,2998,6.114576278688755
14,716,random_subsets_natural_partition,2999,6.163456058712777
14,716,random_subsets_natural_partition,3000,6.158200197982856
14,716,random_subsets_natural_partition,3001,6.134703475097498
14,716,random_subsets_natural_partition,3002,6.159130154866722
14,716,random_subsets_natural_partition,3003,6.14911076120523
14,716,random_subsets_natural_partition,3004,6.134959783071363
14,716,random_subsets_natural_partition,3005,6.14069836456447
14,716,random_subsets_natural_partition,3006,6.154080540244922
14,716,random_subsets_natural_partition,3007,6.174763614307109
14,716,random_subsets_natural_partition,3008,6.143243425823807
14,716,random_subsets_natural_partition,3009,6.156625199657923
14,716,random_subsets_natural_partition,3010,6.161909315321268
14,716,random_subsets_natural_partition,3011,6.110642013394495
14,716,random_subsets_natural_partition,3012,6.147563734206516
14,716,random_subsets_natural_partition,3013,6.106045553161032
14,716,random_subsets_natural_partition,3014,6.144254365256319
14,716,random_subsets_natural_partition,3015,6.166692232586942
14,716,random_subsets_natural_partition,3016,6.146965173074862
14,716,random_subsets_natural_partition,3017,6.139888669739546
14,716,random_subsets_natural_partition,3018,6.154044569480944
14,716,random_subsets_natural_partition,3019,6.152416636198887
14,716,random_subsets_natural_partition,3020,6.136270193365723
14,716,random_subsets_natural_partition,3021,6.1216471842062115
14,716,random_subsets_natural_partition,3022,6.160467799841247
14,716,random_subsets_natural_partition,3023,6.160941096953088
14,716,random_subsets_natural_partition,3024,6.179900232274274
14,716,random_subsets_natural_partition,3025,6.1539633263189994
14,716,random_subsets_natural_partition,3026,6.135288513724595
14,716,random_subsets_natural_partition,3027,6.142410961574594
14,716,random_subsets_natural_partition,3028,6.149749117570857
14,716,random_subsets_natural_partition,3029,6.145408463390749
14,716,random_subsets_natural_partition,3030,6.157725269456282
14,716,random_subsets_natural_partition,3031,6.153418543728453
14,716,random_subsets_natural_partition,3032,6.154501981044805
14,716,random_subsets_natural_partition,3033,6.144512088935381
14,716,random_subsets_natural_partition,3034,6.166872933342492
14,716,random_subsets_natural_partition,3035,6.151401797679164
14,716,random_subsets_natural_partition,3036,6.154254186749841
14,716,random_subsets_natural_partition,3037,6.130521880074297
14,716,random_subsets_natural_partition,3038,6.110665285133045
14,716,random_subsets_natural_partition,3039,6.14829015215036
14,716,random_subsets_natural_partition,3040,6.161080770982939
14,716,random_subsets_natural_partition,3041,6.165527536745018
14,716,random_subsets_natural_partition,3042,6.147442141577899
14,716,random_subsets_natural_partition,3043,6.1209487539852585
14,716,random_subsets_natural_partition,3044,6.1117760873835385
14,716,random_subsets_natural_partition,3045,6.176700372870663
14,716,random_subsets_natural_partition,3046,6.124296958228939
14,716,random_subsets_natural_partition,3047,6.180568467223575
14,716,random_subsets_natural_partition,3048,6.104634886996276
14,716,random_subsets_natural_partition,3049,6.162219651276858
14,716,random_subsets_natural_partition,3050,6.14127818759117
14,716,random_subsets_natural_partition,3051,6.149411273651078
14,716,random_subsets_natural_partition,3052,6.142082966882317
14,716,random_subsets_natural_partition,3053,6.144240349050253
14,716,random_subsets_natural_partition,3054,6.136424053025514
14,716,random_subsets_natural_partition,3055,6.14714362823666
14,716,random_subsets_natural_partition,3056,6.117338892437198
14,716,random_subsets_natural_partition,3057,6.134714133949625
14,716,random_subsets_natural_partition,3058,6.135872521997212
14,716,random_subsets_natural_partition,3059,6.148795569116933
14,716,random_subsets_natural_partition,3060,6.166241648153273
14,716,random_subsets_natural_partition,3061,6.155272654962639
14,716,random_subsets_natural_partition,3062,6.152605344520731
14,716,random_subsets_natural_partition,3063,6.173345282094731
14,716,random_subsets_natural_partition,3064,6.157806999928594
14,716,random_subsets_natural_partition,3065,6.1296150316625875
14,716,random_subsets_natural_partition,3066,6.150041993821804
14,716,random_subsets_natural_partition,3067,6.1465372734031085
14,716,random_subsets_natural_partition,3068,6.131478822165049
14,716,random_subsets_natural_partition,3069,6.171296421191648
14,716,random_subsets_natural_partition,3070,6.17199513944329
14,716,random_subsets_natural_partition,3071,6.134277735976653
14,716,random_subsets_natural_partition,3072,6.117488681239895
14,716,random_subsets_natural_partition,3073,6.151640912506885
14,716,random_subsets_natural_partition,3074,6.173746640166509
14,716,random_subsets_natural_partition,3075,6.151821861883396
14,716,random_subsets_natural_partition,3076,6.159195292090802
14,716,random_subsets_natural_partition,3077,6.134159664005475
14,716,random_subsets_natural_partition,3078,6.140118210748573
14,716,random_subsets_natural_partition,3079,6.173333590722197
14,716,random_subsets_natural_partition,3080,6.1217665184739
14,716,random_subsets_natural_partition,3081,6.160132260514496
14,716,random_subsets_natural_partition,3082,6.153921334248841
14,716,random_subsets_natural_partition,3083,6.167715290164364
14,716,random_subsets_natural_partition,3084,6.129499408310031
14,716,random_subsets_natural_partition,3085,6.165116139071052
14,716,random_subsets_natural_partition,3086,6.150215267687519
14,716,random_subsets_natural_partition,3087,6.1218651650231575
14,716,random_subsets_natural_partition,3088,6.120502917320392
14,716,random_subsets_natural_partition,3089,6.139423475196274
14,716,random_subsets_natural_partition,3090,6.14626985663156
14,716,random_subsets_natural_partition,3091,6.143436827118474
14,716,random_subsets_natural_partition,3092,6.149600749112384
14,716,random_subsets_natural_partition,3093,6.126656654475323
14,716,random_subsets_natural_partition,3094,6.15087179402757
14,716,random_subsets_natural_partition,3095,6.125598615488705
14,716,random_subsets_natural_partition,3096,6.147074443555441
14,716,random_subsets_natural_partition,3097,6.165785749281706
14,716,random_subsets_natural_partition,3098,6.1349755667767365
14,716,random_subsets_natural_partition,3099,6.115181059579728
14,716,random_subsets_natural_partition,3100,6.1370121314254735
14,716,random_subsets_natural_partition,3101,6.139878530101321
14,716,random_subsets_natural_partition,3102,6.126249233805491
14,716,random_subsets_natural_partition,3103,6.1328294971295145
14,716,random_subsets_natural_partition,3104,6.128681371812665
14,716,random_subsets_natural_partition,3105,6.138488779787195
14,716,random_subsets_natural_partition,3106,6.164249899686089
14,716,random_subsets_natural_partition,3107,6.136861870905629
14,716,random_subsets_natural_partition,3108,6.126689202527324
14,716,random_subsets_natural_partition,3109,6.121777643684678
14,716,random_subsets_natural_partition,3110,6.139096413606717
14,716,random_subsets_natural_partition,3111,6.130975961810413
14,716,random_subsets_natural_partition,3112,6.13728000731233
14,716,random_subsets_natural_partition,3113,6.144648548292987
14,716,random_subsets_natural_partition,3114,6.089613285185113
14,716,random_subsets_natural_partition,3115,6.145943695201932
14,716,random_subsets_natural_partition,3116,6.172973287053133
14,716,random_subsets_natural_partition,3117,6.150390013280841
14,716,random_subsets_natural_partition,3118,6.128133426229043
14,716,random_subsets_natural_partition,3119,6.170805967969237
14,716,random_subsets_natural_partition,3120,6.150788293016138
14,716,random_subsets_natural_partition,3121,6.17238830455855
14,716,random_subsets_natural_partition,3122,6.165199922521094
14,716,random_subsets_natural_partition,3123,6.127859161539064
14,716,random_subsets_natural_partition,3124,6.169692251505709
14,716,random_subsets_natural_partition,3125,6.151644390824626
14,716,random_subsets_natural_partition,3126,6.136737118231536
14,716,random_subsets_natural_partition,3127,6.110071672312515
14,716,random_subsets_natural_partition,3128,6.150167188433056
14,716,random_subsets_natural_partition,3129,6.1085509015419275
14,716,random_subsets_natural_partition,3130,6.123870684524932
14,716,random_subsets_natural_partition,3131,6.111873228853016
14,716,random_subsets_natural_partition,3132,6.17187678440903
14,716,random_subsets_natural_partition,3133,6.140386122505466
14,716,random_subsets_natural_partition,3134,6.135121792652375
14,716,random_subsets_natural_partition,3135,6.138655728691254
14,716,random_subsets_natural_partition,3136,6.179927977331421
14,716,random_subsets_natural_partition,3137,6.108196343593946
14,716,random_subsets_natural_partition,3138,6.12867861796136
14,716,random_subsets_natural_partition,3139,6.139296541603067
14,716,random_subsets_natural_partition,3140,6.160922794323233
14,716,random_subsets_natural_partition,3141,6.164474772829985
14,716,random_subsets_natural_partition,3142,6.143065927856338
14,716,random_subsets_natural_partition,3143,6.150760912231243
14,716,random_subsets_natural_partition,3144,6.151938848373458
14,716,random_subsets_natural_partition,3145,6.157931703179787
14,716,random_subsets_natural_partition,3146,6.1200413560027425
14,716,random_subsets_natural_partition,3147,6.136693452954061
14,716,random_subsets_natural_partition,3148,6.1472606066492155
14,716,random_subsets_natural_partition,3149,6.15090017778997
14,716,random_subsets_natural_partition,3150,6.131439128483012
14,716,random_subsets_natural_partition,3151,6.141664875817684
14,716,random_subsets_natural_partition,3152,6.15590374553161
14,716,random_subsets_natural_partition,3153,6.164277039815838
14,716,random_subsets_natural_partition,3154,6.151189193206424
14,716,random_subsets_natural_partition,3155,6.097585598038724
14,716,random_subsets_natural_partition,3156,6.146176617546006
14,716,random_subsets_natural_partition,3157,6.107455431632721
14,716,random_subsets_natural_partition,3158,6.186459931352583
14,716,random_subsets_natural_partition,3159,6.100398478830359
14,716,random_subsets_natural_partition,3160,6.158027486460588
14,716,random_subsets_natural_partition,3161,6.123027951279871
14,716,random_subsets_natural_partition,3162,6.14409297210835
14,716,random_subsets_natural_partition,3163,6.147968970058313
14,716,random_subsets_natural_partition,3164,6.155686330103439
14,716,random_subsets_natural_partition,3165,6.139594311611794
14,716,random_subsets_natural_partition,3166,6.159623760601035
14,716,random_subsets_natural_partition,3167,6.145734600636243
14,716,random_subsets_natural_partition,3168,6.134196864679336
14,716,random_subsets_natural_partition,3169,6.146157788119889
14,716,random_subsets_natural_partition,3170,6.123356697933971
14,716,random_subsets_natural_partition,3171,6.09842439726287
14,716,random_subsets_natural_partition,3172,6.126516634559165
14,716,random_subsets_natural_partition,3173,6.129813451570809
14,716,random_subsets_natural_partition,3174,6.161346368835067
14,716,random_subsets_natural_partition,3175,6.137761677183957
14,716,random_subsets_natural_partition,3176,6.159091607841967
14,716,random_subsets_natural_partition,3177,6.159875821060289
14,716,random_subsets_natural_partition,3178,6.114374457293565
14,716,random_subsets_natural_partition,3179,6.149331462463909
14,716,random_subsets_natural_partition,3180,6.1446310938486635
14,716,random_subsets_natural_partition,3181,6.165400623210627
14,716,random_subsets_natural_partition,3182,6.1577455025398455
14,716,random_subsets_natural_partition,3183,6.155921894288116
14,716,random_subsets_natural_partition,3184,6.139248839533771
14,716,random_subsets_natural_partition,3185,6.128076036397908
14,716,random_subsets_natural_partition,3186,6.140905408763177
14,716,random_subsets_natural_partition,3187,6.135471968554421
14,716,random_subsets_natural_partition,3188,6.096541080976316
14,716,random_subsets_natural_partition,3189,6.148536646716152
14,716,random_subsets_natural_partition,3190,6.1670338154082325
14,716,random_subsets_natural_partition,3191,6.149972320937087
14,716,random_subsets_natural_partition,3192,6.133242322322522
14,716,random_subsets_natural_partition,3193,6.116588874455502
14,716,random_subsets_natural_partition,3194,6.123250373153772
14,716,random_subsets_natural_partition,3195,6.1551585405554805
14,716,random_subsets_natural_partition,3196,6.155454048310308
14,716,random_subsets_natural_partition,3197,6.142875809325122
14,716,random_subsets_natural_partition,3198,6.12029582342314
14,716,random_subsets_natural_partition,3199,6.139779889551021
14,716,random_subsets_natural_partition,3200,6.143916074832852
14,716,random_subsets_natural_partition,3201,6.14849160006066
14,716,random_subsets_natural_partition,3202,6.168824456245272
14,716,random_subsets_natural_partition,3203,6.124655664970056
14,716,random_subsets_natural_partition,3204,6.155329284599246
14,716,random_subsets_natural_partition,3205,6.1307878007808885
14,716,random_subsets_natural_partition,3206,6.178846563949184
14,716,random_subsets_natural_partition,3207,6.143465822111227
14,716,random_subsets_natural_partition,3208,6.1480907265179585
14,716,random_subsets_natural_partition,3209,6.152466087756872
14,716,random_subsets_natural_partition,3210,6.139311258287613
14,716,random_subsets_natural_partition,3211,6.146840183958054
14,716,random_subsets_natural_partition,3212,6.162984273536155
14,716,random_subsets_natural_partition,3213,6.121058111052244
14,716,random_subsets_natural_partition,3214,6.131807756121886
14,716,random_subsets_natural_partition,3215,6.116041005618871
14,716,random_subsets_natural_partition,3216,6.132541865526901
14,716,random_subsets_natural_partition,3217,6.143125519936743
14,716,random_subsets_natural_partition,3218,6.134582800686979
14,716,random_subsets_natural_partition,3219,6.122641801054713
14,716,random_subsets_natural_partition,3220,6.153715918836402
14,716,random_subsets_natural_partition,3221,6.127897892749106
14,716,random_subsets_natural_partition,3222,6.144373826081299
14,716,random_subsets_natural_partition,3223,6.160195333806189
14,716,random_subsets_natural_partition,3224,6.176678095932189
14,716,random_subsets_natural_partition,3225,6.15100083714134
14,716,random_subsets_natural_partition,3226,6.155350429475367
14,716,random_subsets_natural_partition,3227,6.1447069020150655
14,716,random_subsets_natural_partition,3228,6.136704635030376
14,716,random_subsets_natural_partition,3229,6.128551332842619
14,716,random_subsets_natural_partition,3230,6.1802984208173966
14,716,random_subsets_natural_partition,3231,6.1226422750204295
14,716,random_subsets_natural_partition,3232,6.149153933782317
14,716,random_subsets_natural_partition,3233,6.121734832137352
14,716,random_subsets_natural_partition,3234,6.127651192377646
14,716,random_subsets_natural_partition,3235,6.131679570698921
14,716,random_subsets_natural_partition,3236,6.129283162375555
14,716,random_subsets_natural_partition,3237,6.138291394866506
14,716,random_subsets_natural_partition,3238,6.148421804523744
14,716,random_subsets_natural_partition,3239,6.1505984724800165
14,716,random_subsets_natural_partition,3240,6.113344753123613
14,716,random_subsets_natural_partition,3241,6.138907887260412
14,716,random_subsets_natural_partition,3242,6.130552533363354
14,716,random_subsets_natural_partition,3243,6.151715268086045
14,716,random_subsets_natural_partition,3244,6.147710458119135
14,716,random_subsets_natural_partition,3245,6.11306345655143
14,716,random_subsets_natural_partition,3246,6.154952761237946
14,716,random_subsets_natural_partition,3247,6.137136998605285
14,716,random_subsets_natural_partition,3248,6.136337704505794
14,716,random_subsets_natural_partition,3249,6.138669442278932
14,716,random_subsets_natural_partition,3250,6.144314157184386
14,716,random_subsets_natural_partition,3251,6.164377057284247
14,716,random_subsets_natural_partition,3252,6.119964785597698
14,716,random_subsets_natural_partition,3253,6.13028106751457
14,716,random_subsets_natural_partition,3254,6.174481762151077
14,716,random_subsets_natural_partition,3255,6.162135683411009
14,716,random_subsets_natural_partition,3256,6.127625304385355
14,716,random_subsets_natural_partition,3257,6.1287553309244
14,716,random_subsets_natural_partition,3258,6.147418355399102
14,716,random_subsets_natural_partition,3259,6.150724935184724
14,716,random_subsets_natural_partition,3260,6.119936213823371
14,716,random_subsets_natural_partition,3261,6.12429652382304
14,716,random_subsets_natural_partition,3262,6.136032264771589
14,716,random_subsets_natural_partition,3263,6.147608597023041
14,716,random_subsets_natural_partition,3264,6.147248498177029
14,716,random_subsets_natural_partition,3265,6.170807646893288
14,716,random_subsets_natural_partition,3266,6.1197044535239185
14,716,random_subsets_natural_partition,3267,6.13207817563631
14,716,random_subsets_natural_partition,3268,6.141632991832639
14,716,random_subsets_natural_partition,3269,6.160128865835297
14,716,random_subsets_natural_partition,3270,6.13504224764466
14,716,random_subsets_natural_partition,3271,6.117507415437368
14,716,random_subsets_natural_partition,3272,6.10520063828936
14,716,random_subsets_natural_partition,3273,6.1534605791250545
14,716,random_subsets_natural_partition,3274,6.139831546629507
14,716,random_subsets_natural_partition,3275,6.143546074311826
14,716,random_subsets_natural_partition,3276,6.127941984578151
14,716,random_subsets_natural_partition,3277,6.146030661093039
14,716,random_subsets_natural_partition,3278,6.161580379725544
14,716,random_subsets_natural_partition,3279,6.142197193220113
14,716,random_subsets_natural_partition,3280,6.151238225420571
14,716,random_subsets_natural_partition,3281,6.105787902175499
14,716,random_subsets_natural_partition,3282,6.158510746786467
14,716,random_subsets_natural_partition,3283,6.176912720812635
14,716,random_subsets_natural_partition,3284,6.130240841360753
14,716,random_subsets_natural_partition,3285,6.135532907846742
14,716,random_subsets_natural_partition,3286,6.11079187982619
14,716,random_subsets_natural_partition,3287,6.124468076004416
14,716,random_subsets_natural_partition,3288,6.136143568205888
14,716,random_subsets_natural_partition,3289,6.151456276997448
14,716,random_subsets_natural_partition,3290,6.1275708854651585
14,716,random_subsets_natural_partition,3291,6.150387224635516
14,716,random_subsets_natural_partition,3292,6.153471334993578
14,716,random_subsets_natural_partition,3293,6.16864240316933
14,716,random_subsets_natural_partition,3294,6.163419777632239
14,716,random_subsets_natural_partition,3295,6.168360559959949
14,716,random_subsets_natural_partition,3296,6.174704598860222
14,716,random_subsets_natural_partition,3297,6.1674670093973605
14,716,random_subsets_natural_partition,3298,6.110036403757008
14,716,random_subsets_natural_partition,3299,6.095847556332129
14,716,random_subsets_natural_partition,3300,6.14897434012879
14,716,random_subsets_natural_partition,3301,6.13906366997031
14,716,random_subsets_natural_partition,3302,6.151618991183881
14,716,random_subsets_natural_partition,3303,6.1463578857336
14,716,random_subsets_natural_partition,3304,6.152777826884166
14,716,random_subsets_natural_partition,3305,6.122422644977157
14,716,random_subsets_natural_partition,3306,6.1527174867720795
14,716,random_subsets_natural_partition,3307,6.131170710472505
14,716,random_subsets_natural_partition,3308,6.149571224738463
14,716,random_subsets_natural_partition,3309,6.125046384985236
14,716,random_subsets_natural_partition,3310,6.150433205327238
14,716,random_subsets_natural_partition,3311,6.158305161766861
14,716,random_subsets_natural_partition,3312,6.13994440562312
14,716,random_subsets_natural_partition,3313,6.122532034635438
14,716,random_subsets_natural_partition,3314,6.122678525358242
14,716,random_subsets_natural_partition,3315,6.163573659025931
14,716,random_subsets_natural_partition,3316,6.148775477283212
14,716,random_subsets_natural_partition,3317,6.14246941463543
14,716,random_subsets_natural_partition,3318,6.168891400766925
14,716,random_subsets_natural_partition,3319,6.156477734647303
14,716,random_subsets_natural_partition,3320,6.148244752660796
14,716,random_subsets_natural_partition,3321,6.163653243996991
14,716,random_subsets_natural_partition,3322,6.1354799089272944
14,716,random_subsets_natural_partition,3323,6.143166458127524
14,716,random_subsets_natural_partition,3324,6.163262205999145
14,716,random_subsets_natural_partition,3325,6.1541187973156894
14,716,random_subsets_natural_partition,3326,6.125945591604125
14,716,random_subsets_natural_partition,3327,6.172532934699603
14,716,random_subsets_natural_partition,3328,6.166341895044198
14,716,random_subsets_natural_partition,3329,6.1352054678434325
14,716,random_subsets_natural_partition,3330,6.150460234258444
14,716,random_subsets_natural_partition,3331,6.149248835917408
14,716,random_subsets_natural_partition,3332,6.160559736054651
14,716,random_subsets_natural_partition,3333,6.131208067294984
14,716,random_subsets_natural_partition,3334,6.153872356350295
14,716,random_subsets_natural_partition,3335,6.119787287140989
14,716,random_subsets_natural_partition,3336,6.153460585359138
14,716,random_subsets_natural_partition,3337,6.168202109858929
14,716,random_subsets_natural_partition,3338,6.1263288011403505
14,716,random_subsets_natural_partition,3339,6.1382752073547975
14,716,random_subsets_natural_partition,3340,6.149118688877424
14,716,random_subsets_natural_partition,3341,6.151719552104215
14,716,random_subsets_natural_partition,3342,6.133633757019901
14,716,random_subsets_natural_partition,3343,6.116892474905247
14,716,random_subsets_natural_partition,3344,6.171886749830139
14,716,random_subsets_natural_partition,3345,6.130756998220927
14,716,random_subsets_natural_partition,3346,6.1644375711729404
14,716,random_subsets_natural_partition,3347,6.144895792548762
14,716,random_subsets_natural_partition,3348,6.15987951770664
14,716,random_subsets_natural_partition,3349,6.150884754444719
14,716,random_subsets_natural_partition,3350,6.142991014522367
14,716,random_subsets_natural_partition,3351,6.142692514840991
14,716,random_subsets_natural_partition,3352,6.146616893983525
14,716,random_subsets_natural_partition,3353,6.133619227652268
14,716,random_subsets_natural_partition,3354,6.159178993381996
14,716,random_subsets_natural_partition,3355,6.148914755588766
14,716,random_subsets_natural_partition,3356,6.165687626218542
14,716,random_subsets_natural_partition,3357,6.150042332648294
14,716,random_subsets_natural_partition,3358,6.167095417378994
14,716,random_subsets_natural_partition,3359,6.1371476700814505
14,716,random_subsets_natural_partition,3360,6.132073130121057
14,716,random_subsets_natural_partition,3361,6.112910750915326
14,716,random_subsets_natural_partition,3362,6.1381177418491
14,716,random_subsets_natural_partition,3363,6.173047866293063
14,716,random_subsets_natural_partition,3364,6.158129359619453
14,716,random_subsets_natural_partition,3365,6.149080215276754
14,716,random_subsets_natural_partition,3366,6.125112757272579
14,716,random_subsets_natural_partition,3367,6.145218427149653
14,716,random_subsets_natural_partition,3368,6.143265647369594
14,716,random_subsets_natural_partition,3369,6.146144927640125
14,716,random_subsets_natural_partition,3370,6.158661595213608
14,716,random_subsets_natural_partition,3371,6.137442899841202
14,716,random_subsets_natural_partition,3372,6.149102969528378
14,716,random_subsets_natural_partition,3373,6.147052295809064
14,716,random_subsets_natural_partition,3374,6.1669188941238025
14,716,random_subsets_natural_partition,3375,6.146848789941181
14,716,random_subsets_natural_partition,3376,6.145176594202785
14,716,random_subsets_natural_partition,3377,6.16365860939486
14,716,random_subsets_natural_partition,3378,6.131189144674882
14,716,random_subsets_natural_partition,3379,6.1533710341424035
14,716,random_subsets_natural_partition,3380,6.101474041190704
14,716,random_subsets_natural_partition,3381,6.090972813917501
14,716,random_subsets_natural_partition,3382,6.16004613034445
14,716,random_subsets_natural_partition,3383,6.142881476814178
14,716,random_subsets_natural_partition,3384,6.1677533924455625
14,716,random_subsets_natural_partition,3385,6.151713857117032
14,716,random_subsets_natural_partition,3386,6.142634516404828
14,716,random_subsets_natural_partition,3387,6.155188258998784
14,716,random_subsets_natural_partition,3388,6.1430253432118995
14,716,random_subsets_natural_partition,3389,6.132126942378376
14,716,random_subsets_natural_partition,3390,6.1529801144544995
14,716,random_subsets_natural_partition,3391,6.117465923678516
14,716,random_subsets_natural_partition,3392,6.129308771098471
14,716,random_subsets_natural_partition,3393,6.147176154029245
14,716,random_subsets_natural_partition,3394,6.162879460616605
14,716,random_subsets_natural_partition,3395,6.143377372329705
14,716,random_subsets_natural_partition,3396,6.127695359126742
14,716,random_subsets_natural_partition,3397,6.160631735699707
14,716,random_subsets_natural_partition,3398,6.128252814071822
14,716,random_subsets_natural_partition,3399,6.1484911789996275
14,716,random_subsets_natural_partition,3400,6.131839752594126
14,716,random_subsets_natural_partition,3401,6.1681671254866925
14,716,random_subsets_natural_partition,3402,6.1658969896752955
14,716,random_subsets_natural_partition,3403,6.13571794276365
14,716,random_subsets_natural_partition,3404,6.147799835623779
14,716,random_subsets_natural_partition,3405,6.144700327936641
14,716,random_subsets_natural_partition,3406,6.152203526277225
14,716,random_subsets_natural_partition,3407,6.183603722142545
14,716,random_subsets_natural_partition,3408,6.113987213637745
14,716,random_subsets_natural_partition,3409,6.128494751629454
14,716,random_subsets_natural_partition,3410,6.140724876763558
14,716,random_subsets_natural_partition,3411,6.15267088871681
14,716,random_subsets_natural_partition,3412,6.130853298667366
14,716,random_subsets_natural_partition,3413,6.1502222801012705
14,716,random_subsets_natural_partition,3414,6.131421165275719
14,716,random_subsets_natural_partition,3415,6.129355634006993
14,716,random_subsets_natural_partition,3416,6.148099190223579
14,716,random_subsets_natural_partition,3417,6.152115048222615
14,716,random_subsets_natural_partition,3418,6.152403177497394
14,716,random_subsets_natural_partition,3419,6.149387334230796
14,716,random_subsets_natural_partition,3420,6.167387936374155
14,716,random_subsets_natural_partition,3421,6.16154268080814
14,716,random_subsets_natural_partition,3422,6.149118942487201
14,716,random_subsets_natural_partition,3423,6.143370171768946
14,716,random_subsets_natural_partition,3424,6.113970867438079
14,716,random_subsets_natural_partition,3425,6.143406842742024
14,716,random_subsets_natural_partition,3426,6.14940673258908
14,716,random_subsets_natural_partition,3427,6.144322544962116
14,716,random_subsets_natural_partition,3428,6.1557624728926985
14,716,random_subsets_natural_partition,3429,6.1362664506621325
14,716,random_subsets_natural_partition,3430,6.149311653984184
14,716,random_subsets_natural_partition,3431,6.164428851556419
14,716,random_subsets_natural_partition,3432,6.1232453939256395
14,716,random_subsets_natural_partition,3433,6.179014331068251
14,716,random_subsets_natural_partition,3434,6.154709545550957
14,716,random_subsets_natural_partition,3435,6.129973510710622
14,716,random_subsets_natural_partition,3436,6.13959863176981
14,716,random_subsets_natural_partition,3437,6.140800640264239
14,716,random_subsets_natural_partition,3438,6.1615395293190165
14,716,random_subsets_natural_partition,3439,6.13012544236274
14,716,random_subsets_natural_partition,3440,6.104952984917485
14,716,random_subsets_natural_partition,3441,6.148966665737727
14,716,random_subsets_natural_partition,3442,6.192848228704245
14,716,random_subsets_natural_partition,3443,6.148005018964753
14,716,random_subsets_natural_partition,3444,6.122946411349038
14,716,random_subsets_natural_partition,3445,6.136183560128636
14,716,random_subsets_natural_partition,3446,6.149262312388246
14,716,random_subsets_natural_partition,3447,6.150202362876633
14,716,random_subsets_natural_partition,3448,6.127558373953063
14,716,random_subsets_natural_partition,3449,6.157875527615215
14,716,random_subsets_natural_partition,3450,6.1675363682796664
14,716,random_subsets_natural_partition,3451,6.150540897717127
14,716,random_subsets_natural_partition,3452,6.11088274504125
14,716,random_subsets_natural_partition,3453,6.130449186477178
14,716,random_subsets_natural_partition,3454,6.13405171927838
14,716,random_subsets_natural_partition,3455,6.135378521662
14,716,random_subsets_natural_partition,3456,6.161239961909698
14,716,random_subsets_natural_partition,3457,6.130639774221487
14,716,random_subsets_natural_partition,3458,6.143520011638699
14,716,random_subsets_natural_partition,3459,6.128721489533905
14,716,random_subsets_natural_partition,3460,6.146751786326422
14,716,random_subsets_natural_partition,3461,6.156657576431099
14,716,random_subsets_natural_partition,3462,6.156375803273848
14,716,random_subsets_natural_partition,3463,6.158177184701352
14,716,random_subsets_natural_partition,3464,6.120470213504803
14,716,random_subsets_natural_partition,3465,6.175302907314012
14,716,random_subsets_natural_partition,3466,6.17459156197506
14,716,random_subsets_natural_partition,3467,6.117854928440373
14,716,random_subsets_natural_partition,3468,6.1602802497275375
14,716,random_subsets_natural_partition,3469,6.137803194068082
14,716,random_subsets_natural_partition,3470,6.140436960176983
14,716,random_subsets_natural_partition,3471,6.132508431904718
14,716,random_subsets_natural_partition,3472,6.122524329350913
14,716,random_subsets_natural_partition,3473,6.134460807693863
14,716,random_subsets_natural_partition,3474,6.145344489363383
14,716,random_subsets_natural_partition,3475,6.141506344134388
14,716,random_subsets_natural_partition,3476,6.160016887995841
14,716,random_subsets_natural_partition,3477,6.138047709983444
14,716,random_subsets_natural_partition,3478,6.147516922316708
14,716,random_subsets_natural_partition,3479,6.119853327422418
14,716,random_subsets_natural_partition,3480,6.120366848004291
14,716,random_subsets_natural_partition,3481,6.164958072915703
14,716,random_subsets_natural_partition,3482,6.13267245144275
14,716,random_subsets_natural_partition,3483,6.162178618924266
14,716,random_subsets_natural_partition,3484,6.144590958634815
14,716,random_subsets_natural_partition,3485,6.132465192815783
14,716,random_subsets_natural_partition,3486,6.150864864635839
14,716,random_subsets_natural_partition,3487,6.13213423782799
14,716,random_subsets_natural_partition,3488,6.12448645756807
14,716,random_subsets_natural_partition,3489,6.121372734267527
14,716,random_subsets_natural_partition,3490,6.143760414237068
14,716,random_subsets_natural_partition,3491,6.164494733493997
14,716,random_subsets_natural_partition,3492,6.137964320923724
14,716,random_subsets_natural_partition,3493,6.146668503403457
14,716,random_subsets_natural_partition,3494,6.144600108091752
14,716,random_subsets_natural_partition,3495,6.166384345582052
14,716,random_subsets_natural_partition,3496,6.141747330661385
14,716,random_subsets_natural_partition,3497,6.158038455147097
14,716,random_subsets_natural_partition,3498,6.1255881787232624
14,716,random_subsets_natural_partition,3499,6.146375476954893
14,716,random_subsets_natural_partition,3500,6.159507155906547
14,716,random_subsets_natural_partition,3501,6.085726316627673
14,716,random_subsets_natural_partition,3502,6.1598463752511785
14,716,random_subsets_natural_partition,3503,6.113308812359777
14,716,random_subsets_natural_partition,3504,6.126262340209216
14,716,random_subsets_natural_partition,3505,6.164481534380703
14,716,random_subsets_natural_partition,3506,6.1453331392697885
14,716,random_subsets_natural_partition,3507,6.1587842586069765
14,716,random_subsets_natural_partition,3508,6.148387396034562
14,716,random_subsets_natural_partition,3509,6.143764951966175
14,716,random_subsets_natural_partition,3510,6.1291269061361024
14,716,random_subsets_natural_partition,3511,6.158019554909098
14,716,random_subsets_natural_partition,3512,6.106963971912079
14,716,random_subsets_natural_partition,3513,6.157245334615484
14,716,random_subsets_natural_partition,3514,6.147237535099996
14,716,random_subsets_natural_partition,3515,6.132817809745331
14,716,random_subsets_natural_partition,3516,6.128576007072388
14,716,random_subsets_natural_partition,3517,6.149558756656266
14,716,random_subsets_natural_partition,3518,6.133895211662819
14,716,random_subsets_natural_partition,3519,6.124206213198743
14,716,random_subsets_natural_partition,3520,6.167790367334551
14,716,random_subsets_natural_partition,3521,6.164432439495822
14,716,random_subsets_natural_partition,3522,6.133126931820163
14,716,random_subsets_natural_partition,3523,6.162472159902201
14,716,random_subsets_natural_partition,3524,6.154507566381744
14,716,random_subsets_natural_partition,3525,6.154976436847302
14,716,random_subsets_natural_partition,3526,6.1454836085132625
14,716,random_subsets_natural_partition,3527,6.084450512140895
14,716,random_subsets_natural_partition,3528,6.150136067601319
14,716,random_subsets_natural_partition,3529,6.128330876434077
14,716,random_subsets_natural_partition,3530,6.1541895323114755
14,716,random_subsets_natural_partition,3531,6.1492805597860745
14,716,random_subsets_natural_partition,3532,6.1652363495998
14,716,random_subsets_natural_partition,3533,6.140591529611749
14,716,random_subsets_natural_partition,3534,6.145214374257864
14,716,random_subsets_natural_partition,3535,6.149032056446011
14,716,random_subsets_natural_partition,3536,6.153611132352897
14,716,random_subsets_natural_partition,3537,6.162506651248475
14,716,random_subsets_natural_partition,3538,6.158173090435233
14,716,random_subsets_natural_partition,3539,6.164381097834582
14,716,random_subsets_natural_partition,3540,6.15666025921878
14,716,random_subsets_natural_partition,3541,6.128634897923634
14,716,random_subsets_natural_partition,3542,6.133033011496226
14,716,random_subsets_natural_partition,3543,6.148610107891402
14,716,random_subsets_natural_partition,3544,6.1414389725619785
14,716,random_subsets_natural_partition,3545,6.177933567167783
14,716,random_subsets_natural_partition,3546,6.15824598272734
14,716,random_subsets_natural_partition,3547,6.160094011281472
14,716,random_subsets_natural_partition,3548,6.156090804411205
14,716,random_subsets_natural_partition,3549,6.143463615890292
14,716,random_subsets_natural_partition,3550,6.160522415900455
14,716,random_subsets_natural_partition,3551,6.160853136239461
14,716,random_subsets_natural_partition,3552,6.126654999587843
14,716,random_subsets_natural_partition,3553,6.1605714574499295
14,716,random_subsets_natural_partition,3554,6.131313720152559
14,716,random_subsets_natural_partition,3555,6.146669371263771
14,716,random_subsets_natural_partition,3556,6.140843374268219
14,716,random_subsets_natural_partition,3557,6.132480047671528
14,716,random_subsets_natural_partition,3558,6.123616046972107
14,716,random_subsets_natural_partition,3559,6.154346672021547
14,716,random_subsets_natural_partition,3560,6.121110572297312
14,716,random_subsets_natural_partition,3561,6.1471814648994005
14,716,random_subsets_natural_partition,3562,6.1623458533872695
14,716,random_subsets_natural_partition,3563,6.160740123064987
14,716,random_subsets_natural_partition,3564,6.13106886624796
14,716,random_subsets_natural_partition,3565,6.132399616418445
14,716,random_subsets_natural_partition,3566,6.112927818815975
14,716,random_subsets_natural_partition,3567,6.141806725004596
14,716,random_subsets_natural_partition,3568,6.149908288498445
14,716,random_subsets_natural_partition,3569,6.149235190851075
14,716,random_subsets_natural_partition,3570,6.12493107616163
14,716,random_subsets_natural_partition,3571,6.134489551377838
14,716,random_subsets_natural_partition,3572,6.129259316453668
14,716,random_subsets_natural_partition,3573,6.16693496641106
14,716,random_subsets_natural_partition,3574,6.135684840547392
14,716,random_subsets_natural_partition,3575,6.130356285248546
14,716,random_subsets_natural_partition,3576,6.158179898584099
14,716,random_subsets_natural_partition,3577,6.1418044041936914
14,716,random_subsets_natural_partition,3578,6.15032865729359
14,716,random_subsets_natural_partition,3579,6.136006560473795
14,716,random_subsets_natural_partition,3580,6.123323638378873
14,716,random_subsets_natural_partition,3581,6.13079221234167
14,716,random_subsets_natural_partition,3582,6.143679168290705
14,716,random_subsets_natural_partition,3583,6.1189659470756474
14,716,random_subsets_natural_partition,3584,6.140134918475758
14,716,random_subsets_natural_partition,3585,6.114344414598282
14,716,random_subsets_natural_partition,3586,6.118582234899387
14,716,random_subsets_natural_partition,3587,6.147847877489287
14,716,random_subsets_natural_partition,3588,6.139642712512684
14,716,random_subsets_natural_partition,3589,6.140019504631941
14,716,random_subsets_natural_partition,3590,6.158754529202286
14,716,random_subsets_natural_partition,3591,6.131289064943645
14,716,random_subsets_natural_partition,3592,6.162254744570086
14,716,random_subsets_natural_partition,3593,6.149122880476808
14,716,random_subsets_natural_partition,3594,6.152796387647722
14,716,random_subsets_natural_partition,3595,6.166590873644445
14,716,random_subsets_natural_partition,3596,6.130404096208906
14,716,random_subsets_natural_partition,3597,6.127106902569753
14,716,random_subsets_natural_partition,3598,6.134568585891379
14,716,random_subsets_natural_partition,3599,6.154068311169017
14,716,random_subsets_natural_partition,3600,6.140177911710076
14,716,random_subsets_natural_partition,3601,6.1220172061764595
14,716,random_subsets_natural_partition,3602,6.154744850180662
14,716,random_subsets_natural_partition,3603,6.141320110187606
14,716,random_subsets_natural_partition,3604,6.131698883865812
14,716,random_subsets_natural_partition,3605,6.157158665986769
14,716,random_subsets_natural_partition,3606,6.107557827419362
14,716,random_subsets_natural_partition,3607,6.147285169746496
14,716,random_subsets_natural_partition,3608,6.163521051304696
14,716,random_subsets_natural_partition,3609,6.154949198679132
14,716,random_subsets_natural_partition,3610,6.150656007140055
14,716,random_subsets_natural_partition,3611,6.13663748056166
14,716,random_subsets_natural_partition,3612,6.123066967084097
14,716,random_subsets_natural_partition,3613,6.135353248714184
14,716,random_subsets_natural_partition,3614,6.159974104139754
14,716,random_subsets_natural_partition,3615,6.109728345508876
14,716,random_subsets_natural_partition,3616,6.13705913302665
14,716,random_subsets_natural_partition,3617,6.179235982441861
14,716,random_subsets_natural_partition,3618,6.131865190002868
14,716,random_subsets_natural_partition,3619,6.129562334518084
14,716,random_subsets_natural_partition,3620,6.15433633040145
14,716,random_subsets_natural_partition,3621,6.117947236718469
14,716,random_subsets_natural_partition,3622,6.130291398587226
14,716,random_subsets_natural_partition,3623,6.155017760470211
14,716,random_subsets_natural_partition,3624,6.151125403607124
14,716,random_subsets_natural_partition,3625,6.098854152852532
14,716,random_subsets_natural_partition,3626,6.146095858875138
14,716,random_subsets_natural_partition,3627,6.133701748132017
14,716,random_subsets_natural_partition,3628,6.152102605392848
14,716,random_subsets_natural_partition,3629,6.1391878486067695
14,716,random_subsets_natural_partition,3630,6.148274920408014
14,716,random_subsets_natural_partition,3631,6.1407317137731
14,716,random_subsets_natural_partition,3632,6.167919346523884
14,716,random_subsets_natural_partition,3633,6.0803481492731475
14,716,random_subsets_natural_partition,3634,6.139063937342494
14,716,random_subsets_natural_partition,3635,6.137519534469552
14,716,random_subsets_natural_partition,3636,6.160931318238823
14,716,random_subsets_natural_partition,3637,6.104362830263695
14,716,random_subsets_natural_partition,3638,6.126141218242893
14,716,random_subsets_natural_partition,3639,6.113920415733737
14,716,random_subsets_natural_partition,3640,6.167899063416537
14,716,random_subsets_natural_partition,3641,6.1453216786302205
14,716,random_subsets_natural_partition,3642,6.152122186316458
14,716,random_subsets_natural_partition,3643,6.1503256255920515
14,716,random_subsets_natural_partition,3644,6.128159372369928
14,716,random_subsets_natural_partition,3645,6.131436063633339
14,716,random_subsets_natural_partition,3646,6.124004143841666
14,716,random_subsets_natural_partition,3647,6.1567015379600925
14,716,random_subsets_natural_partition,3648,6.156456959559077
14,716,random_subsets_natural_partition,3649,6.1642285289083745
14,716,random_subsets_natural_partition,3650,6.141350653214967
14,716,random_subsets_natural_partition,3651,6.184335151648435
14,716,random_subsets_natural_partition,3652,6.137570546639265
14,716,random_subsets_natural_partition,3653,6.137055050235641
14,716,random_subsets_natural_partition,3654,6.139159798049723
14,716,random_subsets_natural_partition,3655,6.119690081757693
14,716,random_subsets_natural_partition,3656,6.136377212425395
14,716,random_subsets_natural_partition,3657,6.162256771125805
14,716,random_subsets_natural_partition,3658,6.151725185100877
14,716,random_subsets_natural_partition,3659,6.121384459227648
14,716,random_subsets_natural_partition,3660,6.122272907951109
14,716,random_subsets_natural_partition,3661,6.112412538852851
14,716,random_subsets_natural_partition,3662,6.133670423220664
14,716,random_subsets_natural_partition,3663,6.157672662958395
14,716,random_subsets_natural_partition,3664,6.146787049679368
14,716,random_subsets_natural_partition,3665,6.120784714275719
14,716,random_subsets_natural_partition,3666,6.1484955524137375
14,716,random_subsets_natural_partition,3667,6.118418279905671
14,716,random_subsets_natural_partition,3668,6.156142920912167
14,716,random_subsets_natural_partition,3669,6.15139727285958
14,716,random_subsets_natural_partition,3670,6.134936274243111
14,716,random_subsets_natural_partition,3671,6.148335194429678
14,716,random_subsets_natural_partition,3672,6.113820375708522
14,716,random_subsets_natural_partition,3673,6.168273078063739
14,716,random_subsets_natural_partition,3674,6.1181462327104255
14,716,random_subsets_natural_partition,3675,6.1637368454429335
14,716,random_subsets_natural_partition,3676,6.146144282227443
14,716,random_subsets_natural_partition,3677,6.152378386474724
14,716,random_subsets_natural_partition,3678,6.140347835231596
14,716,random_subsets_natural_partition,3679,6.172350253258292
14,716,random_subsets_natural_partition,3680,6.145851498949542
14,716,random_subsets_natural_partition,3681,6.1318804263753615
14,716,random_subsets_natural_partition,3682,6.166255350860262
14,716,random_subsets_natural_partition,3683,6.130239289288937
14,716,random_subsets_natural_partition,3684,6.111835393303745
14,716,random_subsets_natural_partition,3685,6.145419318883302
14,716,random_subsets_natural_partition,3686,6.125047418810078
14,716,random_subsets_natural_partition,3687,6.11606526053644
14,716,random_subsets_natural_partition,3688,6.155683891080989
14,716,random_subsets_natural_partition,3689,6.116464100681302
14,716,random_subsets_natural_partition,3690,6.13612548970228
14,716,random_subsets_natural_partition,3691,6.143494481690999
14,716,random_subsets_natural_partition,3692,6.143719371012987
14,716,random_subsets_natural_partition,3693,6.171782481334855
14,716,random_subsets_natural_partition,3694,6.14430724350942
14,716,random_subsets_natural_partition,3695,6.184484352594005
14,716,random_subsets_natural_partition,3696,6.133341061984364
14,716,random_subsets_natural_partition,3697,6.149020509339928
14,716,random_subsets_natural_partition,3698,6.120534458072012
14,716,random_subsets_natural_partition,3699,6.156448277285219
14,716,random_subsets_natural_partition,3700,6.127363891209752
14,716,random_subsets_natural_partition,3701,6.14018930112796
14,716,random_subsets_natural_partition,3702,6.142568889627787
14,716,random_subsets_natural_partition,3703,6.14773202015326
14,716,random_subsets_natural_partition,3704,6.1569297635904565
14,716,random_subsets_natural_partition,3705,6.119896367238986
14,716,random_subsets_natural_partition,3706,6.128673797479506
14,716,random_subsets_natural_partition,3707,6.140165555815934
14,716,random_subsets_natural_partition,3708,6.168666238019026
14,716,random_subsets_natural_partition,3709,6.150956933370496
14,716,random_subsets_natural_partition,3710,6.135749303747935
14,716,random_subsets_natural_partition,3711,6.154658857893786
14,716,random_subsets_natural_partition,3712,6.093406514039778
14,716,random_subsets_natural_partition,3713,6.150059859252149
14,716,random_subsets_natural_partition,3714,6.184484732505373
14,716,random_subsets_natural_partition,3715,6.145974634935358
14,716,random_subsets_natural_partition,3716,6.160075665703189
14,716,random_subsets_natural_partition,3717,6.144781132131563
14,716,random_subsets_natural_partition,3718,6.158783386849959
14,716,random_subsets_natural_partition,3719,6.148125291909992
14,716,random_subsets_natural_partition,3720,6.125972002636918
14,716,random_subsets_natural_partition,3721,6.171945976512345
14,716,random_subsets_natural_partition,3722,6.160959060880803
14,716,random_subsets_natural_partition,3723,6.161480611138161
14,716,random_subsets_natural_partition,3724,6.133211809649882
14,716,random_subsets_natural_partition,3725,6.1777816659583165
14,716,random_subsets_natural_partition,3726,6.1304440011140855
14,716,random_subsets_natural_partition,3727,6.15433346606475
14,716,random_subsets_natural_partition,3728,6.157767014040399
14,716,random_subsets_natural_partition,3729,6.1455376638852
14,716,random_subsets_natural_partition,3730,6.136477516451238
14,716,random_subsets_natural_partition,3731,6.131893350498602
14,716,random_subsets_natural_partition,3732,6.126336086861881
14,716,random_subsets_natural_partition,3733,6.154204915232157
14,716,random_subsets_natural_partition,3734,6.133379345790332
14,716,random_subsets_natural_partition,3735,6.161071986519861
14,716,random_subsets_natural_partition,3736,6.138295205549056
14,716,random_subsets_natural_partition,3737,6.123769020790103
14,716,random_subsets_natural_partition,3738,6.139785291371616
14,716,random_subsets_natural_partition,3739,6.1314361512164925
14,716,random_subsets_natural_partition,3740,6.1468297602915305
14,716,random_subsets_natural_partition,3741,6.143963951607528
14,716,random_subsets_natural_partition,3742,6.125499655190647
14,716,random_subsets_natural_partition,3743,6.168884872784308
14,716,random_subsets_natural_partition,3744,6.182102399327249
14,716,random_subsets_natural_partition,3745,6.163238030572334
14,716,random_subsets_natural_partition,3746,6.154892600806745
14,716,random_subsets_natural_partition,3747,6.1352143245563955
14,716,random_subsets_natural_partition,3748,6.139160218833011
14,716,random_subsets_natural_partition,3749,6.145423195722851
14,716,random_subsets_natural_partition,3750,6.134799793416008
14,716,random_subsets_natural_partition,3751,6.171737613719115
14,716,random_subsets_natural_partition,3752,6.17320561103314
14,716,random_subsets_natural_partition,3753,6.121393514447542
14,716,random_subsets_natural_partition,3754,6.166006323662757
14,716,random_subsets_natural_partition,3755,6.140572646057948
14,716,random_subsets_natural_partition,3756,6.123613451672321
14,716,random_subsets_natural_partition,3757,6.156940257883506
14,716,random_subsets_natural_partition,3758,6.157646962796329
14,716,random_subsets_natural_partition,3759,6.121809749971381
14,716,random_subsets_natural_partition,3760,6.140748611436481
14,716,random_subsets_natural_partition,3761,6.106445746897423
14,716,random_subsets_natural_partition,3762,6.1431096494702375
14,716,random_subsets_natural_partition,3763,6.151998165388591
14,716,random_subsets_natural_partition,3764,6.130788822274931
14,716,random_subsets_natural_partition,3765,6.153253065577382
14,716,random_subsets_natural_partition,3766,6.120530479132209
14,716,random_subsets_natural_partition,3767,6.118823582378788
14,716,random_subsets_natural_partition,3768,6.115155613090602
14,716,random_subsets_natural_partition,3769,6.13765677655292
14,716,random_subsets_natural_partition,3770,6.143921780056911
14,716,random_subsets_natural_partition,3771,6.122855975608281
14,716,random_subsets_natural_partition,3772,6.145476092774961
14,716,random_subsets_natural_partition,3773,6.101156141779809
14,716,random_subsets_natural_partition,3774,6.1675863211343795
14,716,random_subsets_natural_partition,3775,6.139729477195383
14,716,random_subsets_natural_partition,3776,6.174202441672945
14,716,random_subsets_natural_partition,3777,6.114248735375378
14,716,random_subsets_natural_partition,3778,6.141279845734401
14,716,random_subsets_natural_partition,3779,6.142606128955751
14,716,random_subsets_natural_partition,3780,6.136699083998783
14,716,random_subsets_natural_partition,3781,6.142225192172596
14,716,random_subsets_natural_partition,3782,6.173985195487005
14,716,random_subsets_natural_partition,3783,6.158540009295988
14,716,random_subsets_natural_partition,3784,6.144213981921985
14,716,random_subsets_natural_partition,3785,6.141710541341663
14,716,random_subsets_natural_partition,3786,6.168910049285903
14,716,random_subsets_natural_partition,3787,6.155762087800702
14,716,random_subsets_natural_partition,3788,6.189800720893632
14,716,random_subsets_natural_partition,3789,6.1634282201664075
14,716,random_subsets_natural_partition,3790,6.145188885749973
14,716,random_subsets_natural_partition,3791,6.1463658830670695
14,716,random_subsets_natural_partition,3792,6.145078792015743
14,716,random_subsets_natural_partition,3793,6.162689700104137
14,716,random_subsets_natural_partition,3794,6.132763725123452
14,716,random_subsets_natural_partition,3795,6.131686497710594
14,716,random_subsets_natural_partition,3796,6.140660546553025
14,716,random_subsets_natural_partition,3797,6.1375245820104265
14,716,random_subsets_natural_partition,3798,6.097218064706384
14,716,random_subsets_natural_partition,3799,6.1588505346567555
14,716,random_subsets_natural_partition,3800,6.143116568997333
14,716,random_subsets_natural_partition,3801,6.153010564349822
14,716,random_subsets_natural_partition,3802,6.145306692364351
14,716,random_subsets_natural_partition,3803,6.118367577196527
14,716,random_subsets_natural_partition,3804,6.1441604612610705
14,716,random_subsets_natural_partition,3805,6.176771873906303
14,716,random_subsets_natural_partition,3806,6.103085529581971
14,716,random_subsets_natural_partition,3807,6.143721497866249
14,716,random_subsets_natural_partition,3808,6.12768223169925
14,716,random_subsets_natural_partition,3809,6.105096020867549
14,716,random_subsets_natural_partition,3810,6.133644513219506
14,716,random_subsets_natural_partition,3811,6.157065972344017
14,716,random_subsets_natural_partition,3812,6.131700619448146
14,716,random_subsets_natural_partition,3813,6.128912121107499
14,716,random_subsets_natural_partition,3814,6.154024066577565
14,716,random_subsets_natural_partition,3815,6.120395199845739
14,716,random_subsets_natural_partition,3816,6.150890608260743
14,716,random_subsets_natural_partition,3817,6.144217679945579
14,716,random_subsets_natural_partition,3818,6.169305991129714
14,716,random_subsets_natural_partition,3819,6.123594194891061
14,716,random_subsets_natural_partition,3820,6.135501409799424
14,716,random_subsets_natural_partition,3821,6.13144561102493
14,716,random_subsets_natural_partition,3822,6.13956243948289
14,716,random_subsets_natural_partition,3823,6.149043270270721
14,716,random_subsets_natural_partition,3824,6.137632566564832
14,716,random_subsets_natural_partition,3825,6.139922158534538
14,716,random_subsets_natural_partition,3826,6.138666421630625
14,716,random_subsets_natural_partition,3827,6.145033321358773
14,716,random_subsets_natural_partition,3828,6.155046832413111
14,716,random_subsets_natural_partition,3829,6.157460926866169
14,716,random_subsets_natural_partition,3830,6.129559413466579
14,716,random_subsets_natural_partition,3831,6.152969511798917
14,716,random_subsets_natural_partition,3832,6.13486239016713
14,716,random_subsets_natural_partition,3833,6.126232312312086
14,716,random_subsets_natural_partition,3834,6.141565955107291
14,716,random_subsets_natural_partition,3835,6.135438002796695
14,716,random_subsets_natural_partition,3836,6.130001956492505
14,716,random_subsets_natural_partition,3837,6.140118210030571
14,716,random_subsets_natural_partition,3838,6.173837178760382
14,716,random_subsets_natural_partition,3839,6.141493699943905
14,716,random_subsets_natural_partition,3840,6.171291149718746
14,716,random_subsets_natural_partition,3841,6.126844513600227
14,716,random_subsets_natural_partition,3842,6.148622560216955
14,716,random_subsets_natural_partition,3843,6.146207969406113
14,716,random_subsets_natural_partition,3844,6.1311096540674574
14,716,random_subsets_natural_partition,3845,6.170729938024622
14,716,random_subsets_natural_partition,3846,6.166933071362508
14,716,random_subsets_natural_partition,3847,6.136321959790163
14,716,random_subsets_natural_partition,3848,6.123245532906094
14,716,random_subsets_natural_partition,3849,6.172343302289687
14,716,random_subsets_natural_partition,3850,6.1274714362838605
14,716,random_subsets_natural_partition,3851,6.103722202373677
14,716,random_subsets_natural_partition,3852,6.135880424914953
14,716,random_subsets_natural_partition,3853,6.163595679319254
14,716,random_subsets_natural_partition,3854,6.1400370797163975
14,716,random_subsets_natural_partition,3855,6.136938174638119
14,716,random_subsets_natural_partition,3856,6.152284735000419
14,716,random_subsets_natural_partition,3857,6.156119422791176
14,716,random_subsets_natural_partition,3858,6.140497448756682
14,716,random_subsets_natural_partition,3859,6.134606287699653
14,716,random_subsets_natural_partition,3860,6.157516935303642
14,716,random_subsets_natural_partition,3861,6.171269410451679
14,716,random_subsets_natural_partition,3862,6.1480117322643215
14,716,random_subsets_natural_partition,3863,6.156252589178048
14,716,random_subsets_natural_partition,3864,6.157653912418354
14,716,random_subsets_natural_partition,3865,6.154778488579357
14,716,random_subsets_natural_partition,3866,6.1467698456209545
14,716,random_subsets_natural_partition,3867,6.141525391240817
14,716,random_subsets_natural_partition,3868,6.150565989891542
14,716,random_subsets_natural_partition,3869,6.152238946103437
14,716,random_subsets_natural_partition,3870,6.146720944732131
14,716,random_subsets_natural_partition,3871,6.156950424449723
14,716,random_subsets_natural_partition,3872,6.128803827695232
14,716,random_subsets_natural_partition,3873,6.157135943224634
14,716,random_subsets_natural_partition,3874,6.121073347779683
14,716,random_subsets_natural_partition,3875,6.152641804998966
14,716,random_subsets_natural_partition,3876,6.149329387432909
14,716,random_subsets_natural_partition,3877,6.146717750552321
14,716,random_subsets_natural_partition,3878,6.152882525178586
14,716,random_subsets_natural_partition,3879,6.129631710342675
14,716,random_subsets_natural_partition,3880,6.137699215082459
14,716,random_subsets_natural_partition,3881,6.129003054665571
14,716,random_subsets_natural_partition,3882,6.158690668971815
14,716,random_subsets_natural_partition,3883,6.158974823251582
14,716,random_subsets_natural_partition,3884,6.124192182217666
14,716,random_subsets_natural_partition,3885,6.143916181698218
14,716,random_subsets_natural_partition,3886,6.1461616645000365
14,716,random_subsets_natural_partition,3887,6.158715229174196
14,716,random_subsets_natural_partition,3888,6.12221289542769
14,716,random_subsets_natural_partition,3889,6.138332564943864
14,716,random_subsets_natural_partition,3890,6.12397765228394
14,716,random_subsets_natural_partition,3891,6.154128271770469
14,716,random_subsets_natural_partition,3892,6.154082521422288
14,716,random_subsets_natural_partition,3893,6.13797337754073
14,716,random_subsets_natural_partition,3894,6.182758577174536
14,716,random_subsets_natural_partition,3895,6.131654276998958
14,716,random_subsets_natural_partition,3896,6.14428325530378
14,716,random_subsets_natural_partition,3897,6.165473761762333
14,716,random_subsets_natural_partition,3898,6.160164222943893
14,716,random_subsets_natural_partition,3899,6.1758465696696305
14,716,random_subsets_natural_partition,3900,6.170702491041317
14,716,random_subsets_natural_partition,3901,6.111117176936738
14,716,random_subsets_natural_partition,3902,6.161359892476739
14,716,random_subsets_natural_partition,3903,6.156595562650213
14,716,random_subsets_natural_partition,3904,6.153141347171773
14,716,random_subsets_natural_partition,3905,6.151417135083261
14,716,random_subsets_natural_partition,3906,6.152572512912813
14,716,random_subsets_natural_partition,3907,6.139907263038527
14,716,random_subsets_natural_partition,3908,6.146966306937354
14,716,random_subsets_natural_partition,3909,6.161790612985236
14,716,random_subsets_natural_partition,3910,6.15366295589258
14,716,random_subsets_natural_partition,3911,6.16193600226414
14,716,random_subsets_natural_partition,3912,6.161271421295318
14,716,random_subsets_natural_partition,3913,6.17345502490778
14,716,random_subsets_natural_partition,3914,6.145665437348927
14,716,random_subsets_natural_partition,3915,6.112256074090471
14,716,random_subsets_natural_partition,3916,6.1406702325243945
14,716,random_subsets_natural_partition,3917,6.151044982686447
14,716,random_subsets_natural_partition,3918,6.132705206907642
14,716,random_subsets_natural_partition,3919,6.149560881176033
14,716,random_subsets_natural_partition,3920,6.157460226504147
14,716,random_subsets_natural_partition,3921,6.137233180238328
14,716,random_subsets_natural_partition,3922,6.145882243104082
14,716,random_subsets_natural_partition,3923,6.116205056925488
14,716,random_subsets_natural_partition,3924,6.174742730513737
14,716,random_subsets_natural_partition,3925,6.153984774660552
14,716,random_subsets_natural_partition,3926,6.163588264074982
14,716,random_subsets_natural_partition,3927,6.123870907579286
14,716,random_subsets_natural_partition,3928,6.155922588258114
14,716,random_subsets_natural_partition,3929,6.130592523444288
14,716,random_subsets_natural_partition,3930,6.130103805810955
14,716,random_subsets_natural_partition,3931,6.152672601746192
14,716,random_subsets_natural_partition,3932,6.157147228253567
14,716,random_subsets_natural_partition,3933,6.159506830735036
14,716,random_subsets_natural_partition,3934,6.145776904597241
14,716,random_subsets_natural_partition,3935,6.132187130961136
14,716,random_subsets_natural_partition,3936,6.160482992869121
14,716,random_subsets_natural_partition,3937,6.158845930476218
14,716,random_subsets_natural_partition,3938,6.173257497730335
14,716,random_subsets_natural_partition,3939,6.16944216094886
14,716,random_subsets_natural_partition,3940,6.152064003566403
14,716,random_subsets_natural_partition,3941,6.112563770112986
14,716,random_subsets_natural_partition,3942,6.156978484498513
14,716,random_subsets_natural_partition,3943,6.11272573606984
14,716,random_subsets_natural_partition,3944,6.140305042232937
14,716,random_subsets_natural_partition,3945,6.163215389532821
14,716,random_subsets_natural_partition,3946,6.1143389141928735
14,716,random_subsets_natural_partition,3947,6.150203742857222
14,716,random_subsets_natural_partition,3948,6.136113921295481
14,716,random_subsets_natural_partition,3949,6.154711699854622
14,716,random_subsets_natural_partition,3950,6.13362326998826
14,716,random_subsets_natural_partition,3951,6.146851981742252
14,716,random_subsets_natural_partition,3952,6.113192569804224
14,716,random_subsets_natural_partition,3953,6.147019250493549
14,716,random_subsets_natural_partition,3954,6.141206940260001
14,716,random_subsets_natural_partition,3955,6.1253799071673205
14,716,random_subsets_natural_partition,3956,6.163160767836303
14,716,random_subsets_natural_partition,3957,6.190257959592186
14,716,random_subsets_natural_partition,3958,6.150657162169695
14,716,random_subsets_natural_partition,3959,6.153407523351709
14,716,random_subsets_natural_partition,3960,6.127449187719437
14,716,random_subsets_natural_partition,3961,6.1319261927862625
14,716,random_subsets_natural_partition,3962,6.148849170724076
14,716,random_subsets_natural_partition,3963,6.150508614618017
14,716,random_subsets_natural_partition,3964,6.165806535963401
14,716,random_subsets_natural_partition,3965,6.146573931747209
14,716,random_subsets_natural_partition,3966,6.139658141552233
14,716,random_subsets_natural_partition,3967,6.157955055534001
14,716,random_subsets_natural_partition,3968,6.124347190497011
14,716,random_subsets_natural_partition,3969,6.146733519478533
14,716,random_subsets_natural_partition,3970,6.1571497723526525
14,716,random_subsets_natural_partition,3971,6.170935661056624
14,716,random_subsets_natural_partition,3972,6.170818527567675
14,716,random_subsets_natural_partition,3973,6.153659166559421
14,716,random_subsets_natural_partition,3974,6.116188454109907
14,716,random_subsets_natural_partition,3975,6.180267495168058
14,716,random_subsets_natural_partition,3976,6.159329591327802
14,716,random_subsets_natural_partition,3977,6.1278741490844935
14,716,random_subsets_natural_partition,3978,6.154063886589799
14,716,random_subsets_natural_partition,3979,6.15384553580531
14,716,random_subsets_natural_partition,3980,6.181844267781432
14,716,random_subsets_natural_partition,3981,6.1400824761722665
14,716,random_subsets_natural_partition,3982,6.131563962468349
14,716,random_subsets_natural_partition,3983,6.14415042102791
14,716,random_subsets_natural_partition,3984,6.141855282896661
14,716,random_subsets_natural_partition,3985,6.154733986953312
14,716,random_subsets_natural_partition,3986,6.144999025468306
14,716,random_subsets_natural_partition,3987,6.116928089872653
14,716,random_subsets_natural_partition,3988,6.164582960269754
14,716,random_subsets_natural_partition,3989,6.162584645644852
14,716,random_subsets_natural_partition,3990,6.136815684035489
14,716,random_subsets_natural_partition,3991,6.1346952276171995
14,716,random_subsets_natural_partition,3992,6.124535265351255
14,716,random_subsets_natural_partition,3993,6.1233958611265065
14,716,random_subsets_natural_partition,3994,6.1293115572999675
14,716,random_subsets_natural_partition,3995,6.166421540241951
14,716,random_subsets_natural_partition,3996,6.117737055805868
14,716,random_subsets_natural_partition,3997,6.156970691449998
14,716,random_subsets_natural_partition,3998,6.139353010510046
14,716,random_subsets_natural_partition,3999,6.1771277225154275
14,716,random_subsets_natural_partition,4000,6.136570481822865
14,716,random_subsets_natural_partition,4001,6.156714888264348
14,716,random_subsets_natural_partition,4002,6.15178464904278
14,716,random_subsets_natural_partition,4003,6.171653802409587
14,716,random_subsets_natural_partition,4004,6.176623105532997
14,716,random_subsets_natural_partition,4005,6.141071860696785
14,716,random_subsets_natural_partition,4006,6.148281275319507
14,716,random_subsets_natural_partition,4007,6.134200997538699
14,716,random_subsets_natural_partition,4008,6.137785465967674
14,716,random_subsets_natural_partition,4009,6.142239172213543
14,716,random_subsets_natural_partition,4010,6.139450315924426
14,716,random_subsets_natural_partition,4011,6.1686620640786485
14,716,random_subsets_natural_partition,4012,6.149600653025789
14,716,random_subsets_natural_partition,4013,6.150133811129487
14,716,random_subsets_natural_partition,4014,6.135979281312282
14,716,random_subsets_natural_partition,4015,6.188579448607354
14,716,random_subsets_natural_partition,4016,6.12011460284339
14,716,random_subsets_natural_partition,4017,6.1285668108062525
14,716,random_subsets_natural_partition,4018,6.1296784799066435
14,716,random_subsets_natural_partition,4019,6.1435255031267
14,716,random_subsets_natural_partition,4020,6.12879584863139
14,716,random_subsets_natural_partition,4021,6.163243566746931
14,716,random_subsets_natural_partition,4022,6.1241256548812535
14,716,random_subsets_natural_partition,4023,6.172608696360556
14,716,random_subsets_natural_partition,4024,6.149718524836907
14,716,random_subsets_natural_partition,4025,6.165315907550647
14,716,random_subsets_natural_partition,4026,6.145925124545606
14,716,random_subsets_natural_partition,4027,6.167593472311871
14,716,random_subsets_natural_partition,4028,6.154154498244278
14,716,random_subsets_natural_partition,4029,6.147471365239583
14,716,random_subsets_natural_partition,4030,6.157973276265577
14,716,random_subsets_natural_partition,4031,6.16948988134139
14,716,random_subsets_natural_partition,4032,6.126938613025134
14,716,random_subsets_natural_partition,4033,6.123750192565325
14,716,random_subsets_natural_partition,4034,6.132831927860274
14,716,random_subsets_natural_partition,4035,6.156201665049001
14,716,random_subsets_natural_partition,4036,6.142850412865704
14,716,random_subsets_natural_partition,4037,6.1192782632349285
14,716,random_subsets_natural_partition,4038,6.145222868694522
14,716,random_subsets_natural_partition,4039,6.169685931649676
14,716,random_subsets_natural_partition,4040,6.156518725779694
14,716,random_subsets_natural_partition,4041,6.171508435941586
14,716,random_subsets_natural_partition,4042,6.118802713790275
14,716,random_subsets_natural_partition,4043,6.146636518205637
14,716,random_subsets_natural_partition,4044,6.113220152211043
14,716,random_subsets_natural_partition,4045,6.171113734791548
14,716,random_subsets_natural_partition,4046,6.162289178015362
14,716,random_subsets_natural_partition,4047,6.121027527166423
14,716,random_subsets_natural_partition,4048,6.173915411347487
14,716,random_subsets_natural_partition,4049,6.167744744700102
14,716,random_subsets_natural_partition,4050,6.102324403086725
14,716,random_subsets_natural_partition,4051,6.161178730463982
14,716,random_subsets_natural_partition,4052,6.164888887416496
14,716,random_subsets_natural_partition,4053,6.1516275023877425
14,716,random_subsets_natural_partition,4054,6.140897286136804
14,716,random_subsets_natural_partition,4055,6.14837935703131
14,716,random_subsets_natural_partition,4056,6.153337799912329
14,716,random_subsets_natural_partition,4057,6.143090498791996
14,716,random_subsets_natural_partition,4058,6.165420444547946
14,716,random_subsets_natural_partition,4059,6.155197342668348
14,716,random_subsets_natural_partition,4060,6.153132517706267
14,716,random_subsets_natural_partition,4061,6.157529072707019
14,716,random_subsets_natural_partition,4062,6.14929503641619
14,716,random_subsets_natural_partition,4063,6.137606461736778
14,716,random_subsets_natural_partition,4064,6.1494585157575585
14,716,random_subsets_natural_partition,4065,6.127207328969372
14,716,random_subsets_natural_partition,4066,6.169271331828352
14,716,random_subsets_natural_partition,4067,6.189005424063178
14,716,random_subsets_natural_partition,4068,6.16433501481665
14,716,random_subsets_natural_partition,4069,6.116863974836279
14,716,random_subsets_natural_partition,4070,6.163997915900273
14,716,random_subsets_natural_partition,4071,6.156543382948092
14,716,random_subsets_natural_partition,4072,6.141144619911456
14,716,random_subsets_natural_partition,4073,6.128423019282034
14,716,random_subsets_natural_partition,4074,6.172902848059827
14,716,random_subsets_natural_partition,4075,6.129405114156852
14,716,random_subsets_natural_partition,4076,6.148098093120839
14,716,random_subsets_natural_partition,4077,6.092244683472237
14,716,random_subsets_natural_partition,4078,6.140474483882032
14,716,random_subsets_natural_partition,4079,6.162722376887541
14,716,random_subsets_natural_partition,4080,6.122238095376279
14,716,random_subsets_natural_partition,4081,6.129904140680162
14,716,random_subsets_natural_partition,4082,6.1757489362186755
14,716,random_subsets_natural_partition,4083,6.128907677528709
14,716,random_subsets_natural_partition,4084,6.124432422073135
14,716,random_subsets_natural_partition,4085,6.133381251812162
14,716,random_subsets_natural_partition,4086,6.141998528781761
14,716,random_subsets_natural_partition,4087,6.152202865605482
14,716,random_subsets_natural_partition,4088,6.148519289368331
14,716,random_subsets_natural_partition,4089,6.170484631978667
14,716,random_subsets_natural_partition,4090,6.114667382871121
14,716,random_subsets_natural_partition,4091,6.108322824716375
14,716,random_subsets_natural_partition,4092,6.160891444121095
14,716,random_subsets_natural_partition,4093,6.129461562470868
14,716,random_subsets_natural_partition,4094,6.1216673213950825
14,716,random_subsets_natural_partition,4095,6.153259963280853
14,716,random_subsets_natural_partition,4096,6.14785824073976
14,716,random_subsets_natural_partition,4097,6.16918698097129
14,716,random_subsets_natural_partition,4098,6.1416333825520795
14,716,random_subsets_natural_partition,4099,6.121530459264873
14,716,random_subsets_natural_partition,4100,6.146343450273776
14,716,random_subsets_natural_partition,4101,6.139892223430717
14,716,random_subsets_natural_partition,4102,6.165256444809575
14,716,random_subsets_natural_partition,4103,6.139523818654911
14,716,random_subsets_natural_partition,4104,6.1561266369655
14,716,random_subsets_natural_partition,4105,6.1314602822153725
14,716,random_subsets_natural_partition,4106,6.104822362167356
14,716,random_subsets_natural_partition,4107,6.1293757457488045
14,716,random_subsets_natural_partition,4108,6.122961905851518
14,716,random_subsets_natural_partition,4109,6.130901007589457
14,716,random_subsets_natural_partition,4110,6.166791735084019
14,716,random_subsets_natural_partition,4111,6.133562065006332
14,716,random_subsets_natural_partition,4112,6.147907862066608
14,716,random_subsets_natural_partition,4113,6.149569133390973
14,716,random_subsets_natural_partition,4114,6.144946046657924
14,716,random_subsets_natural_partition,4115,6.141488038259222
14,716,random_subsets_natural_partition,4116,6.1442372993598955
14,716,random_subsets_natural_partition,4117,6.1595363361107465
14,716,random_subsets_natural_partition,4118,6.146851832009505
14,716,random_subsets_natural_partition,4119,6.158436335297798
14,716,random_subsets_natural_partition,4120,6.1532806253829
14,716,random_subsets_natural_partition,4121,6.122157582955334
14,716,random_subsets_natural_partition,4122,6.1236183123144725
14,716,random_subsets_natural_partition,4123,6.1278596843434965
14,716,random_subsets_natural_partition,4124,6.162109252687318
14,716,random_subsets_natural_partition,4125,6.142056189207873
14,716,random_subsets_natural_partition,4126,6.173180456277248
14,716,random_subsets_natural_partition,4127,6.132469001175485
14,716,random_subsets_natural_partition,4128,6.132220405737093
14,716,random_subsets_natural_partition,4129,6.110240107946717
14,716,random_subsets_natural_partition,4130,6.127385277186624
14,716,random_subsets_natural_partition,4131,6.114151569191476
14,716,random_subsets_natural_partition,4132,6.154243498246842
14,716,random_subsets_natural_partition,4133,6.156349499851742
14,716,random_subsets_natural_partition,4134,6.155681991308866
14,716,random_subsets_natural_partition,4135,6.148416821258865
14,716,random_subsets_natural_partition,4136,6.141488773233196
14,716,random_subsets_natural_partition,4137,6.153359485743968
14,716,random_subsets_natural_partition,4138,6.138611436706995
14,716,random_subsets_natural_partition,4139,6.1126055398190005
14,716,random_subsets_natural_partition,4140,6.167121140999465
14,716,random_subsets_natural_partition,4141,6.126242413798202
14,716,random_subsets_natural_partition,4142,6.155101306222829
14,716,random_subsets_natural_partition,4143,6.156366468883793
14,716,random_subsets_natural_partition,4144,6.137575614192863
14,716,random_subsets_natural_partition,4145,6.161102156174625
14,716,random_subsets_natural_partition,4146,6.126999688893334
14,716,random_subsets_natural_partition,4147,6.150113955473749
14,716,random_subsets_natural_partition,4148,6.121980281509916
14,716,random_subsets_natural_partition,4149,6.178721879334867
14,716,random_subsets_natural_partition,4150,6.160437363663018
14,716,random_subsets_natural_partition,4151,6.158274846798507
14,716,random_subsets_natural_partition,4152,6.128741477293776
14,716,random_subsets_natural_partition,4153,6.123464878133041
14,716,random_subsets_natural_partition,4154,6.144168183169933
14,716,random_subsets_natural_partition,4155,6.1418230368911635
14,716,random_subsets_natural_partition,4156,6.143455493425081
14,716,random_subsets_natural_partition,4157,6.1424946543370265
14,716,random_subsets_natural_partition,4158,6.161272109617236
14,716,random_subsets_natural_partition,4159,6.146697604470438
14,716,random_subsets_natural_partition,4160,6.134022155600156
14,716,random_subsets_natural_partition,4161,6.092439603591273
14,716,random_subsets_natural_partition,4162,6.173781590711382
14,716,random_subsets_natural_partition,4163,6.126075403553281
14,716,random_subsets_natural_partition,4164,6.131834756067681
14,716,random_subsets_natural_partition,4165,6.146748671729552
14,716,random_subsets_natural_partition,4166,6.145726333190574
14,716,random_subsets_natural_partition,4167,6.121254949363737
14,716,random_subsets_natural_partition,4168,6.128465698385638
14,716,random_subsets_natural_partition,4169,6.178104832626022
14,716,random_subsets_natural_partition,4170,6.133957356245237
14,716,random_subsets_natural_partition,4171,6.152010189863304
14,716,random_subsets_natural_partition,4172,6.129374892562378
14,716,random_subsets_natural_partition,4173,6.136534217303027
14,716,random_subsets_natural_partition,4174,6.126592987165478
14,716,random_subsets_natural_partition,4175,6.139047942778555
14,716,random_subsets_natural_partition,4176,6.142741487671781
14,716,random_subsets_natural_partition,4177,6.106121784804989
14,716,random_subsets_natural_partition,4178,6.12686569710467
14,716,random_subsets_natural_partition,4179,6.136587270079735
14,716,random_subsets_natural_partition,4180,6.132090860830934
14,716,random_subsets_natural_partition,4181,6.139904548974232
14,716,random_subsets_natural_partition,4182,6.162299253945325
14,716,random_subsets_natural_partition,4183,6.144337659387025
14,716,random_subsets_natural_partition,4184,6.1590659393658544
14,716,random_subsets_natural_partition,4185,6.135711734571829
14,716,random_subsets_natural_partition,4186,6.154619526870382
14,716,random_subsets_natural_partition,4187,6.129235846619193
14,716,random_subsets_natural_partition,4188,6.138248361631101
14,716,random_subsets_natural_partition,4189,6.109679146134165
14,716,random_subsets_natural_partition,4190,6.1404780116353
14,716,random_subsets_natural_partition,4191,6.13893772352617
14,716,random_subsets_natural_partition,4192,6.164687053709148
14,716,random_subsets_natural_partition,4193,6.153267399726734
14,716,random_subsets_natural_partition,4194,6.143794916473058
14,716,random_subsets_natural_partition,4195,6.153981212700331
14,716,random_subsets_natural_partition,4196,6.154248763162041
14,716,random_subsets_natural_partition,4197,6.130456087611145
14,716,random_subsets_natural_partition,4198,6.150890651230331
14,716,random_subsets_natural_partition,4199,6.129281699504919
14,716,random_subsets_natural_partition,4200,6.126444009194899
14,716,random_subsets_natural_partition,4201,6.1279385588316355
14,716,random_subsets_natural_partition,4202,6.136110526719839
14,716,random_subsets_natural_partition,4203,6.1460381465509375
14,716,random_subsets_natural_partition,4204,6.1122244504054235
14,716,random_subsets_natural_partition,4205,6.146200112116936
14,716,random_subsets_natural_partition,4206,6.130131113722609
14,716,random_subsets_natural_partition,4207,6.121240981546116
14,716,random_subsets_natural_partition,4208,6.161148700055142
14,716,random_subsets_natural_partition,4209,6.129005934754764
14,716,random_subsets_natural_partition,4210,6.149713638203277
14,716,random_subsets_natural_partition,4211,6.11132675606223
14,716,random_subsets_natural_partition,4212,6.153264707681479
14,716,random_subsets_natural_partition,4213,6.165561645102691
14,716,random_subsets_natural_partition,4214,6.115502428749823
14,716,random_subsets_natural_partition,4215,6.159987843577166
14,716,random_subsets_natural_partition,4216,6.112820423964211
14,716,random_subsets_natural_partition,4217,6.144224794581633
14,716,random_subsets_natural_partition,4218,6.122638489003555
14,716,random_subsets_natural_partition,4219,6.171461713335225
14,716,random_subsets_natural_partition,4220,6.149756317299838
14,716,random_subsets_natural_partition,4221,6.1333550054158374
14,716,random_subsets_natural_partition,4222,6.129388633007767
14,716,random_subsets_natural_partition,4223,6.149362967720074
14,716,random_subsets_natural_partition,4224,6.14081977082498
14,716,random_subsets_natural_partition,4225,6.137157953000988
14,716,random_subsets_natural_partition,4226,6.141678682198728
14,716,random_subsets_natural_partition,4227,6.163160945475942
14,716,random_subsets_natural_partition,4228,6.159202568930132
14,716,random_subsets_natural_partition,4229,6.146257022153058
14,716,random_subsets_natural_partition,4230,6.119141570257294
14,716,random_subsets_natural_partition,4231,6.156354364641246
14,716,random_subsets_natural_partition,4232,6.153506378215114
14,716,random_subsets_natural_partition,4233,6.129539318741705
14,716,random_subsets_natural_partition,4234,6.151199904944133
14,716,random_subsets_natural_partition,4235,6.149680619685397
14,716,random_subsets_natural_partition,4236,6.160164966869209
14,716,random_subsets_natural_partition,4237,6.155534342110163
14,716,random_subsets_natural_partition,4238,6.14508017567864
14,716,random_subsets_natural_partition,4239,6.147627636352379
14,716,random_subsets_natural_partition,4240,6.152430177734513
14,716,random_subsets_natural_partition,4241,6.131442081473602
14,716,random_subsets_natural_partition,4242,6.156622751525524
14,716,random_subsets_natural_partition,4243,6.159818377919597
14,716,random_subsets_natural_partition,4244,6.163391839309124
14,716,random_subsets_natural_partition,4245,6.160000306619263
14,716,random_subsets_natural_partition,4246,6.102185114099422
14,716,random_subsets_natural_partition,4247,6.154335265692054
14,716,random_subsets_natural_partition,4248,6.157370215549343
14,716,random_subsets_natural_partition,4249,6.169183439139414
14,716,random_subsets_natural_partition,4250,6.137577179803967
14,716,random_subsets_natural_partition,4251,6.150306727718941
14,716,random_subsets_natural_partition,4252,6.1322532490668475
14,716,random_subsets_natural_partition,4253,6.131205575581466
14,716,random_subsets_natural_partition,4254,6.103251509693367
14,716,random_subsets_natural_partition,4255,6.135953338500977
14,716,random_subsets_natural_partition,4256,6.161822242307033
14,716,random_subsets_natural_partition,4257,6.134218234459728
14,716,random_subsets_natural_partition,4258,6.142173442119056
14,716,random_subsets_natural_partition,4259,6.150332632524685
14,716,random_subsets_natural_partition,4260,6.1907092938285
14,716,random_subsets_natural_partition,4261,6.128399671076286
14,716,random_subsets_natural_partition,4262,6.128305499623871
14,716,random_subsets_natural_partition,4263,6.166367089652653
14,716,random_subsets_natural_partition,4264,6.1252090216175485
14,716,random_subsets_natural_partition,4265,6.1320420144703585
14,716,random_subsets_natural_partition,4266,6.169945722255891
14,716,random_subsets_natural_partition,4267,6.146549363630264
14,716,random_subsets_natural_partition,4268,6.141835653086576
14,716,random_subsets_natural_partition,4269,6.141584955525933
14,716,random_subsets_natural_partition,4270,6.140519642410524
14,716,random_subsets_natural_partition,4271,6.116117578663288
14,716,random_subsets_natural_partition,4272,6.147855580022329
14,716,random_subsets_natural_partition,4273,6.149874206241978
14,716,random_subsets_natural_partition,4274,6.110390653313224
14,716,random_subsets_natural_partition,4275,6.132205340930436
14,716,random_subsets_natural_partition,4276,6.1291832552571766
14,716,random_subsets_natural_partition,4277,6.176746495303242
14,716,random_subsets_natural_partition,4278,6.158777289529741
14,716,random_subsets_natural_partition,4279,6.138099985601552
14,716,random_subsets_natural_partition,4280,6.123448909705236
14,716,random_subsets_natural_partition,4281,6.133351202008668
14,716,random_subsets_natural_partition,4282,6.1489897167292815
14,716,random_subsets_natural_partition,4283,6.137204533134524
14,716,random_subsets_natural_partition,4284,6.127073887229302
14,716,random_subsets_natural_partition,4285,6.145197164140254
14,716,random_subsets_natural_partition,4286,6.162692850749843
14,716,random_subsets_natural_partition,4287,6.158940872587831
14,716,random_subsets_natural_partition,4288,6.14938003452491
14,716,random_subsets_natural_partition,4289,6.157343352753493
14,716,random_subsets_natural_partition,4290,6.179897047327736
14,716,random_subsets_natural_partition,4291,6.161049057538765
14,716,random_subsets_natural_partition,4292,6.138804061229171
14,716,random_subsets_natural_partition,4293,6.1574641938372885
14,716,random_subsets_natural_partition,4294,6.143961757049114
14,716,random_subsets_natural_partition,4295,6.171316773553591
14,716,random_subsets_natural_partition,4296,6.147933378420232
14,716,random_subsets_natural_partition,4297,6.129640931949472
14,716,random_subsets_natural_partition,4298,6.126069331865864
14,716,random_subsets_natural_partition,4299,6.158372720336292
14,716,random_subsets_natural_partition,4300,6.151216885444563
14,716,random_subsets_natural_partition,4301,6.1506395095392685
14,716,random_subsets_natural_partition,4302,6.165091935129168
14,716,random_subsets_natural_partition,4303,6.163084696113642
14,716,random_subsets_natural_partition,4304,6.132931403278559
14,716,random_subsets_natural_partition,4305,6.138432303316237
14,716,random_subsets_natural_partition,4306,6.18550347128339
14,716,random_subsets_natural_partition,4307,6.143915822650125
14,716,random_subsets_natural_partition,4308,6.150053375995259
14,716,random_subsets_natural_partition,4309,6.126828436638249
14,716,random_subsets_natural_partition,4310,6.1577798799240036
14,716,random_subsets_natural_partition,4311,6.129040137762429
14,716,random_subsets_natural_partition,4312,6.151230469325281
14,716,random_subsets_natural_partition,4313,6.085336503702369
14,716,random_subsets_natural_partition,4314,6.119647758418239
14,716,random_subsets_natural_partition,4315,6.14471267456221
14,716,random_subsets_natural_partition,4316,6.113905020838806
14,716,random_subsets_natural_partition,4317,6.139594861667448
14,716,random_subsets_natural_partition,4318,6.098969477566475
14,716,random_subsets_natural_partition,4319,6.119693140533318
14,716,random_subsets_natural_partition,4320,6.145744976157252
14,716,random_subsets_natural_partition,4321,6.138924492807933
14,716,random_subsets_natural_partition,4322,6.156773597267503
14,716,random_subsets_natural_partition,4323,6.166238435464776
14,716,random_subsets_natural_partition,4324,6.1522560613554225
14,716,random_subsets_natural_partition,4325,6.134270644295328
14,716,random_subsets_natural_partition,4326,6.151868651845309
14,716,random_subsets_natural_partition,4327,6.148106709406846
14,716,random_subsets_natural_partition,4328,6.131186572121004
14,716,random_subsets_natural_partition,4329,6.132897381797143
14,716,random_subsets_natural_partition,4330,6.121211139181367
14,716,random_subsets_natural_partition,4331,6.112649988468335
14,716,random_subsets_natural_partition,4332,6.133308756325911
14,716,random_subsets_natural_partition,4333,6.165484759230826
14,716,random_subsets_natural_partition,4334,6.158655554668548
14,716,random_subsets_natural_partition,4335,6.135085412388066
14,716,random_subsets_natural_partition,4336,6.126902895464369
14,716,random_subsets_natural_partition,4337,6.140092994042944
14,716,random_subsets_natural_partition,4338,6.138515479230332
14,716,random_subsets_natural_partition,4339,6.131157257300595
14,716,random_subsets_natural_partition,4340,6.144776044387501
14,716,random_subsets_natural_partition,4341,6.130509337659466
14,716,random_subsets_natural_partition,4342,6.106906144427935
14,716,random_subsets_natural_partition,4343,6.137208021228003
14,716,random_subsets_natural_partition,4344,6.138820337113013
14,716,random_subsets_natural_partition,4345,6.13659054894386
14,716,random_subsets_natural_partition,4346,6.165491423279783
14,716,random_subsets_natural_partition,4347,6.1474632230922595
14,716,random_subsets_natural_partition,4348,6.147141427933253
14,716,random_subsets_natural_partition,4349,6.147826264744985
14,716,random_subsets_natural_partition,4350,6.133352574435471
14,716,random_subsets_natural_partition,4351,6.145210499347957
14,716,random_subsets_natural_partition,4352,6.1842841642895525
14,716,random_subsets_natural_partition,4353,6.137630432794232
14,716,random_subsets_natural_partition,4354,6.152000109998722
14,716,random_subsets_natural_partition,4355,6.153943295217557
14,716,random_subsets_natural_partition,4356,6.1128579706182595
14,716,random_subsets_natural_partition,4357,6.148388627640943
14,716,random_subsets_natural_partition,4358,6.171973824603419
14,716,random_subsets_natural_partition,4359,6.1240167446762825
14,716,random_subsets_natural_partition,4360,6.154656290080042
14,716,random_subsets_natural_partition,4361,6.139645190359916
14,716,random_subsets_natural_partition,4362,6.12822977580617
14,716,random_subsets_natural_partition,4363,6.147082773331022
14,716,random_subsets_natural_partition,4364,6.143154530428012
14,716,random_subsets_natural_partition,4365,6.167858248377916
14,716,random_subsets_natural_partition,4366,6.137627275698467
14,716,random_subsets_natural_partition,4367,6.127244309858065
14,716,random_subsets_natural_partition,4368,6.108762181100268
14,716,random_subsets_natural_partition,4369,6.166470646593997
14,716,random_subsets_natural_partition,4370,6.152193398780806
14,716,random_subsets_natural_partition,4371,6.132644913280434
14,716,random_subsets_natural_partition,4372,6.133746566499111
14,716,random_subsets_natural_partition,4373,6.155735345324775
14,716,random_subsets_natural_partition,4374,6.139646494474545
14,716,random_subsets_natural_partition,4375,6.149111329731705
14,716,random_subsets_natural_partition,4376,6.136539641204678
14,716,random_subsets_natural_partition,4377,6.1507940620276935
14,716,random_subsets_natural_partition,4378,6.165185687676616
14,716,random_subsets_natural_partition,4379,6.154326237413558
14,716,random_subsets_natural_partition,4380,6.152361800262343
14,716,random_subsets_natural_partition,4381,6.153276797009415
14,716,random_subsets_natural_partition,4382,6.1720312579572365
14,716,random_subsets_natural_partition,4383,6.163182882434987
14,716,random_subsets_natural_partition,4384,6.163499927206726
14,716,random_subsets_natural_partition,4385,6.1709062815712645
14,716,random_subsets_natural_partition,4386,6.144987282077206
14,716,random_subsets_natural_partition,4387,6.1571488667582575
14,716,random_subsets_natural_partition,4388,6.128711348313815
14,716,random_subsets_natural_partition,4389,6.165005903228872
14,716,random_subsets_natural_partition,4390,6.117107235264527
14,716,random_subsets_natural_partition,4391,6.139265137939946
14,716,random_subsets_natural_partition,4392,6.129444382281054
14,716,random_subsets_natural_partition,4393,6.142911760995146
14,716,random_subsets_natural_partition,4394,6.14452959200946
14,716,random_subsets_natural_partition,4395,6.1357017581430275
14,716,random_subsets_natural_partition,4396,6.161080404900947
14,716,random_subsets_natural_partition,4397,6.1012641614059495
14,716,random_subsets_natural_partition,4398,6.142513141362822
14,716,random_subsets_natural_partition,4399,6.127665307788709
14,716,random_subsets_natural_partition,4400,6.112032191583935
14,716,random_subsets_natural_partition,4401,6.177315407313837
14,716,random_subsets_natural_partition,4402,6.164275119079113
14,716,random_subsets_natural_partition,4403,6.1130251740311286
14,716,random_subsets_natural_partition,4404,6.165512727685968
14,716,random_subsets_natural_partition,4405,6.174779608515885
14,716,random_subsets_natural_partition,4406,6.1403658557859
14,716,random_subsets_natural_partition,4407,6.13734647772515
14,716,random_subsets_natural_partition,4408,6.140264265329061
14,716,random_subsets_natural_partition,4409,6.131282841510924
14,716,random_subsets_natural_partition,4410,6.143533487043302
14,716,random_subsets_natural_partition,4411,6.162628731654663
14,716,random_subsets_natural_partition,4412,6.158065230548947
14,716,random_subsets_natural_partition,4413,6.170002315729448
14,716,random_subsets_natural_partition,4414,6.134979458888523
14,716,random_subsets_natural_partition,4415,6.122555716377039
14,716,random_subsets_natural_partition,4416,6.126660663600345
14,716,random_subsets_natural_partition,4417,6.183865550361793
14,716,random_subsets_natural_partition,4418,6.1494490111566344
14,716,random_subsets_natural_partition,4419,6.124454617277649
14,716,random_subsets_natural_partition,4420,6.158935389271073
14,716,random_subsets_natural_partition,4421,6.164263128544703
14,716,random_subsets_natural_partition,4422,6.143880556992981
14,716,random_subsets_natural_partition,4423,6.141597271510433
14,716,random_subsets_natural_partition,4424,6.119654608422612
14,716,random_subsets_natural_partition,4425,6.11267268298338
14,716,random_subsets_natural_partition,4426,6.140224010792913
14,716,random_subsets_natural_partition,4427,6.160369936452785
14,716,random_subsets_natural_partition,4428,6.15968013241289
14,716,random_subsets_natural_partition,4429,6.179928708820247
14,716,random_subsets_natural_partition,4430,6.16584115512743
14,716,random_subsets_natural_partition,4431,6.12040713885286
14,716,random_subsets_natural_partition,4432,6.138221892240619
14,716,random_subsets_natural_partition,4433,6.150157354245209
14,716,random_subsets_natural_partition,4434,6.164341996312065
14,716,random_subsets_natural_partition,4435,6.147764768627351
14,716,random_subsets_natural_partition,4436,6.114480006687764
14,716,random_subsets_natural_partition,4437,6.16359239897974
14,716,random_subsets_natural_partition,4438,6.167967749433251
14,716,random_subsets_natural_partition,4439,6.195842513879018
14,716,random_subsets_natural_partition,4440,6.160417784143072
14,716,random_subsets_natural_partition,4441,6.169197431301823
14,716,random_subsets_natural_partition,4442,6.1676213955873855
14,716,random_subsets_natural_partition,4443,6.126931507655305
14,716,random_subsets_natural_partition,4444,6.133328751810664
14,716,random_subsets_natural_partition,4445,6.138253177831507
14,716,random_subsets_natural_partition,4446,6.154428993181508
14,716,random_subsets_natural_partition,4447,6.145860956321277
14,716,random_subsets_natural_partition,4448,6.143166626786094
14,716,random_subsets_natural_partition,4449,6.142058914496797
14,716,random_subsets_natural_partition,4450,6.16438115477786
14,716,random_subsets_natural_partition,4451,6.148625122814231
14,716,random_subsets_natural_partition,4452,6.186822664399898
14,716,random_subsets_natural_partition,4453,6.125520731609197
14,716,random_subsets_natural_partition,4454,6.125200768425551
14,716,random_subsets_natural_partition,4455,6.175717451822843
14,716,random_subsets_natural_partition,4456,6.1307277393891395
14,716,random_subsets_natural_partition,4457,6.155765697576073
14,716,random_subsets_natural_partition,4458,6.141308923420865
14,716,random_subsets_natural_partition,4459,6.172527000475867
14,716,random_subsets_natural_partition,4460,6.119988430820646
14,716,random_subsets_natural_partition,4461,6.16130364455756
14,716,random_subsets_natural_partition,4462,6.179456544107954
14,716,random_subsets_natural_partition,4463,6.125133982115166
14,716,random_subsets_natural_partition,4464,6.160409982143169
14,716,random_subsets_natural_partition,4465,6.126837182617948
14,716,random_subsets_natural_partition,4466,6.150887373951304
14,716,random_subsets_natural_partition,4467,6.170576056316975
14,716,random_subsets_natural_partition,4468,6.101393794972169
14,716,random_subsets_natural_partition,4469,6.108136226295332
14,716,random_subsets_natural_partition,4470,6.142139030140219
14,716,random_subsets_natural_partition,4471,6.137963675934677
14,716,random_subsets_natural_partition,4472,6.133108886847378
14,716,random_subsets_natural_partition,4473,6.117366733488408
14,716,random_subsets_natural_partition,4474,6.13992630935686
14,716,random_subsets_natural_partition,4475,6.138744588175932
14,716,random_subsets_natural_partition,4476,6.128390800379429
14,716,random_subsets_natural_partition,4477,6.127725917997037
14,716,random_subsets_natural_partition,4478,6.150460651954905
14,716,random_subsets_natural_partition,4479,6.114896166118998
14,716,random_subsets_natural_partition,4480,6.146396036172081
14,716,random_subsets_natural_partition,4481,6.157828266859085
14,716,random_subsets_natural_partition,4482,6.144171680644921
14,716,random_subsets_natural_partition,4483,6.144475378430668
14,716,random_subsets_natural_partition,4484,6.157239555588711
14,716,random_subsets_natural_partition,4485,6.129468493793405
14,716,random_subsets_natural_partition,4486,6.133893136242751
14,716,random_subsets_natural_partition,4487,6.144375608623892
14,716,random_subsets_natural_partition,4488,6.162823336295566
14,716,random_subsets_natural_partition,4489,6.131380329438887
14,716,random_subsets_natural_partition,4490,6.1541725585675655
14,716,random_subsets_natural_partition,4491,6.144734002131109
14,716,random_subsets_natural_partition,4492,6.141810761685725
14,716,random_subsets_natural_partition,4493,6.16114768082005
14,716,random_subsets_natural_partition,4494,6.152278527697756
14,716,random_subsets_natural_partition,4495,6.133478172854139
14,716,random_subsets_natural_partition,4496,6.147675597546535
14,716,random_subsets_natural_partition,4497,6.148367964650043
14,716,random_subsets_natural_partition,4498,6.16516014935886
14,716,random_subsets_natural_partition,4499,6.132813082354082
14,716,random_subsets_natural_partition,4500,6.113574844794618
14,716,random_subsets_natural_partition,4501,6.123743785303339
14,716,random_subsets_natural_partition,4502,6.151749942685108
14,716,random_subsets_natural_partition,4503,6.14131882187737
14,716,random_subsets_natural_partition,4504,6.136480129529645
14,716,random_subsets_natural_partition,4505,6.144301836614988
14,716,random_subsets_natural_partition,4506,6.137481084744771
14,716,random_subsets_natural_partition,4507,6.146322776037409
14,716,random_subsets_natural_partition,4508,6.129745763785752
14,716,random_subsets_natural_partition,4509,6.1356421109424035
14,716,random_subsets_natural_partition,4510,6.112830827604804
14,716,random_subsets_natural_partition,4511,6.1374736303404385
14,716,random_subsets_natural_partition,4512,6.146514398241456
14,716,random_subsets_natural_partition,4513,6.103926093057327
14,716,random_subsets_natural_partition,4514,6.16402718908935
14,716,random_subsets_natural_partition,4515,6.126041180506832
14,716,random_subsets_natural_partition,4516,6.137333242063818
14,716,random_subsets_natural_partition,4517,6.159817341926932
14,716,random_subsets_natural_partition,4518,6.166274973457759
14,716,random_subsets_natural_partition,4519,6.170881158974389
14,716,random_subsets_natural_partition,4520,6.1469227918385085
14,716,random_subsets_natural_partition,4521,6.147403170126965
14,716,random_subsets_natural_partition,4522,6.1726384454795635
14,716,random_subsets_natural_partition,4523,6.1230572137435235
14,716,random_subsets_natural_partition,4524,6.136659272466134
14,716,random_subsets_natural_partition,4525,6.161562607492714
14,716,random_subsets_natural_partition,4526,6.130151805761617
14,716,random_subsets_natural_partition,4527,6.149428643008083
14,716,random_subsets_natural_partition,4528,6.174238167583215
14,716,random_subsets_natural_partition,4529,6.174284999481281
14,716,random_subsets_natural_partition,4530,6.162132056174377
14,716,random_subsets_natural_partition,4531,6.130685210714929
14,716,random_subsets_natural_partition,4532,6.154230175785058
14,716,random_subsets_natural_partition,4533,6.153458710427545
14,716,random_subsets_natural_partition,4534,6.162406714816426
14,716,random_subsets_natural_partition,4535,6.112058400810506
14,716,random_subsets_natural_partition,4536,6.143640849112374
14,716,random_subsets_natural_partition,4537,6.139328759709112
14,716,random_subsets_natural_partition,4538,6.138978493215495
14,716,random_subsets_natural_partition,4539,6.144880656575899
14,716,random_subsets_natural_partition,4540,6.141005510094242
14,716,random_subsets_natural_partition,4541,6.164891202871764
14,716,random_subsets_natural_partition,4542,6.143638628819017
14,716,random_subsets_natural_partition,4543,6.132514920160214
14,716,random_subsets_natural_partition,4544,6.124345762003856
14,716,random_subsets_natural_partition,4545,6.152992281026705
14,716,random_subsets_natural_partition,4546,6.164777913119986
14,716,random_subsets_natural_partition,4547,6.099296945506311
14,716,random_subsets_natural_partition,4548,6.131318147628477
14,716,random_subsets_natural_partition,4549,6.131161336569947
14,716,random_subsets_natural_partition,4550,6.118965279800879
14,716,random_subsets_natural_partition,4551,6.132892598814059
14,716,random_subsets_natural_partition,4552,6.115024613842809
14,716,random_subsets_natural_partition,4553,6.135303789528004
14,716,random_subsets_natural_partition,4554,6.190808324584552
14,716,random_subsets_natural_partition,4555,6.131472437994276
14,716,random_subsets_natural_partition,4556,6.159385667778514
14,716,random_subsets_natural_partition,4557,6.150305203615654
14,716,random_subsets_natural_partition,4558,6.153584521282815
14,716,random_subsets_natural_partition,4559,6.158733111069777
14,716,random_subsets_natural_partition,4560,6.149852429732504
14,716,random_subsets_natural_partition,4561,6.142363585616918
14,716,random_subsets_natural_partition,4562,6.14502550069972
14,716,random_subsets_natural_partition,4563,6.132508950785564
14,716,random_subsets_natural_partition,4564,6.130120618408211
14,716,random_subsets_natural_partition,4565,6.125571023962207
14,716,random_subsets_natural_partition,4566,6.113668676020189
14,716,random_subsets_natural_partition,4567,6.147291813258184
14,716,random_subsets_natural_partition,4568,6.155631184586979
14,716,random_subsets_natural_partition,4569,6.121889462186251
14,716,random_subsets_natural_partition,4570,6.149280691858812
14,716,random_subsets_natural_partition,4571,6.141346976558572
14,716,random_subsets_natural_partition,4572,6.127912931631141
14,716,random_subsets_natural_partition,4573,6.134822015015438
14,716,random_subsets_natural_partition,4574,6.1350408669719645
14,716,random_subsets_natural_partition,4575,6.164020328576859
14,716,random_subsets_natural_partition,4576,6.158304534558357
14,716,random_subsets_natural_partition,4577,6.127202711883015
14,716,random_subsets_natural_partition,4578,6.125687558173847
14,716,random_subsets_natural_partition,4579,6.1753509394406345
14,716,random_subsets_natural_partition,4580,6.153252959169088
14,716,random_subsets_natural_partition,4581,6.156465006692543
14,716,random_subsets_natural_partition,4582,6.126853052142884
14,716,random_subsets_natural_partition,4583,6.154892135688052
14,716,random_subsets_natural_partition,4584,6.142258316511429
14,716,random_subsets_natural_partition,4585,6.1193684351605455
14,716,random_subsets_natural_partition,4586,6.143046393253506
14,716,random_subsets_natural_partition,4587,6.149076762255834
14,716,random_subsets_natural_partition,4588,6.144807643131829
14,716,random_subsets_natural_partition,4589,6.156318087220702
14,716,random_subsets_natural_partition,4590,6.1537629784629
14,716,random_subsets_natural_partition,4591,6.142804653254963
14,716,random_subsets_natural_partition,4592,6.1554613774327525
14,716,random_subsets_natural_partition,4593,6.146131474887793
14,716,random_subsets_natural_partition,4594,6.154625165350057
14,716,random_subsets_natural_partition,4595,6.133595398669514
14,716,random_subsets_natural_partition,4596,6.168894259963718
14,716,random_subsets_natural_partition,4597,6.155903644226192
14,716,random_subsets_natural_partition,4598,6.151803886327867
14,716,random_subsets_natural_partition,4599,6.0834060489347666
14,716,random_subsets_natural_partition,4600,6.128273139472172
14,716,random_subsets_natural_partition,4601,6.1855607671255814
14,716,random_subsets_natural_partition,4602,6.12083908943045
14,716,random_subsets_natural_partition,4603,6.172620048854651
14,716,random_subsets_natural_partition,4604,6.101767243139786
14,716,random_subsets_natural_partition,4605,6.129667365616252
14,716,random_subsets_natural_partition,4606,6.135820474513647
14,716,random_subsets_natural_partition,4607,6.175042604996245
14,716,random_subsets_natural_partition,4608,6.133590888700462
14,716,random_subsets_natural_partition,4609,6.151976324543046
14,716,random_subsets_natural_partition,4610,6.1368485265426695
14,716,random_subsets_natural_partition,4611,6.166407038467457
14,716,random_subsets_natural_partition,4612,6.136481959294057
14,716,random_subsets_natural_partition,4613,6.135453170034741
14,716,random_subsets_natural_partition,4614,6.156625577410787
14,716,random_subsets_natural_partition,4615,6.168448605525323
14,716,random_subsets_natural_partition,4616,6.144796574504475
14,716,random_subsets_natural_partition,4617,6.156629298955476
14,716,random_subsets_natural_partition,4618,6.175230269219973
14,716,random_subsets_natural_partition,4619,6.141561920940736
14,716,random_subsets_natural_partition,4620,6.140871745598202
14,716,random_subsets_natural_partition,4621,6.147946532011975
14,716,random_subsets_natural_partition,4622,6.1422030418276785
14,716,random_subsets_natural_partition,4623,6.142985421913543
14,716,random_subsets_natural_partition,4624,6.128067207483938
14,716,random_subsets_natural_partition,4625,6.116293670711417
14,716,random_subsets_natural_partition,4626,6.128078358567794
14,716,random_subsets_natural_partition,4627,6.139798577558944
14,716,random_subsets_natural_partition,4628,6.154451590247671
14,716,random_subsets_natural_partition,4629,6.111379118278795
14,716,random_subsets_natural_partition,4630,6.123767742336223
14,716,random_subsets_natural_partition,4631,6.131580313689876
14,716,random_subsets_natural_partition,4632,6.150238849991357
14,716,random_subsets_natural_partition,4633,6.111951621649476
14,716,random_subsets_natural_partition,4634,6.1374338618080655
14,716,random_subsets_natural_partition,4635,6.175262099350875
14,716,random_subsets_natural_partition,4636,6.145108436167772
14,716,random_subsets_natural_partition,4637,6.153330082738399
14,716,random_subsets_natural_partition,4638,6.144175788442539
14,716,random_subsets_natural_partition,4639,6.156311025134243
14,716,random_subsets_natural_partition,4640,6.189298378516624
14,716,random_subsets_natural_partition,4641,6.139370823767528
14,716,random_subsets_natural_partition,4642,6.139224716670392
14,716,random_subsets_natural_partition,4643,6.149580310218314
14,716,random_subsets_natural_partition,4644,6.123568786541353
14,716,random_subsets_natural_partition,4645,6.099945896719465
14,716,random_subsets_natural_partition,4646,6.136532663423552
14,716,random_subsets_natural_partition,4647,6.1197385299827625
14,716,random_subsets_natural_partition,4648,6.1427473396948535
14,716,random_subsets_natural_partition,4649,6.126326446811356
14,716,random_subsets_natural_partition,4650,6.140861379870318
14,716,random_subsets_natural_partition,4651,6.142427676750636
14,716,random_subsets_natural_partition,4652,6.145872533825729
14,716,random_subsets_natural_partition,4653,6.152217689342284
14,716,random_subsets_natural_partition,4654,6.166743018264006
14,716,random_subsets_natural_partition,4655,6.135869323126231
14,716,random_subsets_natural_partition,4656,6.14894932428942
14,716,random_subsets_natural_partition,4657,6.129257294172473
14,716,random_subsets_natural_partition,4658,6.141387239179072
14,716,random_subsets_natural_partition,4659,6.144533748843999
14,716,random_subsets_natural_partition,4660,6.129108068087388
14,716,random_subsets_natural_partition,4661,6.129153769411319
14,716,random_subsets_natural_partition,4662,6.139473870279296
14,716,random_subsets_natural_partition,4663,6.153612996378531
14,716,random_subsets_natural_partition,4664,6.122184393763567
14,716,random_subsets_natural_partition,4665,6.170493221978704
14,716,random_subsets_natural_partition,4666,6.122479265490774
14,716,random_subsets_natural_partition,4667,6.133094785409544
14,716,random_subsets_natural_partition,4668,6.137469984680686
14,716,random_subsets_natural_partition,4669,6.132516504952761
14,716,random_subsets_natural_partition,4670,6.1215891928002355
14,716,random_subsets_natural_partition,4671,6.122826690644406
14,716,random_subsets_natural_partition,4672,6.138031078223021
14,716,random_subsets_natural_partition,4673,6.141097681309953
14,716,random_subsets_natural_partition,4674,6.159524958984824
14,716,random_subsets_natural_partition,4675,6.154747895409333
14,716,random_subsets_natural_partition,4676,6.14431655531891
14,716,random_subsets_natural_partition,4677,6.130221331541577
14,716,random_subsets_natural_partition,4678,6.12263999404692
14,716,random_subsets_natural_partition,4679,6.129095357510444
14,716,random_subsets_natural_partition,4680,6.143270164899536
14,716,random_subsets_natural_partition,4681,6.173944512178062
14,716,random_subsets_natural_partition,4682,6.147824934065327
14,716,random_subsets_natural_partition,4683,6.154531789935632
14,716,random_subsets_natural_partition,4684,6.152548647972636
14,716,random_subsets_natural_partition,4685,6.151663057163127
14,716,random_subsets_natural_partition,4686,6.192741344903972
14,716,random_subsets_natural_partition,4687,6.137600048621344
14,716,random_subsets_natural_partition,4688,6.13626699447185
14,716,random_subsets_natural_partition,4689,6.130103734740624
14,716,random_subsets_natural_partition,4690,6.15072281420928
14,716,random_subsets_natural_partition,4691,6.1148418916204355
14,716,random_subsets_natural_partition,4692,6.152050269520289
14,716,random_subsets_natural_partition,4693,6.128474725021462
14,716,random_subsets_natural_partition,4694,6.155813426294476
14,716,random_subsets_natural_partition,4695,6.159871480591103
14,716,random_subsets_natural_partition,4696,6.150127764248943
14,716,random_subsets_natural_partition,4697,6.145775963461081
14,716,random_subsets_natural_partition,4698,6.130310424799431
14,716,random_subsets_natural_partition,4699,6.139782886017045
14,716,random_subsets_natural_partition,4700,6.147075711628436
14,716,random_subsets_natural_partition,4701,6.14495543218946
14,716,random_subsets_natural_partition,4702,6.159101207422074
14,716,random_subsets_natural_partition,4703,6.136613593876347
14,716,random_subsets_natural_partition,4704,6.1466826841148805
14,716,random_subsets_natural_partition,4705,6.13249248204214
14,716,random_subsets_natural_partition,4706,6.151187261604054
14,716,random_subsets_natural_partition,4707,6.141209495660228
14,716,random_subsets_natural_partition,4708,6.144676359682566
14,716,random_subsets_natural_partition,4709,6.124844978148851
14,716,random_subsets_natural_partition,4710,6.140515083932786
14,716,random_subsets_natural_partition,4711,6.1673759608176875
14,716,random_subsets_natural_partition,4712,6.16706101217474
14,716,random_subsets_natural_partition,4713,6.153853284427599
14,716,random_subsets_natural_partition,4714,6.139922687661066
14,716,random_subsets_natural_partition,4715,6.1092227522874545
14,716,random_subsets_natural_partition,4716,6.151762533991517
14,716,random_subsets_natural_partition,4717,6.15313051217045
14,716,random_subsets_natural_partition,4718,6.122877940074614
14,716,random_subsets_natural_partition,4719,6.116110869050062
14,716,random_subsets_natural_partition,4720,6.158817375291556
14,716,random_subsets_natural_partition,4721,6.132610709971698
14,716,random_subsets_natural_partition,4722,6.131147020480548
14,716,random_subsets_natural_partition,4723,6.144521466733667
14,716,random_subsets_natural_partition,4724,6.149551464473427
14,716,random_subsets_natural_partition,4725,6.13426646756501
14,716,random_subsets_natural_partition,4726,6.1702394954578486
14,716,random_subsets_natural_partition,4727,6.138886058031136
14,716,random_subsets_natural_partition,4728,6.104795295769883
14,716,random_subsets_natural_partition,4729,6.160606006545051
14,716,random_subsets_natural_partition,4730,6.16269790389704
14,716,random_subsets_natural_partition,4731,6.169427722294138
14,716,random_subsets_natural_partition,4732,6.1302321278980045
14,716,random_subsets_natural_partition,4733,6.1173967881017965
14,716,random_subsets_natural_partition,4734,6.136574381610094
14,716,random_subsets_natural_partition,4735,6.159207750674433
14,716,random_subsets_natural_partition,4736,6.161327919548407
14,716,random_subsets_natural_partition,4737,6.159848987552373
14,716,random_subsets_natural_partition,4738,6.171208796824126
14,716,random_subsets_natural_partition,4739,6.134999844665608
14,716,random_subsets_natural_partition,4740,6.094021109990491
14,716,random_subsets_natural_partition,4741,6.11370828621979
14,716,random_subsets_natural_partition,4742,6.1234083328710565
14,716,random_subsets_natural_partition,4743,6.154576729788082
14,716,random_subsets_natural_partition,4744,6.141809883400615
14,716,random_subsets_natural_partition,4745,6.116134175856729
14,716,random_subsets_natural_partition,4746,6.164743978918272
14,716,random_subsets_natural_partition,4747,6.14365604467254
14,716,random_subsets_natural_partition,4748,6.144696350444215
14,716,random_subsets_natural_partition,4749,6.139521221061509
14,716,random_subsets_natural_partition,4750,6.159482818464473
14,716,random_subsets_natural_partition,4751,6.146464040147413
14,716,random_subsets_natural_partition,4752,6.146593146185848
14,716,random_subsets_natural_partition,4753,6.1527262564016905
14,716,random_subsets_natural_partition,4754,6.12651920240692
14,716,random_subsets_natural_partition,4755,6.142600019068176
14,716,random_subsets_natural_partition,4756,6.1563504901519055
14,716,random_subsets_natural_partition,4757,6.134166500941626
14,716,random_subsets_natural_partition,4758,6.1678412551192165
14,716,random_subsets_natural_partition,4759,6.114553294852336
14,716,random_subsets_natural_partition,4760,6.131564883729409
14,716,random_subsets_natural_partition,4761,6.139612902567684
14,716,random_subsets_natural_partition,4762,6.164875460845781
14,716,random_subsets_natural_partition,4763,6.1485478573291905
14,716,random_subsets_natural_partition,4764,6.157634174603009
14,716,random_subsets_natural_partition,4765,6.142312118786306
14,716,random_subsets_natural_partition,4766,6.131552083990821
14,716,random_subsets_natural_partition,4767,6.1597172016060355
14,716,random_subsets_natural_partition,4768,6.161074515631665
14,716,random_subsets_natural_partition,4769,6.147808543106515
14,716,random_subsets_natural_partition,4770,6.143488507234805
14,716,random_subsets_natural_partition,4771,6.139692610386528
14,716,random_subsets_natural_partition,4772,6.136256648471488
14,716,random_subsets_natural_partition,4773,6.14742643810522
14,716,random_subsets_natural_partition,4774,6.145286306640216
14,716,random_subsets_natural_partition,4775,6.146382097933444
14,716,random_subsets_natural_partition,4776,6.141981539329627
14,716,random_subsets_natural_partition,4777,6.1519509375854415
14,716,random_subsets_natural_partition,4778,6.132279301879789
14,716,random_subsets_natural_partition,4779,6.1561973276012205
14,716,random_subsets_natural_partition,4780,6.128245941688081
14,716,random_subsets_natural_partition,4781,6.130041800863894
14,716,random_subsets_natural_partition,4782,6.130763550573136
14,716,random_subsets_natural_partition,4783,6.147044407315323
14,716,random_subsets_natural_partition,4784,6.134493205432777
14,716,random_subsets_natural_partition,4785,6.149975269355277
14,716,random_subsets_natural_partition,4786,6.147907312748012
14,716,random_subsets_natural_partition,4787,6.120170631109675
14,716,random_subsets_natural_partition,4788,6.161694788965506
14,716,random_subsets_natural_partition,4789,6.116638802450237
14,716,random_subsets_natural_partition,4790,6.136259253471166
14,716,random_subsets_natural_partition,4791,6.155158688400403
14,716,random_subsets_natural_partition,4792,6.1241303907713505
14,716,random_subsets_natural_partition,4793,6.147277322361884
14,716,random_subsets_natural_partition,4794,6.099775366397975
14,716,random_subsets_natural_partition,4795,6.123603569307075
14,716,random_subsets_natural_partition,4796,6.158949104023619
14,716,random_subsets_natural_partition,4797,6.153883755397295
14,716,random_subsets_natural_partition,4798,6.1220040703560965
14,716,random_subsets_natural_partition,4799,6.142240504426879
14,716,random_subsets_natural_partition,4800,6.113487872416638
14,716,random_subsets_natural_partition,4801,6.146145383565955
14,716,random_subsets_natural_partition,4802,6.166463789821761
14,716,random_subsets_natural_partition,4803,6.15571695209992
14,716,random_subsets_natural_partition,4804,6.127863892775898
14,716,random_subsets_natural_partition,4805,6.1310504000503485
14,716,random_subsets_natural_partition,4806,6.139311832144627
14,716,random_subsets_natural_partition,4807,6.163321859557551
14,716,random_subsets_natural_partition,4808,6.155064529447344
14,716,random_subsets_natural_partition,4809,6.147569804779773
14,716,random_subsets_natural_partition,4810,6.165316918139315
14,716,random_subsets_natural_partition,4811,6.181509731302154
14,716,random_subsets_natural_partition,4812,6.151942963211603
14,716,random_subsets_natural_partition,4813,6.118970458748427
14,716,random_subsets_natural_partition,4814,6.159553116452736
14,716,random_subsets_natural_partition,4815,6.129893562844441
14,716,random_subsets_natural_partition,4816,6.1271887206409055
14,716,random_subsets_natural_partition,4817,6.11858812154711
14,716,random_subsets_natural_partition,4818,6.125734190086331
14,716,random_subsets_natural_partition,4819,6.1356030143556
14,716,random_subsets_natural_partition,4820,6.154696756757263
14,716,random_subsets_natural_partition,4821,6.139895734360616
14,716,random_subsets_natural_partition,4822,6.144551812169022
14,716,random_subsets_natural_partition,4823,6.1470674785064405
14,716,random_subsets_natural_partition,4824,6.139401900586807
14,716,random_subsets_natural_partition,4825,6.143276325024157
14,716,random_subsets_natural_partition,4826,6.125877053912199
14,716,random_subsets_natural_partition,4827,6.142917807824396
14,716,random_subsets_natural_partition,4828,6.136197218336246
14,716,random_subsets_natural_partition,4829,6.161542960337579
14,716,random_subsets_natural_partition,4830,6.124379081994979
14,716,random_subsets_natural_partition,4831,6.151658602709235
14,716,random_subsets_natural_partition,4832,6.1317463964277525
14,716,random_subsets_natural_partition,4833,6.142991636502751
14,716,random_subsets_natural_partition,4834,6.131896031344553
14,716,random_subsets_natural_partition,4835,6.131514884707193
14,716,random_subsets_natural_partition,4836,6.128396506631497
14,716,random_subsets_natural_partition,4837,6.168753108332788
14,716,random_subsets_natural_partition,4838,6.1569065355956685
14,716,random_subsets_natural_partition,4839,6.142486929003857
14,716,random_subsets_natural_partition,4840,6.140517392510394
14,716,random_subsets_natural_partition,4841,6.138511288596078
14,716,random_subsets_natural_partition,4842,6.110422211212472
14,716,random_subsets_natural_partition,4843,6.148963472540523
14,716,random_subsets_natural_partition,4844,6.159857306199481
14,716,random_subsets_natural_partition,4845,6.131004645963408
14,716,random_subsets_natural_partition,4846,6.115838334737992
14,716,random_subsets_natural_partition,4847,6.1606908983535105
14,716,random_subsets_natural_partition,4848,6.170172702986162
14,716,random_subsets_natural_partition,4849,6.124903912371214
14,716,random_subsets_natural_partition,4850,6.168259497516514
14,716,random_subsets_natural_partition,4851,6.148191610003971
14,716,random_subsets_natural_partition,4852,6.167322171456294
14,716,random_subsets_natural_partition,4853,6.130975812223614
14,716,random_subsets_natural_partition,4854,6.171885966580523
14,716,random_subsets_natural_partition,4855,6.132872899952385
14,716,random_subsets_natural_partition,4856,6.149963542770051
14,716,random_subsets_natural_partition,4857,6.150165959661499
14,716,random_subsets_natural_partition,4858,6.157281064321755
14,716,random_subsets_natural_partition,4859,6.16126826238369
14,716,random_subsets_natural_partition,4860,6.147536795929163
14,716,random_subsets_natural_partition,4861,6.148378197801077
14,716,random_subsets_natural_partition,4862,6.150502777285161
14,716,random_subsets_natural_partition,4863,6.153963124915596
14,716,random_subsets_natural_partition,4864,6.12519932184979
14,716,random_subsets_natural_partition,4865,6.167177474362609
14,716,random_subsets_natural_partition,4866,6.117309128120838
14,716,random_subsets_natural_partition,4867,6.141725544567086
14,716,random_subsets_natural_partition,4868,6.139310450983961
14,716,random_subsets_natural_partition,4869,6.16040884365859
14,716,random_subsets_natural_partition,4870,6.148366336925731
14,716,random_subsets_natural_partition,4871,6.136363745196449
14,716,random_subsets_natural_partition,4872,6.176530006552618
14,716,random_subsets_natural_partition,4873,6.118179253863731
14,716,random_subsets_natural_partition,4874,6.140122311489693
14,716,random_subsets_natural_partition,4875,6.12003729269582
14,716,random_subsets_natural_partition,4876,6.142707541390727
14,716,random_subsets_natural_partition,4877,6.146706309060175
14,716,random_subsets_natural_partition,4878,6.134732124249456
14,716,random_subsets_natural_partition,4879,6.12615080642637
14,716,random_subsets_natural_partition,4880,6.163477282189975
14,716,random_subsets_natural_partition,4881,6.115828609314847
14,716,random_subsets_natural_partition,4882,6.122663411757803
14,716,random_subsets_natural_partition,4883,6.132951867932486
14,716,random_subsets_natural_partition,4884,6.154627198260841
14,716,random_subsets_natural_partition,4885,6.134371042406166
14,716,random_subsets_natural_partition,4886,6.1665063213309494
14,716,random_subsets_natural_partition,4887,6.161545146074636
14,716,random_subsets_natural_partition,4888,6.148879728639319
14,716,random_subsets_natural_partition,4889,6.143411377245149
14,716,random_subsets_natural_partition,4890,6.142876130968772
14,716,random_subsets_natural_partition,4891,6.154148481218177
14,716,random_subsets_natural_partition,4892,6.150573281744324
14,716,random_subsets_natural_partition,4893,6.127543518078528
14,716,random_subsets_natural_partition,4894,6.153544827891401
14,716,random_subsets_natural_partition,4895,6.1249914418667375
14,716,random_subsets_natural_partition,4896,6.114546596222178
14,716,random_subsets_natural_partition,4897,6.124712702180262
14,716,random_subsets_natural_partition,4898,6.119967124177662
14,716,random_subsets_natural_partition,4899,6.170754514465698
14,716,random_subsets_natural_partition,4900,6.125211570879814
14,716,random_subsets_natural_partition,4901,6.155361668207183
14,716,random_subsets_natural_partition,4902,6.165166889837424
14,716,random_subsets_natural_partition,4903,6.158197065400889
14,716,random_subsets_natural_partition,4904,6.125011379716935
14,716,random_subsets_natural_partition,4905,6.141163560404671
14,716,random_subsets_natural_partition,4906,6.131045861198072
14,716,random_subsets_natural_partition,4907,6.126672968871373
14,716,random_subsets_natural_partition,4908,6.135822761925359
14,716,random_subsets_natural_partition,4909,6.12558865009568
14,716,random_subsets_natural_partition,4910,6.144413927366821
14,716,random_subsets_natural_partition,4911,6.121010487477327
14,716,random_subsets_natural_partition,4912,6.1616551102410035
14,716,random_subsets_natural_partition,4913,6.103167365859191
14,716,random_subsets_natural_partition,4914,6.154614125816498
14,716,random_subsets_natural_partition,4915,6.152961825548777
14,716,random_subsets_natural_partition,4916,6.151507333253767
14,716,random_subsets_natural_partition,4917,6.1243293209953995
14,716,random_subsets_natural_partition,4918,6.138286063970343
14,716,random_subsets_natural_partition,4919,6.155099517086082
14,716,random_subsets_natural_partition,4920,6.165564507884509
14,716,random_subsets_natural_partition,4921,6.174530566408851
14,716,random_subsets_natural_partition,4922,6.154992290485295
14,716,random_subsets_natural_partition,4923,6.120052364564033
14,716,random_subsets_natural_partition,4924,6.127886072837778
14,716,random_subsets_natural_partition,4925,6.132530372195308
14,716,random_subsets_natural_partition,4926,6.15321964798399
14,716,random_subsets_natural_partition,4927,6.147609317410213
14,716,random_subsets_natural_partition,4928,6.151670055602915
14,716,random_subsets_natural_partition,4929,6.151732290029101
14,716,random_subsets_natural_partition,4930,6.164985194060694
14,716,random_subsets_natural_partition,4931,6.1651690697326424
14,716,random_subsets_natural_partition,4932,6.160983929007577
14,716,random_subsets_natural_partition,4933,6.154623973919969
14,716,random_subsets_natural_partition,4934,6.1297532984416225
14,716,random_subsets_natural_partition,4935,6.158233733705615
14,716,random_subsets_natural_partition,4936,6.140021561793726
14,716,random_subsets_natural_partition,4937,6.125404445007267
14,716,random_subsets_natural_partition,4938,6.151910422135301
14,716,random_subsets_natural_partition,4939,6.154312791760921
14,716,random_subsets_natural_partition,4940,6.158276629801
14,716,random_subsets_natural_partition,4941,6.172146449717787
14,716,random_subsets_natural_partition,4942,6.14749835802095
14,716,random_subsets_natural_partition,4943,6.138492501652601
14,716,random_subsets_natural_partition,4944,6.090144324320923
14,716,random_subsets_natural_partition,4945,6.14068912415139
14,716,random_subsets_natural_partition,4946,6.124501282372384
14,716,random_subsets_natural_partition,4947,6.141158107364822
14,716,random_subsets_natural_partition,4948,6.132409869507503
14,716,random_subsets_natural_partition,4949,6.153344626829783
14,716,random_subsets_natural_partition,4950,6.129301527963275
14,716,random_subsets_natural_partition,4951,6.1711524100859965
14,716,random_subsets_natural_partition,4952,6.108137570045661
14,716,random_subsets_natural_partition,4953,6.143641454152535
14,716,random_subsets_natural_partition,4954,6.1177721403145915
14,716,random_subsets_natural_partition,4955,6.147328810672682
14,716,random_subsets_natural_partition,4956,6.154643346040624
14,716,random_subsets_natural_partition,4957,6.11446791045474
14,716,random_subsets_natural_partition,4958,6.154382264202652
14,716,random_subsets_natural_partition,4959,6.17115516623626
14,716,random_subsets_natural_partition,4960,6.179166001322174
14,716,random_subsets_natural_partition,4961,6.13812450536756
14,716,random_subsets_natural_partition,4962,6.149127452915679
14,716,random_subsets_natural_partition,4963,6.1267693310014995
14,716,random_subsets_natural_partition,4964,6.161063892082291
14,716,random_subsets_natural_partition,4965,6.144325289037654
14,716,random_subsets_natural_partition,4966,6.1201320182807395
14,716,random_subsets_natural_partition,4967,6.154627054102871
14,716,random_subsets_natural_partition,4968,6.180612240158424
14,716,random_subsets_natural_partition,4969,6.123954997631938
14,716,random_subsets_natural_partition,4970,6.132642543682267
14,716,random_subsets_natural_partition,4971,6.172163865001708
14,716,random_subsets_natural_partition,4972,6.157646897545943
14,716,random_subsets_natural_partition,4973,6.134219976688982
14,716,random_subsets_natural_partition,4974,6.167872559412008
14,716,random_subsets_natural_partition,4975,6.124600259185893
14,716,random_subsets_natural_partition,4976,6.135743130482949
14,716,random_subsets_natural_partition,4977,6.146586804475992
14,716,random_subsets_natural_partition,4978,6.145526690591337
14,716,random_subsets_natural_partition,4979,6.12818281341498
14,716,random_subsets_natural_partition,4980,6.136030210064576
14,716,random_subsets_natural_partition,4981,6.191931977124894
14,716,random_subsets_natural_partition,4982,6.151575278048503
14,716,random_subsets_natural_partition,4983,6.164808127942466
14,716,random_subsets_natural_partition,4984,6.130074331785538
14,716,random_subsets_natural_partition,4985,6.131297649326076
14,716,random_subsets_natural_partition,4986,6.131056387819827
14,716,random_subsets_natural_partition,4987,6.165515893650427
14,716,random_subsets_natural_partition,4988,6.165454736796387
14,716,random_subsets_natural_partition,4989,6.1314561736045565
14,716,random_subsets_natural_partition,4990,6.133026919449459
14,716,random_subsets_natural_partition,4991,6.1341336245238045
14,716,random_subsets_natural_partition,4992,6.1641343449703445
14,716,random_subsets_natural_partition,4993,6.139800850306228
14,716,random_subsets_natural_partition,4994,6.139838871999762
14,716,random_subsets_natural_partition,4995,6.124048130860135
14,716,random_subsets_natural_partition,4996,6.161803683072561
14,716,random_subsets_natural_partition,4997,6.10493071325905
14,716,random_subsets_natural_partition,4998,6.146102207001539
14,716,random_subsets_natural_partition,4999,6.125079312297026
14,716,random_subsets_natural_partition,5000,6.1707076038220805
14,716,random_subsets_natural_partition,5001,6.132347686792006
14,716,random_subsets_natural_partition,5002,6.15387582006626
14,716,random_subsets_natural_partition,5003,6.143937427616803
14,716,random_subsets_natural_partition,5004,6.126674175079382
14,716,random_subsets_natural_partition,5005,6.122433653146271
14,716,random_subsets_natural_partition,5006,6.184612665818869
14,716,random_subsets_natural_partition,5007,6.163569772836782
14,716,random_subsets_natural_partition,5008,6.140497565700158
14,716,random_subsets_natural_partition,5009,6.135979247323675
14,716,random_subsets_natural_partition,5010,6.1205647844171915
14,716,random_subsets_natural_partition,5011,6.109307674618841
14,716,random_subsets_natural_partition,5012,6.155842390939344
14,716,random_subsets_natural_partition,5013,6.136957163990387
14,716,random_subsets_natural_partition,5014,6.147654081803822
14,716,random_subsets_natural_partition,5015,6.17243931064918
14,716,random_subsets_natural_partition,5016,6.132540396356231
14,716,random_subsets_natural_partition,5017,6.10456019467679
14,716,random_subsets_natural_partition,5018,6.120901027484087
14,716,random_subsets_natural_partition,5019,6.151285366505924
14,716,random_subsets_natural_partition,5020,6.1513578090493635
14,716,random_subsets_natural_partition,5021,6.149335736109797
14,716,random_subsets_natural_partition,5022,6.1493022872837715
14,716,random_subsets_natural_partition,5023,6.142275591722812
14,716,random_subsets_natural_partition,5024,6.139402531790968
14,716,random_subsets_natural_partition,5025,6.154757223070159
14,716,random_subsets_natural_partition,5026,6.137712140149063
14,716,random_subsets_natural_partition,5027,6.139998481036674
14,716,random_subsets_natural_partition,5028,6.1373147355519
14,716,random_subsets_natural_partition,5029,6.153411984582371
14,716,random_subsets_natural_partition,5030,6.16505819025945
14,716,random_subsets_natural_partition,5031,6.151435053256271
14,716,random_subsets_natural_partition,5032,6.128373511603667
14,716,random_subsets_natural_partition,5033,6.139321424280018
14,716,random_subsets_natural_partition,5034,6.142391491656707
14,716,random_subsets_natural_partition,5035,6.128347245419568
14,716,random_subsets_natural_partition,5036,6.148862387317902
14,716,random_subsets_natural_partition,5037,6.150486522518874
14,716,random_subsets_natural_partition,5038,6.150146650964117
14,716,random_subsets_natural_partition,5039,6.134492300277132
14,716,random_subsets_natural_partition,5040,6.143892962791606
14,716,random_subsets_natural_partition,5041,6.1448872855180365
14,716,random_subsets_natural_partition,5042,6.136735409123293
14,716,random_subsets_natural_partition,5043,6.119419750017517
14,716,random_subsets_natural_partition,5044,6.1676937876820395
14,716,random_subsets_natural_partition,5045,6.137143241718077
14,716,random_subsets_natural_partition,5046,6.157395928429293
14,716,random_subsets_natural_partition,5047,6.141500077665075
14,716,random_subsets_natural_partition,5048,6.1492145511750245
14,716,random_subsets_natural_partition,5049,6.129024487510871
14,716,random_subsets_natural_partition,5050,6.126573031561751
14,716,random_subsets_natural_partition,5051,6.143337760048435
14,716,random_subsets_natural_partition,5052,6.141874161745819
14,716,random_subsets_natural_partition,5053,6.143129835742953
14,716,random_subsets_natural_partition,5054,6.1281608851164435
14,716,random_subsets_natural_partition,5055,6.1375805712794325
14,716,random_subsets_natural_partition,5056,6.13254571436908
14,716,random_subsets_natural_partition,5057,6.136139400762361
14,716,random_subsets_natural_partition,5058,6.1208935019537964
14,716,random_subsets_natural_partition,5059,6.147065014915575
14,716,random_subsets_natural_partition,5060,6.154737168402725
14,716,random_subsets_natural_partition,5061,6.121324577099871
14,716,random_subsets_natural_partition,5062,6.150231603067965
14,716,random_subsets_natural_partition,5063,6.13997756659149
14,716,random_subsets_natural_partition,5064,6.134037970261385
14,716,random_subsets_natural_partition,5065,6.103803361821615
14,716,random_subsets_natural_partition,5066,6.154094453672582
14,716,random_subsets_natural_partition,5067,6.148121691057021
14,716,random_subsets_natural_partition,5068,6.141026657260399
14,716,random_subsets_natural_partition,5069,6.136995268368871
14,716,random_subsets_natural_partition,5070,6.134548616178437
14,716,random_subsets_natural_partition,5071,6.117506817188832
14,716,random_subsets_natural_partition,5072,6.090744402044274
14,716,random_subsets_natural_partition,5073,6.136813878663234
14,716,random_subsets_natural_partition,5074,6.168307886339643
14,716,random_subsets_natural_partition,5075,6.1143412444392
14,716,random_subsets_natural_partition,5076,6.140182566728304
14,716,random_subsets_natural_partition,5077,6.142462377482919
14,716,random_subsets_natural_partition,5078,6.15340150423739
14,716,random_subsets_natural_partition,5079,6.132367568721208
14,716,random_subsets_natural_partition,5080,6.145437924196466
14,716,random_subsets_natural_partition,5081,6.167830173449489
14,716,random_subsets_natural_partition,5082,6.159326992821131
14,716,random_subsets_natural_partition,5083,6.12339290119451
14,716,random_subsets_natural_partition,5084,6.114275613772162
14,716,random_subsets_natural_partition,5085,6.160835676445688
14,716,random_subsets_natural_partition,5086,6.135168040892393
14,716,random_subsets_natural_partition,5087,6.1405797413423615
14,716,random_subsets_natural_partition,5088,6.145564192520475
14,716,random_subsets_natural_partition,5089,6.177402541768219
14,716,random_subsets_natural_partition,5090,6.137247955053724
14,716,random_subsets_natural_partition,5091,6.189149722315444
14,716,random_subsets_natural_partition,5092,6.130628872894573
14,716,random_subsets_natural_partition,5093,6.1299162048172064
14,716,random_subsets_natural_partition,5094,6.139822563601439
14,716,random_subsets_natural_partition,5095,6.114661881332931
14,716,random_subsets_natural_partition,5096,6.157056513817154
14,716,random_subsets_natural_partition,5097,6.1153423668139855
14,716,random_subsets_natural_partition,5098,6.165857515683342
14,716,random_subsets_natural_partition,5099,6.180577335803794
14,716,random_subsets_natural_partition,5100,6.132697810952089
14,716,random_subsets_natural_partition,5101,6.147020088788455
14,716,random_subsets_natural_partition,5102,6.112590910441683
14,716,random_subsets_natural_partition,5103,6.135591572785534
14,716,random_subsets_natural_partition,5104,6.112880030635427
14,716,random_subsets_natural_partition,5105,6.147527856750826
14,716,random_subsets_natural_partition,5106,6.144645186652876
14,716,random_subsets_natural_partition,5107,6.124519306132044
14,716,random_subsets_natural_partition,5108,6.115225513109199
14,716,random_subsets_natural_partition,5109,6.155214013178113
14,716,random_subsets_natural_partition,5110,6.1878533656378325
14,716,random_subsets_natural_partition,5111,6.165436995492928
14,716,random_subsets_natural_partition,5112,6.118863191942683
14,716,random_subsets_natural_partition,5113,6.135362298426515
14,716,random_subsets_natural_partition,5114,6.136881812151673
14,716,random_subsets_natural_partition,5115,6.149562399445145
14,716,random_subsets_natural_partition,5116,6.128260315020617
14,716,random_subsets_natural_partition,5117,6.145176072163123
14,716,random_subsets_natural_partition,5118,6.146135918610229
14,716,random_subsets_natural_partition,5119,6.1750871711941056
14,716,random_subsets_natural_partition,5120,6.156504963979404
14,716,random_subsets_natural_partition,5121,6.105187388758283
14,716,random_subsets_natural_partition,5122,6.150948376031521
14,716,random_subsets_natural_partition,5123,6.170471626540826
14,716,random_subsets_natural_partition,5124,6.147823299770843
14,716,random_subsets_natural_partition,5125,6.106650615599609
14,716,random_subsets_natural_partition,5126,6.137387940806051
14,716,random_subsets_natural_partition,5127,6.1448132454697575
14,716,random_subsets_natural_partition,5128,6.143583074964635
14,716,random_subsets_natural_partition,5129,6.126825660687741
14,716,random_subsets_natural_partition,5130,6.162819359700955
14,716,random_subsets_natural_partition,5131,6.181970371715976
14,716,random_subsets_natural_partition,5132,6.15030548996567
14,716,random_subsets_natural_partition,5133,6.124438807431796
14,716,random_subsets_natural_partition,5134,6.106244788855577
14,716,random_subsets_natural_partition,5135,6.131324221317924
14,716,random_subsets_natural_partition,5136,6.157482228600851
14,716,random_subsets_natural_partition,5137,6.126677454922316
14,716,random_subsets_natural_partition,5138,6.15815100996713
14,716,random_subsets_natural_partition,5139,6.152663578651825
14,716,random_subsets_natural_partition,5140,6.1392734398307445
14,716,random_subsets_natural_partition,5141,6.185060261586525
14,716,random_subsets_natural_partition,5142,6.103969669765728
14,716,random_subsets_natural_partition,5143,6.138002190299947
14,716,random_subsets_natural_partition,5144,6.112945122475034
14,716,random_subsets_natural_partition,5145,6.147704960557299
14,716,random_subsets_natural_partition,5146,6.131947748295091
14,716,random_subsets_natural_partition,5147,6.144930543836251
14,716,random_subsets_natural_partition,5148,6.155516550316273
14,716,random_subsets_natural_partition,5149,6.181013404549164
14,716,random_subsets_natural_partition,5150,6.1529554260461214
14,716,random_subsets_natural_partition,5151,6.1336659164647545
14,716,random_subsets_natural_partition,5152,6.1481024363345576
14,716,random_subsets_natural_partition,5153,6.173926364655174
14,716,random_subsets_natural_partition,5154,6.184806824040214
14,716,random_subsets_natural_partition,5155,6.156021283021369
14,716,random_subsets_natural_partition,5156,6.173677040005107
14,716,random_subsets_natural_partition,5157,6.148159114035768
14,716,random_subsets_natural_partition,5158,6.108437206770423
14,716,random_subsets_natural_partition,5159,6.1335444314905025
14,716,random_subsets_natural_partition,5160,6.16883646554101
14,716,random_subsets_natural_partition,5161,6.130841163606479
14,716,random_subsets_natural_partition,5162,6.154433574728393
14,716,random_subsets_natural_partition,5163,6.164963503766209
14,716,random_subsets_natural_partition,5164,6.167031298349726
14,716,random_subsets_natural_partition,5165,6.136563170600892
14,716,random_subsets_natural_partition,5166,6.156557003801141
14,716,random_subsets_natural_partition,5167,6.132972100698134
14,716,random_subsets_natural_partition,5168,6.16465330005294
14,716,random_subsets_natural_partition,5169,6.146007938452647
14,716,random_subsets_natural_partition,5170,6.163501339531523
14,716,random_subsets_natural_partition,5171,6.1446096913119925
14,716,random_subsets_natural_partition,5172,6.154153271446151
14,716,random_subsets_natural_partition,5173,6.091369019613607
14,716,random_subsets_natural_partition,5174,6.151477439664882
14,716,random_subsets_natural_partition,5175,6.136139095031478
14,716,random_subsets_natural_partition,5176,6.1305248860853885
14,716,random_subsets_natural_partition,5177,6.15801766369032
14,716,random_subsets_natural_partition,5178,6.1588727286222165
14,716,random_subsets_natural_partition,5179,6.173419575820389
14,716,random_subsets_natural_partition,5180,6.153162346817432
14,716,random_subsets_natural_partition,5181,6.116025652726229
14,716,random_subsets_natural_partition,5182,6.1431376325627
14,716,random_subsets_natural_partition,5183,6.153568094078486
14,716,random_subsets_natural_partition,5184,6.128668405047295
14,716,random_subsets_natural_partition,5185,6.1145202521097435
14,716,random_subsets_natural_partition,5186,6.141415832100042
14,716,random_subsets_natural_partition,5187,6.141747563922328
14,716,random_subsets_natural_partition,5188,6.143055907118355
14,716,random_subsets_natural_partition,5189,6.175657814096287
14,716,random_subsets_natural_partition,5190,6.128475202963913
14,716,random_subsets_natural_partition,5191,6.189304565290739
14,716,random_subsets_natural_partition,5192,6.121724995178316
14,716,random_subsets_natural_partition,5193,6.1651863428841525
14,716,random_subsets_natural_partition,5194,6.117334410885878
14,716,random_subsets_natural_partition,5195,6.153445920153534
14,716,random_subsets_natural_partition,5196,6.12834535140671
14,716,random_subsets_natural_partition,5197,6.156567740923301
14,716,random_subsets_natural_partition,5198,6.123714953328296
14,716,random_subsets_natural_partition,5199,6.136130470418277
14,716,random_subsets_natural_partition,5200,6.168178126706486
14,716,random_subsets_natural_partition,5201,6.1592612862314144
14,716,random_subsets_natural_partition,5202,6.175355906193095
14,716,random_subsets_natural_partition,5203,6.154502242382244
14,716,random_subsets_natural_partition,5204,6.13525798593157
14,716,random_subsets_natural_partition,5205,6.143212095655085
14,716,random_subsets_natural_partition,5206,6.15380239537477
14,716,random_subsets_natural_partition,5207,6.155282162160645
14,716,random_subsets_natural_partition,5208,6.160066234984962
14,716,random_subsets_natural_partition,5209,6.146838750251496
14,716,random_subsets_natural_partition,5210,6.1589704882941305
14,716,random_subsets_natural_partition,5211,6.152724443769866
14,716,random_subsets_natural_partition,5212,6.1201926729694325
14,716,random_subsets_natural_partition,5213,6.140336073566163
14,716,random_subsets_natural_partition,5214,6.117865099068541
14,716,random_subsets_natural_partition,5215,6.151163288773093
14,716,random_subsets_natural_partition,5216,6.153510364752364
14,716,random_subsets_natural_partition,5217,6.148941725561043
14,716,random_subsets_natural_partition,5218,6.1421370779009
14,716,random_subsets_natural_partition,5219,6.155799427299764
14,716,random_subsets_natural_partition,5220,6.127639114229288
14,716,random_subsets_natural_partition,5221,6.156543432308267
14,716,random_subsets_natural_partition,5222,6.137604860525362
14,716,random_subsets_natural_partition,5223,6.158687983229221
14,716,random_subsets_natural_partition,5224,6.1365311602561246
14,716,random_subsets_natural_partition,5225,6.165257759323586
14,716,random_subsets_natural_partition,5226,6.137983297796404
14,716,random_subsets_natural_partition,5227,6.102442940280526
14,716,random_subsets_natural_partition,5228,6.127365588825923
14,716,random_subsets_natural_partition,5229,6.142034148071673
14,716,random_subsets_natural_partition,5230,6.166594181040625
14,716,random_subsets_natural_partition,5231,6.173043659640757
14,716,random_subsets_natural_partition,5232,6.1341937403769675
14,716,random_subsets_natural_partition,5233,6.135834163339988
14,716,random_subsets_natural_partition,5234,6.125812706584157
14,716,random_subsets_natural_partition,5235,6.150487774299688
14,716,random_subsets_natural_partition,5236,6.164875974463329
14,716,random_subsets_natural_partition,5237,6.144928828015322
14,716,random_subsets_natural_partition,5238,6.134016807784758
14,716,random_subsets_natural_partition,5239,6.169830109452406
14,716,random_subsets_natural_partition,5240,6.145483383713119
14,716,random_subsets_natural_partition,5241,6.11974223729132
14,716,random_subsets_natural_partition,5242,6.160870947133815
14,716,random_subsets_natural_partition,5243,6.1655002167492166
14,716,random_subsets_natural_partition,5244,6.168803843242037
14,716,random_subsets_natural_partition,5245,6.167847531662203
14,716,random_subsets_natural_partition,5246,6.147485695816707
14,716,random_subsets_natural_partition,5247,6.141635477705102
14,716,random_subsets_natural_partition,5248,6.157289373612322
14,716,random_subsets_natural_partition,5249,6.134700342944578
14,716,random_subsets_natural_partition,5250,6.153801018449504
14,716,random_subsets_natural_partition,5251,6.158886493657598
14,716,random_subsets_natural_partition,5252,6.136359611423884
14,716,random_subsets_natural_partition,5253,6.138585778590061
14,716,random_subsets_natural_partition,5254,6.147609340930316
14,716,random_subsets_natural_partition,5255,6.147126258513118
14,716,random_subsets_natural_partition,5256,6.174146854479228
14,716,random_subsets_natural_partition,5257,6.1344362421765695
14,716,random_subsets_natural_partition,5258,6.130893586390765
14,716,random_subsets_natural_partition,5259,6.145042715625598
14,716,random_subsets_natural_partition,5260,6.152283725805704
14,716,random_subsets_natural_partition,5261,6.126741833794014
14,716,random_subsets_natural_partition,5262,6.1366283355930795
14,716,random_subsets_natural_partition,5263,6.178191175110321
14,716,random_subsets_natural_partition,5264,6.13771095691831
14,716,random_subsets_natural_partition,5265,6.131057808725295
14,716,random_subsets_natural_partition,5266,6.116114428360963
14,716,random_subsets_natural_partition,5267,6.141852167023571
14,716,random_subsets_natural_partition,5268,6.128452498134001
14,716,random_subsets_natural_partition,5269,6.154458623861795
14,716,random_subsets_natural_partition,5270,6.147077449860272
14,716,random_subsets_natural_partition,5271,6.119536745322488
14,716,random_subsets_natural_partition,5272,6.149012418325043
14,716,random_subsets_natural_partition,5273,6.1550788267727965
14,716,random_subsets_natural_partition,5274,6.105893036623065
14,716,random_subsets_natural_partition,5275,6.153756463497688
14,716,random_subsets_natural_partition,5276,6.150918749886808
14,716,random_subsets_natural_partition,5277,6.1507857771906655
14,716,random_subsets_natural_partition,5278,6.147122199021542
14,716,random_subsets_natural_partition,5279,6.153246979682038
14,716,random_subsets_natural_partition,5280,6.1404695770970825
14,716,random_subsets_natural_partition,5281,6.124058435502005
14,716,random_subsets_natural_partition,5282,6.1332474284110665
14,716,random_subsets_natural_partition,5283,6.13656700684564
14,716,random_subsets_natural_partition,5284,6.134747915700713
14,716,random_subsets_natural_partition,5285,6.146640877742337
14,716,random_subsets_natural_partition,5286,6.135933872971278
14,716,random_subsets_natural_partition,5287,6.146459386011025
14,716,random_subsets_natural_partition,5288,6.141901232164151
14,716,random_subsets_natural_partition,5289,6.137871493849417
14,716,random_subsets_natural_partition,5290,6.155428971436731
14,716,random_subsets_natural_partition,5291,6.179873018625256
14,716,random_subsets_natural_partition,5292,6.114538925556292
14,716,random_subsets_natural_partition,5293,6.139078053953187
14,716,random_subsets_natural_partition,5294,6.119331298491614
14,716,random_subsets_natural_partition,5295,6.150278003048998
14,716,random_subsets_natural_partition,5296,6.136300735665134
14,716,random_subsets_natural_partition,5297,6.118230505763955
14,716,random_subsets_natural_partition,5298,6.114513064455675
14,716,random_subsets_natural_partition,5299,6.155316529592232
14,716,random_subsets_natural_partition,5300,6.161026650725809
14,716,random_subsets_natural_partition,5301,6.161426450169347
14,716,random_subsets_natural_partition,5302,6.133536063378177
14,716,random_subsets_natural_partition,5303,6.168229284446743
14,716,random_subsets_natural_partition,5304,6.144772407339329
14,716,random_subsets_natural_partition,5305,6.1426415499137015
14,716,random_subsets_natural_partition,5306,6.153108864028757
14,716,random_subsets_natural_partition,5307,6.131316471926703
14,716,random_subsets_natural_partition,5308,6.148173940309294
14,716,random_subsets_natural_partition,5309,6.15167476029366
14,716,random_subsets_natural_partition,5310,6.160655876937292
14,716,random_subsets_natural_partition,5311,6.127060070501275
14,716,random_subsets_natural_partition,5312,6.108963154578877
14,716,random_subsets_natural_partition,5313,6.143164030640378
14,716,random_subsets_natural_partition,5314,6.14480746946211
14,716,random_subsets_natural_partition,5315,6.158914013347794
14,716,random_subsets_natural_partition,5316,6.1277582659541014
14,716,random_subsets_natural_partition,5317,6.153892557065505
14,716,random_subsets_natural_partition,5318,6.125168067079325
14,716,random_subsets_natural_partition,5319,6.175691275867797
14,716,random_subsets_natural_partition,5320,6.1101704270720125
14,716,random_subsets_natural_partition,5321,6.130036127677427
14,716,random_subsets_natural_partition,5322,6.156112246554571
14,716,random_subsets_natural_partition,5323,6.167858598710589
14,716,random_subsets_natural_partition,5324,6.15689315299608
14,716,random_subsets_natural_partition,5325,6.153403395422325
14,716,random_subsets_natural_partition,5326,6.172405669999633
14,716,random_subsets_natural_partition,5327,6.154223861697819
14,716,random_subsets_natural_partition,5328,6.12636336062916
14,716,random_subsets_natural_partition,5329,6.143424001501183
14,716,random_subsets_natural_partition,5330,6.137350096293992
14,716,random_subsets_natural_partition,5331,6.170224752440224
14,716,random_subsets_natural_partition,5332,6.142808452111444
14,716,random_subsets_natural_partition,5333,6.134743849338948
14,716,random_subsets_natural_partition,5334,6.1599292245271196
14,716,random_subsets_natural_partition,5335,6.150731036632237
14,716,random_subsets_natural_partition,5336,6.1340042027404005
14,716,random_subsets_natural_partition,5337,6.119167270782655
14,716,random_subsets_natural_partition,5338,6.163746347671441
14,716,random_subsets_natural_partition,5339,6.150938145770782
14,716,random_subsets_natural_partition,5340,6.144731476054246
14,716,random_subsets_natural_partition,5341,6.1265229171709725
14,716,random_subsets_natural_partition,5342,6.146242824613883
14,716,random_subsets_natural_partition,5343,6.145290853402967
14,716,random_subsets_natural_partition,5344,6.1258803195481555
14,716,random_subsets_natural_partition,5345,6.173602288055241
14,716,random_subsets_natural_partition,5346,6.159389067958301
14,716,random_subsets_natural_partition,5347,6.14020676140249
14,716,random_subsets_natural_partition,5348,6.140359037353377
14,716,random_subsets_natural_partition,5349,6.1280389999100775
14,716,random_subsets_natural_partition,5350,6.13817746775463
14,716,random_subsets_natural_partition,5351,6.167950516020788
14,716,random_subsets_natural_partition,5352,6.146428912892852
14,716,random_subsets_natural_partition,5353,6.1350867885422105
14,716,random_subsets_natural_partition,5354,6.147555541152361
14,716,random_subsets_natural_partition,5355,6.136015950222667
14,716,random_subsets_natural_partition,5356,6.157333928512211
14,716,random_subsets_natural_partition,5357,6.146450208133758
14,716,random_subsets_natural_partition,5358,6.169179563799838
14,716,random_subsets_natural_partition,5359,6.180007257310293
14,716,random_subsets_natural_partition,5360,6.12886338319123
14,716,random_subsets_natural_partition,5361,6.140426591785602
14,716,random_subsets_natural_partition,5362,6.136684967539781
14,716,random_subsets_natural_partition,5363,6.117892563547292
14,716,random_subsets_natural_partition,5364,6.161584494757158
14,716,random_subsets_natural_partition,5365,6.152974116323271
14,716,random_subsets_natural_partition,5366,6.120669984999917
14,716,random_subsets_natural_partition,5367,6.140154242285984
14,716,random_subsets_natural_partition,5368,6.15004670468124
14,716,random_subsets_natural_partition,5369,6.140870176921631
14,716,random_subsets_natural_partition,5370,6.1174286634965815
14,716,random_subsets_natural_partition,5371,6.151601002761445
14,716,random_subsets_natural_partition,5372,6.153754573182967
14,716,random_subsets_natural_partition,5373,6.140405852468997
14,716,random_subsets_natural_partition,5374,6.127694107161531
14,716,random_subsets_natural_partition,5375,6.123390038164128
14,716,random_subsets_natural_partition,5376,6.105426492738293
14,716,random_subsets_natural_partition,5377,6.131586679602299
14,716,random_subsets_natural_partition,5378,6.1251567699042475
14,716,random_subsets_natural_partition,5379,6.148780556625161
14,716,random_subsets_natural_partition,5380,6.131069092245417
14,716,random_subsets_natural_partition,5381,6.160044331237369
14,716,random_subsets_natural_partition,5382,6.155666773801853
14,716,random_subsets_natural_partition,5383,6.163942333364105
14,716,random_subsets_natural_partition,5384,6.168674621189013
14,716,random_subsets_natural_partition,5385,6.166685479209474
14,716,random_subsets_natural_partition,5386,6.1441045220727855
14,716,random_subsets_natural_partition,5387,6.142864803466937
14,716,random_subsets_natural_partition,5388,6.163569482717597
14,716,random_subsets_natural_partition,5389,6.10726306721829
14,716,random_subsets_natural_partition,5390,6.1379639816898
14,716,random_subsets_natural_partition,5391,6.152968819564071
14,716,random_subsets_natural_partition,5392,6.134599936850172
14,716,random_subsets_natural_partition,5393,6.148794519902002
14,716,random_subsets_natural_partition,5394,6.138231762716077
14,716,random_subsets_natural_partition,5395,6.146695906883839
14,716,random_subsets_natural_partition,5396,6.14134790504802
14,716,random_subsets_natural_partition,5397,6.144634636524864
14,716,random_subsets_natural_partition,5398,6.154545068846449
14,716,random_subsets_natural_partition,5399,6.161647770015048
14,716,random_subsets_natural_partition,5400,6.114220444855775
14,716,random_subsets_natural_partition,5401,6.143254271056757
14,716,random_subsets_natural_partition,5402,6.120381189710729
14,716,random_subsets_natural_partition,5403,6.156297478691467
14,716,random_subsets_natural_partition,5404,6.156085558176602
14,716,random_subsets_natural_partition,5405,6.13196512056895
14,716,random_subsets_natural_partition,5406,6.168781544265139
14,716,random_subsets_natural_partition,5407,6.116866972815965
14,716,random_subsets_natural_partition,5408,6.117658260393371
14,716,random_subsets_natural_partition,5409,6.13651107145084
14,716,random_subsets_natural_partition,5410,6.141191085332947
14,716,random_subsets_natural_partition,5411,6.174511938802298
14,716,random_subsets_natural_partition,5412,6.159411993393506
14,716,random_subsets_natural_partition,5413,6.137522509873576
14,716,random_subsets_natural_partition,5414,6.12457327302612
14,716,random_subsets_natural_partition,5415,6.132355128179749
14,716,random_subsets_natural_partition,5416,6.167548370957666
14,716,random_subsets_natural_partition,5417,6.140414708187811
14,716,random_subsets_natural_partition,5418,6.13392724174673
14,716,random_subsets_natural_partition,5419,6.147267435496211
14,716,random_subsets_natural_partition,5420,6.13679094079465
14,716,random_subsets_natural_partition,5421,6.157861143606548
14,716,random_subsets_natural_partition,5422,6.163719843415555
14,716,random_subsets_natural_partition,5423,6.126845506659266
14,716,random_subsets_natural_partition,5424,6.148222764020957
14,716,random_subsets_natural_partition,5425,6.11477634632852
14,716,random_subsets_natural_partition,5426,6.122713871082642
14,716,random_subsets_natural_partition,5427,6.126159101880314
14,716,random_subsets_natural_partition,5428,6.1158152170234015
14,716,random_subsets_natural_partition,5429,6.135551326689249
14,716,random_subsets_natural_partition,5430,6.165124809175397
14,716,random_subsets_natural_partition,5431,6.149866240218355
14,716,random_subsets_natural_partition,5432,6.154442239256205
14,716,random_subsets_natural_partition,5433,6.161106426399318
14,716,random_subsets_natural_partition,5434,6.127338726509111
14,716,random_subsets_natural_partition,5435,6.136227657857675
14,716,random_subsets_natural_partition,5436,6.146845021158202
14,716,random_subsets_natural_partition,5437,6.139455146425577
14,716,random_subsets_natural_partition,5438,6.151273931621874
14,716,random_subsets_natural_partition,5439,6.142809102916083
14,716,random_subsets_natural_partition,5440,6.134298470021216
14,716,random_subsets_natural_partition,5441,6.105978994580339
14,716,random_subsets_natural_partition,5442,6.146103024481406
14,716,random_subsets_natural_partition,5443,6.123104450587158
14,716,random_subsets_natural_partition,5444,6.143520667155706
14,716,random_subsets_natural_partition,5445,6.115155601716256
14,716,random_subsets_natural_partition,5446,6.1525021685477785
14,716,random_subsets_natural_partition,5447,6.14909516071291
14,716,random_subsets_natural_partition,5448,6.122934780966062
14,716,random_subsets_natural_partition,5449,6.1472912875721795
14,716,random_subsets_natural_partition,5450,6.1871829741194055
14,716,random_subsets_natural_partition,5451,6.1358810489399245
14,716,random_subsets_natural_partition,5452,6.106467070406564
14,716,random_subsets_natural_partition,5453,6.157948817427291
14,716,random_subsets_natural_partition,5454,6.155046039568491
14,716,random_subsets_natural_partition,5455,6.123351392829023
14,716,random_subsets_natural_partition,5456,6.149439087181118
14,716,random_subsets_natural_partition,5457,6.151322806262736
14,716,random_subsets_natural_partition,5458,6.129146912974108
14,716,random_subsets_natural_partition,5459,6.145202574477423
14,716,random_subsets_natural_partition,5460,6.143905831475246
14,716,random_subsets_natural_partition,5461,6.159041146505486
14,716,random_subsets_natural_partition,5462,6.157473331843428
14,716,random_subsets_natural_partition,5463,6.147235075526066
14,716,random_subsets_natural_partition,5464,6.136786499670378
14,716,random_subsets_natural_partition,5465,6.131672829605945
14,716,random_subsets_natural_partition,5466,6.12173780849949
14,716,random_subsets_natural_partition,5467,6.148818234127346
14,716,random_subsets_natural_partition,5468,6.158692250558073
14,716,random_subsets_natural_partition,5469,6.13061844565827
14,716,random_subsets_natural_partition,5470,6.161000010009722
14,716,random_subsets_natural_partition,5471,6.138922845582424
14,716,random_subsets_natural_partition,5472,6.129669430726977
14,716,random_subsets_natural_partition,5473,6.099950488091365
14,716,random_subsets_natural_partition,5474,6.136821211349683
14,716,random_subsets_natural_partition,5475,6.123926617140202
14,716,random_subsets_natural_partition,5476,6.1344693959865975
14,716,random_subsets_natural_partition,5477,6.147417710844212
14,716,random_subsets_natural_partition,5478,6.132767073691931
14,716,random_subsets_natural_partition,5479,6.143962156963173
14,716,random_subsets_natural_partition,5480,6.1650854262788854
14,716,random_subsets_natural_partition,5481,6.159131744049909
14,716,random_subsets_natural_partition,5482,6.133270473400079
14,716,random_subsets_natural_partition,5483,6.150512013786209
14,716,random_subsets_natural_partition,5484,6.127030465877923
14,716,random_subsets_natural_partition,5485,6.133425004748867
14,716,random_subsets_natural_partition,5486,6.134717440288708
14,716,random_subsets_natural_partition,5487,6.148334273996873
14,716,random_subsets_natural_partition,5488,6.150718409045925
14,716,random_subsets_natural_partition,5489,6.163036928435062
14,716,random_subsets_natural_partition,5490,6.134434821999539
14,716,random_subsets_natural_partition,5491,6.149356423410386
14,716,random_subsets_natural_partition,5492,6.1336712087961125
14,716,random_subsets_natural_partition,5493,6.138842429127762
14,716,random_subsets_natural_partition,5494,6.093344686177102
14,716,random_subsets_natural_partition,5495,6.151274496120321
14,716,random_subsets_natural_partition,5496,6.106907125225185
14,716,random_subsets_natural_partition,5497,6.149641882069634
14,716,random_subsets_natural_partition,5498,6.149686519875894
14,716,random_subsets_natural_partition,5499,6.139459757983931
14,716,random_subsets_natural_partition,5500,6.1374539562527515
14,716,random_subsets_natural_partition,5501,6.136503139382598
14,716,random_subsets_natural_partition,5502,6.125122934215804
14,716,random_subsets_natural_partition,5503,6.129370072424705
14,716,random_subsets_natural_partition,5504,6.119329855779259
14,716,random_subsets_natural_partition,5505,6.157724588974529
14,716,random_subsets_natural_partition,5506,6.146779132132792
14,716,random_subsets_natural_partition,5507,6.148616129586633
14,716,random_subsets_natural_partition,5508,6.154678091035425
14,716,random_subsets_natural_partition,5509,6.147693450259487
14,716,random_subsets_natural_partition,5510,6.16494625235984
14,716,random_subsets_natural_partition,5511,6.153403430913742
14,716,random_subsets_natural_partition,5512,6.153817722558622
14,716,random_subsets_natural_partition,5513,6.120693640228942
14,716,random_subsets_natural_partition,5514,6.163166796196404
14,716,random_subsets_natural_partition,5515,6.126320536711168
14,716,random_subsets_natural_partition,5516,6.140323670498858
14,716,random_subsets_natural_partition,5517,6.151656870101481
14,716,random_subsets_natural_partition,5518,6.130446765910266
14,716,random_subsets_natural_partition,5519,6.104563454638414
14,716,random_subsets_natural_partition,5520,6.144734936379161
14,716,random_subsets_natural_partition,5521,6.116869352719845
14,716,random_subsets_natural_partition,5522,6.15544205628444
14,716,random_subsets_natural_partition,5523,6.1127520217192615
14,716,random_subsets_natural_partition,5524,6.122772816083951
14,716,random_subsets_natural_partition,5525,6.13000967581538
14,716,random_subsets_natural_partition,5526,6.148387997668412
14,716,random_subsets_natural_partition,5527,6.156819379625655
14,716,random_subsets_natural_partition,5528,6.154948045007224
14,716,random_subsets_natural_partition,5529,6.105140522242587
14,716,random_subsets_natural_partition,5530,6.136337631356812
14,716,random_subsets_natural_partition,5531,6.119073558281586
14,716,random_subsets_natural_partition,5532,6.144139411990322
14,716,random_subsets_natural_partition,5533,6.122793052858518
14,716,random_subsets_natural_partition,5534,6.152379228308325
14,716,random_subsets_natural_partition,5535,6.160552640458378
14,716,random_subsets_natural_partition,5536,6.118449226676888
14,716,random_subsets_natural_partition,5537,6.1545371439856
14,716,random_subsets_natural_partition,5538,6.125059754710838
14,716,random_subsets_natural_partition,5539,6.1442081311124515
14,716,random_subsets_natural_partition,5540,6.146948158294213
14,716,random_subsets_natural_partition,5541,6.139004654402368
14,716,random_subsets_natural_partition,5542,6.168129074104801
14,716,random_subsets_natural_partition,5543,6.141075895750639
14,716,random_subsets_natural_partition,5544,6.169675048374806
14,716,random_subsets_natural_partition,5545,6.154445805044863
14,716,random_subsets_natural_partition,5546,6.160240961637008
14,716,random_subsets_natural_partition,5547,6.139324735179208
14,716,random_subsets_natural_partition,5548,6.137745330195308
14,716,random_subsets_natural_partition,5549,6.138230495500915
14,716,random_subsets_natural_partition,5550,6.145478790050919
14,716,random_subsets_natural_partition,5551,6.137379291376484
14,716,random_subsets_natural_partition,5552,6.141794385695095
14,716,random_subsets_natural_partition,5553,6.139092709462196
14,716,random_subsets_natural_partition,5554,6.131060532581282
14,716,random_subsets_natural_partition,5555,6.129259940926963
14,716,random_subsets_natural_partition,5556,6.1506853437684
14,716,random_subsets_natural_partition,5557,6.15434423741672
14,716,random_subsets_natural_partition,5558,6.168396517321059
14,716,random_subsets_natural_partition,5559,6.163944645272758
14,716,random_subsets_natural_partition,5560,6.127877231670119
14,716,random_subsets_natural_partition,5561,6.147123465506925
14,716,random_subsets_natural_partition,5562,6.117857077171533
14,716,random_subsets_natural_partition,5563,6.132982293367135
14,716,random_subsets_natural_partition,5564,6.127069475360182
14,716,random_subsets_natural_partition,5565,6.154524799048823
14,716,random_subsets_natural_partition,5566,6.12352609288624
14,716,random_subsets_natural_partition,5567,6.167114731976719
14,716,random_subsets_natural_partition,5568,6.159092559546434
14,716,random_subsets_natural_partition,5569,6.1640272469589075
14,716,random_subsets_natural_partition,5570,6.124770490736668
14,716,random_subsets_natural_partition,5571,6.140333848384365
14,716,random_subsets_natural_partition,5572,6.142084587599794
14,716,random_subsets_natural_partition,5573,6.086134247540815
14,716,random_subsets_natural_partition,5574,6.11095827546062
14,716,random_subsets_natural_partition,5575,6.177299997057175
14,716,random_subsets_natural_partition,5576,6.149445875126754
14,716,random_subsets_natural_partition,5577,6.141149834159875
14,716,random_subsets_natural_partition,5578,6.156114198450991
14,716,random_subsets_natural_partition,5579,6.142138324002587
14,716,random_subsets_natural_partition,5580,6.13206052104336
14,716,random_subsets_natural_partition,5581,6.151914302304395
14,716,random_subsets_natural_partition,5582,6.149042376150555
14,716,random_subsets_natural_partition,5583,6.153100863221884
14,716,random_subsets_natural_partition,5584,6.164870790174559
14,716,random_subsets_natural_partition,5585,6.14849679671036
14,716,random_subsets_natural_partition,5586,6.175932861248289
14,716,random_subsets_natural_partition,5587,6.104600230902744
14,716,random_subsets_natural_partition,5588,6.141323958957657
14,716,random_subsets_natural_partition,5589,6.157465008111764
14,716,random_subsets_natural_partition,5590,6.1480221951237155
14,716,random_subsets_natural_partition,5591,6.150152959782681
14,716,random_subsets_natural_partition,5592,6.145597871226216
14,716,random_subsets_natural_partition,5593,6.154487724786845
14,716,random_subsets_natural_partition,5594,6.1468180718597845
14,716,random_subsets_natural_partition,5595,6.134819024632472
14,716,random_subsets_natural_partition,5596,6.118231479346833
14,716,random_subsets_natural_partition,5597,6.1737830935626405
14,716,random_subsets_natural_partition,5598,6.167208907812892
14,716,random_subsets_natural_partition,5599,6.13284824423986
14,716,random_subsets_natural_partition,5600,6.149514705111259
14,716,random_subsets_natural_partition,5601,6.138879648643768
14,716,random_subsets_natural_partition,5602,6.130861937455833
14,716,random_subsets_natural_partition,5603,6.1439215320052005
14,716,random_subsets_natural_partition,5604,6.157865522346152
14,716,random_subsets_natural_partition,5605,6.140416729278465
14,716,random_subsets_natural_partition,5606,6.116056175388986
14,716,random_subsets_natural_partition,5607,6.12457998151588
14,716,random_subsets_natural_partition,5608,6.128233086320215
14,716,random_subsets_natural_partition,5609,6.1724512389849
14,716,random_subsets_natural_partition,5610,6.122661645803411
14,716,random_subsets_natural_partition,5611,6.165177194601527
14,716,random_subsets_natural_partition,5612,6.148020988171633
14,716,random_subsets_natural_partition,5613,6.1723610256227674
14,716,random_subsets_natural_partition,5614,6.153489404211687
14,716,random_subsets_natural_partition,5615,6.1095938798872025
14,716,random_subsets_natural_partition,5616,6.136783195443157
14,716,random_subsets_natural_partition,5617,6.174141743159557
14,716,random_subsets_natural_partition,5618,6.147758018305687
14,716,random_subsets_natural_partition,5619,6.1303713437779965
14,716,random_subsets_natural_partition,5620,6.161354164455167
14,716,random_subsets_natural_partition,5621,6.135505595445705
14,716,random_subsets_natural_partition,5622,6.123128540075453
14,716,random_subsets_natural_partition,5623,6.1402968992905995
14,716,random_subsets_natural_partition,5624,6.159978032817823
14,716,random_subsets_natural_partition,5625,6.1407523984566925
14,716,random_subsets_natural_partition,5626,6.168275777824258
14,716,random_subsets_natural_partition,5627,6.1629454010684075
14,716,random_subsets_natural_partition,5628,6.136911014521344
14,716,random_subsets_natural_partition,5629,6.129553895629439
14,716,random_subsets_natural_partition,5630,6.1442352886336185
14,716,random_subsets_natural_partition,5631,6.135247719818445
14,716,random_subsets_natural_partition,5632,6.143218266947926
14,716,random_subsets_natural_partition,5633,6.157851075042199
14,716,random_subsets_natural_partition,5634,6.141516722979456
14,716,random_subsets_natural_partition,5635,6.1408785293483215
14,716,random_subsets_natural_partition,5636,6.148156079372724
14,716,random_subsets_natural_partition,5637,6.153265907912857
14,716,random_subsets_natural_partition,5638,6.155569230794527
14,716,random_subsets_natural_partition,5639,6.141888468490595
14,716,random_subsets_natural_partition,5640,6.11533738093145
14,716,random_subsets_natural_partition,5641,6.125590028888947
14,716,random_subsets_natural_partition,5642,6.126702131950531
14,716,random_subsets_natural_partition,5643,6.143110334140086
14,716,random_subsets_natural_partition,5644,6.161615459360353
14,716,random_subsets_natural_partition,5645,6.158821732796387
14,716,random_subsets_natural_partition,5646,6.147167781201796
14,716,random_subsets_natural_partition,5647,6.166182275463493
14,716,random_subsets_natural_partition,5648,6.144704027029194
14,716,random_subsets_natural_partition,5649,6.126890156011835
14,716,random_subsets_natural_partition,5650,6.1615017894755635
14,716,random_subsets_natural_partition,5651,6.137898092512267
14,716,random_subsets_natural_partition,5652,6.1114260628022485
14,716,random_subsets_natural_partition,5653,6.158774768325888
14,716,random_subsets_natural_partition,5654,6.1788858483746845
14,716,random_subsets_natural_partition,5655,6.148367264458008
14,716,random_subsets_natural_partition,5656,6.169865969311234
14,716,random_subsets_natural_partition,5657,6.128963974106379
14,716,random_subsets_natural_partition,5658,6.144570914769473
14,716,random_subsets_natural_partition,5659,6.12077771615408
14,716,random_subsets_natural_partition,5660,6.14206612240295
14,716,random_subsets_natural_partition,5661,6.150406232351811
14,716,random_subsets_natural_partition,5662,6.139371376721204
14,716,random_subsets_natural_partition,5663,6.189885089384113
14,716,random_subsets_natural_partition,5664,6.084690375893131
14,716,random_subsets_natural_partition,5665,6.178165693483308
14,716,random_subsets_natural_partition,5666,6.145519422651338
14,716,random_subsets_natural_partition,5667,6.136049041318579
14,716,random_subsets_natural_partition,5668,6.158779920415389
14,716,random_subsets_natural_partition,5669,6.152708232975975
14,716,random_subsets_natural_partition,5670,6.139060665954507
14,716,random_subsets_natural_partition,5671,6.1365313134189705
14,716,random_subsets_natural_partition,5672,6.140591548707992
14,716,random_subsets_natural_partition,5673,6.143538717978939
14,716,random_subsets_natural_partition,5674,6.123676069282124
14,716,random_subsets_natural_partition,5675,6.145361689364883
14,716,random_subsets_natural_partition,5676,6.164851783769401
14,716,random_subsets_natural_partition,5677,6.150420418050872
14,716,random_subsets_natural_partition,5678,6.150509662019087
14,716,random_subsets_natural_partition,5679,6.137250369082803
14,716,random_subsets_natural_partition,5680,6.153480652635166
14,716,random_subsets_natural_partition,5681,6.1636613118153285
14,716,random_subsets_natural_partition,5682,6.104417836286607
14,716,random_subsets_natural_partition,5683,6.134241996654722
14,716,random_subsets_natural_partition,5684,6.134068413811189
14,716,random_subsets_natural_partition,5685,6.136939509995399
14,716,random_subsets_natural_partition,5686,6.1235292939322905
14,716,random_subsets_natural_partition,5687,6.154186943783003
14,716,random_subsets_natural_partition,5688,6.144644991278002
14,716,random_subsets_natural_partition,5689,6.126373945015563
14,716,random_subsets_natural_partition,5690,6.139389225001906
14,716,random_subsets_natural_partition,5691,6.15022648320748
14,716,random_subsets_natural_partition,5692,6.123354207258711
14,716,random_subsets_natural_partition,5693,6.162499059583346
14,716,random_subsets_natural_partition,5694,6.148276311222572
14,716,random_subsets_natural_partition,5695,6.158981378205662
14,716,random_subsets_natural_partition,5696,6.1561303288002955
14,716,random_subsets_natural_partition,5697,6.141918406005353
14,716,random_subsets_natural_partition,5698,6.132707971539087
14,716,random_subsets_natural_partition,5699,6.13375641691615
14,716,random_subsets_natural_partition,5700,6.115067110739374
14,716,random_subsets_natural_partition,5701,6.114946906006185
14,716,random_subsets_natural_partition,5702,6.1534324275512375
14,716,random_subsets_natural_partition,5703,6.167124128713196
14,716,random_subsets_natural_partition,5704,6.14096930662026
14,716,random_subsets_natural_partition,5705,6.160976841561704
14,716,random_subsets_natural_partition,5706,6.1595960514262895
14,716,random_subsets_natural_partition,5707,6.141081088896636
14,716,random_subsets_natural_partition,5708,6.147995272108771
14,716,random_subsets_natural_partition,5709,6.129540773527934
14,716,random_subsets_natural_partition,5710,6.137043139720606
14,716,random_subsets_natural_partition,5711,6.160596673280652
14,716,random_subsets_natural_partition,5712,6.1569362835278385
14,716,random_subsets_natural_partition,5713,6.12895047727378
14,716,random_subsets_natural_partition,5714,6.129320410624153
14,716,random_subsets_natural_partition,5715,6.1367825654794315
14,716,random_subsets_natural_partition,5716,6.162609067772304
14,716,random_subsets_natural_partition,5717,6.130717010161646
14,716,random_subsets_natural_partition,5718,6.108162059374811
14,716,random_subsets_natural_partition,5719,6.150031385795042
14,716,random_subsets_natural_partition,5720,6.1424442267434705
14,716,random_subsets_natural_partition,5721,6.116188912030415
14,716,random_subsets_natural_partition,5722,6.148998766153508
14,716,random_subsets_natural_partition,5723,6.1494303753010815
14,716,random_subsets_natural_partition,5724,6.1215831909248
14,716,random_subsets_natural_partition,5725,6.13960663240312
14,716,random_subsets_natural_partition,5726,6.141425574412565
14,716,random_subsets_natural_partition,5727,6.154488578841765
14,716,random_subsets_natural_partition,5728,6.140093578432618
14,716,random_subsets_natural_partition,5729,6.153893301070224
14,716,random_subsets_natural_partition,5730,6.171779987769428
14,716,random_subsets_natural_partition,5731,6.128739705714538
14,716,random_subsets_natural_partition,5732,6.133351958163838
14,716,random_subsets_natural_partition,5733,6.13534779332071
14,716,random_subsets_natural_partition,5734,6.1259168897965885
14,716,random_subsets_natural_partition,5735,6.15623601071183
14,716,random_subsets_natural_partition,5736,6.1464343759670585
14,716,random_subsets_natural_partition,5737,6.125097329343116
14,716,random_subsets_natural_partition,5738,6.145653742424731
14,716,random_subsets_natural_partition,5739,6.121966491420535
14,716,random_subsets_natural_partition,5740,6.125940985633026
14,716,random_subsets_natural_partition,5741,6.1597618071159195
14,716,random_subsets_natural_partition,5742,6.180633790959564
14,716,random_subsets_natural_partition,5743,6.1694030773561925
14,716,random_subsets_natural_partition,5744,6.136960674968976
14,716,random_subsets_natural_partition,5745,6.145259683047316
14,716,random_subsets_natural_partition,5746,6.125134632076405
14,716,random_subsets_natural_partition,5747,6.145257989859353
14,716,random_subsets_natural_partition,5748,6.1669381732136355
14,716,random_subsets_natural_partition,5749,6.143277864405591
14,716,random_subsets_natural_partition,5750,6.135530712145932
14,716,random_subsets_natural_partition,5751,6.133542983656261
14,716,random_subsets_natural_partition,5752,6.106982134893024
14,716,random_subsets_natural_partition,5753,6.109902080154256
14,716,random_subsets_natural_partition,5754,6.108589026708032
14,716,random_subsets_natural_partition,5755,6.131128661893317
14,716,random_subsets_natural_partition,5756,6.122353575342304
14,716,random_subsets_natural_partition,5757,6.155502934135112
14,716,random_subsets_natural_partition,5758,6.088995110922984
14,716,random_subsets_natural_partition,5759,6.126314026759945
14,716,random_subsets_natural_partition,5760,6.156241368344093
14,716,random_subsets_natural_partition,5761,6.137887972228868
14,716,random_subsets_natural_partition,5762,6.091656277075095
14,716,random_subsets_natural_partition,5763,6.13929253083208
14,716,random_subsets_natural_partition,5764,6.141539123703281
14,716,random_subsets_natural_partition,5765,6.151461519056012
14,716,random_subsets_natural_partition,5766,6.160457391606915
14,716,random_subsets_natural_partition,5767,6.133406555074164
14,716,random_subsets_natural_partition,5768,6.098068376395912
14,716,random_subsets_natural_partition,5769,6.154082876457
14,716,random_subsets_natural_partition,5770,6.132356020049635
14,716,random_subsets_natural_partition,5771,6.130178633779522
14,716,random_subsets_natural_partition,5772,6.143635960553223
14,716,random_subsets_natural_partition,5773,6.131269695394191
14,716,random_subsets_natural_partition,5774,6.126928098115398
14,716,random_subsets_natural_partition,5775,6.174764775265975
14,716,random_subsets_natural_partition,5776,6.157856236039448
14,716,random_subsets_natural_partition,5777,6.134606807534271
14,716,random_subsets_natural_partition,5778,6.173641675700374
14,716,random_subsets_natural_partition,5779,6.1516506070984684
14,716,random_subsets_natural_partition,5780,6.134458214006774
14,716,random_subsets_natural_partition,5781,6.148395723029537
14,716,random_subsets_natural_partition,5782,6.141517638941527
14,716,random_subsets_natural_partition,5783,6.135533399051627
14,716,random_subsets_natural_partition,5784,6.133313477360993
14,716,random_subsets_natural_partition,5785,6.159537866946803
14,716,random_subsets_natural_partition,5786,6.1451494749165985
14,716,random_subsets_natural_partition,5787,6.140495003483821
14,716,random_subsets_natural_partition,5788,6.152037670654568
14,716,random_subsets_natural_partition,5789,6.098485186631924
14,716,random_subsets_natural_partition,5790,6.16888429351831
14,716,random_subsets_natural_partition,5791,6.14892433581408
14,716,random_subsets_natural_partition,5792,6.132675507181453
14,716,random_subsets_natural_partition,5793,6.118659573673264
14,716,random_subsets_natural_partition,5794,6.138904436752307
14,716,random_subsets_natural_partition,5795,6.12972134307748
14,716,random_subsets_natural_partition,5796,6.152575745208796
14,716,random_subsets_natural_partition,5797,6.151974888566334
14,716,random_subsets_natural_partition,5798,6.150898548459491
14,716,random_subsets_natural_partition,5799,6.116616113646715
14,716,random_subsets_natural_partition,5800,6.146323401245164
14,716,random_subsets_natural_partition,5801,6.153085513361042
14,716,random_subsets_natural_partition,5802,6.165940262899968
14,716,random_subsets_natural_partition,5803,6.1439155087620865
14,716,random_subsets_natural_partition,5804,6.177479258686785
14,716,random_subsets_natural_partition,5805,6.118429706699865
14,716,random_subsets_natural_partition,5806,6.1562033522688715
14,716,random_subsets_natural_partition,5807,6.1314584957143925
14,716,random_subsets_natural_partition,5808,6.152699227571162
14,716,random_subsets_natural_partition,5809,6.142602401344826
14,716,random_subsets_natural_partition,5810,6.168302649506535
14,716,random_subsets_natural_partition,5811,6.1259678775338795
14,716,random_subsets_natural_partition,5812,6.1650024660775395
14,716,random_subsets_natural_partition,5813,6.143371927326896
14,716,random_subsets_natural_partition,5814,6.1503809773565825
14,716,random_subsets_natural_partition,5815,6.167551739002334
14,716,random_subsets_natural_partition,5816,6.1509993834056065
14,716,random_subsets_natural_partition,5817,6.1454526831644705
14,716,random_subsets_natural_partition,5818,6.182611689747884
14,716,random_subsets_natural_partition,5819,6.1395728616722955
14,716,random_subsets_natural_partition,5820,6.154586240836904
14,716,random_subsets_natural_partition,5821,6.131225235704874
14,716,random_subsets_natural_partition,5822,6.165162683098136
14,716,random_subsets_natural_partition,5823,6.12234877864846
14,716,random_subsets_natural_partition,5824,6.131282515775161
14,716,random_subsets_natural_partition,5825,6.147182402897038
14,716,random_subsets_natural_partition,5826,6.1191772329363925
14,716,random_subsets_natural_partition,5827,6.134794595040729
14,716,random_subsets_natural_partition,5828,6.161965413500587
14,716,random_subsets_natural_partition,5829,6.146663091842466
14,716,random_subsets_natural_partition,5830,6.1319102885562105
14,716,random_subsets_natural_partition,5831,6.1523452277089365
14,716,random_subsets_natural_partition,5832,6.134682610295425
14,716,random_subsets_natural_partition,5833,6.145166291064545
14,716,random_subsets_natural_partition,5834,6.1272832464762965
14,716,random_subsets_natural_partition,5835,6.133924259735363
14,716,random_subsets_natural_partition,5836,6.128138495713046
14,716,random_subsets_natural_partition,5837,6.133826536368148
14,716,random_subsets_natural_partition,5838,6.135332042938695
14,716,random_subsets_natural_partition,5839,6.152600171095804
14,716,random_subsets_natural_partition,5840,6.126764885796441
14,716,random_subsets_natural_partition,5841,6.164536917683517
14,716,random_subsets_natural_partition,5842,6.127396925174942
14,716,random_subsets_natural_partition,5843,6.116771218796784
14,716,random_subsets_natural_partition,5844,6.177003974813394
14,716,random_subsets_natural_partition,5845,6.117893317919425
14,716,random_subsets_natural_partition,5846,6.132531226542817
14,716,random_subsets_natural_partition,5847,6.1527816441553265
14,716,random_subsets_natural_partition,5848,6.139547860277131
14,716,random_subsets_natural_partition,5849,6.128062718590356
14,716,random_subsets_natural_partition,5850,6.1368929897109
14,716,random_subsets_natural_partition,5851,6.159249966409062
14,716,random_subsets_natural_partition,5852,6.139674204278542
14,716,random_subsets_natural_partition,5853,6.15793358615134
14,716,random_subsets_natural_partition,5854,6.1183422127071365
14,716,random_subsets_natural_partition,5855,6.151662581166637
14,716,random_subsets_natural_partition,5856,6.1289389442544495
14,716,random_subsets_natural_partition,5857,6.143534573938209
14,716,random_subsets_natural_partition,5858,6.162840373203667
14,716,random_subsets_natural_partition,5859,6.155789534087136
14,716,random_subsets_natural_partition,5860,6.15770029377828
14,716,random_subsets_natural_partition,5861,6.176511670746143
14,716,random_subsets_natural_partition,5862,6.165968731932937
14,716,random_subsets_natural_partition,5863,6.129137630273969
14,716,random_subsets_natural_partition,5864,6.134133483405364
14,716,random_subsets_natural_partition,5865,6.146092662255762
14,716,random_subsets_natural_partition,5866,6.160062501781997
14,716,random_subsets_natural_partition,5867,6.1791556266000764
14,716,random_subsets_natural_partition,5868,6.133114437052007
14,716,random_subsets_natural_partition,5869,6.154380070680268
14,716,random_subsets_natural_partition,5870,6.133063798989147
14,716,random_subsets_natural_partition,5871,6.129386060216192
14,716,random_subsets_natural_partition,5872,6.146901268548672
14,716,random_subsets_natural_partition,5873,6.134102720836891
14,716,random_subsets_natural_partition,5874,6.150596652547376
14,716,random_subsets_natural_partition,5875,6.196058332148447
14,716,random_subsets_natural_partition,5876,6.130772938491975
14,716,random_subsets_natural_partition,5877,6.095031582385012
14,716,random_subsets_natural_partition,5878,6.130428918207883
14,716,random_subsets_natural_partition,5879,6.1602423522296865
14,716,random_subsets_natural_partition,5880,6.164857768052276
14,716,random_subsets_natural_partition,5881,6.135170342711966
14,716,random_subsets_natural_partition,5882,6.145130418926275
14,716,random_subsets_natural_partition,5883,6.172643147814163
14,716,random_subsets_natural_partition,5884,6.135960824030938
14,716,random_subsets_natural_partition,5885,6.141685280438243
14,716,random_subsets_natural_partition,5886,6.153603151716352
14,716,random_subsets_natural_partition,5887,6.150775237041777
14,716,random_subsets_natural_partition,5888,6.148539080110028
14,716,random_subsets_natural_partition,5889,6.1783810984481295
14,716,random_subsets_natural_partition,5890,6.1595288354882465
14,716,random_subsets_natural_partition,5891,6.144081776869629
14,716,random_subsets_natural_partition,5892,6.126786794130604
14,716,random_subsets_natural_partition,5893,6.157677975024477
14,716,random_subsets_natural_partition,5894,6.130984955686743
14,716,random_subsets_natural_partition,5895,6.136369081439924
14,716,random_subsets_natural_partition,5896,6.168918203734886
14,716,random_subsets_natural_partition,5897,6.098588142878844
14,716,random_subsets_natural_partition,5898,6.15881410686522
14,716,random_subsets_natural_partition,5899,6.13614451999671
14,716,random_subsets_natural_partition,5900,6.136736424231669
14,716,random_subsets_natural_partition,5901,6.122421955411234
14,716,random_subsets_natural_partition,5902,6.127884561111779
14,716,random_subsets_natural_partition,5903,6.138264083474637
14,716,random_subsets_natural_partition,5904,6.170561299648256
14,716,random_subsets_natural_partition,5905,6.152870387266393
14,716,random_subsets_natural_partition,5906,6.117711856118543
14,716,random_subsets_natural_partition,5907,6.15067904751202
14,716,random_subsets_natural_partition,5908,6.10778204678395
14,716,random_subsets_natural_partition,5909,6.1024467753712095
14,716,random_subsets_natural_partition,5910,6.150320860514599
14,716,random_subsets_natural_partition,5911,6.147075684799634
14,716,random_subsets_natural_partition,5912,6.170358188442352
14,716,random_subsets_natural_partition,5913,6.18481211532427
14,716,random_subsets_natural_partition,5914,6.162629479228918
14,716,random_subsets_natural_partition,5915,6.1551095256765445
14,716,random_subsets_natural_partition,5916,6.164867628273047
14,716,random_subsets_natural_partition,5917,6.123011812844079
14,716,random_subsets_natural_partition,5918,6.128963480676657
14,716,random_subsets_natural_partition,5919,6.153156166094078
14,716,random_subsets_natural_partition,5920,6.150083299395187
14,716,random_subsets_natural_partition,5921,6.122684009844561
14,716,random_subsets_natural_partition,5922,6.14714562038032
14,716,random_subsets_natural_partition,5923,6.183721910511138
14,716,random_subsets_natural_partition,5924,6.1438459079160435
14,716,random_subsets_natural_partition,5925,6.184575085414085
14,716,random_subsets_natural_partition,5926,6.154445778635648
14,716,random_subsets_natural_partition,5927,6.14253789584045
14,716,random_subsets_natural_partition,5928,6.146344344374078
14,716,random_subsets_natural_partition,5929,6.138816082141456
14,716,random_subsets_natural_partition,5930,6.104427439350523
14,716,random_subsets_natural_partition,5931,6.145110499755808
14,716,random_subsets_natural_partition,5932,6.153493598874038
14,716,random_subsets_natural_partition,5933,6.171831024423363
14,716,random_subsets_natural_partition,5934,6.140964704336507
14,716,random_subsets_natural_partition,5935,6.14277101648406
14,716,random_subsets_natural_partition,5936,6.134867376913769
14,716,random_subsets_natural_partition,5937,6.151396550843863
14,716,random_subsets_natural_partition,5938,6.138439797664495
14,716,random_subsets_natural_partition,5939,6.154994754679507
14,716,random_subsets_natural_partition,5940,6.1391393852282885
14,716,random_subsets_natural_partition,5941,6.171175027819007
14,716,random_subsets_natural_partition,5942,6.137739621979404
14,716,random_subsets_natural_partition,5943,6.166289212460941
14,716,random_subsets_natural_partition,5944,6.131598332718665
14,716,random_subsets_natural_partition,5945,6.143337648526357
14,716,random_subsets_natural_partition,5946,6.1369963428355
14,716,random_subsets_natural_partition,5947,6.136868902985321
14,716,random_subsets_natural_partition,5948,6.147481286289335
14,716,random_subsets_natural_partition,5949,6.133982551555686
14,716,random_subsets_natural_partition,5950,6.148990024441022
14,716,random_subsets_natural_partition,5951,6.14844383290902
14,716,random_subsets_natural_partition,5952,6.093696600718713
14,716,random_subsets_natural_partition,5953,6.163035212517484
14,716,random_subsets_natural_partition,5954,6.171354672190206
14,716,random_subsets_natural_partition,5955,6.147040972605358
14,716,random_subsets_natural_partition,5956,6.142801039815009
14,716,random_subsets_natural_partition,5957,6.160328585078784
14,716,random_subsets_natural_partition,5958,6.156038266286477
14,716,random_subsets_natural_partition,5959,6.131683726985791
14,716,random_subsets_natural_partition,5960,6.127468201438692
14,716,random_subsets_natural_partition,5961,6.167942062403007
14,716,random_subsets_natural_partition,5962,6.158403579435988
14,716,random_subsets_natural_partition,5963,6.156975952004845
14,716,random_subsets_natural_partition,5964,6.164388042753589
14,716,random_subsets_natural_partition,5965,6.158358520198679
14,716,random_subsets_natural_partition,5966,6.136690689158188
14,716,random_subsets_natural_partition,5967,6.159861018496923
14,716,random_subsets_natural_partition,5968,6.146569408943108
14,716,random_subsets_natural_partition,5969,6.144515581628864
14,716,random_subsets_natural_partition,5970,6.146455371482531
14,716,random_subsets_natural_partition,5971,6.131918674871486
14,716,random_subsets_natural_partition,5972,6.144715185557242
14,716,random_subsets_natural_partition,5973,6.114144661846838
14,716,random_subsets_natural_partition,5974,6.1446737423119275
14,716,random_subsets_natural_partition,5975,6.162988714111683
14,716,random_subsets_natural_partition,5976,6.1560821593871715
14,716,random_subsets_natural_partition,5977,6.152419766374081
14,716,random_subsets_natural_partition,5978,6.170338441656748
14,716,random_subsets_natural_partition,5979,6.153050585117146
14,716,random_subsets_natural_partition,5980,6.191316205142158
14,716,random_subsets_natural_partition,5981,6.16144249526975
14,716,random_subsets_natural_partition,5982,6.176481364453678
14,716,random_subsets_natural_partition,5983,6.174264132922115
14,716,random_subsets_natural_partition,5984,6.150416807696644
14,716,random_subsets_natural_partition,5985,6.142229169734143
14,716,random_subsets_natural_partition,5986,6.148082908427033
14,716,random_subsets_natural_partition,5987,6.1543447122326755
14,716,random_subsets_natural_partition,5988,6.166227439175507
14,716,random_subsets_natural_partition,5989,6.150496378119648
14,716,random_subsets_natural_partition,5990,6.10840739710408
14,716,random_subsets_natural_partition,5991,6.140623819047334
14,716,random_subsets_natural_partition,5992,6.150860328775417
14,716,random_subsets_natural_partition,5993,6.150430339582401
14,716,random_subsets_natural_partition,5994,6.151185757669771
14,716,random_subsets_natural_partition,5995,6.131040886663739
14,716,random_subsets_natural_partition,5996,6.1390650724779015
14,716,random_subsets_natural_partition,5997,6.175802671065863
14,716,random_subsets_natural_partition,5998,6.169898076292691
14,716,random_subsets_natural_partition,5999,6.131804311221097
14,716,random_subsets_natural_partition,6000,6.107783674185478
14,716,random_subsets_natural_partition,6001,6.133105599913202
14,716,random_subsets_natural_partition,6002,6.157095692509878
14,716,random_subsets_natural_partition,6003,6.152904713498159
14,716,random_subsets_natural_partition,6004,6.108190830381806
14,716,random_subsets_natural_partition,6005,6.148804058712637
14,716,random_subsets_natural_partition,6006,6.141585291073724
14,716,random_subsets_natural_partition,6007,6.139053114231686
14,716,random_subsets_natural_partition,6008,6.146847244755374
14,716,random_subsets_natural_partition,6009,6.146551736468939
14,716,random_subsets_natural_partition,6010,6.171181011294349
14,716,random_subsets_natural_partition,6011,6.161160832259864
14,716,random_subsets_natural_partition,6012,6.152528995267213
14,716,random_subsets_natural_partition,6013,6.151280881334007
14,716,random_subsets_natural_partition,6014,6.137656717182307
14,716,random_subsets_natural_partition,6015,6.141510590081059
14,716,random_subsets_natural_partition,6016,6.156867300118675
14,716,random_subsets_natural_partition,6017,6.137768613256679
14,716,random_subsets_natural_partition,6018,6.161989726060762
14,716,random_subsets_natural_partition,6019,6.101188519595803
14,716,random_subsets_natural_partition,6020,6.1426293440624935
14,716,random_subsets_natural_partition,6021,6.137954142657373
14,716,random_subsets_natural_partition,6022,6.123573983240978
14,716,random_subsets_natural_partition,6023,6.11676129195558
14,716,random_subsets_natural_partition,6024,6.149507864426245
14,716,random_subsets_natural_partition,6025,6.1402266522194795
14,716,random_subsets_natural_partition,6026,6.124569930915264
14,716,random_subsets_natural_partition,6027,6.147889760309319
14,716,random_subsets_natural_partition,6028,6.135130674456064
14,716,random_subsets_natural_partition,6029,6.150975130940009
14,716,random_subsets_natural_partition,6030,6.139393819955586
14,716,random_subsets_natural_partition,6031,6.114120978571087
14,716,random_subsets_natural_partition,6032,6.119631506360456
14,716,random_subsets_natural_partition,6033,6.128023183657277
14,716,random_subsets_natural_partition,6034,6.1471936218505085
14,716,random_subsets_natural_partition,6035,6.148448970576599
14,716,random_subsets_natural_partition,6036,6.129201942408086
14,716,random_subsets_natural_partition,6037,6.162759734956854
14,716,random_subsets_natural_partition,6038,6.146907007266563
14,716,random_subsets_natural_partition,6039,6.1160007437662625
14,716,random_subsets_natural_partition,6040,6.1575499699064284
14,716,random_subsets_natural_partition,6041,6.150459346030802
14,716,random_subsets_natural_partition,6042,6.135197996381133
14,716,random_subsets_natural_partition,6043,6.132061532318678
14,716,random_subsets_natural_partition,6044,6.124731650765128
14,716,random_subsets_natural_partition,6045,6.1356300894840246
14,716,random_subsets_natural_partition,6046,6.128879460727586
14,716,random_subsets_natural_partition,6047,6.156886367998234
14,716,random_subsets_natural_partition,6048,6.1317791462659255
14,716,random_subsets_natural_partition,6049,6.1191084397035675
14,716,random_subsets_natural_partition,6050,6.170722268162264
14,716,random_subsets_natural_partition,6051,6.136746134727693
14,716,random_subsets_natural_partition,6052,6.141803754489497
14,716,random_subsets_natural_partition,6053,6.15833519144053
14,716,random_subsets_natural_partition,6054,6.133794468252038
14,716,random_subsets_natural_partition,6055,6.148434948578273
14,716,random_subsets_natural_partition,6056,6.168282423384474
14,716,random_subsets_natural_partition,6057,6.148360171999304
14,716,random_subsets_natural_partition,6058,6.137271983554401
14,716,random_subsets_natural_partition,6059,6.147914080515272
14,716,random_subsets_natural_partition,6060,6.134624421197662
14,716,random_subsets_natural_partition,6061,6.150355634552971
14,716,random_subsets_natural_partition,6062,6.140774654085216
14,716,random_subsets_natural_partition,6063,6.155316856103108
14,716,random_subsets_natural_partition,6064,6.16327959326096
14,716,random_subsets_natural_partition,6065,6.14287916225036
14,716,random_subsets_natural_partition,6066,6.148343113965571
14,716,random_subsets_natural_partition,6067,6.173834928734657
14,716,random_subsets_natural_partition,6068,6.127634510119076
14,716,random_subsets_natural_partition,6069,6.135278788667015
14,716,random_subsets_natural_partition,6070,6.100589232816337
14,716,random_subsets_natural_partition,6071,6.1614328461540495
14,716,random_subsets_natural_partition,6072,6.147816537179871
14,716,random_subsets_natural_partition,6073,6.169235690176851
14,716,random_subsets_natural_partition,6074,6.139925059410062
14,716,random_subsets_natural_partition,6075,6.141741180631086
14,716,random_subsets_natural_partition,6076,6.110298242969211
14,716,random_subsets_natural_partition,6077,6.1168073971681265
14,716,random_subsets_natural_partition,6078,6.146516154534087
14,716,random_subsets_natural_partition,6079,6.120007724180485
14,716,random_subsets_natural_partition,6080,6.154163942060163
14,716,random_subsets_natural_partition,6081,6.118359626608488
14,716,random_subsets_natural_partition,6082,6.137908615600001
14,716,random_subsets_natural_partition,6083,6.167670332901948
14,716,random_subsets_natural_partition,6084,6.1287244453229635
14,716,random_subsets_natural_partition,6085,6.127172115793498
14,716,random_subsets_natural_partition,6086,6.146432565756669
14,716,random_subsets_natural_partition,6087,6.149753097704432
14,716,random_subsets_natural_partition,6088,6.168886006001809
14,716,random_subsets_natural_partition,6089,6.147173561724169
14,716,random_subsets_natural_partition,6090,6.150193831835005
14,716,random_subsets_natural_partition,6091,6.145019851954497
14,716,random_subsets_natural_partition,6092,6.137124585541102
14,716,random_subsets_natural_partition,6093,6.126626781044446
14,716,random_subsets_natural_partition,6094,6.13056266851143
14,716,random_subsets_natural_partition,6095,6.1079815174661585
14,716,random_subsets_natural_partition,6096,6.142029423171068
14,716,random_subsets_natural_partition,6097,6.133648629807513
14,716,random_subsets_natural_partition,6098,6.149593058548932
14,716,random_subsets_natural_partition,6099,6.148922372202575
14,716,random_subsets_natural_partition,6100,6.149028725278033
14,716,random_subsets_natural_partition,6101,6.160813732955816
14,716,random_subsets_natural_partition,6102,6.110045317361434
14,716,random_subsets_natural_partition,6103,6.14310025972835
14,716,random_subsets_natural_partition,6104,6.140863143269323
14,716,random_subsets_natural_partition,6105,6.127798211957586
14,716,random_subsets_natural_partition,6106,6.128700230042221
14,716,random_subsets_natural_partition,6107,6.147886976367036
14,716,random_subsets_natural_partition,6108,6.151580742275498
14,716,random_subsets_natural_partition,6109,6.150428161000474
14,716,random_subsets_natural_partition,6110,6.119991653308953
14,716,random_subsets_natural_partition,6111,6.163644259376947
14,716,random_subsets_natural_partition,6112,6.166508111590358
14,716,random_subsets_natural_partition,6113,6.134435567653086
14,716,random_subsets_natural_partition,6114,6.125470046821887
14,716,random_subsets_natural_partition,6115,6.160518607218286
14,716,random_subsets_natural_partition,6116,6.124216716197244
14,716,random_subsets_natural_partition,6117,6.137564640351584
14,716,random_subsets_natural_partition,6118,6.159633033916287
14,716,random_subsets_natural_partition,6119,6.1354478931617535
14,716,random_subsets_natural_partition,6120,6.143961497238236
14,716,random_subsets_natural_partition,6121,6.153536041326068
14,716,random_subsets_natural_partition,6122,6.128315709666632
14,716,random_subsets_natural_partition,6123,6.1436142215086305
14,716,random_subsets_natural_partition,6124,6.136016468971962
14,716,random_subsets_natural_partition,6125,6.121853297051349
14,716,random_subsets_natural_partition,6126,6.117558073303177
14,716,random_subsets_natural_partition,6127,6.133412985669247
14,716,random_subsets_natural_partition,6128,6.174776884665111
14,716,random_subsets_natural_partition,6129,6.138043041897909
14,716,random_subsets_natural_partition,6130,6.103407829223756
14,716,random_subsets_natural_partition,6131,6.145644747440642
14,716,random_subsets_natural_partition,6132,6.145127467364734
14,716,random_subsets_natural_partition,6133,6.138196254092313
14,716,random_subsets_natural_partition,6134,6.1330872557303735
14,716,random_subsets_natural_partition,6135,6.145939328071902
14,716,random_subsets_natural_partition,6136,6.146202821349636
14,716,random_subsets_natural_partition,6137,6.147363233702218
14,716,random_subsets_natural_partition,6138,6.150358856945378
14,716,random_subsets_natural_partition,6139,6.168987777439496
14,716,random_subsets_natural_partition,6140,6.175630586498153
14,716,random_subsets_natural_partition,6141,6.122139064503357
14,716,random_subsets_natural_partition,6142,6.175165175562954
14,716,random_subsets_natural_partition,6143,6.102012035798005
14,716,random_subsets_natural_partition,6144,6.128568422277293
14,716,random_subsets_natural_partition,6145,6.130187298384706
14,716,random_subsets_natural_partition,6146,6.131688280635016
14,716,random_subsets_natural_partition,6147,6.13818203060743
14,716,random_subsets_natural_partition,6148,6.135040520350821
14,716,random_subsets_natural_partition,6149,6.134387339885478
14,716,random_subsets_natural_partition,6150,6.166903084175343
14,716,random_subsets_natural_partition,6151,6.137770470816109
14,716,random_subsets_natural_partition,6152,6.160630888674587
14,716,random_subsets_natural_partition,6153,6.163531503760397
14,716,random_subsets_natural_partition,6154,6.1440021431589535
14,716,random_subsets_natural_partition,6155,6.139964042279215
14,716,random_subsets_natural_partition,6156,6.130777702923122
14,716,random_subsets_natural_partition,6157,6.122845674688537
14,716,random_subsets_natural_partition,6158,6.143483606117009
14,716,random_subsets_natural_partition,6159,6.15543192037232
14,716,random_subsets_natural_partition,6160,6.125586202155997
14,716,random_subsets_natural_partition,6161,6.1442697927815795
14,716,random_subsets_natural_partition,6162,6.180556345010032
14,716,random_subsets_natural_partition,6163,6.093297398112935
14,716,random_subsets_natural_partition,6164,6.140971286154028
14,716,random_subsets_natural_partition,6165,6.131964833085131
14,716,random_subsets_natural_partition,6166,6.130089371704315
14,716,random_subsets_natural_partition,6167,6.1443245001869204
14,716,random_subsets_natural_partition,6168,6.154583544607938
14,716,random_subsets_natural_partition,6169,6.152215383638825
14,716,random_subsets_natural_partition,6170,6.151380855846274
14,716,random_subsets_natural_partition,6171,6.164299762039488
14,716,random_subsets_natural_partition,6172,6.140964004609941
14,716,random_subsets_natural_partition,6173,6.150886371925517
14,716,random_subsets_natural_partition,6174,6.157781106699427
14,716,random_subsets_natural_partition,6175,6.151435006904704
14,716,random_subsets_natural_partition,6176,6.149828619018167
14,716,random_subsets_natural_partition,6177,6.1255089686258914
14,716,random_subsets_natural_partition,6178,6.164927854907988
14,716,random_subsets_natural_partition,6179,6.144598642848954
14,716,random_subsets_natural_partition,6180,6.157043387627179
14,716,random_subsets_natural_partition,6181,6.149825047239408
14,716,random_subsets_natural_partition,6182,6.125719296247664
14,716,random_subsets_natural_partition,6183,6.156264758503385
14,716,random_subsets_natural_partition,6184,6.149164959189425
14,716,random_subsets_natural_partition,6185,6.14137307711979
14,716,random_subsets_natural_partition,6186,6.1491914511864705
14,716,random_subsets_natural_partition,6187,6.123876479130585
14,716,random_subsets_natural_partition,6188,6.154204988090777
14,716,random_subsets_natural_partition,6189,6.138831057554233
14,716,random_subsets_natural_partition,6190,6.135563685059379
14,716,random_subsets_natural_partition,6191,6.184094797368634
14,716,random_subsets_natural_partition,6192,6.157937162121089
14,716,random_subsets_natural_partition,6193,6.113308427833945
14,716,random_subsets_natural_partition,6194,6.139280815468521
14,716,random_subsets_natural_partition,6195,6.15965696020723
14,716,random_subsets_natural_partition,6196,6.133322562189222
14,716,random_subsets_natural_partition,6197,6.147888514107044
14,716,random_subsets_natural_partition,6198,6.165116692439892
14,716,random_subsets_natural_partition,6199,6.139238988617438
14,716,random_subsets_natural_partition,6200,6.15827754985458
14,716,random_subsets_natural_partition,6201,6.144580221669211
14,716,random_subsets_natural_partition,6202,6.127328328372326
14,716,random_subsets_natural_partition,6203,6.148157203411046
14,716,random_subsets_natural_partition,6204,6.158847622643843
14,716,random_subsets_natural_partition,6205,6.167744504270615
14,716,random_subsets_natural_partition,6206,6.145507937764674
14,716,random_subsets_natural_partition,6207,6.15791849860131
14,716,random_subsets_natural_partition,6208,6.097704959471001
14,716,random_subsets_natural_partition,6209,6.148630623008382
14,716,random_subsets_natural_partition,6210,6.1534670965648415
14,716,random_subsets_natural_partition,6211,6.173858610181121
14,716,random_subsets_natural_partition,6212,6.122014004401068
14,716,random_subsets_natural_partition,6213,6.152319174872538
14,716,random_subsets_natural_partition,6214,6.162936099109631
14,716,random_subsets_natural_partition,6215,6.17232289380324
14,716,random_subsets_natural_partition,6216,6.141059483828439
14,716,random_subsets_natural_partition,6217,6.135006383974937
14,716,random_subsets_natural_partition,6218,6.157656646191122
14,716,random_subsets_natural_partition,6219,6.16235103421867
14,716,random_subsets_natural_partition,6220,6.137892411079584
14,716,random_subsets_natural_partition,6221,6.123594179453815
14,716,random_subsets_natural_partition,6222,6.130033243393769
14,716,random_subsets_natural_partition,6223,6.150112287809272
14,716,random_subsets_natural_partition,6224,6.167002507783795
14,716,random_subsets_natural_partition,6225,6.160869547298301
14,716,random_subsets_natural_partition,6226,6.132005360401594
14,716,random_subsets_natural_partition,6227,6.153174818312206
14,716,random_subsets_natural_partition,6228,6.171074433527635
14,716,random_subsets_natural_partition,6229,6.105213723790103
14,716,random_subsets_natural_partition,6230,6.141302403192774
14,716,random_subsets_natural_partition,6231,6.169993276560522
14,716,random_subsets_natural_partition,6232,6.136499045679355
14,716,random_subsets_natural_partition,6233,6.178020940529124
14,716,random_subsets_natural_partition,6234,6.153250751460226
14,716,random_subsets_natural_partition,6235,6.164177385597093
14,716,random_subsets_natural_partition,6236,6.166869875699685
14,716,random_subsets_natural_partition,6237,6.139007689206247
14,716,random_subsets_natural_partition,6238,6.152511508761292
14,716,random_subsets_natural_partition,6239,6.150030582837506
14,716,random_subsets_natural_partition,6240,6.1556834316596944
14,716,random_subsets_natural_partition,6241,6.130691294867175
14,716,random_subsets_natural_partition,6242,6.152965117038692
14,716,random_subsets_natural_partition,6243,6.154261138750517
14,716,random_subsets_natural_partition,6244,6.13427111465079
14,716,random_subsets_natural_partition,6245,6.120654973822285
14,716,random_subsets_natural_partition,6246,6.14326504275611
14,716,random_subsets_natural_partition,6247,6.121933312165634
14,716,random_subsets_natural_partition,6248,6.149910704262775
14,716,random_subsets_natural_partition,6249,6.14436940064916
14,716,random_subsets_natural_partition,6250,6.129713324069454
14,716,random_subsets_natural_partition,6251,6.160645311445008
14,716,random_subsets_natural_partition,6252,6.160079843167037
14,716,random_subsets_natural_partition,6253,6.143934296740016
14,716,random_subsets_natural_partition,6254,6.1601255384279
14,716,random_subsets_natural_partition,6255,6.154020347188464
14,716,random_subsets_natural_partition,6256,6.1306308212697385
14,716,random_subsets_natural_partition,6257,6.1487045903211355
14,716,random_subsets_natural_partition,6258,6.142195423569991
14,716,random_subsets_natural_partition,6259,6.166730403518675
14,716,random_subsets_natural_partition,6260,6.14117171802204
14,716,random_subsets_natural_partition,6261,6.141615710682321
14,716,random_subsets_natural_partition,6262,6.1710003513754375
14,716,random_subsets_natural_partition,6263,6.123791487962451
14,716,random_subsets_natural_partition,6264,6.134115541313195
14,716,random_subsets_natural_partition,6265,6.1147961713097745
14,716,random_subsets_natural_partition,6266,6.1602296319884875
14,716,random_subsets_natural_partition,6267,6.149207072033789
14,716,random_subsets_natural_partition,6268,6.142176205583655
14,716,random_subsets_natural_partition,6269,6.14959193805712
14,716,random_subsets_natural_partition,6270,6.161472900326707
14,716,random_subsets_natural_partition,6271,6.154101624922315
14,716,random_subsets_natural_partition,6272,6.130809674276758
14,716,random_subsets_natural_partition,6273,6.1620148686214185
14,716,random_subsets_natural_partition,6274,6.148988137666172
14,716,random_subsets_natural_partition,6275,6.134102604428338
14,716,random_subsets_natural_partition,6276,6.131434866006995
14,716,random_subsets_natural_partition,6277,6.147099986870102
14,716,random_subsets_natural_partition,6278,6.126153804768639
14,716,random_subsets_natural_partition,6279,6.162246674698601
14,716,random_subsets_natural_partition,6280,6.145033186665487
14,716,random_subsets_natural_partition,6281,6.143142960104984
14,716,random_subsets_natural_partition,6282,6.158332631228533
14,716,random_subsets_natural_partition,6283,6.110349488558974
14,716,random_subsets_natural_partition,6284,6.153220773346064
14,716,random_subsets_natural_partition,6285,6.132988969037072
14,716,random_subsets_natural_partition,6286,6.109989705666222
14,716,random_subsets_natural_partition,6287,6.153517194460151
14,716,random_subsets_natural_partition,6288,6.158612151146377
14,716,random_subsets_natural_partition,6289,6.164826976364407
14,716,random_subsets_natural_partition,6290,6.148635607701371
14,716,random_subsets_natural_partition,6291,6.152365280247194
14,716,random_subsets_natural_partition,6292,6.135056850420087
14,716,random_subsets_natural_partition,6293,6.139801786971503
14,716,random_subsets_natural_partition,6294,6.111475045808969
14,716,random_subsets_natural_partition,6295,6.160912274463496
14,716,random_subsets_natural_partition,6296,6.119648772249197
14,716,random_subsets_natural_partition,6297,6.164026810767081
14,716,random_subsets_natural_partition,6298,6.135780433662199
14,716,random_subsets_natural_partition,6299,6.119654801092544
14,716,random_subsets_natural_partition,6300,6.143000683150248
14,716,random_subsets_natural_partition,6301,6.112924452863591
14,716,random_subsets_natural_partition,6302,6.13054607946622
14,716,random_subsets_natural_partition,6303,6.136057153356211
14,716,random_subsets_natural_partition,6304,6.1336578193809865
14,716,random_subsets_natural_partition,6305,6.177544918900558
14,716,random_subsets_natural_partition,6306,6.1175857547969015
14,716,random_subsets_natural_partition,6307,6.149343308176577
14,716,random_subsets_natural_partition,6308,6.161583187608854
14,716,random_subsets_natural_partition,6309,6.150807052167983
14,716,random_subsets_natural_partition,6310,6.151785583929897
14,716,random_subsets_natural_partition,6311,6.174426041573211
14,716,random_subsets_natural_partition,6312,6.121825024480819
14,716,random_subsets_natural_partition,6313,6.13639081697293
14,716,random_subsets_natural_partition,6314,6.151272872109042
14,716,random_subsets_natural_partition,6315,6.157387114576893
14,716,random_subsets_natural_partition,6316,6.120797023469035
14,716,random_subsets_natural_partition,6317,6.159447750518037
14,716,random_subsets_natural_partition,6318,6.130443896164903
14,716,random_subsets_natural_partition,6319,6.109608324915855
14,716,random_subsets_natural_partition,6320,6.145699277651263
14,716,random_subsets_natural_partition,6321,6.170283458221327
14,716,random_subsets_natural_partition,6322,6.164054690560276
14,716,random_subsets_natural_partition,6323,6.142215843305845
14,716,random_subsets_natural_partition,6324,6.147562912172504
14,716,random_subsets_natural_partition,6325,6.158321670902344
14,716,random_subsets_natural_partition,6326,6.137560796444099
14,716,random_subsets_natural_partition,6327,6.1427999559736195
14,716,random_subsets_natural_partition,6328,6.110517124444921
14,716,random_subsets_natural_partition,6329,6.161635246715545
14,716,random_subsets_natural_partition,6330,6.133914462911849
14,716,random_subsets_natural_partition,6331,6.153494183244947
14,716,random_subsets_natural_partition,6332,6.138777391258872
14,716,random_subsets_natural_partition,6333,6.118886052550823
14,716,random_subsets_natural_partition,6334,6.151975586097989
14,716,random_subsets_natural_partition,6335,6.137465850248321
14,716,random_subsets_natural_partition,6336,6.126338543813931
14,716,random_subsets_natural_partition,6337,6.147281577974422
14,716,random_subsets_natural_partition,6338,6.149035892923396
14,716,random_subsets_natural_partition,6339,6.107474321869957
14,716,random_subsets_natural_partition,6340,6.14886964315403
14,716,random_subsets_natural_partition,6341,6.151543698269308
14,716,random_subsets_natural_partition,6342,6.124173812137879
14,716,random_subsets_natural_partition,6343,6.153364153764366
14,716,random_subsets_natural_partition,6344,6.163424983034383
14,716,random_subsets_natural_partition,6345,6.151952719707577
14,716,random_subsets_natural_partition,6346,6.128893275106422
14,716,random_subsets_natural_partition,6347,6.132359716938246
14,716,random_subsets_natural_partition,6348,6.135134403463005
14,716,random_subsets_natural_partition,6349,6.141541454730973
14,716,random_subsets_natural_partition,6350,6.134811421788937
14,716,random_subsets_natural_partition,6351,6.154758827405051
14,716,random_subsets_natural_partition,6352,6.168690913171404
14,716,random_subsets_natural_partition,6353,6.141792060203745
14,716,random_subsets_natural_partition,6354,6.183396001561788
14,716,random_subsets_natural_partition,6355,6.142052062729571
14,716,random_subsets_natural_partition,6356,6.126731727871069
14,716,random_subsets_natural_partition,6357,6.118343053114636
14,716,random_subsets_natural_partition,6358,6.161189883548649
14,716,random_subsets_natural_partition,6359,6.155308918633944
14,716,random_subsets_natural_partition,6360,6.155106546549826
14,716,random_subsets_natural_partition,6361,6.153740894299936
14,716,random_subsets_natural_partition,6362,6.17971666522499
14,716,random_subsets_natural_partition,6363,6.1241604624688435
14,716,random_subsets_natural_partition,6364,6.1225414493475
14,716,random_subsets_natural_partition,6365,6.163065004227416
14,716,random_subsets_natural_partition,6366,6.160169319018738
14,716,random_subsets_natural_partition,6367,6.166823202390541
14,716,random_subsets_natural_partition,6368,6.156307076188276
14,716,random_subsets_natural_partition,6369,6.132665957365448
14,716,random_subsets_natural_partition,6370,6.138630540724381
14,716,random_subsets_natural_partition,6371,6.145985143859275
14,716,random_subsets_natural_partition,6372,6.1424040707871725
14,716,random_subsets_natural_partition,6373,6.128231992453804
14,716,random_subsets_natural_partition,6374,6.173747788644464
14,716,random_subsets_natural_partition,6375,6.171494263051875
14,716,random_subsets_natural_partition,6376,6.156450410758966
14,716,random_subsets_natural_partition,6377,6.130896610642394
14,716,random_subsets_natural_partition,6378,6.146157579886107
14,716,random_subsets_natural_partition,6379,6.134558189684882
14,716,random_subsets_natural_partition,6380,6.133349599565296
14,716,random_subsets_natural_partition,6381,6.133607011439882
14,716,random_subsets_natural_partition,6382,6.101196709519521
14,716,random_subsets_natural_partition,6383,6.143835732891573
14,716,random_subsets_natural_partition,6384,6.13552034076253
14,716,random_subsets_natural_partition,6385,6.13861809295296
14,716,random_subsets_natural_partition,6386,6.148388641531277
14,716,random_subsets_natural_partition,6387,6.149976091059475
14,716,random_subsets_natural_partition,6388,6.166247940104145
14,716,random_subsets_natural_partition,6389,6.1513660519229285
14,716,random_subsets_natural_partition,6390,6.132919882911856
14,716,random_subsets_natural_partition,6391,6.122923918218317
14,716,random_subsets_natural_partition,6392,6.166739103908136
14,716,random_subsets_natural_partition,6393,6.148908396661306
14,716,random_subsets_natural_partition,6394,6.142241259032621
14,716,random_subsets_natural_partition,6395,6.143977187302741
14,716,random_subsets_natural_partition,6396,6.153781581510228
14,716,random_subsets_natural_partition,6397,6.147235819332712
14,716,random_subsets_natural_partition,6398,6.1451122456907585
14,716,random_subsets_natural_partition,6399,6.161161317798208
14,716,random_subsets_natural_partition,6400,6.16950511915307
14,716,random_subsets_natural_partition,6401,6.165146859604338
14,716,random_subsets_natural_partition,6402,6.160253177034455
14,716,random_subsets_natural_partition,6403,6.136788647862453
14,716,random_subsets_natural_partition,6404,6.174698990249762
14,716,random_subsets_natural_partition,6405,6.140418830320823
14,716,random_subsets_natural_partition,6406,6.109959937710324
14,716,random_subsets_natural_partition,6407,6.1800511611746005
14,716,random_subsets_natural_partition,6408,6.14467017514653
14,716,random_subsets_natural_partition,6409,6.133248827807639
14,716,random_subsets_natural_partition,6410,6.146192204937905
14,716,random_subsets_natural_partition,6411,6.1537590776255575
14,716,random_subsets_natural_partition,6412,6.123755196992535
14,716,random_subsets_natural_partition,6413,6.1657339849657955
14,716,random_subsets_natural_partition,6414,6.1587055488126214
14,716,random_subsets_natural_partition,6415,6.1298898653887095
14,716,random_subsets_natural_partition,6416,6.144635670826929
14,716,random_subsets_natural_partition,6417,6.149664003591694
14,716,random_subsets_natural_partition,6418,6.13337385741455
14,716,random_subsets_natural_partition,6419,6.160896637578732
14,716,random_subsets_natural_partition,6420,6.15051752418007
14,716,random_subsets_natural_partition,6421,6.142631309112687
14,716,random_subsets_natural_partition,6422,6.1431680209271855
14,716,random_subsets_natural_partition,6423,6.136824379827619
14,716,random_subsets_natural_partition,6424,6.132637334062449
14,716,random_subsets_natural_partition,6425,6.1263953917745075
14,716,random_subsets_natural_partition,6426,6.163467287926284
14,716,random_subsets_natural_partition,6427,6.16851729184576
14,716,random_subsets_natural_partition,6428,6.132138961470764
14,716,random_subsets_natural_partition,6429,6.15025103257771
14,716,random_subsets_natural_partition,6430,6.150052186094332
14,716,random_subsets_natural_partition,6431,6.1438506556605805
14,716,random_subsets_natural_partition,6432,6.172961470495902
14,716,random_subsets_natural_partition,6433,6.1024020706158355
14,716,random_subsets_natural_partition,6434,6.1409252828380385
14,716,random_subsets_natural_partition,6435,6.142333805374494
14,716,random_subsets_natural_partition,6436,6.172473102782195
14,716,random_subsets_natural_partition,6437,6.13162911683588
14,716,random_subsets_natural_partition,6438,6.154390066642258
14,716,random_subsets_natural_partition,6439,6.114737921262507
14,716,random_subsets_natural_partition,6440,6.140661008229786
14,716,random_subsets_natural_partition,6441,6.110464598020216
14,716,random_subsets_natural_partition,6442,6.166311123641926
14,716,random_subsets_natural_partition,6443,6.134263105581804
14,716,random_subsets_natural_partition,6444,6.133218202070865
14,716,random_subsets_natural_partition,6445,6.1502822562156005
14,716,random_subsets_natural_partition,6446,6.168768723472454
14,716,random_subsets_natural_partition,6447,6.147444066291882
14,716,random_subsets_natural_partition,6448,6.1647717193354294
14,716,random_subsets_natural_partition,6449,6.123824624986229
14,716,random_subsets_natural_partition,6450,6.119816331407851
14,716,random_subsets_natural_partition,6451,6.137700071964641
14,716,random_subsets_natural_partition,6452,6.1409852737575
14,716,random_subsets_natural_partition,6453,6.117908854382624
14,716,random_subsets_natural_partition,6454,6.172392603763858
14,716,random_subsets_natural_partition,6455,6.135529924956408
14,716,random_subsets_natural_partition,6456,6.126961377991198
14,716,random_subsets_natural_partition,6457,6.138224050623116
14,716,random_subsets_natural_partition,6458,6.123830197269526
14,716,random_subsets_natural_partition,6459,6.1085517567091845
14,716,random_subsets_natural_partition,6460,6.166486988951114
14,716,random_subsets_natural_partition,6461,6.156486986183376
14,716,random_subsets_natural_partition,6462,6.137165175033188
14,716,random_subsets_natural_partition,6463,6.156140747410751
14,716,random_subsets_natural_partition,6464,6.133968385019201
14,716,random_subsets_natural_partition,6465,6.13103049576574
14,716,random_subsets_natural_partition,6466,6.140421072363691
14,716,random_subsets_natural_partition,6467,6.12619698179558
14,716,random_subsets_natural_partition,6468,6.14513519169431
14,716,random_subsets_natural_partition,6469,6.153705660186659
14,716,random_subsets_natural_partition,6470,6.1415302880462415
14,716,random_subsets_natural_partition,6471,6.123300503743954
14,716,random_subsets_natural_partition,6472,6.140036444670271
14,716,random_subsets_natural_partition,6473,6.13047383249888
14,716,random_subsets_natural_partition,6474,6.124173355022715
14,716,random_subsets_natural_partition,6475,6.169101542628425
14,716,random_subsets_natural_partition,6476,6.14886454041187
14,716,random_subsets_natural_partition,6477,6.164376650354907
14,716,random_subsets_natural_partition,6478,6.140453580557537
14,716,random_subsets_natural_partition,6479,6.131384964582827
14,716,random_subsets_natural_partition,6480,6.122109796537773
14,716,random_subsets_natural_partition,6481,6.160670899437325
14,716,random_subsets_natural_partition,6482,6.150086822784968
14,716,random_subsets_natural_partition,6483,6.116239519309787
14,716,random_subsets_natural_partition,6484,6.161847619133925
14,716,random_subsets_natural_partition,6485,6.145207932808551
14,716,random_subsets_natural_partition,6486,6.137653825719996
14,716,random_subsets_natural_partition,6487,6.104004168717122
14,716,random_subsets_natural_partition,6488,6.169066902373413
14,716,random_subsets_natural_partition,6489,6.151531405205704
14,716,random_subsets_natural_partition,6490,6.1375020863838685
14,716,random_subsets_natural_partition,6491,6.161641183810457
14,716,random_subsets_natural_partition,6492,6.124548515029205
14,716,random_subsets_natural_partition,6493,6.161156087855999
14,716,random_subsets_natural_partition,6494,6.153059890923977
14,716,random_subsets_natural_partition,6495,6.140810829592992
14,716,random_subsets_natural_partition,6496,6.128778508455303
14,716,random_subsets_natural_partition,6497,6.158461167496693
14,716,random_subsets_natural_partition,6498,6.174551457666708
14,716,random_subsets_natural_partition,6499,6.135615768003728
14,716,random_subsets_natural_partition,6500,6.135029560910521
14,716,random_subsets_natural_partition,6501,6.126944193928719
14,716,random_subsets_natural_partition,6502,6.116258529703751
14,716,random_subsets_natural_partition,6503,6.165028050330627
14,716,random_subsets_natural_partition,6504,6.1682503160503
14,716,random_subsets_natural_partition,6505,6.124644666754136
14,716,random_subsets_natural_partition,6506,6.156903285850706
14,716,random_subsets_natural_partition,6507,6.1117693024559125
14,716,random_subsets_natural_partition,6508,6.125580932773099
14,716,random_subsets_natural_partition,6509,6.147583366613184
14,716,random_subsets_natural_partition,6510,6.16281184278992
14,716,random_subsets_natural_partition,6511,6.143678382628071
14,716,random_subsets_natural_partition,6512,6.15002759606916
14,716,random_subsets_natural_partition,6513,6.1280440837251025
14,716,random_subsets_natural_partition,6514,6.127651860443464
14,716,random_subsets_natural_partition,6515,6.128107508169796
14,716,random_subsets_natural_partition,6516,6.128559831794063
14,716,random_subsets_natural_partition,6517,6.130890803567214
14,716,random_subsets_natural_partition,6518,6.132327235621241
14,716,random_subsets_natural_partition,6519,6.167904753577594
14,716,random_subsets_natural_partition,6520,6.142801660133427
14,716,random_subsets_natural_partition,6521,6.145026140106778
14,716,random_subsets_natural_partition,6522,6.10789604702398
14,716,random_subsets_natural_partition,6523,6.163685845104569
14,716,random_subsets_natural_partition,6524,6.133169876329125
14,716,random_subsets_natural_partition,6525,6.119153214038574
14,716,random_subsets_natural_partition,6526,6.164041078710201
14,716,random_subsets_natural_partition,6527,6.1185179412342015
14,716,random_subsets_natural_partition,6528,6.14555186680022
14,716,random_subsets_natural_partition,6529,6.146415628070147
14,716,random_subsets_natural_partition,6530,6.108667866279656
14,716,random_subsets_natural_partition,6531,6.180407517616711
14,716,random_subsets_natural_partition,6532,6.139354697616457
14,716,random_subsets_natural_partition,6533,6.140794288954502
14,716,random_subsets_natural_partition,6534,6.155357718705306
14,716,random_subsets_natural_partition,6535,6.118419990824701
14,716,random_subsets_natural_partition,6536,6.148036734021731
14,716,random_subsets_natural_partition,6537,6.1410887624057295
14,716,random_subsets_natural_partition,6538,6.161823282745609
14,716,random_subsets_natural_partition,6539,6.148936786804427
14,716,random_subsets_natural_partition,6540,6.160521365856
14,716,random_subsets_natural_partition,6541,6.143417054139991
14,716,random_subsets_natural_partition,6542,6.152958758336094
14,716,random_subsets_natural_partition,6543,6.135917814855494
14,716,random_subsets_natural_partition,6544,6.141296494397841
14,716,random_subsets_natural_partition,6545,6.1323366127990395
14,716,random_subsets_natural_partition,6546,6.148682698176436
14,716,random_subsets_natural_partition,6547,6.156725366372755
14,716,random_subsets_natural_partition,6548,6.1704267825257535
14,716,random_subsets_natural_partition,6549,6.111784666569128
14,716,random_subsets_natural_partition,6550,6.146620667585455
14,716,random_subsets_natural_partition,6551,6.1640033040215805
14,716,random_subsets_natural_partition,6552,6.132040644602159
14,716,random_subsets_natural_partition,6553,6.146431436616661
14,716,random_subsets_natural_partition,6554,6.12246140463694
14,716,random_subsets_natural_partition,6555,6.127026213564794
14,716,random_subsets_natural_partition,6556,6.131683022723317
14,716,random_subsets_natural_partition,6557,6.1381032982448405
14,716,random_subsets_natural_partition,6558,6.125355878796889
14,716,random_subsets_natural_partition,6559,6.1471096134942
14,716,random_subsets_natural_partition,6560,6.151304020706545
14,716,random_subsets_natural_partition,6561,6.1905074257451576
14,716,random_subsets_natural_partition,6562,6.142004426863737
14,716,random_subsets_natural_partition,6563,6.115119092026257
14,716,random_subsets_natural_partition,6564,6.132717663523232
14,716,random_subsets_natural_partition,6565,6.167358930322425
14,716,random_subsets_natural_partition,6566,6.138666858427483
14,716,random_subsets_natural_partition,6567,6.150865097393359
14,716,random_subsets_natural_partition,6568,6.148680762791829
14,716,random_subsets_natural_partition,6569,6.130153801095602
14,716,random_subsets_natural_partition,6570,6.156564626268153
14,716,random_subsets_natural_partition,6571,6.166125530233511
14,716,random_subsets_natural_partition,6572,6.131090204221457
14,716,random_subsets_natural_partition,6573,6.155561737209903
14,716,random_subsets_natural_partition,6574,6.114969049631799
14,716,random_subsets_natural_partition,6575,6.121447859600149
14,716,random_subsets_natural_partition,6576,6.162029677466294
14,716,random_subsets_natural_partition,6577,6.15074250630134
14,716,random_subsets_natural_partition,6578,6.1521083335937465
14,716,random_subsets_natural_partition,6579,6.164621929204054
14,716,random_subsets_natural_partition,6580,6.123591714674733
14,716,random_subsets_natural_partition,6581,6.14865021591887
14,716,random_subsets_natural_partition,6582,6.1391718038083
14,716,random_subsets_natural_partition,6583,6.188076826590687
14,716,random_subsets_natural_partition,6584,6.160693010620322
14,716,random_subsets_natural_partition,6585,6.141056103010237
14,716,random_subsets_natural_partition,6586,6.128277950036282
14,716,random_subsets_natural_partition,6587,6.144492932626867
14,716,random_subsets_natural_partition,6588,6.1429513788847485
14,716,random_subsets_natural_partition,6589,6.1292209235223165
14,716,random_subsets_natural_partition,6590,6.1517523444224205
14,716,random_subsets_natural_partition,6591,6.134150854902881
14,716,random_subsets_natural_partition,6592,6.144579329036839
14,716,random_subsets_natural_partition,6593,6.142275497326908
14,716,random_subsets_natural_partition,6594,6.131910467784242
14,716,random_subsets_natural_partition,6595,6.146009883323621
14,716,random_subsets_natural_partition,6596,6.125450035734205
14,716,random_subsets_natural_partition,6597,6.1177315150960965
14,716,random_subsets_natural_partition,6598,6.1180025751884415
14,716,random_subsets_natural_partition,6599,6.150555445299434
14,716,random_subsets_natural_partition,6600,6.159521459490012
14,716,random_subsets_natural_partition,6601,6.142249695126938
14,716,random_subsets_natural_partition,6602,6.133298337483766
14,716,random_subsets_natural_partition,6603,6.129194568294533
14,716,random_subsets_natural_partition,6604,6.115461171243237
14,716,random_subsets_natural_partition,6605,6.128551179702333
14,716,random_subsets_natural_partition,6606,6.137294393786787
14,716,random_subsets_natural_partition,6607,6.158424012120856
14,716,random_subsets_natural_partition,6608,6.1488278775535825
14,716,random_subsets_natural_partition,6609,6.134791925111364
14,716,random_subsets_natural_partition,6610,6.146753961890333
14,716,random_subsets_natural_partition,6611,6.130479651750735
14,716,random_subsets_natural_partition,6612,6.160716979006632
14,716,random_subsets_natural_partition,6613,6.150153044302756
14,716,random_subsets_natural_partition,6614,6.156528460907147
14,716,random_subsets_natural_partition,6615,6.156065293972184
14,716,random_subsets_natural_partition,6616,6.13580087384118
14,716,random_subsets_natural_partition,6617,6.167327783140559
14,716,random_subsets_natural_partition,6618,6.136507015986731
14,716,random_subsets_natural_partition,6619,6.173081096914889
14,716,random_subsets_natural_partition,6620,6.11778470103065
14,716,random_subsets_natural_partition,6621,6.14919775234283
14,716,random_subsets_natural_partition,6622,6.126505989019023
14,716,random_subsets_natural_partition,6623,6.1541516291565905
14,716,random_subsets_natural_partition,6624,6.149517969171468
14,716,random_subsets_natural_partition,6625,6.148050116392982
14,716,random_subsets_natural_partition,6626,6.1440133903165846
14,716,random_subsets_natural_partition,6627,6.1074019165879605
14,716,random_subsets_natural_partition,6628,6.108447534286453
14,716,random_subsets_natural_partition,6629,6.141184458814615
14,716,random_subsets_natural_partition,6630,6.135929003198209
14,716,random_subsets_natural_partition,6631,6.1475741699324455
14,716,random_subsets_natural_partition,6632,6.151398119726683
14,716,random_subsets_natural_partition,6633,6.141663860132058
14,716,random_subsets_natural_partition,6634,6.165870320457693
14,716,random_subsets_natural_partition,6635,6.148750888853085
14,716,random_subsets_natural_partition,6636,6.152570776018135
14,716,random_subsets_natural_partition,6637,6.158703603099829
14,716,random_subsets_natural_partition,6638,6.131742970533213
14,716,random_subsets_natural_partition,6639,6.159100797675687
14,716,random_subsets_natural_partition,6640,6.159293125994135
14,716,random_subsets_natural_partition,6641,6.126121524611428
14,716,random_subsets_natural_partition,6642,6.096450413664178
14,716,random_subsets_natural_partition,6643,6.156717201891885
14,716,random_subsets_natural_partition,6644,6.12941524225609
14,716,random_subsets_natural_partition,6645,6.122264686534188
14,716,random_subsets_natural_partition,6646,6.157474233990706
14,716,random_subsets_natural_partition,6647,6.142623636639315
14,716,random_subsets_natural_partition,6648,6.132242668455269
14,716,random_subsets_natural_partition,6649,6.150670366490607
14,716,random_subsets_natural_partition,6650,6.148732175963885
14,716,random_subsets_natural_partition,6651,6.14561190955409
14,716,random_subsets_natural_partition,6652,6.112931672587913
14,716,random_subsets_natural_partition,6653,6.119326878703606
14,716,random_subsets_natural_partition,6654,6.153228363424241
14,716,random_subsets_natural_partition,6655,6.128348445615537
14,716,random_subsets_natural_partition,6656,6.140392249233136
14,716,random_subsets_natural_partition,6657,6.158139056245902
14,716,random_subsets_natural_partition,6658,6.1470435127628
14,716,random_subsets_natural_partition,6659,6.156100313588614
14,716,random_subsets_natural_partition,6660,6.143030451786649
14,716,random_subsets_natural_partition,6661,6.120215024689269
14,716,random_subsets_natural_partition,6662,6.157872385430631
14,716,random_subsets_natural_partition,6663,6.149736017445395
14,716,random_subsets_natural_partition,6664,6.1166535536376445
14,716,random_subsets_natural_partition,6665,6.160736666377382
14,716,random_subsets_natural_partition,6666,6.164987298583154
14,716,random_subsets_natural_partition,6667,6.120836229333059
14,716,random_subsets_natural_partition,6668,6.135230831162378
14,716,random_subsets_natural_partition,6669,6.137662500455325
14,716,random_subsets_natural_partition,6670,6.126980514707609
14,716,random_subsets_natural_partition,6671,6.146020202773998
14,716,random_subsets_natural_partition,6672,6.145033481504951
14,716,random_subsets_natural_partition,6673,6.110088567876016
14,716,random_subsets_natural_partition,6674,6.155706648313028
14,716,random_subsets_natural_partition,6675,6.174680958893187
14,716,random_subsets_natural_partition,6676,6.13926011611296
14,716,random_subsets_natural_partition,6677,6.144677588639554
14,716,random_subsets_natural_partition,6678,6.135955199980154
14,716,random_subsets_natural_partition,6679,6.123595053198359
14,716,random_subsets_natural_partition,6680,6.108367891404919
14,716,random_subsets_natural_partition,6681,6.154062872601307
14,716,random_subsets_natural_partition,6682,6.129345726615786
14,716,random_subsets_natural_partition,6683,6.160021967123099
14,716,random_subsets_natural_partition,6684,6.1332305983723865
14,716,random_subsets_natural_partition,6685,6.150243093363796
14,716,random_subsets_natural_partition,6686,6.159978679469424
14,716,random_subsets_natural_partition,6687,6.134930204170336
14,716,random_subsets_natural_partition,6688,6.152618505918551
14,716,random_subsets_natural_partition,6689,6.152825055233646
14,716,random_subsets_natural_partition,6690,6.154238442854805
14,716,random_subsets_natural_partition,6691,6.090332007393276
14,716,random_subsets_natural_partition,6692,6.1507601341955
14,716,random_subsets_natural_partition,6693,6.145048951571763
14,716,random_subsets_natural_partition,6694,6.146759989158885
14,716,random_subsets_natural_partition,6695,6.159726477818562
14,716,random_subsets_natural_partition,6696,6.136032824915459
14,716,random_subsets_natural_partition,6697,6.124918109369411
14,716,random_subsets_natural_partition,6698,6.138946269266993
14,716,random_subsets_natural_partition,6699,6.139008268758017
14,716,random_subsets_natural_partition,6700,6.122576704810725
14,716,random_subsets_natural_partition,6701,6.1675449521753825
14,716,random_subsets_natural_partition,6702,6.1329512433041575
14,716,random_subsets_natural_partition,6703,6.1514108369822
14,716,random_subsets_natural_partition,6704,6.181408347992031
14,716,random_subsets_natural_partition,6705,6.143513298597394
14,716,random_subsets_natural_partition,6706,6.126424650588244
14,716,random_subsets_natural_partition,6707,6.1075036887532175
14,716,random_subsets_natural_partition,6708,6.153257270004821
14,716,random_subsets_natural_partition,6709,6.1454394693340895
14,716,random_subsets_natural_partition,6710,6.132114868091609
14,716,random_subsets_natural_partition,6711,6.147746684221065
14,716,random_subsets_natural_partition,6712,6.112726123300399
14,716,random_subsets_natural_partition,6713,6.1351522187475425
14,716,random_subsets_natural_partition,6714,6.115632210551754
14,716,random_subsets_natural_partition,6715,6.165600793587508
14,716,random_subsets_natural_partition,6716,6.151654796928114
14,716,random_subsets_natural_partition,6717,6.169486533920571
14,716,random_subsets_natural_partition,6718,6.1541228424635035
14,716,random_subsets_natural_partition,6719,6.132638667787147
14,716,random_subsets_natural_partition,6720,6.137316605847809
14,716,random_subsets_natural_partition,6721,6.12616920982789
14,716,random_subsets_natural_partition,6722,6.156264788806477
14,716,random_subsets_natural_partition,6723,6.161117733715027
14,716,random_subsets_natural_partition,6724,6.138458288335923
14,716,random_subsets_natural_partition,6725,6.146903619030335
14,716,random_subsets_natural_partition,6726,6.139708507842885
14,716,random_subsets_natural_partition,6727,6.159214815434541
14,716,random_subsets_natural_partition,6728,6.1053118022462725
14,716,random_subsets_natural_partition,6729,6.1293644821936795
14,716,random_subsets_natural_partition,6730,6.131484583321549
14,716,random_subsets_natural_partition,6731,6.152006681849425
14,716,random_subsets_natural_partition,6732,6.139070877930537
14,716,random_subsets_natural_partition,6733,6.17772061771047
14,716,random_subsets_natural_partition,6734,6.106547060517387
14,716,random_subsets_natural_partition,6735,6.162722075274156
14,716,random_subsets_natural_partition,6736,6.141624084324261
14,716,random_subsets_natural_partition,6737,6.165384202295683
14,716,random_subsets_natural_partition,6738,6.1411565868297044
14,716,random_subsets_natural_partition,6739,6.1535080671804065
14,716,random_subsets_natural_partition,6740,6.160904028429609
14,716,random_subsets_natural_partition,6741,6.154627339501589
14,716,random_subsets_natural_partition,6742,6.141061579772313
14,716,random_subsets_natural_partition,6743,6.1468589450980495
14,716,random_subsets_natural_partition,6744,6.158868014301874
14,716,random_subsets_natural_partition,6745,6.140048709554632
14,716,random_subsets_natural_partition,6746,6.1064995163392926
14,716,random_subsets_natural_partition,6747,6.171365118058364
14,716,random_subsets_natural_partition,6748,6.147095433909257
14,716,random_subsets_natural_partition,6749,6.148537642949263
14,716,random_subsets_natural_partition,6750,6.122049743297789
14,716,random_subsets_natural_partition,6751,6.140312542403497
14,716,random_subsets_natural_partition,6752,6.144092016684673
14,716,random_subsets_natural_partition,6753,6.1540418680713245
14,716,random_subsets_natural_partition,6754,6.123563480174557
14,716,random_subsets_natural_partition,6755,6.135596871272559
14,716,random_subsets_natural_partition,6756,6.107508794653892
14,716,random_subsets_natural_partition,6757,6.154627556381328
14,716,random_subsets_natural_partition,6758,6.10609162821457
14,716,random_subsets_natural_partition,6759,6.127824580197067
14,716,random_subsets_natural_partition,6760,6.1814976203657555
14,716,random_subsets_natural_partition,6761,6.111429918868892
14,716,random_subsets_natural_partition,6762,6.127887741438051
14,716,random_subsets_natural_partition,6763,6.135715836752954
14,716,random_subsets_natural_partition,6764,6.152120146523272
14,716,random_subsets_natural_partition,6765,6.137351420896465
14,716,random_subsets_natural_partition,6766,6.1458027925624235
14,716,random_subsets_natural_partition,6767,6.160145560293837
14,716,random_subsets_natural_partition,6768,6.155886646014448
14,716,random_subsets_natural_partition,6769,6.1582866033983015
14,716,random_subsets_natural_partition,6770,6.147551944848998
14,716,random_subsets_natural_partition,6771,6.141649906961541
14,716,random_subsets_natural_partition,6772,6.167783528086956
14,716,random_subsets_natural_partition,6773,6.164462195628634
14,716,random_subsets_natural_partition,6774,6.134519821086413
14,716,random_subsets_natural_partition,6775,6.124179514348648
14,716,random_subsets_natural_partition,6776,6.136028097255154
14,716,random_subsets_natural_partition,6777,6.1889155278112185
14,716,random_subsets_natural_partition,6778,6.100122219654855
14,716,random_subsets_natural_partition,6779,6.1218459054657695
14,716,random_subsets_natural_partition,6780,6.13570776448943
14,716,random_subsets_natural_partition,6781,6.125615440373373
14,716,random_subsets_natural_partition,6782,6.190928743649293
14,716,random_subsets_natural_partition,6783,6.142139325787237
14,716,random_subsets_natural_partition,6784,6.150140371953874
14,716,random_subsets_natural_partition,6785,6.1289301285991975
14,716,random_subsets_natural_partition,6786,6.1699196534144445
14,716,random_subsets_natural_partition,6787,6.14403968852676
14,716,random_subsets_natural_partition,6788,6.151164333802394
14,716,random_subsets_natural_partition,6789,6.173641692331296
14,716,random_subsets_natural_partition,6790,6.14946305420791
14,716,random_subsets_natural_partition,6791,6.144467109344327
14,716,random_subsets_natural_partition,6792,6.146034547898085
14,716,random_subsets_natural_partition,6793,6.155877812866803
14,716,random_subsets_natural_partition,6794,6.113581994597453
14,716,random_subsets_natural_partition,6795,6.175212042558486
14,716,random_subsets_natural_partition,6796,6.172059788429172
14,716,random_subsets_natural_partition,6797,6.164355796598967
14,716,random_subsets_natural_partition,6798,6.1513108321631265
14,716,random_subsets_natural_partition,6799,6.15455670565264
14,716,random_subsets_natural_partition,6800,6.159612645375388
14,716,random_subsets_natural_partition,6801,6.15244315870823
14,716,random_subsets_natural_partition,6802,6.156747623586994
14,716,random_subsets_natural_partition,6803,6.120950208359877
14,716,random_subsets_natural_partition,6804,6.141521786576807
14,716,random_subsets_natural_partition,6805,6.1761499837598945
14,716,random_subsets_natural_partition,6806,6.172598523652274
14,716,random_subsets_natural_partition,6807,6.131256252646139
14,716,random_subsets_natural_partition,6808,6.121076120137132
14,716,random_subsets_natural_partition,6809,6.157196597717779
14,716,random_subsets_natural_partition,6810,6.148942618220583
14,716,random_subsets_natural_partition,6811,6.133305309716529
14,716,random_subsets_natural_partition,6812,6.129635950979477
14,716,random_subsets_natural_partition,6813,6.137710556065303
14,716,random_subsets_natural_partition,6814,6.144875183662904
14,716,random_subsets_natural_partition,6815,6.145569921303447
14,716,random_subsets_natural_partition,6816,6.146584069294933
14,716,random_subsets_natural_partition,6817,6.138090203293283
14,716,random_subsets_natural_partition,6818,6.129603557046489
14,716,random_subsets_natural_partition,6819,6.143742541097659
14,716,random_subsets_natural_partition,6820,6.1031707735427085
14,716,random_subsets_natural_partition,6821,6.1676140425031605
14,716,random_subsets_natural_partition,6822,6.131150968763388
14,716,random_subsets_natural_partition,6823,6.152881074542823
14,716,random_subsets_natural_partition,6824,6.164913155439011
14,716,random_subsets_natural_partition,6825,6.143487506685443
14,716,random_subsets_natural_partition,6826,6.138573960673343
14,716,random_subsets_natural_partition,6827,6.173223213496693
14,716,random_subsets_natural_partition,6828,6.135555285757625
14,716,random_subsets_natural_partition,6829,6.127573393992711
14,716,random_subsets_natural_partition,6830,6.136864097642105
14,716,random_subsets_natural_partition,6831,6.0983845723274435
14,716,random_subsets_natural_partition,6832,6.1461734175589005
14,716,random_subsets_natural_partition,6833,6.1753590549375765
14,716,random_subsets_natural_partition,6834,6.1609160057198356
14,716,random_subsets_natural_partition,6835,6.150118288518617
14,716,random_subsets_natural_partition,6836,6.1385015061932675
14,716,random_subsets_natural_partition,6837,6.096044596619153
14,716,random_subsets_natural_partition,6838,6.13753925721297
14,716,random_subsets_natural_partition,6839,6.145304283391035
14,716,random_subsets_natural_partition,6840,6.136993347005122
14,716,random_subsets_natural_partition,6841,6.126849257977702
14,716,random_subsets_natural_partition,6842,6.167524645693046
14,716,random_subsets_natural_partition,6843,6.1740884487348975
14,716,random_subsets_natural_partition,6844,6.14086695386583
14,716,random_subsets_natural_partition,6845,6.121403707637417
14,716,random_subsets_natural_partition,6846,6.139597475645589
14,716,random_subsets_natural_partition,6847,6.154139613405239
14,716,random_subsets_natural_partition,6848,6.135039575652861
14,716,random_subsets_natural_partition,6849,6.114311248576738
14,716,random_subsets_natural_partition,6850,6.128803610458615
14,716,random_subsets_natural_partition,6851,6.176809056093885
14,716,random_subsets_natural_partition,6852,6.148869557612406
14,716,random_subsets_natural_partition,6853,6.161984699828581
14,716,random_subsets_natural_partition,6854,6.129818787050049
14,716,random_subsets_natural_partition,6855,6.1510609130214124
14,716,random_subsets_natural_partition,6856,6.132378922276942
14,716,random_subsets_natural_partition,6857,6.115448344392073
14,716,random_subsets_natural_partition,6858,6.116913860390915
14,716,random_subsets_natural_partition,6859,6.1323317463554705
14,716,random_subsets_natural_partition,6860,6.104585463597686
14,716,random_subsets_natural_partition,6861,6.147891631752556
14,716,random_subsets_natural_partition,6862,6.126490133429878
14,716,random_subsets_natural_partition,6863,6.13401230449735
14,716,random_subsets_natural_partition,6864,6.149465060555091
14,716,random_subsets_natural_partition,6865,6.155121695912327
14,716,random_subsets_natural_partition,6866,6.167882688724777
14,716,random_subsets_natural_partition,6867,6.147355706376184
14,716,random_subsets_natural_partition,6868,6.145112310531093
14,716,random_subsets_natural_partition,6869,6.143818654645801
14,716,random_subsets_natural_partition,6870,6.12481969119293
14,716,random_subsets_natural_partition,6871,6.189031474588548
14,716,random_subsets_natural_partition,6872,6.134555985941943
14,716,random_subsets_natural_partition,6873,6.153546224814883
14,716,random_subsets_natural_partition,6874,6.122036872656852
14,716,random_subsets_natural_partition,6875,6.137849735764879
14,716,random_subsets_natural_partition,6876,6.140383408908078
14,716,random_subsets_natural_partition,6877,6.139575920009187
14,716,random_subsets_natural_partition,6878,6.147549156778824
14,716,random_subsets_natural_partition,6879,6.168829520999796
14,716,random_subsets_natural_partition,6880,6.154690033586461
14,716,random_subsets_natural_partition,6881,6.130313496257353
14,716,random_subsets_natural_partition,6882,6.12612509368989
14,716,random_subsets_natural_partition,6883,6.120106872406875
14,716,random_subsets_natural_partition,6884,6.1083506786941335
14,716,random_subsets_natural_partition,6885,6.1267933209507195
14,716,random_subsets_natural_partition,6886,6.119126628714681
14,716,random_subsets_natural_partition,6887,6.140696497010419
14,716,random_subsets_natural_partition,6888,6.152152165727572
14,716,random_subsets_natural_partition,6889,6.1289585522801415
14,716,random_subsets_natural_partition,6890,6.111407085915874
14,716,random_subsets_natural_partition,6891,6.161306339177958
14,716,random_subsets_natural_partition,6892,6.143141544131843
14,716,random_subsets_natural_partition,6893,6.128471453750954
14,716,random_subsets_natural_partition,6894,6.143036487437824
14,716,random_subsets_natural_partition,6895,6.112267959058463
14,716,random_subsets_natural_partition,6896,6.1496668407450805
14,716,random_subsets_natural_partition,6897,6.158321133403421
14,716,random_subsets_natural_partition,6898,6.146846713315285
14,716,random_subsets_natural_partition,6899,6.152580731249894
14,716,random_subsets_natural_partition,6900,6.117464003613185
14,716,random_subsets_natural_partition,6901,6.167834174122329
14,716,random_subsets_natural_partition,6902,6.138550279897972
14,716,random_subsets_natural_partition,6903,6.162320029897756
14,716,random_subsets_natural_partition,6904,6.1471861763536
14,716,random_subsets_natural_partition,6905,6.11337488354479
14,716,random_subsets_natural_partition,6906,6.147465336979891
14,716,random_subsets_natural_partition,6907,6.163642060098178
14,716,random_subsets_natural_partition,6908,6.1312968310604425
14,716,random_subsets_natural_partition,6909,6.110277285560721
14,716,random_subsets_natural_partition,6910,6.144549003652438
14,716,random_subsets_natural_partition,6911,6.16613415646736
14,716,random_subsets_natural_partition,6912,6.109462786434521
14,716,random_subsets_natural_partition,6913,6.11381866923537
14,716,random_subsets_natural_partition,6914,6.154979420108013
14,716,random_subsets_natural_partition,6915,6.151288928895218
14,716,random_subsets_natural_partition,6916,6.160411714149082
14,716,random_subsets_natural_partition,6917,6.147235900610564
14,716,random_subsets_natural_partition,6918,6.150444659398279
14,716,random_subsets_natural_partition,6919,6.104361503597016
14,716,random_subsets_natural_partition,6920,6.165221460912375
14,716,random_subsets_natural_partition,6921,6.148443090661377
14,716,random_subsets_natural_partition,6922,6.122620963384977
14,716,random_subsets_natural_partition,6923,6.154253712411033
14,716,random_subsets_natural_partition,6924,6.138775010342417
14,716,random_subsets_natural_partition,6925,6.136289048900594
14,716,random_subsets_natural_partition,6926,6.110190347794183
14,716,random_subsets_natural_partition,6927,6.164142886331905
14,716,random_subsets_natural_partition,6928,6.161792495770241
14,716,random_subsets_natural_partition,6929,6.1041442010213265
14,716,random_subsets_natural_partition,6930,6.117633135517144
14,716,random_subsets_natural_partition,6931,6.146387518315991
14,716,random_subsets_natural_partition,6932,6.140014315684013
14,716,random_subsets_natural_partition,6933,6.143391407011862
14,716,random_subsets_natural_partition,6934,6.144610035262172
14,716,random_subsets_natural_partition,6935,6.145612965603717
14,716,random_subsets_natural_partition,6936,6.141072532553293
14,716,random_subsets_natural_partition,6937,6.13702865173296
14,716,random_subsets_natural_partition,6938,6.156334471449182
14,716,random_subsets_natural_partition,6939,6.115379343606398
14,716,random_subsets_natural_partition,6940,6.134416299504797
14,716,random_subsets_natural_partition,6941,6.127377467693356
14,716,random_subsets_natural_partition,6942,6.170555936764229
14,716,random_subsets_natural_partition,6943,6.1244594525564455
14,716,random_subsets_natural_partition,6944,6.141442563861807
14,716,random_subsets_natural_partition,6945,6.122080319967638
14,716,random_subsets_natural_partition,6946,6.1448396639147775
14,716,random_subsets_natural_partition,6947,6.1374692711130345
14,716,random_subsets_natural_partition,6948,6.139400559586979
14,716,random_subsets_natural_partition,6949,6.138795738139766
14,716,random_subsets_natural_partition,6950,6.177266932486918
14,716,random_subsets_natural_partition,6951,6.1341868344065835
14,716,random_subsets_natural_partition,6952,6.102414164937544
14,716,random_subsets_natural_partition,6953,6.155070459638272
14,716,random_subsets_natural_partition,6954,6.163596057123253
14,716,random_subsets_natural_partition,6955,6.126631921683999
14,716,random_subsets_natural_partition,6956,6.146685610230098
14,716,random_subsets_natural_partition,6957,6.144287078046833
14,716,random_subsets_natural_partition,6958,6.137035775647657
14,716,random_subsets_natural_partition,6959,6.142768199835479
14,716,random_subsets_natural_partition,6960,6.146306335482468
14,716,random_subsets_natural_partition,6961,6.142569616490059
14,716,random_subsets_natural_partition,6962,6.16116998056223
14,716,random_subsets_natural_partition,6963,6.150577042235744
14,716,random_subsets_natural_partition,6964,6.129085272697669
14,716,random_subsets_natural_partition,6965,6.123466390661021
14,716,random_subsets_natural_partition,6966,6.123400830532006
14,716,random_subsets_natural_partition,6967,6.124059799281708
14,716,random_subsets_natural_partition,6968,6.1274972673219805
14,716,random_subsets_natural_partition,6969,6.127990249644054
14,716,random_subsets_natural_partition,6970,6.150733123398829
14,716,random_subsets_natural_partition,6971,6.116078089053821
14,716,random_subsets_natural_partition,6972,6.135073591445797
14,716,random_subsets_natural_partition,6973,6.137350030907499
14,716,random_subsets_natural_partition,6974,6.137554070344498
14,716,random_subsets_natural_partition,6975,6.140048758034318
14,716,random_subsets_natural_partition,6976,6.155144553200776
14,716,random_subsets_natural_partition,6977,6.131664340785091
14,716,random_subsets_natural_partition,6978,6.132285291901511
14,716,random_subsets_natural_partition,6979,6.129028320465217
14,716,random_subsets_natural_partition,6980,6.160556659330723
14,716,random_subsets_natural_partition,6981,6.17497989866551
14,716,random_subsets_natural_partition,6982,6.170342195909258
14,716,random_subsets_natural_partition,6983,6.1503141735316325
14,716,random_subsets_natural_partition,6984,6.108544993428012
14,716,random_subsets_natural_partition,6985,6.141026946258511
14,716,random_subsets_natural_partition,6986,6.160567698220313
14,716,random_subsets_natural_partition,6987,6.147654918641181
14,716,random_subsets_natural_partition,6988,6.146354718905049
14,716,random_subsets_natural_partition,6989,6.134035608887989
14,716,random_subsets_natural_partition,6990,6.151269621353023
14,716,random_subsets_natural_partition,6991,6.138234384239271
14,716,random_subsets_natural_partition,6992,6.115917117340519
14,716,random_subsets_natural_partition,6993,6.120267853368328
14,716,random_subsets_natural_partition,6994,6.121701867257325
14,716,random_subsets_natural_partition,6995,6.146962795059916
14,716,random_subsets_natural_partition,6996,6.1542023515516915
14,716,random_subsets_natural_partition,6997,6.144341501967928
14,716,random_subsets_natural_partition,6998,6.132734459059616
14,716,random_subsets_natural_partition,6999,6.158187625218905
14,716,random_subsets_natural_partition,7000,6.140531441862518
14,716,random_subsets_natural_partition,7001,6.14466187846582
14,716,random_subsets_natural_partition,7002,6.137454038405562
14,716,random_subsets_natural_partition,7003,6.070777677176943
14,716,random_subsets_natural_partition,7004,6.165824778822101
14,716,random_subsets_natural_partition,7005,6.127446101764765
14,716,random_subsets_natural_partition,7006,6.141670303600156
14,716,random_subsets_natural_partition,7007,6.153660089552587
14,716,random_subsets_natural_partition,7008,6.133016272058079
14,716,random_subsets_natural_partition,7009,6.154378083431043
14,716,random_subsets_natural_partition,7010,6.148260676732954
14,716,random_subsets_natural_partition,7011,6.125801014588185
14,716,random_subsets_natural_partition,7012,6.133645905591968
14,716,random_subsets_natural_partition,7013,6.149129764892976
14,716,random_subsets_natural_partition,7014,6.138483459998372
14,716,random_subsets_natural_partition,7015,6.142001996807735
14,716,random_subsets_natural_partition,7016,6.143655333393474
14,716,random_subsets_natural_partition,7017,6.146746665402384
14,716,random_subsets_natural_partition,7018,6.143378212918392
14,716,random_subsets_natural_partition,7019,6.127934555668559
14,716,random_subsets_natural_partition,7020,6.1492533164951935
14,716,random_subsets_natural_partition,7021,6.160399011858866
14,716,random_subsets_natural_partition,7022,6.138368970913484
14,716,random_subsets_natural_partition,7023,6.134103134772362
14,716,random_subsets_natural_partition,7024,6.164665717945304
14,716,random_subsets_natural_partition,7025,6.126857415524777
14,716,random_subsets_natural_partition,7026,6.141933517584696
14,716,random_subsets_natural_partition,7027,6.13383462148524
14,716,random_subsets_natural_partition,7028,6.1501118115119455
14,716,random_subsets_natural_partition,7029,6.148129736189591
14,716,random_subsets_natural_partition,7030,6.135239446049063
14,716,random_subsets_natural_partition,7031,6.115243189378821
14,716,random_subsets_natural_partition,7032,6.149521451480011
14,716,random_subsets_natural_partition,7033,6.1345921806515875
14,716,random_subsets_natural_partition,7034,6.144117795479024
14,716,random_subsets_natural_partition,7035,6.163900023331548
14,716,random_subsets_natural_partition,7036,6.153070473497878
14,716,random_subsets_natural_partition,7037,6.152551674069971
14,716,random_subsets_natural_partition,7038,6.146498364666345
14,716,random_subsets_natural_partition,7039,6.113749058730135
14,716,random_subsets_natural_partition,7040,6.165260566768688
14,716,random_subsets_natural_partition,7041,6.134138806070775
14,716,random_subsets_natural_partition,7042,6.141694731220478
14,716,random_subsets_natural_partition,7043,6.124126886319598
14,716,random_subsets_natural_partition,7044,6.130280567003745
14,716,random_subsets_natural_partition,7045,6.14942105943262
14,716,random_subsets_natural_partition,7046,6.138016897518261
14,716,random_subsets_natural_partition,7047,6.166212064523738
14,716,random_subsets_natural_partition,7048,6.1757949067719595
14,716,random_subsets_natural_partition,7049,6.136958987807848
14,716,random_subsets_natural_partition,7050,6.156839536077667
14,716,random_subsets_natural_partition,7051,6.1420016523917536
14,716,random_subsets_natural_partition,7052,6.156239999910831
14,716,random_subsets_natural_partition,7053,6.14090795384756
14,716,random_subsets_natural_partition,7054,6.137577921541333
14,716,random_subsets_natural_partition,7055,6.13692501097975
14,716,random_subsets_natural_partition,7056,6.10508385409313
14,716,random_subsets_natural_partition,7057,6.128942165916662
14,716,random_subsets_natural_partition,7058,6.133618920798573
14,716,random_subsets_natural_partition,7059,6.143334967131204
14,716,random_subsets_natural_partition,7060,6.158344316103478
14,716,random_subsets_natural_partition,7061,6.146397379820633
14,716,random_subsets_natural_partition,7062,6.140197384001987
14,716,random_subsets_natural_partition,7063,6.138006713555964
14,716,random_subsets_natural_partition,7064,6.1382348166065155
14,716,random_subsets_natural_partition,7065,6.135001993133784
14,716,random_subsets_natural_partition,7066,6.118344127684821
14,716,random_subsets_natural_partition,7067,6.148250120477885
14,716,random_subsets_natural_partition,7068,6.111487636156013
14,716,random_subsets_natural_partition,7069,6.135011494370679
14,716,random_subsets_natural_partition,7070,6.126147693509467
14,716,random_subsets_natural_partition,7071,6.166281369219146
14,716,random_subsets_natural_partition,7072,6.154575946847379
14,716,random_subsets_natural_partition,7073,6.151684815063991
14,716,random_subsets_natural_partition,7074,6.120764609614116
14,716,random_subsets_natural_partition,7075,6.128676206993382
14,716,random_subsets_natural_partition,7076,6.160643707101082
14,716,random_subsets_natural_partition,7077,6.154840456584697
14,716,random_subsets_natural_partition,7078,6.136793263996458
14,716,random_subsets_natural_partition,7079,6.146119572031369
14,716,random_subsets_natural_partition,7080,6.09701093310235
14,716,random_subsets_natural_partition,7081,6.155023073144435
14,716,random_subsets_natural_partition,7082,6.191018598859731
14,716,random_subsets_natural_partition,7083,6.137915883626468
14,716,random_subsets_natural_partition,7084,6.161581720200747
14,716,random_subsets_natural_partition,7085,6.134648275400172
14,716,random_subsets_natural_partition,7086,6.154142146497959
14,716,random_subsets_natural_partition,7087,6.125849864835739
14,716,random_subsets_natural_partition,7088,6.154295966592283
14,716,random_subsets_natural_partition,7089,6.1223377288228695
14,716,random_subsets_natural_partition,7090,6.123538901650489
14,716,random_subsets_natural_partition,7091,6.143657878140323
14,716,random_subsets_natural_partition,7092,6.148054116260151
14,716,random_subsets_natural_partition,7093,6.122922573908657
14,716,random_subsets_natural_partition,7094,6.111329814582998
14,716,random_subsets_natural_partition,7095,6.163356669624712
14,716,random_subsets_natural_partition,7096,6.133532234278106
14,716,random_subsets_natural_partition,7097,6.132343533392091
14,716,random_subsets_natural_partition,7098,6.13959064194068
14,716,random_subsets_natural_partition,7099,6.137764361540541
14,716,random_subsets_natural_partition,7100,6.132757108592738
14,716,random_subsets_natural_partition,7101,6.149550104655633
14,716,random_subsets_natural_partition,7102,6.16625432735613
14,716,random_subsets_natural_partition,7103,6.131984517022123
14,716,random_subsets_natural_partition,7104,6.154970406798672
14,716,random_subsets_natural_partition,7105,6.161058859858022
14,716,random_subsets_natural_partition,7106,6.125065265420187
14,716,random_subsets_natural_partition,7107,6.13614897557733
14,716,random_subsets_natural_partition,7108,6.121817404780498
14,716,random_subsets_natural_partition,7109,6.138971369418939
14,716,random_subsets_natural_partition,7110,6.119830770265562
14,716,random_subsets_natural_partition,7111,6.130425000911898
14,716,random_subsets_natural_partition,7112,6.138627305467519
14,716,random_subsets_natural_partition,7113,6.126102195780613
14,716,random_subsets_natural_partition,7114,6.130167559773454
14,716,random_subsets_natural_partition,7115,6.151257269934642
14,716,random_subsets_natural_partition,7116,6.161504323229779
14,716,random_subsets_natural_partition,7117,6.149796687836236
14,716,random_subsets_natural_partition,7118,6.133787531028287
14,716,random_subsets_natural_partition,7119,6.136516008373839
14,716,random_subsets_natural_partition,7120,6.143068728013453
14,716,random_subsets_natural_partition,7121,6.124661553493661
14,716,random_subsets_natural_partition,7122,6.142227984195907
14,716,random_subsets_natural_partition,7123,6.138171781205158
14,716,random_subsets_natural_partition,7124,6.1312864880639575
14,716,random_subsets_natural_partition,7125,6.165496140890721
14,716,random_subsets_natural_partition,7126,6.14798790853297
14,716,random_subsets_natural_partition,7127,6.167178805071285
14,716,random_subsets_natural_partition,7128,6.14596177836263
14,716,random_subsets_natural_partition,7129,6.155186786633297
14,716,random_subsets_natural_partition,7130,6.155982188938601
14,716,random_subsets_natural_partition,7131,6.130148913429418
14,716,random_subsets_natural_partition,7132,6.171932772836806
14,716,random_subsets_natural_partition,7133,6.153750180195197
14,716,random_subsets_natural_partition,7134,6.169622480704908
14,716,random_subsets_natural_partition,7135,6.135956930434045
14,716,random_subsets_natural_partition,7136,6.130789035214898
14,716,random_subsets_natural_partition,7137,6.105512323262225
14,716,random_subsets_natural_partition,7138,6.13061207185689
14,716,random_subsets_natural_partition,7139,6.152614933228065
14,716,random_subsets_natural_partition,7140,6.128302948891833
14,716,random_subsets_natural_partition,7141,6.123183756949445
14,716,random_subsets_natural_partition,7142,6.168827959147594
14,716,random_subsets_natural_partition,7143,6.181401565653227
14,716,random_subsets_natural_partition,7144,6.163197854097422
14,716,random_subsets_natural_partition,7145,6.130477626756698
14,716,random_subsets_natural_partition,7146,6.149117893442823
14,716,random_subsets_natural_partition,7147,6.14933724746001
14,716,random_subsets_natural_partition,7148,6.136621461356149
14,716,random_subsets_natural_partition,7149,6.137123426003665
14,716,random_subsets_natural_partition,7150,6.144887751051422
14,716,random_subsets_natural_partition,7151,6.124040512054916
14,716,random_subsets_natural_partition,7152,6.134800557066621
14,716,random_subsets_natural_partition,7153,6.180174073627335
14,716,random_subsets_natural_partition,7154,6.160895391833617
14,716,random_subsets_natural_partition,7155,6.1758789211943235
14,716,random_subsets_natural_partition,7156,6.121488394769102
14,716,random_subsets_natural_partition,7157,6.117897210689653
14,716,random_subsets_natural_partition,7158,6.136640989261709
14,716,random_subsets_natural_partition,7159,6.145667020832137
14,716,random_subsets_natural_partition,7160,6.1358085050324735
14,716,random_subsets_natural_partition,7161,6.157551029766377
14,716,random_subsets_natural_partition,7162,6.15016071614081
14,716,random_subsets_natural_partition,7163,6.159720782687715
14,716,random_subsets_natural_partition,7164,6.187753978004803
14,716,random_subsets_natural_partition,7165,6.123498139257159
14,716,random_subsets_natural_partition,7166,6.152562832137632
14,716,random_subsets_natural_partition,7167,6.091265488356982
14,716,random_subsets_natural_partition,7168,6.151817691448961
14,716,random_subsets_natural_partition,7169,6.157170044210929
14,716,random_subsets_natural_partition,7170,6.1448841032233625
14,716,random_subsets_natural_partition,7171,6.138888017776273
14,716,random_subsets_natural_partition,7172,6.152834103817157
14,716,random_subsets_natural_partition,7173,6.122905525178709
14,716,random_subsets_natural_partition,7174,6.153572099083527
14,716,random_subsets_natural_partition,7175,6.123896444690267
14,716,random_subsets_natural_partition,7176,6.145304220220098
14,716,random_subsets_natural_partition,7177,6.122336559519713
14,716,random_subsets_natural_partition,7178,6.108589822591414
14,716,random_subsets_natural_partition,7179,6.160418450078446
14,716,random_subsets_natural_partition,7180,6.134561373166551
14,716,random_subsets_natural_partition,7181,6.126463584998991
14,716,random_subsets_natural_partition,7182,6.1572083601644545
14,716,random_subsets_natural_partition,7183,6.156972716211724
14,716,random_subsets_natural_partition,7184,6.1297838304867245
14,716,random_subsets_natural_partition,7185,6.132817910692097
14,716,random_subsets_natural_partition,7186,6.15815777155341
14,716,random_subsets_natural_partition,7187,6.142722740421025
14,716,random_subsets_natural_partition,7188,6.125937243233922
14,716,random_subsets_natural_partition,7189,6.131071291493626
14,716,random_subsets_natural_partition,7190,6.133332747937714
14,716,random_subsets_natural_partition,7191,6.106590079311364
14,716,random_subsets_natural_partition,7192,6.148235260044097
14,716,random_subsets_natural_partition,7193,6.136540182569023
14,716,random_subsets_natural_partition,7194,6.1670126924769075
14,716,random_subsets_natural_partition,7195,6.155990479759723
14,716,random_subsets_natural_partition,7196,6.135345287394702
14,716,random_subsets_natural_partition,7197,6.1499973026130865
14,716,random_subsets_natural_partition,7198,6.143292084707488
14,716,random_subsets_natural_partition,7199,6.126025598357908
14,716,random_subsets_natural_partition,7200,6.154946294355808
14,716,random_subsets_natural_partition,7201,6.157673939033432
14,716,random_subsets_natural_partition,7202,6.153183650464872
14,716,random_subsets_natural_partition,7203,6.141606765693422
14,716,random_subsets_natural_partition,7204,6.196178958603786
14,716,random_subsets_natural_partition,7205,6.136583172356159
14,716,random_subsets_natural_partition,7206,6.1497354642226565
14,716,random_subsets_natural_partition,7207,6.147097714627183
14,716,random_subsets_natural_partition,7208,6.164609768887206
14,716,random_subsets_natural_partition,7209,6.123386717537842
14,716,random_subsets_natural_partition,7210,6.144276537098675
14,716,random_subsets_natural_partition,7211,6.154835652992517
14,716,random_subsets_natural_partition,7212,6.134721670392176
14,716,random_subsets_natural_partition,7213,6.145496248629082
14,716,random_subsets_natural_partition,7214,6.1128209955509165
14,716,random_subsets_natural_partition,7215,6.1395284126842435
14,716,random_subsets_natural_partition,7216,6.131811319751758
14,716,random_subsets_natural_partition,7217,6.145962833662986
14,716,random_subsets_natural_partition,7218,6.131158192773519
14,716,random_subsets_natural_partition,7219,6.126625249334665
14,716,random_subsets_natural_partition,7220,6.1574435719175735
14,716,random_subsets_natural_partition,7221,6.184662353426524
14,716,random_subsets_natural_partition,7222,6.172469662335278
14,716,random_subsets_natural_partition,7223,6.136437459880468
14,716,random_subsets_natural_partition,7224,6.161506697304759
14,716,random_subsets_natural_partition,7225,6.1576884653027575
14,716,random_subsets_natural_partition,7226,6.131152131888166
14,716,random_subsets_natural_partition,7227,6.173114757814078
14,716,random_subsets_natural_partition,7228,6.146979279747115
14,716,random_subsets_natural_partition,7229,6.131740379820395
14,716,random_subsets_natural_partition,7230,6.141707233612054
14,716,random_subsets_natural_partition,7231,6.14514478920951
14,716,random_subsets_natural_partition,7232,6.156933846373084
14,716,random_subsets_natural_partition,7233,6.162974122967293
14,716,random_subsets_natural_partition,7234,6.120661305807065
14,716,random_subsets_natural_partition,7235,6.152285515025081
14,716,random_subsets_natural_partition,7236,6.124101936429135
14,716,random_subsets_natural_partition,7237,6.1505012428554915
14,716,random_subsets_natural_partition,7238,6.125322236218671
14,716,random_subsets_natural_partition,7239,6.128896415939764
14,716,random_subsets_natural_partition,7240,6.166227130302532
14,716,random_subsets_natural_partition,7241,6.138851502099924
14,716,random_subsets_natural_partition,7242,6.145403207643189
14,716,random_subsets_natural_partition,7243,6.144806650517014
14,716,random_subsets_natural_partition,7244,6.1439270464275175
14,716,random_subsets_natural_partition,7245,6.1764743133861755
14,716,random_subsets_natural_partition,7246,6.095777341316006
14,716,random_subsets_natural_partition,7247,6.174108606385465
14,716,random_subsets_natural_partition,7248,6.124728642329874
14,716,random_subsets_natural_partition,7249,6.128967507267724
14,716,random_subsets_natural_partition,7250,6.13429217838416
14,716,random_subsets_natural_partition,7251,6.137689618835334
14,716,random_subsets_natural_partition,7252,6.1446284893278404
14,716,random_subsets_natural_partition,7253,6.171900357051817
14,716,random_subsets_natural_partition,7254,6.127965644237439
14,716,random_subsets_natural_partition,7255,6.110057534578308
14,716,random_subsets_natural_partition,7256,6.099803920794813
14,716,random_subsets_natural_partition,7257,6.152472114034408
14,716,random_subsets_natural_partition,7258,6.126191530193771
14,716,random_subsets_natural_partition,7259,6.154428677230015
14,716,random_subsets_natural_partition,7260,6.09654284971137
14,716,random_subsets_natural_partition,7261,6.156021422904239
14,716,random_subsets_natural_partition,7262,6.156761306495868
14,716,random_subsets_natural_partition,7263,6.136158422618723
14,716,random_subsets_natural_partition,7264,6.1512420335226325
14,716,random_subsets_natural_partition,7265,6.127145953980905
14,716,random_subsets_natural_partition,7266,6.150620757375402
14,716,random_subsets_natural_partition,7267,6.110188927735652
14,716,random_subsets_natural_partition,7268,6.12977652427997
14,716,random_subsets_natural_partition,7269,6.099447466593481
14,716,random_subsets_natural_partition,7270,6.1556284603682325
14,716,random_subsets_natural_partition,7271,6.11745515542745
14,716,random_subsets_natural_partition,7272,6.162225059995588
14,716,random_subsets_natural_partition,7273,6.139758784365486
14,716,random_subsets_natural_partition,7274,6.139910055877799
14,716,random_subsets_natural_partition,7275,6.149168530853367
14,716,random_subsets_natural_partition,7276,6.113482072500583
14,716,random_subsets_natural_partition,7277,6.148120244177865
14,716,random_subsets_natural_partition,7278,6.1733774741899134
14,716,random_subsets_natural_partition,7279,6.1692208864790405
14,716,random_subsets_natural_partition,7280,6.160345371098312
14,716,random_subsets_natural_partition,7281,6.165403494899335
14,716,random_subsets_natural_partition,7282,6.154356065184966
14,716,random_subsets_natural_partition,7283,6.152116499352099
14,716,random_subsets_natural_partition,7284,6.130245062967421
14,716,random_subsets_natural_partition,7285,6.115569855126985
14,716,random_subsets_natural_partition,7286,6.161369683539499
14,716,random_subsets_natural_partition,7287,6.149034432411604
14,716,random_subsets_natural_partition,7288,6.135994080821168
14,716,random_subsets_natural_partition,7289,6.145994484634027
14,716,random_subsets_natural_partition,7290,6.1648864035040285
14,716,random_subsets_natural_partition,7291,6.144573091341363
14,716,random_subsets_natural_partition,7292,6.1555018214029875
14,716,random_subsets_natural_partition,7293,6.148788933303475
14,716,random_subsets_natural_partition,7294,6.14879520322751
14,716,random_subsets_natural_partition,7295,6.164147984283582
14,716,random_subsets_natural_partition,7296,6.1624284040194715
14,716,random_subsets_natural_partition,7297,6.15347038324687
14,716,random_subsets_natural_partition,7298,6.125001943535085
14,716,random_subsets_natural_partition,7299,6.135353099053853
14,716,random_subsets_natural_partition,7300,6.1440860600932075
14,716,random_subsets_natural_partition,7301,6.139750823935685
14,716,random_subsets_natural_partition,7302,6.128815363195125
14,716,random_subsets_natural_partition,7303,6.143173039357306
14,716,random_subsets_natural_partition,7304,6.129955027131761
14,716,random_subsets_natural_partition,7305,6.137812571664664
14,716,random_subsets_natural_partition,7306,6.165144872663355
14,716,random_subsets_natural_partition,7307,6.1613562708256655
14,716,random_subsets_natural_partition,7308,6.110166335365359
14,716,random_subsets_natural_partition,7309,6.155668221156447
14,716,random_subsets_natural_partition,7310,6.152206531015489
14,716,random_subsets_natural_partition,7311,6.124767287063397
14,716,random_subsets_natural_partition,7312,6.1447253788469
14,716,random_subsets_natural_partition,7313,6.1561037358001025
14,716,random_subsets_natural_partition,7314,6.147413712386591
14,716,random_subsets_natural_partition,7315,6.130438946673046
14,716,random_subsets_natural_partition,7316,6.1599540112074855
14,716,random_subsets_natural_partition,7317,6.110383049045153
14,716,random_subsets_natural_partition,7318,6.1289047038462545
14,716,random_subsets_natural_partition,7319,6.1156585868352815
14,716,random_subsets_natural_partition,7320,6.152589161864449
14,716,random_subsets_natural_partition,7321,6.125236192567272
14,716,random_subsets_natural_partition,7322,6.13243468819569
14,716,random_subsets_natural_partition,7323,6.143421077168429
14,716,random_subsets_natural_partition,7324,6.1211521158427775
14,716,random_subsets_natural_partition,7325,6.148082338031118
14,716,random_subsets_natural_partition,7326,6.104581291397009
14,716,random_subsets_natural_partition,7327,6.127765834434711
14,716,random_subsets_natural_partition,7328,6.166570691050812
14,716,random_subsets_natural_partition,7329,6.156458983544514
14,716,random_subsets_natural_partition,7330,6.156787326965081
14,716,random_subsets_natural_partition,7331,6.106134764689923
14,716,random_subsets_natural_partition,7332,6.1392795964944264
14,716,random_subsets_natural_partition,7333,6.1450927202262635
14,716,random_subsets_natural_partition,7334,6.128082678729681
14,716,random_subsets_natural_partition,7335,6.155746652966047
14,716,random_subsets_natural_partition,7336,6.097366054583141
14,716,random_subsets_natural_partition,7337,6.139071707394378
14,716,random_subsets_natural_partition,7338,6.1541162083698
14,716,random_subsets_natural_partition,7339,6.134669620763198
14,716,random_subsets_natural_partition,7340,6.123352709178896
14,716,random_subsets_natural_partition,7341,6.1299252727470375
14,716,random_subsets_natural_partition,7342,6.161146647181356
14,716,random_subsets_natural_partition,7343,6.145275228401272
14,716,random_subsets_natural_partition,7344,6.12226180396692
14,716,random_subsets_natural_partition,7345,6.1278548084603255
14,716,random_subsets_natural_partition,7346,6.1576375763293525
14,716,random_subsets_natural_partition,7347,6.144481904196699
14,716,random_subsets_natural_partition,7348,6.133576050430272
14,716,random_subsets_natural_partition,7349,6.164449133686742
14,716,random_subsets_natural_partition,7350,6.139601158727182
14,716,random_subsets_natural_partition,7351,6.159683018516262
14,716,random_subsets_natural_partition,7352,6.108765091913334
14,716,random_subsets_natural_partition,7353,6.161053521385307
14,716,random_subsets_natural_partition,7354,6.129674546827962
14,716,random_subsets_natural_partition,7355,6.178923141271585
14,716,random_subsets_natural_partition,7356,6.137845397901921
14,716,random_subsets_natural_partition,7357,6.113232114154229
14,716,random_subsets_natural_partition,7358,6.143736502841785
14,716,random_subsets_natural_partition,7359,6.152809457299341
14,716,random_subsets_natural_partition,7360,6.174872700612553
14,716,random_subsets_natural_partition,7361,6.1548672594153295
14,716,random_subsets_natural_partition,7362,6.1729253275051965
14,716,random_subsets_natural_partition,7363,6.152005037824751
14,716,random_subsets_natural_partition,7364,6.120440446274267
14,716,random_subsets_natural_partition,7365,6.134861421777402
14,716,random_subsets_natural_partition,7366,6.139632524630219
14,716,random_subsets_natural_partition,7367,6.118426195329927
14,716,random_subsets_natural_partition,7368,6.157578514960601
14,716,random_subsets_natural_partition,7369,6.129417137933415
14,716,random_subsets_natural_partition,7370,6.162955655228329
14,716,random_subsets_natural_partition,7371,6.152672002587673
14,716,random_subsets_natural_partition,7372,6.138673651066663
14,716,random_subsets_natural_partition,7373,6.146042567974814
14,716,random_subsets_natural_partition,7374,6.144268755163582
14,716,random_subsets_natural_partition,7375,6.123977741451048
14,716,random_subsets_natural_partition,7376,6.140495993250991
14,716,random_subsets_natural_partition,7377,6.164228130991522
14,716,random_subsets_natural_partition,7378,6.128661621667191
14,716,random_subsets_natural_partition,7379,6.146525673154073
14,716,random_subsets_natural_partition,7380,6.164016627622361
14,716,random_subsets_natural_partition,7381,6.142986471429961
14,716,random_subsets_natural_partition,7382,6.125432827812003
14,716,random_subsets_natural_partition,7383,6.127976808657576
14,716,random_subsets_natural_partition,7384,6.150515909047776
14,716,random_subsets_natural_partition,7385,6.130530932638542
14,716,random_subsets_natural_partition,7386,6.150788045755485
14,716,random_subsets_natural_partition,7387,6.152709560097757
14,716,random_subsets_natural_partition,7388,6.143265407759064
14,716,random_subsets_natural_partition,7389,6.137444718107843
14,716,random_subsets_natural_partition,7390,6.170682338406617
14,716,random_subsets_natural_partition,7391,6.1476406186895804
14,716,random_subsets_natural_partition,7392,6.158403497171538
14,716,random_subsets_natural_partition,7393,6.159992507620308
14,716,random_subsets_natural_partition,7394,6.118891889064937
14,716,random_subsets_natural_partition,7395,6.15854543478795
14,716,random_subsets_natural_partition,7396,6.1505685801459995
14,716,random_subsets_natural_partition,7397,6.145068673113272
14,716,random_subsets_natural_partition,7398,6.156765652101831
14,716,random_subsets_natural_partition,7399,6.1510111399654885
14,716,random_subsets_natural_partition,7400,6.153055585386632
14,716,random_subsets_natural_partition,7401,6.126334955190642
14,716,random_subsets_natural_partition,7402,6.155583075044668
14,716,random_subsets_natural_partition,7403,6.1386169127042285
14,716,random_subsets_natural_partition,7404,6.169878737417543
14,716,random_subsets_natural_partition,7405,6.121946765283488
14,716,random_subsets_natural_partition,7406,6.146019873466199
14,716,random_subsets_natural_partition,7407,6.121041416195546
14,716,random_subsets_natural_partition,7408,6.152380642992587
14,716,random_subsets_natural_partition,7409,6.1469248934488725
14,716,random_subsets_natural_partition,7410,6.145716599364194
14,716,random_subsets_natural_partition,7411,6.147046546189675
14,716,random_subsets_natural_partition,7412,6.142243315634917
14,716,random_subsets_natural_partition,7413,6.16740732452403
14,716,random_subsets_natural_partition,7414,6.139052292676744
14,716,random_subsets_natural_partition,7415,6.113732217580323
14,716,random_subsets_natural_partition,7416,6.124282950572734
14,716,random_subsets_natural_partition,7417,6.143825660122994
14,716,random_subsets_natural_partition,7418,6.135646649514582
14,716,random_subsets_natural_partition,7419,6.175970130052755
14,716,random_subsets_natural_partition,7420,6.1375587666624245
14,716,random_subsets_natural_partition,7421,6.121742740290292
14,716,random_subsets_natural_partition,7422,6.146683607928623
14,716,random_subsets_natural_partition,7423,6.156541942194363
14,716,random_subsets_natural_partition,7424,6.164994919293858
14,716,random_subsets_natural_partition,7425,6.11524195092891
14,716,random_subsets_natural_partition,7426,6.172905022114264
14,716,random_subsets_natural_partition,7427,6.167228228637571
14,716,random_subsets_natural_partition,7428,6.160104299798993
14,716,random_subsets_natural_partition,7429,6.149293866915597
14,716,random_subsets_natural_partition,7430,6.1276887557305395
14,716,random_subsets_natural_partition,7431,6.1688927317047355
14,716,random_subsets_natural_partition,7432,6.150265984123445
14,716,random_subsets_natural_partition,7433,6.1681731227384855
14,716,random_subsets_natural_partition,7434,6.116966695157792
14,716,random_subsets_natural_partition,7435,6.1211581523755045
14,716,random_subsets_natural_partition,7436,6.169921698129699
14,716,random_subsets_natural_partition,7437,6.156774684795198
14,716,random_subsets_natural_partition,7438,6.134254253469399
14,716,random_subsets_natural_partition,7439,6.139126571015819
14,716,random_subsets_natural_partition,7440,6.164375249127082
14,716,random_subsets_natural_partition,7441,6.123388081458349
14,716,random_subsets_natural_partition,7442,6.160329076083554
14,716,random_subsets_natural_partition,7443,6.12522435627249
14,716,random_subsets_natural_partition,7444,6.148587916418975
14,716,random_subsets_natural_partition,7445,6.153603267932261
14,716,random_subsets_natural_partition,7446,6.14844406115989
14,716,random_subsets_natural_partition,7447,6.105390528344861
14,716,random_subsets_natural_partition,7448,6.190286843231908
14,716,random_subsets_natural_partition,7449,6.167344426743441
14,716,random_subsets_natural_partition,7450,6.143374133164243
14,716,random_subsets_natural_partition,7451,6.143276558850548
14,716,random_subsets_natural_partition,7452,6.168170431767046
14,716,random_subsets_natural_partition,7453,6.148964315545922
14,716,random_subsets_natural_partition,7454,6.162195679528785
14,716,random_subsets_natural_partition,7455,6.151682527489291
14,716,random_subsets_natural_partition,7456,6.147822047961589
14,716,random_subsets_natural_partition,7457,6.134207232435776
14,716,random_subsets_natural_partition,7458,6.152542584587531
14,716,random_subsets_natural_partition,7459,6.13007441226191
14,716,random_subsets_natural_partition,7460,6.157949619199557
14,716,random_subsets_natural_partition,7461,6.145909559019834
14,716,random_subsets_natural_partition,7462,6.138750840598563
14,716,random_subsets_natural_partition,7463,6.144039238126814
14,716,random_subsets_natural_partition,7464,6.1493682944742005
14,716,random_subsets_natural_partition,7465,6.141136935565855
14,716,random_subsets_natural_partition,7466,6.1948296454665135
14,716,random_subsets_natural_partition,7467,6.137771972240692
14,716,random_subsets_natural_partition,7468,6.150214859871548
14,716,random_subsets_natural_partition,7469,6.152171906059935
14,716,random_subsets_natural_partition,7470,6.135909706617628
14,716,random_subsets_natural_partition,7471,6.151659751604756
14,716,random_subsets_natural_partition,7472,6.133608326927008
14,716,random_subsets_natural_partition,7473,6.117472662341741
14,716,random_subsets_natural_partition,7474,6.145685395919104
14,716,random_subsets_natural_partition,7475,6.127312222341441
14,716,random_subsets_natural_partition,7476,6.129024332286001
14,716,random_subsets_natural_partition,7477,6.155990235505719
14,716,random_subsets_natural_partition,7478,6.15960563200998
14,716,random_subsets_natural_partition,7479,6.166555625891213
14,716,random_subsets_natural_partition,7480,6.171580668065715
14,716,random_subsets_natural_partition,7481,6.1464418314294695
14,716,random_subsets_natural_partition,7482,6.131239941801703
14,716,random_subsets_natural_partition,7483,6.146664937385815
14,716,random_subsets_natural_partition,7484,6.171226314682305
14,716,random_subsets_natural_partition,7485,6.1747396823594745
14,716,random_subsets_natural_partition,7486,6.132373033548806
14,716,random_subsets_natural_partition,7487,6.162825876146001
14,716,random_subsets_natural_partition,7488,6.1393454800376475
14,716,random_subsets_natural_partition,7489,6.141651326310097
14,716,random_subsets_natural_partition,7490,6.136655812685937
14,716,random_subsets_natural_partition,7491,6.138329828508025
14,716,random_subsets_natural_partition,7492,6.124797159619093
14,716,random_subsets_natural_partition,7493,6.180821421706388
14,716,random_subsets_natural_partition,7494,6.127128310855449
14,716,random_subsets_natural_partition,7495,6.135893161770511
14,716,random_subsets_natural_partition,7496,6.181054133426314
14,716,random_subsets_natural_partition,7497,6.126490922810912
14,716,random_subsets_natural_partition,7498,6.1569901282488875
14,716,random_subsets_natural_partition,7499,6.1392164881186195
14,716,random_subsets_natural_partition,7500,6.146230850560959
14,716,random_subsets_natural_partition,7501,6.135343129640994
14,716,random_subsets_natural_partition,7502,6.166258825146062
14,716,random_subsets_natural_partition,7503,6.15120939275484
14,716,random_subsets_natural_partition,7504,6.143761668652389
14,716,random_subsets_natural_partition,7505,6.138907663141622
14,716,random_subsets_natural_partition,7506,6.14977054958523
14,716,random_subsets_natural_partition,7507,6.153132043166219
14,716,random_subsets_natural_partition,7508,6.148744106934858
14,716,random_subsets_natural_partition,7509,6.103655311692017
14,716,random_subsets_natural_partition,7510,6.1605400219886075
14,716,random_subsets_natural_partition,7511,6.151712763565356
14,716,random_subsets_natural_partition,7512,6.159994014576122
14,716,random_subsets_natural_partition,7513,6.165092841052784
14,716,random_subsets_natural_partition,7514,6.165728284119167
14,716,random_subsets_natural_partition,7515,6.183694257213065
14,716,random_subsets_natural_partition,7516,6.125879694910441
14,716,random_subsets_natural_partition,7517,6.152370949801652
14,716,random_subsets_natural_partition,7518,6.117452559998017
14,716,random_subsets_natural_partition,7519,6.153428496185983
14,716,random_subsets_natural_partition,7520,6.1192004845055115
14,716,random_subsets_natural_partition,7521,6.147758648279208
14,716,random_subsets_natural_partition,7522,6.151829068336802
14,716,random_subsets_natural_partition,7523,6.1266028445148555
14,716,random_subsets_natural_partition,7524,6.115647543913787
14,716,random_subsets_natural_partition,7525,6.155862927982961
14,716,random_subsets_natural_partition,7526,6.148268891816793
14,716,random_subsets_natural_partition,7527,6.132122658200407
14,716,random_subsets_natural_partition,7528,6.127316122763537
14,716,random_subsets_natural_partition,7529,6.163776612526704
14,716,random_subsets_natural_partition,7530,6.1266012559672385
14,716,random_subsets_natural_partition,7531,6.124883003347963
14,716,random_subsets_natural_partition,7532,6.148783222024667
14,716,random_subsets_natural_partition,7533,6.151757823282003
14,716,random_subsets_natural_partition,7534,6.14633133092554
14,716,random_subsets_natural_partition,7535,6.125211272566125
14,716,random_subsets_natural_partition,7536,6.161729675717998
14,716,random_subsets_natural_partition,7537,6.152767498518703
14,716,random_subsets_natural_partition,7538,6.167767603007445
14,716,random_subsets_natural_partition,7539,6.152203972578535
14,716,random_subsets_natural_partition,7540,6.119463173538393
14,716,random_subsets_natural_partition,7541,6.14958822183662
14,716,random_subsets_natural_partition,7542,6.1428665719877245
14,716,random_subsets_natural_partition,7543,6.162667434898441
14,716,random_subsets_natural_partition,7544,6.140465972107189
14,716,random_subsets_natural_partition,7545,6.156719689236858
14,716,random_subsets_natural_partition,7546,6.1737455822740674
14,716,random_subsets_natural_partition,7547,6.144982576829081
14,716,random_subsets_natural_partition,7548,6.134766350781113
14,716,random_subsets_natural_partition,7549,6.161548356264424
14,716,random_subsets_natural_partition,7550,6.1733143848488226
14,716,random_subsets_natural_partition,7551,6.17506458591617
14,716,random_subsets_natural_partition,7552,6.164026549355165
14,716,random_subsets_natural_partition,7553,6.139029430259362
14,716,random_subsets_natural_partition,7554,6.163479529356805
14,716,random_subsets_natural_partition,7555,6.09439135814478
14,716,random_subsets_natural_partition,7556,6.1445320523204785
14,716,random_subsets_natural_partition,7557,6.139648723124918
14,716,random_subsets_natural_partition,7558,6.14568415694684
14,716,random_subsets_natural_partition,7559,6.1612853680377535
14,716,random_subsets_natural_partition,7560,6.130655209707829
14,716,random_subsets_natural_partition,7561,6.145810495476019
14,716,random_subsets_natural_partition,7562,6.124633954034339
14,716,random_subsets_natural_partition,7563,6.169921573426115
14,716,random_subsets_natural_partition,7564,6.14304556161526
14,716,random_subsets_natural_partition,7565,6.094573406161634
14,716,random_subsets_natural_partition,7566,6.140626195228128
14,716,random_subsets_natural_partition,7567,6.164894604225374
14,716,random_subsets_natural_partition,7568,6.121018501016767
14,716,random_subsets_natural_partition,7569,6.152926927423213
14,716,random_subsets_natural_partition,7570,6.155556740633202
14,716,random_subsets_natural_partition,7571,6.108757398257148
14,716,random_subsets_natural_partition,7572,6.151354598314371
14,716,random_subsets_natural_partition,7573,6.167657887046498
14,716,random_subsets_natural_partition,7574,6.122578152209067
14,716,random_subsets_natural_partition,7575,6.136878115182524
14,716,random_subsets_natural_partition,7576,6.1597493587780585
14,716,random_subsets_natural_partition,7577,6.116987070880712
14,716,random_subsets_natural_partition,7578,6.151674610478596
14,716,random_subsets_natural_partition,7579,6.11783921575165
14,716,random_subsets_natural_partition,7580,6.109119328114719
14,716,random_subsets_natural_partition,7581,6.14968580387724
14,716,random_subsets_natural_partition,7582,6.129913316717771
14,716,random_subsets_natural_partition,7583,6.1426149632872935
14,716,random_subsets_natural_partition,7584,6.144256742622632
14,716,random_subsets_natural_partition,7585,6.162410309258674
14,716,random_subsets_natural_partition,7586,6.107800197029885
14,716,random_subsets_natural_partition,7587,6.146812723585917
14,716,random_subsets_natural_partition,7588,6.162275655336131
14,716,random_subsets_natural_partition,7589,6.1270217245383165
14,716,random_subsets_natural_partition,7590,6.162423939280751
14,716,random_subsets_natural_partition,7591,6.132873683763041
14,716,random_subsets_natural_partition,7592,6.142901418943148
14,716,random_subsets_natural_partition,7593,6.132969598658755
14,716,random_subsets_natural_partition,7594,6.137514078792402
14,716,random_subsets_natural_partition,7595,6.156689611765936
14,716,random_subsets_natural_partition,7596,6.160369013428174
14,716,random_subsets_natural_partition,7597,6.114259374616769
14,716,random_subsets_natural_partition,7598,6.156389262826554
14,716,random_subsets_natural_partition,7599,6.147872438512802
14,716,random_subsets_natural_partition,7600,6.144789395990314
14,716,random_subsets_natural_partition,7601,6.181663669427324
14,716,random_subsets_natural_partition,7602,6.1748698026979785
14,716,random_subsets_natural_partition,7603,6.132013474740366
14,716,random_subsets_natural_partition,7604,6.133773136985997
14,716,random_subsets_natural_partition,7605,6.123110515518464
14,716,random_subsets_natural_partition,7606,6.150972698011442
14,716,random_subsets_natural_partition,7607,6.150509641858321
14,716,random_subsets_natural_partition,7608,6.141882890578938
14,716,random_subsets_natural_partition,7609,6.139158531357995
14,716,random_subsets_natural_partition,7610,6.110059935079738
14,716,random_subsets_natural_partition,7611,6.1413692909941275
14,716,random_subsets_natural_partition,7612,6.168402337301434
14,716,random_subsets_natural_partition,7613,6.137835250995093
14,716,random_subsets_natural_partition,7614,6.155770586020536
14,716,random_subsets_natural_partition,7615,6.138481846839878
14,716,random_subsets_natural_partition,7616,6.159500768223488
14,716,random_subsets_natural_partition,7617,6.179913225500594
14,716,random_subsets_natural_partition,7618,6.145350740402936
14,716,random_subsets_natural_partition,7619,6.161971102069381
14,716,random_subsets_natural_partition,7620,6.106921420500532
14,716,random_subsets_natural_partition,7621,6.1625834749328625
14,716,random_subsets_natural_partition,7622,6.131991062363407
14,716,random_subsets_natural_partition,7623,6.146326715339549
14,716,random_subsets_natural_partition,7624,6.144489333978409
14,716,random_subsets_natural_partition,7625,6.150943605326841
14,716,random_subsets_natural_partition,7626,6.149805342306347
14,716,random_subsets_natural_partition,7627,6.156222210953991
14,716,random_subsets_natural_partition,7628,6.156913510982606
14,716,random_subsets_natural_partition,7629,6.151516615259549
14,716,random_subsets_natural_partition,7630,6.160375257968594
14,716,random_subsets_natural_partition,7631,6.170512457832202
14,716,random_subsets_natural_partition,7632,6.133631894083996
14,716,random_subsets_natural_partition,7633,6.160143934903257
14,716,random_subsets_natural_partition,7634,6.166682344372497
14,716,random_subsets_natural_partition,7635,6.15093723523628
14,716,random_subsets_natural_partition,7636,6.147164824660659
14,716,random_subsets_natural_partition,7637,6.160061261371577
14,716,random_subsets_natural_partition,7638,6.133345265394527
14,716,random_subsets_natural_partition,7639,6.129207859037377
14,716,random_subsets_natural_partition,7640,6.136332393254868
14,716,random_subsets_natural_partition,7641,6.168816592730382
14,716,random_subsets_natural_partition,7642,6.117170710907351
14,716,random_subsets_natural_partition,7643,6.134997260861448
14,716,random_subsets_natural_partition,7644,6.149934788201914
14,716,random_subsets_natural_partition,7645,6.123478505099042
14,716,random_subsets_natural_partition,7646,6.171455194871685
14,716,random_subsets_natural_partition,7647,6.164322878464251
14,716,random_subsets_natural_partition,7648,6.135254149874422
14,716,random_subsets_natural_partition,7649,6.124028837328111
14,716,random_subsets_natural_partition,7650,6.14139751645678
14,716,random_subsets_natural_partition,7651,6.154446623850366
14,716,random_subsets_natural_partition,7652,6.161478001952966
14,716,random_subsets_natural_partition,7653,6.142209230975315
14,716,random_subsets_natural_partition,7654,6.150721707373746
14,716,random_subsets_natural_partition,7655,6.13588700818747
14,716,random_subsets_natural_partition,7656,6.115554265921987
14,716,random_subsets_natural_partition,7657,6.140128419349637
14,716,random_subsets_natural_partition,7658,6.138707513691134
14,716,random_subsets_natural_partition,7659,6.142592054122377
14,716,random_subsets_natural_partition,7660,6.140793043141042
14,716,random_subsets_natural_partition,7661,6.144475844557194
14,716,random_subsets_natural_partition,7662,6.165818297971605
14,716,random_subsets_natural_partition,7663,6.147030886535056
14,716,random_subsets_natural_partition,7664,6.169930971342019
14,716,random_subsets_natural_partition,7665,6.144471138424646
14,716,random_subsets_natural_partition,7666,6.150825350919276
14,716,random_subsets_natural_partition,7667,6.154267105023581
14,716,random_subsets_natural_partition,7668,6.145047323461918
14,716,random_subsets_natural_partition,7669,6.127740545751496
14,716,random_subsets_natural_partition,7670,6.141775905086822
14,716,random_subsets_natural_partition,7671,6.118008391233202
14,716,random_subsets_natural_partition,7672,6.11969108632953
14,716,random_subsets_natural_partition,7673,6.133601050036473
14,716,random_subsets_natural_partition,7674,6.180043407720081
14,716,random_subsets_natural_partition,7675,6.169619074429581
14,716,random_subsets_natural_partition,7676,6.114746316534731
14,716,random_subsets_natural_partition,7677,6.112061396187887
14,716,random_subsets_natural_partition,7678,6.1300451152030035
14,716,random_subsets_natural_partition,7679,6.159546527790514
14,716,random_subsets_natural_partition,7680,6.128381140526686
14,716,random_subsets_natural_partition,7681,6.153239691523464
14,716,random_subsets_natural_partition,7682,6.162381215511008
14,716,random_subsets_natural_partition,7683,6.098651968807963
14,716,random_subsets_natural_partition,7684,6.133064413355837
14,716,random_subsets_natural_partition,7685,6.154871349529787
14,716,random_subsets_natural_partition,7686,6.1402622915336975
14,716,random_subsets_natural_partition,7687,6.1522628306382625
14,716,random_subsets_natural_partition,7688,6.118879212477668
14,716,random_subsets_natural_partition,7689,6.12273070723515
14,716,random_subsets_natural_partition,7690,6.1277639066832705
14,716,random_subsets_natural_partition,7691,6.136910843938204
14,716,random_subsets_natural_partition,7692,6.142628305438808
14,716,random_subsets_natural_partition,7693,6.16264039347501
14,716,random_subsets_natural_partition,7694,6.1414623386127305
14,716,random_subsets_natural_partition,7695,6.117645312718905
14,716,random_subsets_natural_partition,7696,6.14790098431852
14,716,random_subsets_natural_partition,7697,6.120581178173771
14,716,random_subsets_natural_partition,7698,6.144270387821649
14,716,random_subsets_natural_partition,7699,6.133035847108962
14,716,random_subsets_natural_partition,7700,6.123321373223549
14,716,random_subsets_natural_partition,7701,6.138488100711608
14,716,random_subsets_natural_partition,7702,6.162524506456236
14,716,random_subsets_natural_partition,7703,6.114093047128438
14,716,random_subsets_natural_partition,7704,6.171859359849044
14,716,random_subsets_natural_partition,7705,6.13035565228925
14,716,random_subsets_natural_partition,7706,6.155814251000308
14,716,random_subsets_natural_partition,7707,6.15699205733942
14,716,random_subsets_natural_partition,7708,6.1102334111212935
14,716,random_subsets_natural_partition,7709,6.150011365912172
14,716,random_subsets_natural_partition,7710,6.131372277894134
14,716,random_subsets_natural_partition,7711,6.145328499057854
14,716,random_subsets_natural_partition,7712,6.114147932890735
14,716,random_subsets_natural_partition,7713,6.141945067648091
14,716,random_subsets_natural_partition,7714,6.129239254224219
14,716,random_subsets_natural_partition,7715,6.160010669499281
14,716,random_subsets_natural_partition,7716,6.17347787441244
14,716,random_subsets_natural_partition,7717,6.1196908941517485
14,716,random_subsets_natural_partition,7718,6.154328277392857
14,716,random_subsets_natural_partition,7719,6.14827330870277
14,716,random_subsets_natural_partition,7720,6.133698546877703
14,716,random_subsets_natural_partition,7721,6.156535749681408
14,716,random_subsets_natural_partition,7722,6.129733805123289
14,716,random_subsets_natural_partition,7723,6.1338876629807615
14,716,random_subsets_natural_partition,7724,6.132847953889894
14,716,random_subsets_natural_partition,7725,6.176981618869462
14,716,random_subsets_natural_partition,7726,6.1576480956017745
14,716,random_subsets_natural_partition,7727,6.126796544245217
14,716,random_subsets_natural_partition,7728,6.150359359782014
14,716,random_subsets_natural_partition,7729,6.135194527230578
14,716,random_subsets_natural_partition,7730,6.1172300989513735
14,716,random_subsets_natural_partition,7731,6.119425748807773
14,716,random_subsets_natural_partition,7732,6.12115271515706
14,716,random_subsets_natural_partition,7733,6.1352622810371935
14,716,random_subsets_natural_partition,7734,6.1811906532168255
14,716,random_subsets_natural_partition,7735,6.137248050012352
14,716,random_subsets_natural_partition,7736,6.149102166647009
14,716,random_subsets_natural_partition,7737,6.1457056245651875
14,716,random_subsets_natural_partition,7738,6.137180171559719
14,716,random_subsets_natural_partition,7739,6.154081887522318
14,716,random_subsets_natural_partition,7740,6.1378254355779855
14,716,random_subsets_natural_partition,7741,6.1620509585500525
14,716,random_subsets_natural_partition,7742,6.130355830082868
14,716,random_subsets_natural_partition,7743,6.128722814045004
14,716,random_subsets_natural_partition,7744,6.14607669871948
14,716,random_subsets_natural_partition,7745,6.172509254407062
14,716,random_subsets_natural_partition,7746,6.118214229752443
14,716,random_subsets_natural_partition,7747,6.171846940247988
14,716,random_subsets_natural_partition,7748,6.100095105992612
14,716,random_subsets_natural_partition,7749,6.126112224181946
14,716,random_subsets_natural_partition,7750,6.121607371139359
14,716,random_subsets_natural_partition,7751,6.146614837663307
14,716,random_subsets_natural_partition,7752,6.142726563304679
14,716,random_subsets_natural_partition,7753,6.164899299381293
14,716,random_subsets_natural_partition,7754,6.123469359655684
14,716,random_subsets_natural_partition,7755,6.130067497870903
14,716,random_subsets_natural_partition,7756,6.149040473085227
14,716,random_subsets_natural_partition,7757,6.111026164520891
14,716,random_subsets_natural_partition,7758,6.166631489835138
14,716,random_subsets_natural_partition,7759,6.127371769538939
14,716,random_subsets_natural_partition,7760,6.13715890414423
14,716,random_subsets_natural_partition,7761,6.142609938221243
14,716,random_subsets_natural_partition,7762,6.146051495127822
14,716,random_subsets_natural_partition,7763,6.142498533697171
14,716,random_subsets_natural_partition,7764,6.147921971411379
14,716,random_subsets_natural_partition,7765,6.136318036054323
14,716,random_subsets_natural_partition,7766,6.155961206707183
14,716,random_subsets_natural_partition,7767,6.1170782192186275
14,716,random_subsets_natural_partition,7768,6.145412993422921
14,716,random_subsets_natural_partition,7769,6.135211328454071
14,716,random_subsets_natural_partition,7770,6.143683818569302
14,716,random_subsets_natural_partition,7771,6.161443340962904
14,716,random_subsets_natural_partition,7772,6.161906880586757
14,716,random_subsets_natural_partition,7773,6.166457240064521
14,716,random_subsets_natural_partition,7774,6.13671708851213
14,716,random_subsets_natural_partition,7775,6.163711463927567
14,716,random_subsets_natural_partition,7776,6.153755720973378
14,716,random_subsets_natural_partition,7777,6.10934578510202
14,716,random_subsets_natural_partition,7778,6.134566863873911
14,716,random_subsets_natural_partition,7779,6.1712288222677145
14,716,random_subsets_natural_partition,7780,6.1471930845934795
14,716,random_subsets_natural_partition,7781,6.1451720796991625
14,716,random_subsets_natural_partition,7782,6.15419859191299
14,716,random_subsets_natural_partition,7783,6.1752696919191745
14,716,random_subsets_natural_partition,7784,6.115044637693804
14,716,random_subsets_natural_partition,7785,6.086779113559981
14,716,random_subsets_natural_partition,7786,6.133648022408197
14,716,random_subsets_natural_partition,7787,6.133942558179382
14,716,random_subsets_natural_partition,7788,6.1688846229332
14,716,random_subsets_natural_partition,7789,6.1435317688033635
14,716,random_subsets_natural_partition,7790,6.135597529718286
14,716,random_subsets_natural_partition,7791,6.130277395819142
14,716,random_subsets_natural_partition,7792,6.119677879500234
14,716,random_subsets_natural_partition,7793,6.148237969959008
14,716,random_subsets_natural_partition,7794,6.11971743422419
14,716,random_subsets_natural_partition,7795,6.138787435765156
14,716,random_subsets_natural_partition,7796,6.157527279006442
14,716,random_subsets_natural_partition,7797,6.137539031765088
14,716,random_subsets_natural_partition,7798,6.1280998216346925
14,716,random_subsets_natural_partition,7799,6.165387987501099
14,716,random_subsets_natural_partition,7800,6.088212410694771
14,716,random_subsets_natural_partition,7801,6.151695084802502
14,716,random_subsets_natural_partition,7802,6.162638082109478
14,716,random_subsets_natural_partition,7803,6.1341748989601115
14,716,random_subsets_natural_partition,7804,6.1574473468863955
14,716,random_subsets_natural_partition,7805,6.151997672019086
14,716,random_subsets_natural_partition,7806,6.161998474117971
14,716,random_subsets_natural_partition,7807,6.126778360376973
14,716,random_subsets_natural_partition,7808,6.127119168267462
14,716,random_subsets_natural_partition,7809,6.150072861717092
14,716,random_subsets_natural_partition,7810,6.104395755279336
14,716,random_subsets_natural_partition,7811,6.140420999923093
14,716,random_subsets_natural_partition,7812,6.147134656662398
14,716,random_subsets_natural_partition,7813,6.140921897772544
14,716,random_subsets_natural_partition,7814,6.110099013680047
14,716,random_subsets_natural_partition,7815,6.113973199551447
14,716,random_subsets_natural_partition,7816,6.149099171962787
14,716,random_subsets_natural_partition,7817,6.14234253902626
14,716,random_subsets_natural_partition,7818,6.156790793968325
14,716,random_subsets_natural_partition,7819,6.1567193106574996
14,716,random_subsets_natural_partition,7820,6.1585597358243085
14,716,random_subsets_natural_partition,7821,6.178847955058044
14,716,random_subsets_natural_partition,7822,6.138431722469
14,716,random_subsets_natural_partition,7823,6.130276853754763
14,716,random_subsets_natural_partition,7824,6.157986589082255
14,716,random_subsets_natural_partition,7825,6.151770314765957
14,716,random_subsets_natural_partition,7826,6.1339391117152
14,716,random_subsets_natural_partition,7827,6.144777273006771
14,716,random_subsets_natural_partition,7828,6.149363874470479
14,716,random_subsets_natural_partition,7829,6.144511578228811
14,716,random_subsets_natural_partition,7830,6.1067858866230535
14,716,random_subsets_natural_partition,7831,6.133708993926548
14,716,random_subsets_natural_partition,7832,6.124241857833506
14,716,random_subsets_natural_partition,7833,6.1219021399792295
14,716,random_subsets_natural_partition,7834,6.174896425562309
14,716,random_subsets_natural_partition,7835,6.112731929985978
14,716,random_subsets_natural_partition,7836,6.136346433425145
14,716,random_subsets_natural_partition,7837,6.174267576992652
14,716,random_subsets_natural_partition,7838,6.18206708667257
14,716,random_subsets_natural_partition,7839,6.138857859070401
14,716,random_subsets_natural_partition,7840,6.129946896497373
14,716,random_subsets_natural_partition,7841,6.142913674268854
14,716,random_subsets_natural_partition,7842,6.157539060672697
14,716,random_subsets_natural_partition,7843,6.132442823962055
14,716,random_subsets_natural_partition,7844,6.150749318635474
14,716,random_subsets_natural_partition,7845,6.115837243391279
14,716,random_subsets_natural_partition,7846,6.152640656354947
14,716,random_subsets_natural_partition,7847,6.128201656114043
14,716,random_subsets_natural_partition,7848,6.14944583849293
14,716,random_subsets_natural_partition,7849,6.134935300869855
14,716,random_subsets_natural_partition,7850,6.156539467680994
14,716,random_subsets_natural_partition,7851,6.136477227724248
14,716,random_subsets_natural_partition,7852,6.140866154636441
14,716,random_subsets_natural_partition,7853,6.156150756509457
14,716,random_subsets_natural_partition,7854,6.142439997432663
14,716,random_subsets_natural_partition,7855,6.144752088285854
14,716,random_subsets_natural_partition,7856,6.152879564812116
14,716,random_subsets_natural_partition,7857,6.129245430887739
14,716,random_subsets_natural_partition,7858,6.1369818753348575
14,716,random_subsets_natural_partition,7859,6.164668826302187
14,716,random_subsets_natural_partition,7860,6.130165959990616
14,716,random_subsets_natural_partition,7861,6.162380185202024
14,716,random_subsets_natural_partition,7862,6.140388469630054
14,716,random_subsets_natural_partition,7863,6.139339941064667
14,716,random_subsets_natural_partition,7864,6.148521524471973
14,716,random_subsets_natural_partition,7865,6.151010962376173
14,716,random_subsets_natural_partition,7866,6.1572286448494555
14,716,random_subsets_natural_partition,7867,6.137577217352482
14,716,random_subsets_natural_partition,7868,6.14433811671025
14,716,random_subsets_natural_partition,7869,6.134523338802126
14,716,random_subsets_natural_partition,7870,6.122411369912056
14,716,random_subsets_natural_partition,7871,6.13865394588126
14,716,random_subsets_natural_partition,7872,6.167014716764451
14,716,random_subsets_natural_partition,7873,6.165162265037196
14,716,random_subsets_natural_partition,7874,6.16459791382994
14,716,random_subsets_natural_partition,7875,6.1326964884578326
14,716,random_subsets_natural_partition,7876,6.164051647454459
14,716,random_subsets_natural_partition,7877,6.149710483850793
14,716,random_subsets_natural_partition,7878,6.136218054961646
14,716,random_subsets_natural_partition,7879,6.147915969130093
14,716,random_subsets_natural_partition,7880,6.1545878106270235
14,716,random_subsets_natural_partition,7881,6.1450819532445395
14,716,random_subsets_natural_partition,7882,6.127282695563666
14,716,random_subsets_natural_partition,7883,6.120028905177032
14,716,random_subsets_natural_partition,7884,6.139242254383792
14,716,random_subsets_natural_partition,7885,6.12778352514675
14,716,random_subsets_natural_partition,7886,6.119383524399391
14,716,random_subsets_natural_partition,7887,6.137565289620413
14,716,random_subsets_natural_partition,7888,6.163841894633932
14,716,random_subsets_natural_partition,7889,6.144057468194582
14,716,random_subsets_natural_partition,7890,6.160343545960451
14,716,random_subsets_natural_partition,7891,6.134958917060103
14,716,random_subsets_natural_partition,7892,6.132807834253872
14,716,random_subsets_natural_partition,7893,6.147269793564319
14,716,random_subsets_natural_partition,7894,6.104532231389783
14,716,random_subsets_natural_partition,7895,6.138908177063824
14,716,random_subsets_natural_partition,7896,6.153823476022692
14,716,random_subsets_natural_partition,7897,6.145105940810767
14,716,random_subsets_natural_partition,7898,6.15086779839786
14,716,random_subsets_natural_partition,7899,6.132838593269921
14,716,random_subsets_natural_partition,7900,6.170581474555041
14,716,random_subsets_natural_partition,7901,6.148206748851081
14,716,random_subsets_natural_partition,7902,6.112623416778057
14,716,random_subsets_natural_partition,7903,6.1313178787382
14,716,random_subsets_natural_partition,7904,6.142662249681458
14,716,random_subsets_natural_partition,7905,6.123240433107832
14,716,random_subsets_natural_partition,7906,6.169565285706466
14,716,random_subsets_natural_partition,7907,6.120973471266991
14,716,random_subsets_natural_partition,7908,6.171343315592564
14,716,random_subsets_natural_partition,7909,6.145500122500997
14,716,random_subsets_natural_partition,7910,6.158396687539228
14,716,random_subsets_natural_partition,7911,6.143189892513796
14,716,random_subsets_natural_partition,7912,6.128001645725371
14,716,random_subsets_natural_partition,7913,6.143523383557483
14,716,random_subsets_natural_partition,7914,6.135597486307493
14,716,random_subsets_natural_partition,7915,6.1400673821461345
14,716,random_subsets_natural_partition,7916,6.147508165523668
14,716,random_subsets_natural_partition,7917,6.154633089150128
14,716,random_subsets_natural_partition,7918,6.158702733164356
14,716,random_subsets_natural_partition,7919,6.1251766735576245
14,716,random_subsets_natural_partition,7920,6.1012343074079025
14,716,random_subsets_natural_partition,7921,6.163522637464825
14,716,random_subsets_natural_partition,7922,6.1602413147425334
14,716,random_subsets_natural_partition,7923,6.132070601185154
14,716,random_subsets_natural_partition,7924,6.151682856593717
14,716,random_subsets_natural_partition,7925,6.13623058634513
14,716,random_subsets_natural_partition,7926,6.150817630423227
14,716,random_subsets_natural_partition,7927,6.185684221893196
14,716,random_subsets_natural_partition,7928,6.147971338524423
14,716,random_subsets_natural_partition,7929,6.132176356904562
14,716,random_subsets_natural_partition,7930,6.151422503639894
14,716,random_subsets_natural_partition,7931,6.1691820001049065
14,716,random_subsets_natural_partition,7932,6.140199492767726
14,716,random_subsets_natural_partition,7933,6.156147175882208
14,716,random_subsets_natural_partition,7934,6.1438073619447895
14,716,random_subsets_natural_partition,7935,6.141577951217152
14,716,random_subsets_natural_partition,7936,6.16222461820826
14,716,random_subsets_natural_partition,7937,6.127956024160593
14,716,random_subsets_natural_partition,7938,6.11312901766152
14,716,random_subsets_natural_partition,7939,6.155601271387399
14,716,random_subsets_natural_partition,7940,6.14552224162045
14,716,random_subsets_natural_partition,7941,6.1690710941060045
14,716,random_subsets_natural_partition,7942,6.146544226304335
14,716,random_subsets_natural_partition,7943,6.123604575849245
14,716,random_subsets_natural_partition,7944,6.1375786824365335
14,716,random_subsets_natural_partition,7945,6.151121413543973
14,716,random_subsets_natural_partition,7946,6.137904452333729
14,716,random_subsets_natural_partition,7947,6.148180173709623
14,716,random_subsets_natural_partition,7948,6.156926892708467
14,716,random_subsets_natural_partition,7949,6.131885190071968
14,716,random_subsets_natural_partition,7950,6.145392126321242
14,716,random_subsets_natural_partition,7951,6.1472310472637055
14,716,random_subsets_natural_partition,7952,6.153886046337711
14,716,random_subsets_natural_partition,7953,6.1349888836059385
14,716,random_subsets_natural_partition,7954,6.153441147829452
14,716,random_subsets_natural_partition,7955,6.102775275218025
14,716,random_subsets_natural_partition,7956,6.131149742931285
14,716,random_subsets_natural_partition,7957,6.094551128366453
14,716,random_subsets_natural_partition,7958,6.1459760658499585
14,716,random_subsets_natural_partition,7959,6.155738475209064
14,716,random_subsets_natural_partition,7960,6.145256083773184
14,716,random_subsets_natural_partition,7961,6.130246483413372
14,716,random_subsets_natural_partition,7962,6.156778604000174
14,716,random_subsets_natural_partition,7963,6.115570197512057
14,716,random_subsets_natural_partition,7964,6.129268549199171
14,716,random_subsets_natural_partition,7965,6.1194492046289675
14,716,random_subsets_natural_partition,7966,6.116321882895976
14,716,random_subsets_natural_partition,7967,6.147862026999569
14,716,random_subsets_natural_partition,7968,6.149116093753267
14,716,random_subsets_natural_partition,7969,6.137752636092714
14,716,random_subsets_natural_partition,7970,6.148888273967618
14,716,random_subsets_natural_partition,7971,6.130433009884299
14,716,random_subsets_natural_partition,7972,6.150087997651875
14,716,random_subsets_natural_partition,7973,6.161871525744675
14,716,random_subsets_natural_partition,7974,6.139638533450572
14,716,random_subsets_natural_partition,7975,6.13190868103195
14,716,random_subsets_natural_partition,7976,6.156764764324597
14,716,random_subsets_natural_partition,7977,6.147442459075225
14,716,random_subsets_natural_partition,7978,6.150963058523706
14,716,random_subsets_natural_partition,7979,6.116055809747821
14,716,random_subsets_natural_partition,7980,6.135078229813796
14,716,random_subsets_natural_partition,7981,6.139213960273265
14,716,random_subsets_natural_partition,7982,6.133948890931144
14,716,random_subsets_natural_partition,7983,6.1565382369801265
14,716,random_subsets_natural_partition,7984,6.146369636080353
14,716,random_subsets_natural_partition,7985,6.147532084782933
14,716,random_subsets_natural_partition,7986,6.170620939755731
14,716,random_subsets_natural_partition,7987,6.143277237785377
14,716,random_subsets_natural_partition,7988,6.139622061324695
14,716,random_subsets_natural_partition,7989,6.128731978541266
14,716,random_subsets_natural_partition,7990,6.153609315398165
14,716,random_subsets_natural_partition,7991,6.132534232573431
14,716,random_subsets_natural_partition,7992,6.171565003855078
14,716,random_subsets_natural_partition,7993,6.128656199520795
14,716,random_subsets_natural_partition,7994,6.123010019383081
14,716,random_subsets_natural_partition,7995,6.148376004572977
14,716,random_subsets_natural_partition,7996,6.096542824279005
14,716,random_subsets_natural_partition,7997,6.11370132969138
14,716,random_subsets_natural_partition,7998,6.108767185205317
14,716,random_subsets_natural_partition,7999,6.111147134589731
14,716,random_subsets_natural_partition,8000,6.151471569178549
14,716,random_subsets_natural_partition,8001,6.138808755924054
14,716,random_subsets_natural_partition,8002,6.10977187208404
14,716,random_subsets_natural_partition,8003,6.125834131174108
14,716,random_subsets_natural_partition,8004,6.153261807106066
14,716,random_subsets_natural_partition,8005,6.133437143206778
14,716,random_subsets_natural_partition,8006,6.16060140429202
14,716,random_subsets_natural_partition,8007,6.142721846726043
14,716,random_subsets_natural_partition,8008,6.116558338784858
14,716,random_subsets_natural_partition,8009,6.1693763655214875
14,716,random_subsets_natural_partition,8010,6.155425449953088
14,716,random_subsets_natural_partition,8011,6.136195350051177
14,716,random_subsets_natural_partition,8012,6.148695382366298
14,716,random_subsets_natural_partition,8013,6.134253352993977
14,716,random_subsets_natural_partition,8014,6.151345653210068
14,716,random_subsets_natural_partition,8015,6.132687637521323
14,716,random_subsets_natural_partition,8016,6.121715327758813
14,716,random_subsets_natural_partition,8017,6.169285116676172
14,716,random_subsets_natural_partition,8018,6.127500682367422
14,716,random_subsets_natural_partition,8019,6.129443091942645
14,716,random_subsets_natural_partition,8020,6.128242023705842
14,716,random_subsets_natural_partition,8021,6.126631088071348
14,716,random_subsets_natural_partition,8022,6.180388648193953
14,716,random_subsets_natural_partition,8023,6.176218017567201
14,716,random_subsets_natural_partition,8024,6.134455428038368
14,716,random_subsets_natural_partition,8025,6.171011722955307
14,716,random_subsets_natural_partition,8026,6.133385557503455
14,716,random_subsets_natural_partition,8027,6.149153084030578
14,716,random_subsets_natural_partition,8028,6.152270129233618
14,716,random_subsets_natural_partition,8029,6.146256720231123
14,716,random_subsets_natural_partition,8030,6.14836834973579
14,716,random_subsets_natural_partition,8031,6.124581063106604
14,716,random_subsets_natural_partition,8032,6.143842810850239
14,716,random_subsets_natural_partition,8033,6.179277880205893
14,716,random_subsets_natural_partition,8034,6.153588204774592
14,716,random_subsets_natural_partition,8035,6.120382743821357
14,716,random_subsets_natural_partition,8036,6.153850158271615
14,716,random_subsets_natural_partition,8037,6.129064503962574
14,716,random_subsets_natural_partition,8038,6.124483627257678
14,716,random_subsets_natural_partition,8039,6.1572446652846144
14,716,random_subsets_natural_partition,8040,6.181172817978797
14,716,random_subsets_natural_partition,8041,6.135972748909462
14,716,random_subsets_natural_partition,8042,6.151473034305258
14,716,random_subsets_natural_partition,8043,6.163689397253818
14,716,random_subsets_natural_partition,8044,6.107017771467851
14,716,random_subsets_natural_partition,8045,6.135391210369901
14,716,random_subsets_natural_partition,8046,6.130936240516375
14,716,random_subsets_natural_partition,8047,6.144314978550704
14,716,random_subsets_natural_partition,8048,6.143054552333577
14,716,random_subsets_natural_partition,8049,6.133437435249378
14,716,random_subsets_natural_partition,8050,6.186530517687546
14,716,random_subsets_natural_partition,8051,6.149896685646088
14,716,random_subsets_natural_partition,8052,6.133148840873833
14,716,random_subsets_natural_partition,8053,6.140913799483661
14,716,random_subsets_natural_partition,8054,6.106509330143993
14,716,random_subsets_natural_partition,8055,6.1549866577678385
14,716,random_subsets_natural_partition,8056,6.114887023885657
14,716,random_subsets_natural_partition,8057,6.122287147835932
14,716,random_subsets_natural_partition,8058,6.1425226397163195
14,716,random_subsets_natural_partition,8059,6.158815972136077
14,716,random_subsets_natural_partition,8060,6.15026227435144
14,716,random_subsets_natural_partition,8061,6.156212020506968
14,716,random_subsets_natural_partition,8062,6.1540374773950015
14,716,random_subsets_natural_partition,8063,6.115147103987091
14,716,random_subsets_natural_partition,8064,6.1447353040562405
14,716,random_subsets_natural_partition,8065,6.167309758392474
14,716,random_subsets_natural_partition,8066,6.153364103436158
14,716,random_subsets_natural_partition,8067,6.1624232396653005
14,716,random_subsets_natural_partition,8068,6.1311094669689155
14,716,random_subsets_natural_partition,8069,6.155039126766306
14,716,random_subsets_natural_partition,8070,6.152777369887691
14,716,random_subsets_natural_partition,8071,6.149724586236011
14,716,random_subsets_natural_partition,8072,6.14401875640929
14,716,random_subsets_natural_partition,8073,6.129422459465587
14,716,random_subsets_natural_partition,8074,6.134212784987806
14,716,random_subsets_natural_partition,8075,6.134063129172595
14,716,random_subsets_natural_partition,8076,6.1275035382777325
14,716,random_subsets_natural_partition,8077,6.138684406046317
14,716,random_subsets_natural_partition,8078,6.177733643543366
14,716,random_subsets_natural_partition,8079,6.167639515898743
14,716,random_subsets_natural_partition,8080,6.154089897484206
14,716,random_subsets_natural_partition,8081,6.16914035109696
14,716,random_subsets_natural_partition,8082,6.172525448004236
14,716,random_subsets_natural_partition,8083,6.140481449676984
14,716,random_subsets_natural_partition,8084,6.11879420418359
14,716,random_subsets_natural_partition,8085,6.153629115183097
14,716,random_subsets_natural_partition,8086,6.17485785370393
14,716,random_subsets_natural_partition,8087,6.158668333691652
14,716,random_subsets_natural_partition,8088,6.156263435715058
14,716,random_subsets_natural_partition,8089,6.138002967395178
14,716,random_subsets_natural_partition,8090,6.162565066839733
14,716,random_subsets_natural_partition,8091,6.15045946936095
14,716,random_subsets_natural_partition,8092,6.125270014250556
14,716,random_subsets_natural_partition,8093,6.12538059678327
14,716,random_subsets_natural_partition,8094,6.120635422536405
14,716,random_subsets_natural_partition,8095,6.12029758731651
14,716,random_subsets_natural_partition,8096,6.133902375554955
14,716,random_subsets_natural_partition,8097,6.148389598780403
14,716,random_subsets_natural_partition,8098,6.161091244979062
14,716,random_subsets_natural_partition,8099,6.151475916405808
14,716,random_subsets_natural_partition,8100,6.083765417051342
14,716,random_subsets_natural_partition,8101,6.161654492571874
14,716,random_subsets_natural_partition,8102,6.118177969865459
14,716,random_subsets_natural_partition,8103,6.155293817386075
14,716,random_subsets_natural_partition,8104,6.136839923429067
14,716,random_subsets_natural_partition,8105,6.129868149811519
14,716,random_subsets_natural_partition,8106,6.180510930207323
14,716,random_subsets_natural_partition,8107,6.098019242579111
14,716,random_subsets_natural_partition,8108,6.147220716805567
14,716,random_subsets_natural_partition,8109,6.169400109097324
14,716,random_subsets_natural_partition,8110,6.1768753608696105
14,716,random_subsets_natural_partition,8111,6.159792855463035
14,716,random_subsets_natural_partition,8112,6.138927868892674
14,716,random_subsets_natural_partition,8113,6.113585067251038
14,716,random_subsets_natural_partition,8114,6.123625726321709
14,716,random_subsets_natural_partition,8115,6.158143571578185
14,716,random_subsets_natural_partition,8116,6.1514646685860015
14,716,random_subsets_natural_partition,8117,6.128115292806335
14,716,random_subsets_natural_partition,8118,6.174834756358405
14,716,random_subsets_natural_partition,8119,6.144457035094179
14,716,random_subsets_natural_partition,8120,6.168513235667176
14,716,random_subsets_natural_partition,8121,6.139399550617081
14,716,random_subsets_natural_partition,8122,6.152419805159755
14,716,random_subsets_natural_partition,8123,6.133475595076735
14,716,random_subsets_natural_partition,8124,6.13446872488462
14,716,random_subsets_natural_partition,8125,6.12803328649805
14,716,random_subsets_natural_partition,8126,6.133866738296148
14,716,random_subsets_natural_partition,8127,6.160780195204982
14,716,random_subsets_natural_partition,8128,6.148670967222096
14,716,random_subsets_natural_partition,8129,6.157387746536471
14,716,random_subsets_natural_partition,8130,6.1147356378979625
14,716,random_subsets_natural_partition,8131,6.116236619975782
14,716,random_subsets_natural_partition,8132,6.15115714970193
14,716,random_subsets_natural_partition,8133,6.164227478952752
14,716,random_subsets_natural_partition,8134,6.108942340338232
14,716,random_subsets_natural_partition,8135,6.1032811709758175
14,716,random_subsets_natural_partition,8136,6.142733976503819
14,716,random_subsets_natural_partition,8137,6.152212668785118
14,716,random_subsets_natural_partition,8138,6.156714345463394
14,716,random_subsets_natural_partition,8139,6.136165977884057
14,716,random_subsets_natural_partition,8140,6.166656487679141
14,716,random_subsets_natural_partition,8141,6.1556590722061575
14,716,random_subsets_natural_partition,8142,6.1191551018492305
14,716,random_subsets_natural_partition,8143,6.133666927947091
14,716,random_subsets_natural_partition,8144,6.16111158685866
14,716,random_subsets_natural_partition,8145,6.165312892082213
14,716,random_subsets_natural_partition,8146,6.1281781195535805
14,716,random_subsets_natural_partition,8147,6.1200834717465415
14,716,random_subsets_natural_partition,8148,6.138730313034121
14,716,random_subsets_natural_partition,8149,6.133701669253412
14,716,random_subsets_natural_partition,8150,6.1206939178081115
14,716,random_subsets_natural_partition,8151,6.122113827179255
14,716,random_subsets_natural_partition,8152,6.1383382067314605
14,716,random_subsets_natural_partition,8153,6.125108271890619
14,716,random_subsets_natural_partition,8154,6.102627677934869
14,716,random_subsets_natural_partition,8155,6.160982277654013
14,716,random_subsets_natural_partition,8156,6.1796970371496585
14,716,random_subsets_natural_partition,8157,6.128359878755111
14,716,random_subsets_natural_partition,8158,6.145778860632797
14,716,random_subsets_natural_partition,8159,6.147140076096286
14,716,random_subsets_natural_partition,8160,6.150049118527618
14,716,random_subsets_natural_partition,8161,6.139116882791723
14,716,random_subsets_natural_partition,8162,6.144830632055592
14,716,random_subsets_natural_partition,8163,6.14561420391923
14,716,random_subsets_natural_partition,8164,6.162404185898896
14,716,random_subsets_natural_partition,8165,6.137311555075111
14,716,random_subsets_natural_partition,8166,6.17245581599828
14,716,random_subsets_natural_partition,8167,6.169183713543477
14,716,random_subsets_natural_partition,8168,6.150399295481844
14,716,random_subsets_natural_partition,8169,6.147765288659133
14,716,random_subsets_natural_partition,8170,6.153030829225898
14,716,random_subsets_natural_partition,8171,6.12776347020477
14,716,random_subsets_natural_partition,8172,6.135285761099033
14,716,random_subsets_natural_partition,8173,6.1601057262646455
14,716,random_subsets_natural_partition,8174,6.171349385168807
14,716,random_subsets_natural_partition,8175,6.142622086505543
14,716,random_subsets_natural_partition,8176,6.133395865674838
14,716,random_subsets_natural_partition,8177,6.172803283062456
14,716,random_subsets_natural_partition,8178,6.168470130095149
14,716,random_subsets_natural_partition,8179,6.133064996526037
14,716,random_subsets_natural_partition,8180,6.12646559725279
14,716,random_subsets_natural_partition,8181,6.1443903544590075
14,716,random_subsets_natural_partition,8182,6.153847783117932
14,716,random_subsets_natural_partition,8183,6.105739127976655
14,716,random_subsets_natural_partition,8184,6.144068946036957
14,716,random_subsets_natural_partition,8185,6.146418861983978
14,716,random_subsets_natural_partition,8186,6.134102808185636
14,716,random_subsets_natural_partition,8187,6.156531611606354
14,716,random_subsets_natural_partition,8188,6.150348558407931
14,716,random_subsets_natural_partition,8189,6.137546991006505
14,716,random_subsets_natural_partition,8190,6.17307423366733
14,716,random_subsets_natural_partition,8191,6.158346168650764
14,716,random_subsets_natural_partition,8192,6.134996664376347
14,716,random_subsets_natural_partition,8193,6.150253166838151
14,716,random_subsets_natural_partition,8194,6.12862084941733
14,716,random_subsets_natural_partition,8195,6.147395746376777
14,716,random_subsets_natural_partition,8196,6.118072673409086
14,716,random_subsets_natural_partition,8197,6.148362514782907
14,716,random_subsets_natural_partition,8198,6.109283369409256
14,716,random_subsets_natural_partition,8199,6.1435085105181955
14,716,random_subsets_natural_partition,8200,6.142793063987611
14,716,random_subsets_natural_partition,8201,6.148056108835179
14,716,random_subsets_natural_partition,8202,6.146482890720706
14,716,random_subsets_natural_partition,8203,6.16925125541129
14,716,random_subsets_natural_partition,8204,6.150597534821634
14,716,random_subsets_natural_partition,8205,6.124029040133137
14,716,random_subsets_natural_partition,8206,6.141307141504021
14,716,random_subsets_natural_partition,8207,6.095369747703735
14,716,random_subsets_natural_partition,8208,6.121218282932495
14,716,random_subsets_natural_partition,8209,6.1436331835285864
14,716,random_subsets_natural_partition,8210,6.127159918171748
14,716,random_subsets_natural_partition,8211,6.1435915560348295
14,716,random_subsets_natural_partition,8212,6.156627512311142
14,716,random_subsets_natural_partition,8213,6.13860120783204
14,716,random_subsets_natural_partition,8214,6.150949877936959
14,716,random_subsets_natural_partition,8215,6.121430506534062
14,716,random_subsets_natural_partition,8216,6.175705052435358
14,716,random_subsets_natural_partition,8217,6.151638788809539
14,716,random_subsets_natural_partition,8218,6.13429391422789
14,716,random_subsets_natural_partition,8219,6.165456022961813
14,716,random_subsets_natural_partition,8220,6.1684979274746174
14,716,random_subsets_natural_partition,8221,6.156094271520263
14,716,random_subsets_natural_partition,8222,6.141787594772339
14,716,random_subsets_natural_partition,8223,6.134389160550807
14,716,random_subsets_natural_partition,8224,6.123596599125722
14,716,random_subsets_natural_partition,8225,6.127359671845025
14,716,random_subsets_natural_partition,8226,6.182333681294791
14,716,random_subsets_natural_partition,8227,6.14696990229032
14,716,random_subsets_natural_partition,8228,6.158560275308138
14,716,random_subsets_natural_partition,8229,6.140449199996716
14,716,random_subsets_natural_partition,8230,6.1441279492955445
14,716,random_subsets_natural_partition,8231,6.156895473024136
14,716,random_subsets_natural_partition,8232,6.135518215675779
14,716,random_subsets_natural_partition,8233,6.134059482622795
14,716,random_subsets_natural_partition,8234,6.125259479418634
14,716,random_subsets_natural_partition,8235,6.139257819243203
14,716,random_subsets_natural_partition,8236,6.1843847313058795
14,716,random_subsets_natural_partition,8237,6.1649764692713065
14,716,random_subsets_natural_partition,8238,6.163037929664156
14,716,random_subsets_natural_partition,8239,6.115802491506143
14,716,random_subsets_natural_partition,8240,6.119402286282203
14,716,random_subsets_natural_partition,8241,6.117342461382971
14,716,random_subsets_natural_partition,8242,6.154803025608637
14,716,random_subsets_natural_partition,8243,6.1485866355498695
14,716,random_subsets_natural_partition,8244,6.155472517078784
14,716,random_subsets_natural_partition,8245,6.1516282802109385
14,716,random_subsets_natural_partition,8246,6.1856764164073565
14,716,random_subsets_natural_partition,8247,6.107152881995058
14,716,random_subsets_natural_partition,8248,6.128173872450496
14,716,random_subsets_natural_partition,8249,6.141495296305367
14,716,random_subsets_natural_partition,8250,6.1358292679484165
14,716,random_subsets_natural_partition,8251,6.145746650123841
14,716,random_subsets_natural_partition,8252,6.162071694885927
14,716,random_subsets_natural_partition,8253,6.1531159160000115
14,716,random_subsets_natural_partition,8254,6.161182241799982
14,716,random_subsets_natural_partition,8255,6.15036345145922
14,716,random_subsets_natural_partition,8256,6.154233635860531
14,716,random_subsets_natural_partition,8257,6.149288056330888
14,716,random_subsets_natural_partition,8258,6.1542344919314935
14,716,random_subsets_natural_partition,8259,6.1352254364040535
14,716,random_subsets_natural_partition,8260,6.141483213460182
14,716,random_subsets_natural_partition,8261,6.148807948983323
14,716,random_subsets_natural_partition,8262,6.12864420029347
14,716,random_subsets_natural_partition,8263,6.1707369442917015
14,716,random_subsets_natural_partition,8264,6.143144512830418
14,716,random_subsets_natural_partition,8265,6.122898086626716
14,716,random_subsets_natural_partition,8266,6.192194476164599
14,716,random_subsets_natural_partition,8267,6.140625382553508
14,716,random_subsets_natural_partition,8268,6.133402157874965
14,716,random_subsets_natural_partition,8269,6.137517597041288
14,716,random_subsets_natural_partition,8270,6.124308946420941
14,716,random_subsets_natural_partition,8271,6.146645400038289
14,716,random_subsets_natural_partition,8272,6.128314529856844
14,716,random_subsets_natural_partition,8273,6.15584367380688
14,716,random_subsets_natural_partition,8274,6.172434880252821
14,716,random_subsets_natural_partition,8275,6.162968664076335
14,716,random_subsets_natural_partition,8276,6.168454346180068
14,716,random_subsets_natural_partition,8277,6.121681647856583
14,716,random_subsets_natural_partition,8278,6.116450221232068
14,716,random_subsets_natural_partition,8279,6.170437005795605
14,716,random_subsets_natural_partition,8280,6.136288647666141
14,716,random_subsets_natural_partition,8281,6.13227521111619
14,716,random_subsets_natural_partition,8282,6.165172955793143
14,716,random_subsets_natural_partition,8283,6.153546464248834
14,716,random_subsets_natural_partition,8284,6.142105615424531
14,716,random_subsets_natural_partition,8285,6.143990441206375
14,716,random_subsets_natural_partition,8286,6.148272400877038
14,716,random_subsets_natural_partition,8287,6.155983202325996
14,716,random_subsets_natural_partition,8288,6.140469221991254
14,716,random_subsets_natural_partition,8289,6.133234087203673
14,716,random_subsets_natural_partition,8290,6.164464867466014
14,716,random_subsets_natural_partition,8291,6.157099666991843
14,716,random_subsets_natural_partition,8292,6.146664047903322
14,716,random_subsets_natural_partition,8293,6.158786909512487
14,716,random_subsets_natural_partition,8294,6.145660614230094
14,716,random_subsets_natural_partition,8295,6.173997409971416
14,716,random_subsets_natural_partition,8296,6.125618282516117
14,716,random_subsets_natural_partition,8297,6.161886359010759
14,716,random_subsets_natural_partition,8298,6.130351663617411
14,716,random_subsets_natural_partition,8299,6.120915900060964
14,716,random_subsets_natural_partition,8300,6.165029927828839
14,716,random_subsets_natural_partition,8301,6.15175446584422
14,716,random_subsets_natural_partition,8302,6.138059216729756
14,716,random_subsets_natural_partition,8303,6.1228901564891105
14,716,random_subsets_natural_partition,8304,6.118870172927404
14,716,random_subsets_natural_partition,8305,6.151763343343599
14,716,random_subsets_natural_partition,8306,6.122725856831708
14,716,random_subsets_natural_partition,8307,6.1201547092268385
14,716,random_subsets_natural_partition,8308,6.122134163202254
14,716,random_subsets_natural_partition,8309,6.160241264655064
14,716,random_subsets_natural_partition,8310,6.120894284234603
14,716,random_subsets_natural_partition,8311,6.1641777361075984
14,716,random_subsets_natural_partition,8312,6.130740388767763
14,716,random_subsets_natural_partition,8313,6.120366116032187
14,716,random_subsets_natural_partition,8314,6.168694067758767
14,716,random_subsets_natural_partition,8315,6.117287315766937
14,716,random_subsets_natural_partition,8316,6.124244144903855
14,716,random_subsets_natural_partition,8317,6.168315584689892
14,716,random_subsets_natural_partition,8318,6.137957551277034
14,716,random_subsets_natural_partition,8319,6.1384583128947
14,716,random_subsets_natural_partition,8320,6.14231666421714
14,716,random_subsets_natural_partition,8321,6.163402042534681
14,716,random_subsets_natural_partition,8322,6.145904011403013
14,716,random_subsets_natural_partition,8323,6.16391976049651
14,716,random_subsets_natural_partition,8324,6.1477126114978455
14,716,random_subsets_natural_partition,8325,6.144652783842224
14,716,random_subsets_natural_partition,8326,6.138192668311852
14,716,random_subsets_natural_partition,8327,6.136472052058932
14,716,random_subsets_natural_partition,8328,6.137463527477381
14,716,random_subsets_natural_partition,8329,6.157757337565186
14,716,random_subsets_natural_partition,8330,6.14412197668037
14,716,random_subsets_natural_partition,8331,6.114925514809399
14,716,random_subsets_natural_partition,8332,6.101440367158371
14,716,random_subsets_natural_partition,8333,6.106515575038656
14,716,random_subsets_natural_partition,8334,6.160074385055829
14,716,random_subsets_natural_partition,8335,6.119819272611401
14,716,random_subsets_natural_partition,8336,6.148317121704471
14,716,random_subsets_natural_partition,8337,6.128019445080212
14,716,random_subsets_natural_partition,8338,6.1359062949194785
14,716,random_subsets_natural_partition,8339,6.15519410110017
14,716,random_subsets_natural_partition,8340,6.141356415617907
14,716,random_subsets_natural_partition,8341,6.133014023651727
14,716,random_subsets_natural_partition,8342,6.141299396609652
14,716,random_subsets_natural_partition,8343,6.140679210734079
14,716,random_subsets_natural_partition,8344,6.131332671581141
14,716,random_subsets_natural_partition,8345,6.156418810714165
14,716,random_subsets_natural_partition,8346,6.162414928942705
14,716,random_subsets_natural_partition,8347,6.16402760419166
14,716,random_subsets_natural_partition,8348,6.124235187222418
14,716,random_subsets_natural_partition,8349,6.172528374936671
14,716,random_subsets_natural_partition,8350,6.126273894966227
14,716,random_subsets_natural_partition,8351,6.172620364866425
14,716,random_subsets_natural_partition,8352,6.1546381936041685
14,716,random_subsets_natural_partition,8353,6.136031967735541
14,716,random_subsets_natural_partition,8354,6.134550975567632
14,716,random_subsets_natural_partition,8355,6.145511816729476
14,716,random_subsets_natural_partition,8356,6.140062470417679
14,716,random_subsets_natural_partition,8357,6.123768104550151
14,716,random_subsets_natural_partition,8358,6.1247757859597245
14,716,random_subsets_natural_partition,8359,6.169689146190341
14,716,random_subsets_natural_partition,8360,6.11581546662905
14,716,random_subsets_natural_partition,8361,6.099436928991301
14,716,random_subsets_natural_partition,8362,6.144929405395722
14,716,random_subsets_natural_partition,8363,6.163836511130145
14,716,random_subsets_natural_partition,8364,6.14216923136858
14,716,random_subsets_natural_partition,8365,6.148838211674289
14,716,random_subsets_natural_partition,8366,6.134903019784084
14,716,random_subsets_natural_partition,8367,6.150618348567746
14,716,random_subsets_natural_partition,8368,6.158095800980546
14,716,random_subsets_natural_partition,8369,6.166903259582825
14,716,random_subsets_natural_partition,8370,6.124536141588194
14,716,random_subsets_natural_partition,8371,6.14870910275829
14,716,random_subsets_natural_partition,8372,6.125136467138261
14,716,random_subsets_natural_partition,8373,6.150639371596256
14,716,random_subsets_natural_partition,8374,6.146794452298266
14,716,random_subsets_natural_partition,8375,6.145229246736881
14,716,random_subsets_natural_partition,8376,6.148460171044116
14,716,random_subsets_natural_partition,8377,6.131466014509313
14,716,random_subsets_natural_partition,8378,6.139297811036846
14,716,random_subsets_natural_partition,8379,6.129496575856162
14,716,random_subsets_natural_partition,8380,6.149338415390162
14,716,random_subsets_natural_partition,8381,6.133382686055857
14,716,random_subsets_natural_partition,8382,6.142631796359308
14,716,random_subsets_natural_partition,8383,6.1181956068028995
14,716,random_subsets_natural_partition,8384,6.141500330904409
14,716,random_subsets_natural_partition,8385,6.120145105243723
14,716,random_subsets_natural_partition,8386,6.133845786850869
14,716,random_subsets_natural_partition,8387,6.096212461922347
14,716,random_subsets_natural_partition,8388,6.142273343067934
14,716,random_subsets_natural_partition,8389,6.1530505486404
14,716,random_subsets_natural_partition,8390,6.136463621740052
14,716,random_subsets_natural_partition,8391,6.1374182025907675
14,716,random_subsets_natural_partition,8392,6.159155406285217
14,716,random_subsets_natural_partition,8393,6.135256888962876
14,716,random_subsets_natural_partition,8394,6.136742367438084
14,716,random_subsets_natural_partition,8395,6.131003613950766
14,716,random_subsets_natural_partition,8396,6.150409627452471
14,716,random_subsets_natural_partition,8397,6.126945253696409
14,716,random_subsets_natural_partition,8398,6.150150918986888
14,716,random_subsets_natural_partition,8399,6.174284058780904
14,716,random_subsets_natural_partition,8400,6.141528322377544
14,716,random_subsets_natural_partition,8401,6.114509454037346
14,716,random_subsets_natural_partition,8402,6.13468357801854
14,716,random_subsets_natural_partition,8403,6.138039906869218
14,716,random_subsets_natural_partition,8404,6.155437000270134
14,716,random_subsets_natural_partition,8405,6.12710228309472
14,716,random_subsets_natural_partition,8406,6.183696520124228
14,716,random_subsets_natural_partition,8407,6.122246894702467
14,716,random_subsets_natural_partition,8408,6.143868879209426
14,716,random_subsets_natural_partition,8409,6.138785570318421
14,716,random_subsets_natural_partition,8410,6.147906150116234
14,716,random_subsets_natural_partition,8411,6.165411063936997
14,716,random_subsets_natural_partition,8412,6.1479868402782385
14,716,random_subsets_natural_partition,8413,6.155909358122149
14,716,random_subsets_natural_partition,8414,6.143362212735514
14,716,random_subsets_natural_partition,8415,6.150858086163704
14,716,random_subsets_natural_partition,8416,6.139027827169579
14,716,random_subsets_natural_partition,8417,6.147044156563535
14,716,random_subsets_natural_partition,8418,6.1538544992321
14,716,random_subsets_natural_partition,8419,6.155644133064571
14,716,random_subsets_natural_partition,8420,6.158645660424275
14,716,random_subsets_natural_partition,8421,6.1690251184793095
14,716,random_subsets_natural_partition,8422,6.1602366430411655
14,716,random_subsets_natural_partition,8423,6.169477043540094
14,716,random_subsets_natural_partition,8424,6.154925218252776
14,716,random_subsets_natural_partition,8425,6.111528945666731
14,716,random_subsets_natural_partition,8426,6.135412624383164
14,716,random_subsets_natural_partition,8427,6.149356233820781
14,716,random_subsets_natural_partition,8428,6.1829264651828195
14,716,random_subsets_natural_partition,8429,6.13353546203754
14,716,random_subsets_natural_partition,8430,6.1500359757335845
14,716,random_subsets_natural_partition,8431,6.15828729769833
14,716,random_subsets_natural_partition,8432,6.148055944074584
14,716,random_subsets_natural_partition,8433,6.135442550283626
14,716,random_subsets_natural_partition,8434,6.1214145736971295
14,716,random_subsets_natural_partition,8435,6.170029847352122
14,716,random_subsets_natural_partition,8436,6.133109276172427
14,716,random_subsets_natural_partition,8437,6.1585469239565835
14,716,random_subsets_natural_partition,8438,6.138612638573893
14,716,random_subsets_natural_partition,8439,6.1407512219732725
14,716,random_subsets_natural_partition,8440,6.127138306909772
14,716,random_subsets_natural_partition,8441,6.153169259373831
14,716,random_subsets_natural_partition,8442,6.163344259174689
14,716,random_subsets_natural_partition,8443,6.150727723749756
14,716,random_subsets_natural_partition,8444,6.158781948245521
14,716,random_subsets_natural_partition,8445,6.1196299651374
14,716,random_subsets_natural_partition,8446,6.158889303271714
14,716,random_subsets_natural_partition,8447,6.176789001106977
14,716,random_subsets_natural_partition,8448,6.1805718302739585
14,716,random_subsets_natural_partition,8449,6.146424320840266
14,716,random_subsets_natural_partition,8450,6.146078429832902
14,716,random_subsets_natural_partition,8451,6.165393516131303
14,716,random_subsets_natural_partition,8452,6.166791796390223
14,716,random_subsets_natural_partition,8453,6.1489750401523215
14,716,random_subsets_natural_partition,8454,6.1528499063218005
14,716,random_subsets_natural_partition,8455,6.156897915590737
14,716,random_subsets_natural_partition,8456,6.120794753755517
14,716,random_subsets_natural_partition,8457,6.146826368116484
14,716,random_subsets_natural_partition,8458,6.134697022020684
14,716,random_subsets_natural_partition,8459,6.138046755162298
14,716,random_subsets_natural_partition,8460,6.1388003806959155
14,716,random_subsets_natural_partition,8461,6.15910733126752
14,716,random_subsets_natural_partition,8462,6.132567637356991
14,716,random_subsets_natural_partition,8463,6.117284095554987
14,716,random_subsets_natural_partition,8464,6.1439701433234175
14,716,random_subsets_natural_partition,8465,6.158407855367795
14,716,random_subsets_natural_partition,8466,6.131648557710498
14,716,random_subsets_natural_partition,8467,6.141884302557183
14,716,random_subsets_natural_partition,8468,6.108331977276077
14,716,random_subsets_natural_partition,8469,6.131656276017378
14,716,random_subsets_natural_partition,8470,6.136168012167288
14,716,random_subsets_natural_partition,8471,6.155628064184973
14,716,random_subsets_natural_partition,8472,6.149624681176468
14,716,random_subsets_natural_partition,8473,6.121346464690481
14,716,random_subsets_natural_partition,8474,6.149827986580136
14,716,random_subsets_natural_partition,8475,6.163342509167528
14,716,random_subsets_natural_partition,8476,6.154800845702465
14,716,random_subsets_natural_partition,8477,6.1315028613952975
14,716,random_subsets_natural_partition,8478,6.168335980054619
14,716,random_subsets_natural_partition,8479,6.163809791834391
14,716,random_subsets_natural_partition,8480,6.12786922162356
14,716,random_subsets_natural_partition,8481,6.138728172767244
14,716,random_subsets_natural_partition,8482,6.139080134794953
14,716,random_subsets_natural_partition,8483,6.178055516522116
14,716,random_subsets_natural_partition,8484,6.112972180345901
14,716,random_subsets_natural_partition,8485,6.140756827792648
14,716,random_subsets_natural_partition,8486,6.090954625791862
14,716,random_subsets_natural_partition,8487,6.149725601747367
14,716,random_subsets_natural_partition,8488,6.143219711540978
14,716,random_subsets_natural_partition,8489,6.136972899103085
14,716,random_subsets_natural_partition,8490,6.141061724377274
14,716,random_subsets_natural_partition,8491,6.141684202003627
14,716,random_subsets_natural_partition,8492,6.147776824882294
14,716,random_subsets_natural_partition,8493,6.1648904259851225
14,716,random_subsets_natural_partition,8494,6.138766071265974
14,716,random_subsets_natural_partition,8495,6.147181984833571
14,716,random_subsets_natural_partition,8496,6.149213827951398
14,716,random_subsets_natural_partition,8497,6.110287932814861
14,716,random_subsets_natural_partition,8498,6.1325925084988455
14,716,random_subsets_natural_partition,8499,6.1864444859186785
14,716,random_subsets_natural_partition,8500,6.129597400821953
14,716,random_subsets_natural_partition,8501,6.135391034407215
14,716,random_subsets_natural_partition,8502,6.158818990950845
14,716,random_subsets_natural_partition,8503,6.152041781154289
14,716,random_subsets_natural_partition,8504,6.14031446444989
14,716,random_subsets_natural_partition,8505,6.180675566682169
14,716,random_subsets_natural_partition,8506,6.1348762908036285
14,716,random_subsets_natural_partition,8507,6.137009086113862
14,716,random_subsets_natural_partition,8508,6.141576532098533
14,716,random_subsets_natural_partition,8509,6.1505798428593215
14,716,random_subsets_natural_partition,8510,6.09316069926972
14,716,random_subsets_natural_partition,8511,6.1774542792514575
14,716,random_subsets_natural_partition,8512,6.160253955360203
14,716,random_subsets_natural_partition,8513,6.124567555554649
14,716,random_subsets_natural_partition,8514,6.143145577485272
14,716,random_subsets_natural_partition,8515,6.172792033636063
14,716,random_subsets_natural_partition,8516,6.157114169411585
14,716,random_subsets_natural_partition,8517,6.1029938981491645
14,716,random_subsets_natural_partition,8518,6.136867102817336
14,716,random_subsets_natural_partition,8519,6.151044190756271
14,716,random_subsets_natural_partition,8520,6.1422937971118605
14,716,random_subsets_natural_partition,8521,6.139961179034118
14,716,random_subsets_natural_partition,8522,6.13287654079956
14,716,random_subsets_natural_partition,8523,6.15480369539229
14,716,random_subsets_natural_partition,8524,6.119455445862348
14,716,random_subsets_natural_partition,8525,6.177024325638745
14,716,random_subsets_natural_partition,8526,6.124804342776669
14,716,random_subsets_natural_partition,8527,6.150788236148619
14,716,random_subsets_natural_partition,8528,6.130428597561816
14,716,random_subsets_natural_partition,8529,6.157008674327534
14,716,random_subsets_natural_partition,8530,6.15341095366509
14,716,random_subsets_natural_partition,8531,6.184134748199456
14,716,random_subsets_natural_partition,8532,6.1389283977150635
14,716,random_subsets_natural_partition,8533,6.141942487942761
14,716,random_subsets_natural_partition,8534,6.147731168654966
14,716,random_subsets_natural_partition,8535,6.164479963367831
14,716,random_subsets_natural_partition,8536,6.1144937248977485
14,716,random_subsets_natural_partition,8537,6.15956379862201
14,716,random_subsets_natural_partition,8538,6.136116958949817
14,716,random_subsets_natural_partition,8539,6.15895627568428
14,716,random_subsets_natural_partition,8540,6.127144385707918
14,716,random_subsets_natural_partition,8541,6.163849294711141
14,716,random_subsets_natural_partition,8542,6.127287007917057
14,716,random_subsets_natural_partition,8543,6.1527363817404
14,716,random_subsets_natural_partition,8544,6.162447844393047
14,716,random_subsets_natural_partition,8545,6.149684867942261
14,716,random_subsets_natural_partition,8546,6.161633071556639
14,716,random_subsets_natural_partition,8547,6.119746185097378
14,716,random_subsets_natural_partition,8548,6.148953973946418
14,716,random_subsets_natural_partition,8549,6.1667187853121455
14,716,random_subsets_natural_partition,8550,6.105702422999337
14,716,random_subsets_natural_partition,8551,6.119252774215906
14,716,random_subsets_natural_partition,8552,6.131616337834477
14,716,random_subsets_natural_partition,8553,6.139974705043091
14,716,random_subsets_natural_partition,8554,6.146723329677817
14,716,random_subsets_natural_partition,8555,6.180553239312183
14,716,random_subsets_natural_partition,8556,6.1358728643623754
14,716,random_subsets_natural_partition,8557,6.141699484225076
14,716,random_subsets_natural_partition,8558,6.137141079159398
14,716,random_subsets_natural_partition,8559,6.150911864112054
14,716,random_subsets_natural_partition,8560,6.135671705183543
14,716,random_subsets_natural_partition,8561,6.1654765506843185
14,716,random_subsets_natural_partition,8562,6.102640999233756
14,716,random_subsets_natural_partition,8563,6.126705179541268
14,716,random_subsets_natural_partition,8564,6.127052268625942
14,716,random_subsets_natural_partition,8565,6.168875668706991
14,716,random_subsets_natural_partition,8566,6.14695129724847
14,716,random_subsets_natural_partition,8567,6.129534790095295
14,716,random_subsets_natural_partition,8568,6.145174888876101
14,716,random_subsets_natural_partition,8569,6.1600541761206715
14,716,random_subsets_natural_partition,8570,6.130649777511341
14,716,random_subsets_natural_partition,8571,6.122260255180596
14,716,random_subsets_natural_partition,8572,6.123474423458435
14,716,random_subsets_natural_partition,8573,6.131357442184511
14,716,random_subsets_natural_partition,8574,6.119222960998731
14,716,random_subsets_natural_partition,8575,6.1223334195644235
14,716,random_subsets_natural_partition,8576,6.154758510443451
14,716,random_subsets_natural_partition,8577,6.107782289421911
14,716,random_subsets_natural_partition,8578,6.14497110463504
14,716,random_subsets_natural_partition,8579,6.133070063508164
14,716,random_subsets_natural_partition,8580,6.1472156383044165
14,716,random_subsets_natural_partition,8581,6.128756678922326
14,716,random_subsets_natural_partition,8582,6.111122423772723
14,716,random_subsets_natural_partition,8583,6.135315876465685
14,716,random_subsets_natural_partition,8584,6.141565688039395
14,716,random_subsets_natural_partition,8585,6.165704173390701
14,716,random_subsets_natural_partition,8586,6.141294024654333
14,716,random_subsets_natural_partition,8587,6.139781632306224
14,716,random_subsets_natural_partition,8588,6.166387691457582
14,716,random_subsets_natural_partition,8589,6.113590482116425
14,716,random_subsets_natural_partition,8590,6.142279095487647
14,716,random_subsets_natural_partition,8591,6.16447035908084
14,716,random_subsets_natural_partition,8592,6.137975376141682
14,716,random_subsets_natural_partition,8593,6.113902386953547
14,716,random_subsets_natural_partition,8594,6.1328770168466
14,716,random_subsets_natural_partition,8595,6.145826052544363
14,716,random_subsets_natural_partition,8596,6.139852119044551
14,716,random_subsets_natural_partition,8597,6.15634256585633
14,716,random_subsets_natural_partition,8598,6.151736089940701
14,716,random_subsets_natural_partition,8599,6.1500704227785885
14,716,random_subsets_natural_partition,8600,6.167415849092139
14,716,random_subsets_natural_partition,8601,6.147853348133594
14,716,random_subsets_natural_partition,8602,6.163653479667682
14,716,random_subsets_natural_partition,8603,6.146232911190344
14,716,random_subsets_natural_partition,8604,6.135374429898592
14,716,random_subsets_natural_partition,8605,6.163738681982221
14,716,random_subsets_natural_partition,8606,6.152985258572382
14,716,random_subsets_natural_partition,8607,6.121188236069381
14,716,random_subsets_natural_partition,8608,6.125486885212806
14,716,random_subsets_natural_partition,8609,6.128182800352764
14,716,random_subsets_natural_partition,8610,6.142747669677906
14,716,random_subsets_natural_partition,8611,6.145756460198779
14,716,random_subsets_natural_partition,8612,6.1652244007921215
14,716,random_subsets_natural_partition,8613,6.156380943972473
14,716,random_subsets_natural_partition,8614,6.123311579842013
14,716,random_subsets_natural_partition,8615,6.145031258462994
14,716,random_subsets_natural_partition,8616,6.116995525404093
14,716,random_subsets_natural_partition,8617,6.104898827601348
14,716,random_subsets_natural_partition,8618,6.107922949249046
14,716,random_subsets_natural_partition,8619,6.110455717014661
14,716,random_subsets_natural_partition,8620,6.128383742568773
14,716,random_subsets_natural_partition,8621,6.133083825919658
14,716,random_subsets_natural_partition,8622,6.134815152510367
14,716,random_subsets_natural_partition,8623,6.1986089814891585
14,716,random_subsets_natural_partition,8624,6.154817391082836
14,716,random_subsets_natural_partition,8625,6.123061068847227
14,716,random_subsets_natural_partition,8626,6.160716931602738
14,716,random_subsets_natural_partition,8627,6.1603606831974105
14,716,random_subsets_natural_partition,8628,6.146680567339363
14,716,random_subsets_natural_partition,8629,6.103218872773429
14,716,random_subsets_natural_partition,8630,6.1442374974862615
14,716,random_subsets_natural_partition,8631,6.1557748203438365
14,716,random_subsets_natural_partition,8632,6.158454544858528
14,716,random_subsets_natural_partition,8633,6.121043213602943
14,716,random_subsets_natural_partition,8634,6.149074527526814
14,716,random_subsets_natural_partition,8635,6.16782203626293
14,716,random_subsets_natural_partition,8636,6.130767924980272
14,716,random_subsets_natural_partition,8637,6.1354563663951005
14,716,random_subsets_natural_partition,8638,6.147176024393804
14,716,random_subsets_natural_partition,8639,6.159407495313146
14,716,random_subsets_natural_partition,8640,6.134251618923735
14,716,random_subsets_natural_partition,8641,6.113542353057654
14,716,random_subsets_natural_partition,8642,6.161101830929383
14,716,random_subsets_natural_partition,8643,6.152702644589553
14,716,random_subsets_natural_partition,8644,6.17071955417021
14,716,random_subsets_natural_partition,8645,6.133192336375059
14,716,random_subsets_natural_partition,8646,6.141646109198966
14,716,random_subsets_natural_partition,8647,6.160748643525956
14,716,random_subsets_natural_partition,8648,6.154811835701712
14,716,random_subsets_natural_partition,8649,6.132707918892279
14,716,random_subsets_natural_partition,8650,6.1574706656204725
14,716,random_subsets_natural_partition,8651,6.148992555722261
14,716,random_subsets_natural_partition,8652,6.163534288222342
14,716,random_subsets_natural_partition,8653,6.146308903898687
14,716,random_subsets_natural_partition,8654,6.1528175282858495
14,716,random_subsets_natural_partition,8655,6.130791457433676
14,716,random_subsets_natural_partition,8656,6.1625519568875955
14,716,random_subsets_natural_partition,8657,6.129132708588203
14,716,random_subsets_natural_partition,8658,6.135737505566616
14,716,random_subsets_natural_partition,8659,6.17752766516515
14,716,random_subsets_natural_partition,8660,6.140549731632624
14,716,random_subsets_natural_partition,8661,6.1345828623498715
14,716,random_subsets_natural_partition,8662,6.147602560155572
14,716,random_subsets_natural_partition,8663,6.165866302765577
14,716,random_subsets_natural_partition,8664,6.152968947634769
14,716,random_subsets_natural_partition,8665,6.119708021360242
14,716,random_subsets_natural_partition,8666,6.159373404365771
14,716,random_subsets_natural_partition,8667,6.149011392786986
14,716,random_subsets_natural_partition,8668,6.186609211901875
14,716,random_subsets_natural_partition,8669,6.148063600968326
14,716,random_subsets_natural_partition,8670,6.152169353414872
14,716,random_subsets_natural_partition,8671,6.137991093664928
14,716,random_subsets_natural_partition,8672,6.098395196231593
14,716,random_subsets_natural_partition,8673,6.151177886379376
14,716,random_subsets_natural_partition,8674,6.1598370840075765
14,716,random_subsets_natural_partition,8675,6.148738422680479
14,716,random_subsets_natural_partition,8676,6.133189117426871
14,716,random_subsets_natural_partition,8677,6.153982417029802
14,716,random_subsets_natural_partition,8678,6.151116512562376
14,716,random_subsets_natural_partition,8679,6.1113241698158545
14,716,random_subsets_natural_partition,8680,6.140677293712793
14,716,random_subsets_natural_partition,8681,6.145656131274088
14,716,random_subsets_natural_partition,8682,6.14721841558042
14,716,random_subsets_natural_partition,8683,6.138187777379819
14,716,random_subsets_natural_partition,8684,6.133373724609942
14,716,random_subsets_natural_partition,8685,6.150469523852068
14,716,random_subsets_natural_partition,8686,6.084509856623473
14,716,random_subsets_natural_partition,8687,6.124381819559612
14,716,random_subsets_natural_partition,8688,6.119999398275592
14,716,random_subsets_natural_partition,8689,6.146874456252169
14,716,random_subsets_natural_partition,8690,6.163853976514917
14,716,random_subsets_natural_partition,8691,6.122147071690539
14,716,random_subsets_natural_partition,8692,6.137468174831332
14,716,random_subsets_natural_partition,8693,6.132473629475513
14,716,random_subsets_natural_partition,8694,6.120185739035464
14,716,random_subsets_natural_partition,8695,6.129749395006159
14,716,random_subsets_natural_partition,8696,6.138764300137025
14,716,random_subsets_natural_partition,8697,6.13961367837257
14,716,random_subsets_natural_partition,8698,6.146553836811549
14,716,random_subsets_natural_partition,8699,6.149139952620625
14,716,random_subsets_natural_partition,8700,6.126245918459506
14,716,random_subsets_natural_partition,8701,6.137310789386431
14,716,random_subsets_natural_partition,8702,6.170244611530424
14,716,random_subsets_natural_partition,8703,6.143989099651556
14,716,random_subsets_natural_partition,8704,6.103164500020163
14,716,random_subsets_natural_partition,8705,6.1491509725829285
14,716,random_subsets_natural_partition,8706,6.152661078100934
14,716,random_subsets_natural_partition,8707,6.126925885611185
14,716,random_subsets_natural_partition,8708,6.122966048369534
14,716,random_subsets_natural_partition,8709,6.1770555331817425
14,716,random_subsets_natural_partition,8710,6.1326788997991395
14,716,random_subsets_natural_partition,8711,6.1719326192919075
14,716,random_subsets_natural_partition,8712,6.130964776630593
14,716,random_subsets_natural_partition,8713,6.143625268745657
14,716,random_subsets_natural_partition,8714,6.147248532606324
14,716,random_subsets_natural_partition,8715,6.1530637194095785
14,716,random_subsets_natural_partition,8716,6.123126662408981
14,716,random_subsets_natural_partition,8717,6.139019547700361
14,716,random_subsets_natural_partition,8718,6.096200464154314
14,716,random_subsets_natural_partition,8719,6.1402056694050815
14,716,random_subsets_natural_partition,8720,6.110889871047761
14,716,random_subsets_natural_partition,8721,6.165030592503521
14,716,random_subsets_natural_partition,8722,6.147450345947992
14,716,random_subsets_natural_partition,8723,6.156352231183003
14,716,random_subsets_natural_partition,8724,6.138538048507635
14,716,random_subsets_natural_partition,8725,6.147776035331434
14,716,random_subsets_natural_partition,8726,6.1631170142922755
14,716,random_subsets_natural_partition,8727,6.153328696762565
14,716,random_subsets_natural_partition,8728,6.151073927227587
14,716,random_subsets_natural_partition,8729,6.13431010167799
14,716,random_subsets_natural_partition,8730,6.120596851643192
14,716,random_subsets_natural_partition,8731,6.140655095125476
14,716,random_subsets_natural_partition,8732,6.135109246180653
14,716,random_subsets_natural_partition,8733,6.163732451194614
14,716,random_subsets_natural_partition,8734,6.139976507384045
14,716,random_subsets_natural_partition,8735,6.103554186729094
14,716,random_subsets_natural_partition,8736,6.145647111119869
14,716,random_subsets_natural_partition,8737,6.122050364338929
14,716,random_subsets_natural_partition,8738,6.154799944431651
14,716,random_subsets_natural_partition,8739,6.174206459518958
14,716,random_subsets_natural_partition,8740,6.143523697601569
14,716,random_subsets_natural_partition,8741,6.1483976056185154
14,716,random_subsets_natural_partition,8742,6.128665583560306
14,716,random_subsets_natural_partition,8743,6.111927731529757
14,716,random_subsets_natural_partition,8744,6.147344012521623
14,716,random_subsets_natural_partition,8745,6.1326590043613445
14,716,random_subsets_natural_partition,8746,6.122763530495779
14,716,random_subsets_natural_partition,8747,6.137703438415034
14,716,random_subsets_natural_partition,8748,6.150123098781431
14,716,random_subsets_natural_partition,8749,6.126299894373301
14,716,random_subsets_natural_partition,8750,6.128425984383756
14,716,random_subsets_natural_partition,8751,6.132620369362233
14,716,random_subsets_natural_partition,8752,6.15527486327255
14,716,random_subsets_natural_partition,8753,6.13738493677233
14,716,random_subsets_natural_partition,8754,6.141323311399596
14,716,random_subsets_natural_partition,8755,6.157411236028966
14,716,random_subsets_natural_partition,8756,6.126040949308613
14,716,random_subsets_natural_partition,8757,6.149138583770955
14,716,random_subsets_natural_partition,8758,6.1470890834578125
14,716,random_subsets_natural_partition,8759,6.152722113804766
14,716,random_subsets_natural_partition,8760,6.135623304448275
14,716,random_subsets_natural_partition,8761,6.137882900506869
14,716,random_subsets_natural_partition,8762,6.172869243281506
14,716,random_subsets_natural_partition,8763,6.155763216110722
14,716,random_subsets_natural_partition,8764,6.161048713760882
14,716,random_subsets_natural_partition,8765,6.139490371598021
14,716,random_subsets_natural_partition,8766,6.15230161349026
14,716,random_subsets_natural_partition,8767,6.147054781002781
14,716,random_subsets_natural_partition,8768,6.122524546527484
14,716,random_subsets_natural_partition,8769,6.135561485466096
14,716,random_subsets_natural_partition,8770,6.128243761449514
14,716,random_subsets_natural_partition,8771,6.145892913498857
14,716,random_subsets_natural_partition,8772,6.157069555040417
14,716,random_subsets_natural_partition,8773,6.15781024723822
14,716,random_subsets_natural_partition,8774,6.166398534957734
14,716,random_subsets_natural_partition,8775,6.137715811625648
14,716,random_subsets_natural_partition,8776,6.154950098494297
14,716,random_subsets_natural_partition,8777,6.127464541726735
14,716,random_subsets_natural_partition,8778,6.145207629688839
14,716,random_subsets_natural_partition,8779,6.094956644257088
14,716,random_subsets_natural_partition,8780,6.147964760186356
14,716,random_subsets_natural_partition,8781,6.11466321167642
14,716,random_subsets_natural_partition,8782,6.134959096922037
14,716,random_subsets_natural_partition,8783,6.134207393835218
14,716,random_subsets_natural_partition,8784,6.145719131470067
14,716,random_subsets_natural_partition,8785,6.177058881622488
14,716,random_subsets_natural_partition,8786,6.118208654708738
14,716,random_subsets_natural_partition,8787,6.1427755498982455
14,716,random_subsets_natural_partition,8788,6.11871164532678
14,716,random_subsets_natural_partition,8789,6.125619019981782
14,716,random_subsets_natural_partition,8790,6.149303395728646
14,716,random_subsets_natural_partition,8791,6.146455580589572
14,716,random_subsets_natural_partition,8792,6.1411777035253525
14,716,random_subsets_natural_partition,8793,6.1556628608680946
14,716,random_subsets_natural_partition,8794,6.159063459454064
14,716,random_subsets_natural_partition,8795,6.131978826894526
14,716,random_subsets_natural_partition,8796,6.14514674616051
14,716,random_subsets_natural_partition,8797,6.133269177634224
14,716,random_subsets_natural_partition,8798,6.160999626172928
14,716,random_subsets_natural_partition,8799,6.144654699972366
14,716,random_subsets_natural_partition,8800,6.145029739741367
14,716,random_subsets_natural_partition,8801,6.1472931464460405
14,716,random_subsets_natural_partition,8802,6.128491707658425
14,716,random_subsets_natural_partition,8803,6.1365529184765775
14,716,random_subsets_natural_partition,8804,6.142858655131674
14,716,random_subsets_natural_partition,8805,6.152282272142255
14,716,random_subsets_natural_partition,8806,6.144242527944139
14,716,random_subsets_natural_partition,8807,6.123438292454623
14,716,random_subsets_natural_partition,8808,6.105020857487192
14,716,random_subsets_natural_partition,8809,6.166923141964993
14,716,random_subsets_natural_partition,8810,6.1393510155181925
14,716,random_subsets_natural_partition,8811,6.158979672443173
14,716,random_subsets_natural_partition,8812,6.151560592192537
14,716,random_subsets_natural_partition,8813,6.147355046952432
14,716,random_subsets_natural_partition,8814,6.132417768443886
14,716,random_subsets_natural_partition,8815,6.127189165132859
14,716,random_subsets_natural_partition,8816,6.135788424735107
14,716,random_subsets_natural_partition,8817,6.135032370673939
14,716,random_subsets_natural_partition,8818,6.1595144591368305
14,716,random_subsets_natural_partition,8819,6.146691119105197
14,716,random_subsets_natural_partition,8820,6.170024426199158
14,716,random_subsets_natural_partition,8821,6.1612819620936685
14,716,random_subsets_natural_partition,8822,6.103294328432552
14,716,random_subsets_natural_partition,8823,6.150092596165803
14,716,random_subsets_natural_partition,8824,6.152427374589809
14,716,random_subsets_natural_partition,8825,6.1452462518649975
14,716,random_subsets_natural_partition,8826,6.173798877632445
14,716,random_subsets_natural_partition,8827,6.1218936051814845
14,716,random_subsets_natural_partition,8828,6.129148707165449
14,716,random_subsets_natural_partition,8829,6.150698083648391
14,716,random_subsets_natural_partition,8830,6.167563898852631
14,716,random_subsets_natural_partition,8831,6.142560480221445
14,716,random_subsets_natural_partition,8832,6.178218200779402
14,716,random_subsets_natural_partition,8833,6.153085035253895
14,716,random_subsets_natural_partition,8834,6.1268855503301625
14,716,random_subsets_natural_partition,8835,6.126381201354366
14,716,random_subsets_natural_partition,8836,6.158841744953814
14,716,random_subsets_natural_partition,8837,6.1765729193743075
14,716,random_subsets_natural_partition,8838,6.126570850335397
14,716,random_subsets_natural_partition,8839,6.128546998528576
14,716,random_subsets_natural_partition,8840,6.100446270597851
14,716,random_subsets_natural_partition,8841,6.124608732713621
14,716,random_subsets_natural_partition,8842,6.147380134951728
14,716,random_subsets_natural_partition,8843,6.127192604260817
14,716,random_subsets_natural_partition,8844,6.161865805380347
14,716,random_subsets_natural_partition,8845,6.149346069007196
14,716,random_subsets_natural_partition,8846,6.122656412464982
14,716,random_subsets_natural_partition,8847,6.165149749740431
14,716,random_subsets_natural_partition,8848,6.161071770235639
14,716,random_subsets_natural_partition,8849,6.111502795579781
14,716,random_subsets_natural_partition,8850,6.177515370012977
14,716,random_subsets_natural_partition,8851,6.145121213220244
14,716,random_subsets_natural_partition,8852,6.179879287273954
14,716,random_subsets_natural_partition,8853,6.109786199259451
14,716,random_subsets_natural_partition,8854,6.1284866715437
14,716,random_subsets_natural_partition,8855,6.145976029787895
14,716,random_subsets_natural_partition,8856,6.150885815118327
14,716,random_subsets_natural_partition,8857,6.1545498748537195
14,716,random_subsets_natural_partition,8858,6.1540524728499655
14,716,random_subsets_natural_partition,8859,6.1657912036284745
14,716,random_subsets_natural_partition,8860,6.125473125133036
14,716,random_subsets_natural_partition,8861,6.145622203885351
14,716,random_subsets_natural_partition,8862,6.131843805206151
14,716,random_subsets_natural_partition,8863,6.136830714496975
14,716,random_subsets_natural_partition,8864,6.139421031928166
14,716,random_subsets_natural_partition,8865,6.120865135954946
14,716,random_subsets_natural_partition,8866,6.151823796140444
14,716,random_subsets_natural_partition,8867,6.147573436013518
14,716,random_subsets_natural_partition,8868,6.128795751972328
14,716,random_subsets_natural_partition,8869,6.1660638641029
14,716,random_subsets_natural_partition,8870,6.172877255767179
14,716,random_subsets_natural_partition,8871,6.170490772612449
14,716,random_subsets_natural_partition,8872,6.149631762074748
14,716,random_subsets_natural_partition,8873,6.116341990442519
14,716,random_subsets_natural_partition,8874,6.161144120875288
14,716,random_subsets_natural_partition,8875,6.158428452350009
14,716,random_subsets_natural_partition,8876,6.161558097729079
14,716,random_subsets_natural_partition,8877,6.1501588258268205
14,716,random_subsets_natural_partition,8878,6.143861194220178
14,716,random_subsets_natural_partition,8879,6.151038521042913
14,716,random_subsets_natural_partition,8880,6.112426383611355
14,716,random_subsets_natural_partition,8881,6.160148492083789
14,716,random_subsets_natural_partition,8882,6.12690315987895
14,716,random_subsets_natural_partition,8883,6.121388769225741
14,716,random_subsets_natural_partition,8884,6.124806502923202
14,716,random_subsets_natural_partition,8885,6.1279642565953605
14,716,random_subsets_natural_partition,8886,6.164497068927037
14,716,random_subsets_natural_partition,8887,6.129689938687922
14,716,random_subsets_natural_partition,8888,6.129937433864324
14,716,random_subsets_natural_partition,8889,6.11659968523436
14,716,random_subsets_natural_partition,8890,6.124732848767076
14,716,random_subsets_natural_partition,8891,6.1561981994976245
14,716,random_subsets_natural_partition,8892,6.168935049518734
14,716,random_subsets_natural_partition,8893,6.1358203274106025
14,716,random_subsets_natural_partition,8894,6.12854834112522
14,716,random_subsets_natural_partition,8895,6.137484464731305
14,716,random_subsets_natural_partition,8896,6.108758946944169
14,716,random_subsets_natural_partition,8897,6.146678723874067
14,716,random_subsets_natural_partition,8898,6.159254899172775
14,716,random_subsets_natural_partition,8899,6.1684407349191375
14,716,random_subsets_natural_partition,8900,6.146215306251844
14,716,random_subsets_natural_partition,8901,6.178444846872236
14,716,random_subsets_natural_partition,8902,6.131255995383181
14,716,random_subsets_natural_partition,8903,6.162026149463513
14,716,random_subsets_natural_partition,8904,6.119623626522177
14,716,random_subsets_natural_partition,8905,6.184808209797577
14,716,random_subsets_natural_partition,8906,6.137403865711724
14,716,random_subsets_natural_partition,8907,6.1275318975986925
14,716,random_subsets_natural_partition,8908,6.13929692296092
14,716,random_subsets_natural_partition,8909,6.142763075821622
14,716,random_subsets_natural_partition,8910,6.123938512012964
14,716,random_subsets_natural_partition,8911,6.156524547610482
14,716,random_subsets_natural_partition,8912,6.1160900091352
14,716,random_subsets_natural_partition,8913,6.176113295374563
14,716,random_subsets_natural_partition,8914,6.131928995187303
14,716,random_subsets_natural_partition,8915,6.144763241852538
14,716,random_subsets_natural_partition,8916,6.168728230095831
14,716,random_subsets_natural_partition,8917,6.149166232063052
14,716,random_subsets_natural_partition,8918,6.12423123972016
14,716,random_subsets_natural_partition,8919,6.115699852503104
14,716,random_subsets_natural_partition,8920,6.137116642565824
14,716,random_subsets_natural_partition,8921,6.174041134001021
14,716,random_subsets_natural_partition,8922,6.121696863941587
14,716,random_subsets_natural_partition,8923,6.1145674188701955
14,716,random_subsets_natural_partition,8924,6.128039711049682
14,716,random_subsets_natural_partition,8925,6.148966563421508
14,716,random_subsets_natural_partition,8926,6.137647638590239
14,716,random_subsets_natural_partition,8927,6.163865719764021
14,716,random_subsets_natural_partition,8928,6.139168685585374
14,716,random_subsets_natural_partition,8929,6.157660117326662
14,716,random_subsets_natural_partition,8930,6.112763897860732
14,716,random_subsets_natural_partition,8931,6.161030370005564
14,716,random_subsets_natural_partition,8932,6.149633729081578
14,716,random_subsets_natural_partition,8933,6.1690171815548585
14,716,random_subsets_natural_partition,8934,6.114105277292958
14,716,random_subsets_natural_partition,8935,6.165103120903265
14,716,random_subsets_natural_partition,8936,6.12770770830277
14,716,random_subsets_natural_partition,8937,6.120530465176484
14,716,random_subsets_natural_partition,8938,6.131677336950861
14,716,random_subsets_natural_partition,8939,6.138781915173531
14,716,random_subsets_natural_partition,8940,6.13480335478554
14,716,random_subsets_natural_partition,8941,6.1401758664230215
14,716,random_subsets_natural_partition,8942,6.132716504893491
14,716,random_subsets_natural_partition,8943,6.162871845204789
14,716,random_subsets_natural_partition,8944,6.1320316658841
14,716,random_subsets_natural_partition,8945,6.1845228330391775
14,716,random_subsets_natural_partition,8946,6.1152006122419715
14,716,random_subsets_natural_partition,8947,6.116679763332722
14,716,random_subsets_natural_partition,8948,6.1415026416350535
14,716,random_subsets_natural_partition,8949,6.129668365205547
14,716,random_subsets_natural_partition,8950,6.0804986538967905
14,716,random_subsets_natural_partition,8951,6.172159815333569
14,716,random_subsets_natural_partition,8952,6.1525779397943205
14,716,random_subsets_natural_partition,8953,6.138373782351197
14,716,random_subsets_natural_partition,8954,6.134903036399101
14,716,random_subsets_natural_partition,8955,6.12009669417922
14,716,random_subsets_natural_partition,8956,6.155660612013624
14,716,random_subsets_natural_partition,8957,6.135139473037736
14,716,random_subsets_natural_partition,8958,6.144840381064668
14,716,random_subsets_natural_partition,8959,6.114406154861474
14,716,random_subsets_natural_partition,8960,6.162732212474138
14,716,random_subsets_natural_partition,8961,6.1427592521282595
14,716,random_subsets_natural_partition,8962,6.155106680490869
14,716,random_subsets_natural_partition,8963,6.162745324454126
14,716,random_subsets_natural_partition,8964,6.1494954863895455
14,716,random_subsets_natural_partition,8965,6.161240261593229
14,716,random_subsets_natural_partition,8966,6.141494207479514
14,716,random_subsets_natural_partition,8967,6.086637816237348
14,716,random_subsets_natural_partition,8968,6.167126780383868
14,716,random_subsets_natural_partition,8969,6.1846794707482164
14,716,random_subsets_natural_partition,8970,6.14393939509594
14,716,random_subsets_natural_partition,8971,6.136702391379921
14,716,random_subsets_natural_partition,8972,6.111467349166959
14,716,random_subsets_natural_partition,8973,6.128438707391948
14,716,random_subsets_natural_partition,8974,6.141038084810208
14,716,random_subsets_natural_partition,8975,6.157512440400602
14,716,random_subsets_natural_partition,8976,6.135558870083975
14,716,random_subsets_natural_partition,8977,6.139013033422322
14,716,random_subsets_natural_partition,8978,6.137187156428007
14,716,random_subsets_natural_partition,8979,6.12105051784957
14,716,random_subsets_natural_partition,8980,6.160867791874647
14,716,random_subsets_natural_partition,8981,6.1387679020387464
14,716,random_subsets_natural_partition,8982,6.139680063258205
14,716,random_subsets_natural_partition,8983,6.128838145637842
14,716,random_subsets_natural_partition,8984,6.142619655472267
14,716,random_subsets_natural_partition,8985,6.145897713934548
14,716,random_subsets_natural_partition,8986,6.159648558576754
14,716,random_subsets_natural_partition,8987,6.139222557219438
14,716,random_subsets_natural_partition,8988,6.152432292479872
14,716,random_subsets_natural_partition,8989,6.148378592531407
14,716,random_subsets_natural_partition,8990,6.101942322221102
14,716,random_subsets_natural_partition,8991,6.144853237640832
14,716,random_subsets_natural_partition,8992,6.155855519440733
14,716,random_subsets_natural_partition,8993,6.103000555042898
14,716,random_subsets_natural_partition,8994,6.129880977983248
14,716,random_subsets_natural_partition,8995,6.137141912779555
14,716,random_subsets_natural_partition,8996,6.1562865696777775
14,716,random_subsets_natural_partition,8997,6.1531038986943685
14,716,random_subsets_natural_partition,8998,6.142044977142992
14,716,random_subsets_natural_partition,8999,6.127853091543535
14,716,random_subsets_natural_partition,9000,6.141610781699288
14,716,random_subsets_natural_partition,9001,6.155228943439037
14,716,random_subsets_natural_partition,9002,6.185486534531
14,716,random_subsets_natural_partition,9003,6.144982222557034
14,716,random_subsets_natural_partition,9004,6.153616401150096
14,716,random_subsets_natural_partition,9005,6.1214504381281385
14,716,random_subsets_natural_partition,9006,6.14865948891916
14,716,random_subsets_natural_partition,9007,6.160930669039336
14,716,random_subsets_natural_partition,9008,6.165492107950515
14,716,random_subsets_natural_partition,9009,6.1538039308254495
14,716,random_subsets_natural_partition,9010,6.1350585955367
14,716,random_subsets_natural_partition,9011,6.1476252988173865
14,716,random_subsets_natural_partition,9012,6.1520282030626285
14,716,random_subsets_natural_partition,9013,6.143122339845583
14,716,random_subsets_natural_partition,9014,6.135843145855179
14,716,random_subsets_natural_partition,9015,6.145478027111885
14,716,random_subsets_natural_partition,9016,6.1513682509299334
14,716,random_subsets_natural_partition,9017,6.1618639126539945
14,716,random_subsets_natural_partition,9018,6.136069787965665
14,716,random_subsets_natural_partition,9019,6.17255568382715
14,716,random_subsets_natural_partition,9020,6.156028290059065
14,716,random_subsets_natural_partition,9021,6.159429903037053
14,716,random_subsets_natural_partition,9022,6.153056606955668
14,716,random_subsets_natural_partition,9023,6.173788439518828
14,716,random_subsets_natural_partition,9024,6.121689053572587
14,716,random_subsets_natural_partition,9025,6.122113526118366
14,716,random_subsets_natural_partition,9026,6.134894132403338
14,716,random_subsets_natural_partition,9027,6.122667867269077
14,716,random_subsets_natural_partition,9028,6.161547066428367
14,716,random_subsets_natural_partition,9029,6.146174653401098
14,716,random_subsets_natural_partition,9030,6.125713056496694
14,716,random_subsets_natural_partition,9031,6.155352322922554
14,716,random_subsets_natural_partition,9032,6.17106132510577
14,716,random_subsets_natural_partition,9033,6.17687843255596
14,716,random_subsets_natural_partition,9034,6.137649057636504
14,716,random_subsets_natural_partition,9035,6.132684747195242
14,716,random_subsets_natural_partition,9036,6.132641589105093
14,716,random_subsets_natural_partition,9037,6.121102669717491
14,716,random_subsets_natural_partition,9038,6.137363316881042
14,716,random_subsets_natural_partition,9039,6.0874211353208745
14,716,random_subsets_natural_partition,9040,6.147301514086017
14,716,random_subsets_natural_partition,9041,6.143348402325856
14,716,random_subsets_natural_partition,9042,6.129018652399524
14,716,random_subsets_natural_partition,9043,6.126024895949471
14,716,random_subsets_natural_partition,9044,6.147604196738808
14,716,random_subsets_natural_partition,9045,6.146110791350805
14,716,random_subsets_natural_partition,9046,6.157110338712538
14,716,random_subsets_natural_partition,9047,6.161708268666422
14,716,random_subsets_natural_partition,9048,6.135309615460021
14,716,random_subsets_natural_partition,9049,6.135469982080097
14,716,random_subsets_natural_partition,9050,6.157033578751257
14,716,random_subsets_natural_partition,9051,6.146412924867802
14,716,random_subsets_natural_partition,9052,6.177185926765416
14,716,random_subsets_natural_partition,9053,6.139683717146697
14,716,random_subsets_natural_partition,9054,6.130645676252648
14,716,random_subsets_natural_partition,9055,6.144006624827899
14,716,random_subsets_natural_partition,9056,6.1241324976672376
14,716,random_subsets_natural_partition,9057,6.1207626968825615
14,716,random_subsets_natural_partition,9058,6.155651650961963
14,716,random_subsets_natural_partition,9059,6.144007351879969
14,716,random_subsets_natural_partition,9060,6.160741693746416
14,716,random_subsets_natural_partition,9061,6.152771940008161
14,716,random_subsets_natural_partition,9062,6.188047817801176
14,716,random_subsets_natural_partition,9063,6.158849949392845
14,716,random_subsets_natural_partition,9064,6.1370088162359355
14,716,random_subsets_natural_partition,9065,6.11856061743276
14,716,random_subsets_natural_partition,9066,6.1518303602011315
14,716,random_subsets_natural_partition,9067,6.178277975096585
14,716,random_subsets_natural_partition,9068,6.129244458031466
14,716,random_subsets_natural_partition,9069,6.132322604264418
14,716,random_subsets_natural_partition,9070,6.150648098917487
14,716,random_subsets_natural_partition,9071,6.190124131987019
14,716,random_subsets_natural_partition,9072,6.1391497236668435
14,716,random_subsets_natural_partition,9073,6.154909099824325
14,716,random_subsets_natural_partition,9074,6.124556227858792
14,716,random_subsets_natural_partition,9075,6.160390847351593
14,716,random_subsets_natural_partition,9076,6.177319218192999
14,716,random_subsets_natural_partition,9077,6.150919118101296
14,716,random_subsets_natural_partition,9078,6.169485588891401
14,716,random_subsets_natural_partition,9079,6.155588087154931
14,716,random_subsets_natural_partition,9080,6.1434583181490625
14,716,random_subsets_natural_partition,9081,6.116473904876727
14,716,random_subsets_natural_partition,9082,6.128499610417516
14,716,random_subsets_natural_partition,9083,6.1732319617408145
14,716,random_subsets_natural_partition,9084,6.133316698586822
14,716,random_subsets_natural_partition,9085,6.09882016950688
14,716,random_subsets_natural_partition,9086,6.110473707084487
14,716,random_subsets_natural_partition,9087,6.16914995469402
14,716,random_subsets_natural_partition,9088,6.154314763756842
14,716,random_subsets_natural_partition,9089,6.181307252248985
14,716,random_subsets_natural_partition,9090,6.175110694055053
14,716,random_subsets_natural_partition,9091,6.174173144037496
14,716,random_subsets_natural_partition,9092,6.113064433046511
14,716,random_subsets_natural_partition,9093,6.136863339311206
14,716,random_subsets_natural_partition,9094,6.122803045822925
14,716,random_subsets_natural_partition,9095,6.146244440759816
14,716,random_subsets_natural_partition,9096,6.118258369863679
14,716,random_subsets_natural_partition,9097,6.1413513102495445
14,716,random_subsets_natural_partition,9098,6.156328841985846
14,716,random_subsets_natural_partition,9099,6.148468493404077
14,716,random_subsets_natural_partition,9100,6.131856824036855
14,716,random_subsets_natural_partition,9101,6.141136469564747
14,716,random_subsets_natural_partition,9102,6.140992978516185
14,716,random_subsets_natural_partition,9103,6.175333435123281
14,716,random_subsets_natural_partition,9104,6.150531442489374
14,716,random_subsets_natural_partition,9105,6.121252819483291
14,716,random_subsets_natural_partition,9106,6.157195111857717
14,716,random_subsets_natural_partition,9107,6.132666158163397
14,716,random_subsets_natural_partition,9108,6.156454669307223
14,716,random_subsets_natural_partition,9109,6.159364431149797
14,716,random_subsets_natural_partition,9110,6.130839238943891
14,716,random_subsets_natural_partition,9111,6.132091843699762
14,716,random_subsets_natural_partition,9112,6.111291244745178
14,716,random_subsets_natural_partition,9113,6.122519551451965
14,716,random_subsets_natural_partition,9114,6.15317905478721
14,716,random_subsets_natural_partition,9115,6.113432514934217
14,716,random_subsets_natural_partition,9116,6.119923768894469
14,716,random_subsets_natural_partition,9117,6.136837896913071
14,716,random_subsets_natural_partition,9118,6.131325435934543
14,716,random_subsets_natural_partition,9119,6.110476632275989
14,716,random_subsets_natural_partition,9120,6.131769481854419
14,716,random_subsets_natural_partition,9121,6.136078291731594
14,716,random_subsets_natural_partition,9122,6.165435030690841
14,716,random_subsets_natural_partition,9123,6.137752066625799
14,716,random_subsets_natural_partition,9124,6.153740424641397
14,716,random_subsets_natural_partition,9125,6.147356580785978
14,716,random_subsets_natural_partition,9126,6.14604843791404
14,716,random_subsets_natural_partition,9127,6.19328960527853
14,716,random_subsets_natural_partition,9128,6.153673963533802
14,716,random_subsets_natural_partition,9129,6.149376840495144
14,716,random_subsets_natural_partition,9130,6.162784987010095
14,716,random_subsets_natural_partition,9131,6.145003091317288
14,716,random_subsets_natural_partition,9132,6.156917793205285
14,716,random_subsets_natural_partition,9133,6.114583622047558
14,716,random_subsets_natural_partition,9134,6.139303806417398
14,716,random_subsets_natural_partition,9135,6.121268695867805
14,716,random_subsets_natural_partition,9136,6.1269890929386825
14,716,random_subsets_natural_partition,9137,6.136711408289401
14,716,random_subsets_natural_partition,9138,6.119468659176921
14,716,random_subsets_natural_partition,9139,6.129651826039028
14,716,random_subsets_natural_partition,9140,6.142602395536397
14,716,random_subsets_natural_partition,9141,6.134325399252748
14,716,random_subsets_natural_partition,9142,6.117873607524791
14,716,random_subsets_natural_partition,9143,6.149522298486915
14,716,random_subsets_natural_partition,9144,6.151155913420681
14,716,random_subsets_natural_partition,9145,6.17511209974156
14,716,random_subsets_natural_partition,9146,6.1522600757951516
14,716,random_subsets_natural_partition,9147,6.140471267563656
14,716,random_subsets_natural_partition,9148,6.145571543522754
14,716,random_subsets_natural_partition,9149,6.128153350471042
14,716,random_subsets_natural_partition,9150,6.144194507107498
14,716,random_subsets_natural_partition,9151,6.121142495801858
14,716,random_subsets_natural_partition,9152,6.134988634975893
14,716,random_subsets_natural_partition,9153,6.133584007059587
14,716,random_subsets_natural_partition,9154,6.142771505330146
14,716,random_subsets_natural_partition,9155,6.155976110374113
14,716,random_subsets_natural_partition,9156,6.175405060947573
14,716,random_subsets_natural_partition,9157,6.158594055174573
14,716,random_subsets_natural_partition,9158,6.130598377642924
14,716,random_subsets_natural_partition,9159,6.168156452644241
14,716,random_subsets_natural_partition,9160,6.157784906486049
14,716,random_subsets_natural_partition,9161,6.140873699991186
14,716,random_subsets_natural_partition,9162,6.12287662282365
14,716,random_subsets_natural_partition,9163,6.152927471841833
14,716,random_subsets_natural_partition,9164,6.181510856123699
14,716,random_subsets_natural_partition,9165,6.124920857334839
14,716,random_subsets_natural_partition,9166,6.151313035517918
14,716,random_subsets_natural_partition,9167,6.130042365080409
14,716,random_subsets_natural_partition,9168,6.137499979783464
14,716,random_subsets_natural_partition,9169,6.128362502115256
14,716,random_subsets_natural_partition,9170,6.133679981853501
14,716,random_subsets_natural_partition,9171,6.147918301892316
14,716,random_subsets_natural_partition,9172,6.146108905248524
14,716,random_subsets_natural_partition,9173,6.147021552733299
14,716,random_subsets_natural_partition,9174,6.180353873218784
14,716,random_subsets_natural_partition,9175,6.144995587635305
14,716,random_subsets_natural_partition,9176,6.156309072842018
14,716,random_subsets_natural_partition,9177,6.154099697132133
14,716,random_subsets_natural_partition,9178,6.153529424596138
14,716,random_subsets_natural_partition,9179,6.1410627308575485
14,716,random_subsets_natural_partition,9180,6.149949341203845
14,716,random_subsets_natural_partition,9181,6.100254494894115
14,716,random_subsets_natural_partition,9182,6.147044532486933
14,716,random_subsets_natural_partition,9183,6.147537680285448
14,716,random_subsets_natural_partition,9184,6.127799100726825
14,716,random_subsets_natural_partition,9185,6.155957347906666
14,716,random_subsets_natural_partition,9186,6.155743926438326
14,716,random_subsets_natural_partition,9187,6.115890406704465
14,716,random_subsets_natural_partition,9188,6.15000831483777
14,716,random_subsets_natural_partition,9189,6.1155091165483535
14,716,random_subsets_natural_partition,9190,6.157269677312979
14,716,random_subsets_natural_partition,9191,6.1405702310752615
14,716,random_subsets_natural_partition,9192,6.138947308562913
14,716,random_subsets_natural_partition,9193,6.135678996004896
14,716,random_subsets_natural_partition,9194,6.134936526307336
14,716,random_subsets_natural_partition,9195,6.133782842237365
14,716,random_subsets_natural_partition,9196,6.1358410369926695
14,716,random_subsets_natural_partition,9197,6.150615528691257
14,716,random_subsets_natural_partition,9198,6.113030109993514
14,716,random_subsets_natural_partition,9199,6.1029064313085
14,716,random_subsets_natural_partition,9200,6.109056254565583
14,716,random_subsets_natural_partition,9201,6.1375657074725085
14,716,random_subsets_natural_partition,9202,6.148088789822515
14,716,random_subsets_natural_partition,9203,6.153442852203581
14,716,random_subsets_natural_partition,9204,6.1573341701229385
14,716,random_subsets_natural_partition,9205,6.161474308105957
14,716,random_subsets_natural_partition,9206,6.1149314083722945
14,716,random_subsets_natural_partition,9207,6.140310943912234
14,716,random_subsets_natural_partition,9208,6.133093841583131
14,716,random_subsets_natural_partition,9209,6.125853268591264
14,716,random_subsets_natural_partition,9210,6.166632345810184
14,716,random_subsets_natural_partition,9211,6.136069138971373
14,716,random_subsets_natural_partition,9212,6.153630953750466
14,716,random_subsets_natural_partition,9213,6.109268647032491
14,716,random_subsets_natural_partition,9214,6.110980622569853
14,716,random_subsets_natural_partition,9215,6.141747661217798
14,716,random_subsets_natural_partition,9216,6.141340894489566
14,716,random_subsets_natural_partition,9217,6.168525066584636
14,716,random_subsets_natural_partition,9218,6.1502605147460585
14,716,random_subsets_natural_partition,9219,6.134591287870751
14,716,random_subsets_natural_partition,9220,6.171227295847897
14,716,random_subsets_natural_partition,9221,6.153999922720308
14,716,random_subsets_natural_partition,9222,6.1250916084535545
14,716,random_subsets_natural_partition,9223,6.1674491746924875
14,716,random_subsets_natural_partition,9224,6.119802252993541
14,716,random_subsets_natural_partition,9225,6.155733910193141
14,716,random_subsets_natural_partition,9226,6.138125917160512
14,716,random_subsets_natural_partition,9227,6.119664667621201
14,716,random_subsets_natural_partition,9228,6.145797872792949
14,716,random_subsets_natural_partition,9229,6.1536049291977815
14,716,random_subsets_natural_partition,9230,6.107915709436735
14,716,random_subsets_natural_partition,9231,6.178100478723623
14,716,random_subsets_natural_partition,9232,6.161287163223422
14,716,random_subsets_natural_partition,9233,6.159793902327682
14,716,random_subsets_natural_partition,9234,6.146322153763819
14,716,random_subsets_natural_partition,9235,6.1419346987365016
14,716,random_subsets_natural_partition,9236,6.101538197151172
14,716,random_subsets_natural_partition,9237,6.148499164510273
14,716,random_subsets_natural_partition,9238,6.155353632853813
14,716,random_subsets_natural_partition,9239,6.158542274572578
14,716,random_subsets_natural_partition,9240,6.142086754789649
14,716,random_subsets_natural_partition,9241,6.162918627744337
14,716,random_subsets_natural_partition,9242,6.135068075931401
14,716,random_subsets_natural_partition,9243,6.134050751169056
14,716,random_subsets_natural_partition,9244,6.161699730979472
14,716,random_subsets_natural_partition,9245,6.139872108702268
14,716,random_subsets_natural_partition,9246,6.166350243817174
14,716,random_subsets_natural_partition,9247,6.137879041789645
14,716,random_subsets_natural_partition,9248,6.166011828355065
14,716,random_subsets_natural_partition,9249,6.130686270002321
14,716,random_subsets_natural_partition,9250,6.1644305614997315
14,716,random_subsets_natural_partition,9251,6.129808125367554
14,716,random_subsets_natural_partition,9252,6.143975656683332
14,716,random_subsets_natural_partition,9253,6.1609453880143
14,716,random_subsets_natural_partition,9254,6.153410160330434
14,716,random_subsets_natural_partition,9255,6.134261944033176
14,716,random_subsets_natural_partition,9256,6.092281996068741
14,716,random_subsets_natural_partition,9257,6.119090769007426
14,716,random_subsets_natural_partition,9258,6.167507865724829
14,716,random_subsets_natural_partition,9259,6.123088194867546
14,716,random_subsets_natural_partition,9260,6.134889104911315
14,716,random_subsets_natural_partition,9261,6.172384766596022
14,716,random_subsets_natural_partition,9262,6.131577609547367
14,716,random_subsets_natural_partition,9263,6.14189200260473
14,716,random_subsets_natural_partition,9264,6.143092163428558
14,716,random_subsets_natural_partition,9265,6.137336409613823
14,716,random_subsets_natural_partition,9266,6.12071463342015
14,716,random_subsets_natural_partition,9267,6.130378032011831
14,716,random_subsets_natural_partition,9268,6.126034097769777
14,716,random_subsets_natural_partition,9269,6.139304824236885
14,716,random_subsets_natural_partition,9270,6.122562015336545
14,716,random_subsets_natural_partition,9271,6.142188270214516
14,716,random_subsets_natural_partition,9272,6.150004740228758
14,716,random_subsets_natural_partition,9273,6.141825166265731
14,716,random_subsets_natural_partition,9274,6.141047205068599
14,716,random_subsets_natural_partition,9275,6.136797749605169
14,716,random_subsets_natural_partition,9276,6.147877517721526
14,716,random_subsets_natural_partition,9277,6.136637371867005
14,716,random_subsets_natural_partition,9278,6.144250189785669
14,716,random_subsets_natural_partition,9279,6.134939669934236
14,716,random_subsets_natural_partition,9280,6.13698649586616
14,716,random_subsets_natural_partition,9281,6.174061693320498
14,716,random_subsets_natural_partition,9282,6.166614634282079
14,716,random_subsets_natural_partition,9283,6.132042477115446
14,716,random_subsets_natural_partition,9284,6.168398218868278
14,716,random_subsets_natural_partition,9285,6.14356395923131
14,716,random_subsets_natural_partition,9286,6.154291554194287
14,716,random_subsets_natural_partition,9287,6.143824292017937
14,716,random_subsets_natural_partition,9288,6.1095916434350706
14,716,random_subsets_natural_partition,9289,6.154106563838743
14,716,random_subsets_natural_partition,9290,6.145694833362468
14,716,random_subsets_natural_partition,9291,6.140802796239304
14,716,random_subsets_natural_partition,9292,6.139304368913548
14,716,random_subsets_natural_partition,9293,6.151658409501075
14,716,random_subsets_natural_partition,9294,6.144265759115792
14,716,random_subsets_natural_partition,9295,6.152954482175824
14,716,random_subsets_natural_partition,9296,6.159622971579045
14,716,random_subsets_natural_partition,9297,6.114021876104425
14,716,random_subsets_natural_partition,9298,6.164769080872119
14,716,random_subsets_natural_partition,9299,6.132575298706839
14,716,random_subsets_natural_partition,9300,6.1415781568314
14,716,random_subsets_natural_partition,9301,6.168235162227639
14,716,random_subsets_natural_partition,9302,6.1283161840014655
14,716,random_subsets_natural_partition,9303,6.143877387062892
14,716,random_subsets_natural_partition,9304,6.1560605050673445
14,716,random_subsets_natural_partition,9305,6.121264595930555
14,716,random_subsets_natural_partition,9306,6.133983409451017
14,716,random_subsets_natural_partition,9307,6.151792157627706
14,716,random_subsets_natural_partition,9308,6.133900804170795
14,716,random_subsets_natural_partition,9309,6.1669406483354905
14,716,random_subsets_natural_partition,9310,6.122296347987064
14,716,random_subsets_natural_partition,9311,6.132109607567469
14,716,random_subsets_natural_partition,9312,6.171784564694624
14,716,random_subsets_natural_partition,9313,6.147943398046366
14,716,random_subsets_natural_partition,9314,6.146558599654937
14,716,random_subsets_natural_partition,9315,6.1719729006826
14,716,random_subsets_natural_partition,9316,6.133264745686791
14,716,random_subsets_natural_partition,9317,6.149643920502662
14,716,random_subsets_natural_partition,9318,6.117644658625075
14,716,random_subsets_natural_partition,9319,6.13745274032226
14,716,random_subsets_natural_partition,9320,6.125462449898375
14,716,random_subsets_natural_partition,9321,6.131557629524156
14,716,random_subsets_natural_partition,9322,6.133417106853969
14,716,random_subsets_natural_partition,9323,6.122520346566346
14,716,random_subsets_natural_partition,9324,6.1481781909350115
14,716,random_subsets_natural_partition,9325,6.141652767683439
14,716,random_subsets_natural_partition,9326,6.149053119208498
14,716,random_subsets_natural_partition,9327,6.158474667679661
14,716,random_subsets_natural_partition,9328,6.152215710335294
14,716,random_subsets_natural_partition,9329,6.168811322783862
14,716,random_subsets_natural_partition,9330,6.111720133446554
14,716,random_subsets_natural_partition,9331,6.161626831108153
14,716,random_subsets_natural_partition,9332,6.160729165201564
14,716,random_subsets_natural_partition,9333,6.144689821005514
14,716,random_subsets_natural_partition,9334,6.162966768179358
14,716,random_subsets_natural_partition,9335,6.114470832053976
14,716,random_subsets_natural_partition,9336,6.1267688763698205
14,716,random_subsets_natural_partition,9337,6.126677539568519
14,716,random_subsets_natural_partition,9338,6.140215013552514
14,716,random_subsets_natural_partition,9339,6.139186454052241
14,716,random_subsets_natural_partition,9340,6.163112711253039
14,716,random_subsets_natural_partition,9341,6.158858245619618
14,716,random_subsets_natural_partition,9342,6.1694397029502
14,716,random_subsets_natural_partition,9343,6.144920278258065
14,716,random_subsets_natural_partition,9344,6.1611053731098275
14,716,random_subsets_natural_partition,9345,6.123649924818793
14,716,random_subsets_natural_partition,9346,6.157569666803073
14,716,random_subsets_natural_partition,9347,6.147017103700875
14,716,random_subsets_natural_partition,9348,6.144662499110504
14,716,random_subsets_natural_partition,9349,6.150517372738134
14,716,random_subsets_natural_partition,9350,6.1436097258879965
14,716,random_subsets_natural_partition,9351,6.134407858491316
14,716,random_subsets_natural_partition,9352,6.137865543836861
14,716,random_subsets_natural_partition,9353,6.135091880457585
14,716,random_subsets_natural_partition,9354,6.155140507871119
14,716,random_subsets_natural_partition,9355,6.137637936527562
14,716,random_subsets_natural_partition,9356,6.133716338774181
14,716,random_subsets_natural_partition,9357,6.1413693846734265
14,716,random_subsets_natural_partition,9358,6.169414810457942
14,716,random_subsets_natural_partition,9359,6.133133613626895
14,716,random_subsets_natural_partition,9360,6.167078398036338
14,716,random_subsets_natural_partition,9361,6.135661345240035
14,716,random_subsets_natural_partition,9362,6.143890443750785
14,716,random_subsets_natural_partition,9363,6.154063918868771
14,716,random_subsets_natural_partition,9364,6.143576464788827
14,716,random_subsets_natural_partition,9365,6.141262367628482
14,716,random_subsets_natural_partition,9366,6.147252984819382
14,716,random_subsets_natural_partition,9367,6.131013469044452
14,716,random_subsets_natural_partition,9368,6.161892818627391
14,716,random_subsets_natural_partition,9369,6.147454579791744
14,716,random_subsets_natural_partition,9370,6.152863452437837
14,716,random_subsets_natural_partition,9371,6.1412890540002225
14,716,random_subsets_natural_partition,9372,6.136672507786716
14,716,random_subsets_natural_partition,9373,6.1405926977753635
14,716,random_subsets_natural_partition,9374,6.162198218357811
14,716,random_subsets_natural_partition,9375,6.122656888736177
14,716,random_subsets_natural_partition,9376,6.151271440034846
14,716,random_subsets_natural_partition,9377,6.130187367366898
14,716,random_subsets_natural_partition,9378,6.117608289295089
14,716,random_subsets_natural_partition,9379,6.122603274872344
14,716,random_subsets_natural_partition,9380,6.168951399058277
14,716,random_subsets_natural_partition,9381,6.115826357455409
14,716,random_subsets_natural_partition,9382,6.144383958628054
14,716,random_subsets_natural_partition,9383,6.134213778235408
14,716,random_subsets_natural_partition,9384,6.137944652630782
14,716,random_subsets_natural_partition,9385,6.125974012239218
14,716,random_subsets_natural_partition,9386,6.160463502482277
14,716,random_subsets_natural_partition,9387,6.151101552482834
14,716,random_subsets_natural_partition,9388,6.14767348185003
14,716,random_subsets_natural_partition,9389,6.139526588571605
14,716,random_subsets_natural_partition,9390,6.124323249753692
14,716,random_subsets_natural_partition,9391,6.156873892635794
14,716,random_subsets_natural_partition,9392,6.177118328974039
14,716,random_subsets_natural_partition,9393,6.14947725030336
14,716,random_subsets_natural_partition,9394,6.120494241349614
14,716,random_subsets_natural_partition,9395,6.134000561210092
14,716,random_subsets_natural_partition,9396,6.131418543853381
14,716,random_subsets_natural_partition,9397,6.117298863487785
14,716,random_subsets_natural_partition,9398,6.1413491155028535
14,716,random_subsets_natural_partition,9399,6.159181835183698
14,716,random_subsets_natural_partition,9400,6.152170188978773
14,716,random_subsets_natural_partition,9401,6.118499330611118
14,716,random_subsets_natural_partition,9402,6.139245576592071
14,716,random_subsets_natural_partition,9403,6.134695173082938
14,716,random_subsets_natural_partition,9404,6.131527564827668
14,716,random_subsets_natural_partition,9405,6.1358238647366425
14,716,random_subsets_natural_partition,9406,6.158737025072164
14,716,random_subsets_natural_partition,9407,6.143493467684953
14,716,random_subsets_natural_partition,9408,6.1408026609598245
14,716,random_subsets_natural_partition,9409,6.100475205296801
14,716,random_subsets_natural_partition,9410,6.15969474633357
14,716,random_subsets_natural_partition,9411,6.159922166968406
14,716,random_subsets_natural_partition,9412,6.159898228654446
14,716,random_subsets_natural_partition,9413,6.154408342033815
14,716,random_subsets_natural_partition,9414,6.14937245396333
14,716,random_subsets_natural_partition,9415,6.090684987348144
14,716,random_subsets_natural_partition,9416,6.136697062079667
14,716,random_subsets_natural_partition,9417,6.1187668335858705
14,716,random_subsets_natural_partition,9418,6.130080966356399
14,716,random_subsets_natural_partition,9419,6.1597517257730665
14,716,random_subsets_natural_partition,9420,6.128135703735597
14,716,random_subsets_natural_partition,9421,6.146947686058314
14,716,random_subsets_natural_partition,9422,6.112613797994295
14,716,random_subsets_natural_partition,9423,6.122100254356385
14,716,random_subsets_natural_partition,9424,6.15938192241568
14,716,random_subsets_natural_partition,9425,6.142510094319339
14,716,random_subsets_natural_partition,9426,6.136064789842109
14,716,random_subsets_natural_partition,9427,6.144577378898523
14,716,random_subsets_natural_partition,9428,6.149211034708023
14,716,random_subsets_natural_partition,9429,6.159789504475116
14,716,random_subsets_natural_partition,9430,6.151773363762259
14,716,random_subsets_natural_partition,9431,6.152371340718544
14,716,random_subsets_natural_partition,9432,6.147145536062801
14,716,random_subsets_natural_partition,9433,6.1549226860042925
14,716,random_subsets_natural_partition,9434,6.14996333891636
14,716,random_subsets_natural_partition,9435,6.13394229197677
14,716,random_subsets_natural_partition,9436,6.150931360061785
14,716,random_subsets_natural_partition,9437,6.134769417844132
14,716,random_subsets_natural_partition,9438,6.171969192446957
14,716,random_subsets_natural_partition,9439,6.137310599604464
14,716,random_subsets_natural_partition,9440,6.135629907490135
14,716,random_subsets_natural_partition,9441,6.150089234547267
14,716,random_subsets_natural_partition,9442,6.143044614226407
14,716,random_subsets_natural_partition,9443,6.117314807698103
14,716,random_subsets_natural_partition,9444,6.1551433763070165
14,716,random_subsets_natural_partition,9445,6.16869078508996
14,716,random_subsets_natural_partition,9446,6.134733504677364
14,716,random_subsets_natural_partition,9447,6.17517372820483
14,716,random_subsets_natural_partition,9448,6.151288534285923
14,716,random_subsets_natural_partition,9449,6.119287909882922
14,716,random_subsets_natural_partition,9450,6.125536992845281
14,716,random_subsets_natural_partition,9451,6.174349896666368
14,716,random_subsets_natural_partition,9452,6.141039538534858
14,716,random_subsets_natural_partition,9453,6.142404036325182
14,716,random_subsets_natural_partition,9454,6.13184099826727
14,716,random_subsets_natural_partition,9455,6.122710292627626
14,716,random_subsets_natural_partition,9456,6.194440176314198
14,716,random_subsets_natural_partition,9457,6.124012948545723
14,716,random_subsets_natural_partition,9458,6.128365259022189
14,716,random_subsets_natural_partition,9459,6.146546700870484
14,716,random_subsets_natural_partition,9460,6.160982106446902
14,716,random_subsets_natural_partition,9461,6.132309089473911
14,716,random_subsets_natural_partition,9462,6.150249930652003
14,716,random_subsets_natural_partition,9463,6.145152886735988
14,716,random_subsets_natural_partition,9464,6.1817134163852
14,716,random_subsets_natural_partition,9465,6.122754382195875
14,716,random_subsets_natural_partition,9466,6.125295536913181
14,716,random_subsets_natural_partition,9467,6.144683633028066
14,716,random_subsets_natural_partition,9468,6.114323556816841
14,716,random_subsets_natural_partition,9469,6.127039542497077
14,716,random_subsets_natural_partition,9470,6.1394873793979095
14,716,random_subsets_natural_partition,9471,6.1489546724381805
14,716,random_subsets_natural_partition,9472,6.158960194145356
14,716,random_subsets_natural_partition,9473,6.150415035644516
14,716,random_subsets_natural_partition,9474,6.14821347052303
14,716,random_subsets_natural_partition,9475,6.168024025199693
14,716,random_subsets_natural_partition,9476,6.1454722907934345
14,716,random_subsets_natural_partition,9477,6.143909094724498
14,716,random_subsets_natural_partition,9478,6.141859365638464
14,716,random_subsets_natural_partition,9479,6.143715346592114
14,716,random_subsets_natural_partition,9480,6.131186180021505
14,716,random_subsets_natural_partition,9481,6.174140518917814
14,716,random_subsets_natural_partition,9482,6.1451871761476955
14,716,random_subsets_natural_partition,9483,6.1411817227950465
14,716,random_subsets_natural_partition,9484,6.127883852197715
14,716,random_subsets_natural_partition,9485,6.147001432327386
14,716,random_subsets_natural_partition,9486,6.144537710375706
14,716,random_subsets_natural_partition,9487,6.182182130215651
14,716,random_subsets_natural_partition,9488,6.151109809488092
14,716,random_subsets_natural_partition,9489,6.129659290041958
14,716,random_subsets_natural_partition,9490,6.173594303001273
14,716,random_subsets_natural_partition,9491,6.1832341212176924
14,716,random_subsets_natural_partition,9492,6.126364653393605
14,716,random_subsets_natural_partition,9493,6.1602888135545415
14,716,random_subsets_natural_partition,9494,6.131753619114359
14,716,random_subsets_natural_partition,9495,6.135115730077977
14,716,random_subsets_natural_partition,9496,6.136016056410087
14,716,random_subsets_natural_partition,9497,6.1277928061343205
14,716,random_subsets_natural_partition,9498,6.113546230996591
14,716,random_subsets_natural_partition,9499,6.1476195862581395
14,716,random_subsets_natural_partition,9500,6.122302674019331
14,716,random_subsets_natural_partition,9501,6.129666902756755
14,716,random_subsets_natural_partition,9502,6.137705806732531
14,716,random_subsets_natural_partition,9503,6.151821021058095
14,716,random_subsets_natural_partition,9504,6.14602873723242
14,716,random_subsets_natural_partition,9505,6.180057396417501
14,716,random_subsets_natural_partition,9506,6.150800786965849
14,716,random_subsets_natural_partition,9507,6.132430213053162
14,716,random_subsets_natural_partition,9508,6.139607502894608
14,716,random_subsets_natural_partition,9509,6.130394190874119
14,716,random_subsets_natural_partition,9510,6.109478336234139
14,716,random_subsets_natural_partition,9511,6.183725756935285
14,716,random_subsets_natural_partition,9512,6.140524194630817
14,716,random_subsets_natural_partition,9513,6.125208540302946
14,716,random_subsets_natural_partition,9514,6.155046563624503
14,716,random_subsets_natural_partition,9515,6.149020725858838
14,716,random_subsets_natural_partition,9516,6.122682505511886
14,716,random_subsets_natural_partition,9517,6.1257160206780865
14,716,random_subsets_natural_partition,9518,6.118662080092029
14,716,random_subsets_natural_partition,9519,6.179719202405279
14,716,random_subsets_natural_partition,9520,6.094048103539925
14,716,random_subsets_natural_partition,9521,6.1322799799988985
14,716,random_subsets_natural_partition,9522,6.129797217315212
14,716,random_subsets_natural_partition,9523,6.161640587638908
14,716,random_subsets_natural_partition,9524,6.164329772376352
14,716,random_subsets_natural_partition,9525,6.139524812166614
14,716,random_subsets_natural_partition,9526,6.145935230489797
14,716,random_subsets_natural_partition,9527,6.147334109906082
14,716,random_subsets_natural_partition,9528,6.108783091101028
14,716,random_subsets_natural_partition,9529,6.156111794249516
14,716,random_subsets_natural_partition,9530,6.1633136976594765
14,716,random_subsets_natural_partition,9531,6.1412858883576495
14,716,random_subsets_natural_partition,9532,6.114258175871672
14,716,random_subsets_natural_partition,9533,6.148218362706923
14,716,random_subsets_natural_partition,9534,6.167573204722148
14,716,random_subsets_natural_partition,9535,6.116093163577777
14,716,random_subsets_natural_partition,9536,6.101010895624385
14,716,random_subsets_natural_partition,9537,6.15435454062325
14,716,random_subsets_natural_partition,9538,6.142139853122373
14,716,random_subsets_natural_partition,9539,6.133399979681376
14,716,random_subsets_natural_partition,9540,6.156540693747189
14,716,random_subsets_natural_partition,9541,6.06697749743971
14,716,random_subsets_natural_partition,9542,6.169302540179654
14,716,random_subsets_natural_partition,9543,6.130234289806807
14,716,random_subsets_natural_partition,9544,6.165602663206851
14,716,random_subsets_natural_partition,9545,6.151291098159288
14,716,random_subsets_natural_partition,9546,6.142314334862378
14,716,random_subsets_natural_partition,9547,6.1474724185882
14,716,random_subsets_natural_partition,9548,6.1405280754151255
14,716,random_subsets_natural_partition,9549,6.149970961523248
14,716,random_subsets_natural_partition,9550,6.105198184263681
14,716,random_subsets_natural_partition,9551,6.170280694907647
14,716,random_subsets_natural_partition,9552,6.145049792699806
14,716,random_subsets_natural_partition,9553,6.1225789683696465
14,716,random_subsets_natural_partition,9554,6.164399545708644
14,716,random_subsets_natural_partition,9555,6.1280913194473685
14,716,random_subsets_natural_partition,9556,6.152490935570658
14,716,random_subsets_natural_partition,9557,6.1548034352381
14,716,random_subsets_natural_partition,9558,6.162874161986924
14,716,random_subsets_natural_partition,9559,6.1580953836553975
14,716,random_subsets_natural_partition,9560,6.1488932257554065
14,716,random_subsets_natural_partition,9561,6.115036571395324
14,716,random_subsets_natural_partition,9562,6.131872757432774
14,716,random_subsets_natural_partition,9563,6.130417118759691
14,716,random_subsets_natural_partition,9564,6.1448618155859265
14,716,random_subsets_natural_partition,9565,6.132743858610253
14,716,random_subsets_natural_partition,9566,6.138630990958766
14,716,random_subsets_natural_partition,9567,6.1612560124682405
14,716,random_subsets_natural_partition,9568,6.117327927194184
14,716,random_subsets_natural_partition,9569,6.105026143889975
14,716,random_subsets_natural_partition,9570,6.155841392124672
14,716,random_subsets_natural_partition,9571,6.16226075356657
14,716,random_subsets_natural_partition,9572,6.132734585475388
14,716,random_subsets_natural_partition,9573,6.125586023409199
14,716,random_subsets_natural_partition,9574,6.113347735407974
14,716,random_subsets_natural_partition,9575,6.137026043166621
14,716,random_subsets_natural_partition,9576,6.132488201762276
14,716,random_subsets_natural_partition,9577,6.1675392557230335
14,716,random_subsets_natural_partition,9578,6.15130260673069
14,716,random_subsets_natural_partition,9579,6.130146321904201
14,716,random_subsets_natural_partition,9580,6.140665763689962
14,716,random_subsets_natural_partition,9581,6.149311676172437
14,716,random_subsets_natural_partition,9582,6.163748107558654
14,716,random_subsets_natural_partition,9583,6.136174181436327
14,716,random_subsets_natural_partition,9584,6.094475630523061
14,716,random_subsets_natural_partition,9585,6.149118126098955
14,716,random_subsets_natural_partition,9586,6.155655804728548
14,716,random_subsets_natural_partition,9587,6.1191089968921375
14,716,random_subsets_natural_partition,9588,6.180463531141544
14,716,random_subsets_natural_partition,9589,6.118937631121035
14,716,random_subsets_natural_partition,9590,6.1405006937477165
14,716,random_subsets_natural_partition,9591,6.144015457109894
14,716,random_subsets_natural_partition,9592,6.1049677898371435
14,716,random_subsets_natural_partition,9593,6.143080151177285
14,716,random_subsets_natural_partition,9594,6.127966473983057
14,716,random_subsets_natural_partition,9595,6.1393173275197235
14,716,random_subsets_natural_partition,9596,6.12000330620105
14,716,random_subsets_natural_partition,9597,6.105500990985497
14,716,random_subsets_natural_partition,9598,6.1010906935804305
14,716,random_subsets_natural_partition,9599,6.145264807540278
14,716,random_subsets_natural_partition,9600,6.145955408366569
14,716,random_subsets_natural_partition,9601,6.102021733289511
14,716,random_subsets_natural_partition,9602,6.133125560024705
14,716,random_subsets_natural_partition,9603,6.157313688676515
14,716,random_subsets_natural_partition,9604,6.165112196048303
14,716,random_subsets_natural_partition,9605,6.1475858931571885
14,716,random_subsets_natural_partition,9606,6.161162058243562
14,716,random_subsets_natural_partition,9607,6.101963609233236
14,716,random_subsets_natural_partition,9608,6.161318700996933
14,716,random_subsets_natural_partition,9609,6.138563060116438
14,716,random_subsets_natural_partition,9610,6.172162214982751
14,716,random_subsets_natural_partition,9611,6.100216304180019
14,716,random_subsets_natural_partition,9612,6.116841862730294
14,716,random_subsets_natural_partition,9613,6.132983211605298
14,716,random_subsets_natural_partition,9614,6.1347795078107765
14,716,random_subsets_natural_partition,9615,6.146141192687194
14,716,random_subsets_natural_partition,9616,6.1402006970478755
14,716,random_subsets_natural_partition,9617,6.15786436056478
14,716,random_subsets_natural_partition,9618,6.119287449129684
14,716,random_subsets_natural_partition,9619,6.1628962675649595
14,716,random_subsets_natural_partition,9620,6.141204615485897
14,716,random_subsets_natural_partition,9621,6.157404601267639
14,716,random_subsets_natural_partition,9622,6.171816912703986
14,716,random_subsets_natural_partition,9623,6.1591814846361395
14,716,random_subsets_natural_partition,9624,6.142869924547942
14,716,random_subsets_natural_partition,9625,6.118961800183883
14,716,random_subsets_natural_partition,9626,6.128368419498766
14,716,random_subsets_natural_partition,9627,6.156173590717128
14,716,random_subsets_natural_partition,9628,6.1538501112369115
14,716,random_subsets_natural_partition,9629,6.126508156765656
14,716,random_subsets_natural_partition,9630,6.125675243567274
14,716,random_subsets_natural_partition,9631,6.153376937753469
14,716,random_subsets_natural_partition,9632,6.130360863036132
14,716,random_subsets_natural_partition,9633,6.184887445319417
14,716,random_subsets_natural_partition,9634,6.167312046517408
14,716,random_subsets_natural_partition,9635,6.139279151786516
14,716,random_subsets_natural_partition,9636,6.1531723888678345
14,716,random_subsets_natural_partition,9637,6.1374428129437035
14,716,random_subsets_natural_partition,9638,6.147866526678407
14,716,random_subsets_natural_partition,9639,6.120397917826931
14,716,random_subsets_natural_partition,9640,6.135805697044354
14,716,random_subsets_natural_partition,9641,6.173087954410085
14,716,random_subsets_natural_partition,9642,6.173116170246566
14,716,random_subsets_natural_partition,9643,6.180770407338244
14,716,random_subsets_natural_partition,9644,6.139102692891776
14,716,random_subsets_natural_partition,9645,6.142045327597922
14,716,random_subsets_natural_partition,9646,6.107446093216263
14,716,random_subsets_natural_partition,9647,6.152194500029336
14,716,random_subsets_natural_partition,9648,6.1510541982641485
14,716,random_subsets_natural_partition,9649,6.099909414858695
14,716,random_subsets_natural_partition,9650,6.134588121797542
14,716,random_subsets_natural_partition,9651,6.142604489508418
14,716,random_subsets_natural_partition,9652,6.149141751514777
14,716,random_subsets_natural_partition,9653,6.13924890067092
14,716,random_subsets_natural_partition,9654,6.123354516877298
14,716,random_subsets_natural_partition,9655,6.16103963694759
14,716,random_subsets_natural_partition,9656,6.145080822598417
14,716,random_subsets_natural_partition,9657,6.170770152772331
14,716,random_subsets_natural_partition,9658,6.125403624468586
14,716,random_subsets_natural_partition,9659,6.14528924040404
14,716,random_subsets_natural_partition,9660,6.172339683979339
14,716,random_subsets_natural_partition,9661,6.137880473538035
14,716,random_subsets_natural_partition,9662,6.171578061429503
14,716,random_subsets_natural_partition,9663,6.131111267732929
14,716,random_subsets_natural_partition,9664,6.13432943855471
14,716,random_subsets_natural_partition,9665,6.173820054302787
14,716,random_subsets_natural_partition,9666,6.147356858639043
14,716,random_subsets_natural_partition,9667,6.163269633729296
14,716,random_subsets_natural_partition,9668,6.119567673869563
14,716,random_subsets_natural_partition,9669,6.159096152328625
14,716,random_subsets_natural_partition,9670,6.176453590553586
14,716,random_subsets_natural_partition,9671,6.14655314977969
14,716,random_subsets_natural_partition,9672,6.1690152755589684
14,716,random_subsets_natural_partition,9673,6.158530018739186
14,716,random_subsets_natural_partition,9674,6.151130886093552
14,716,random_subsets_natural_partition,9675,6.139799663504621
14,716,random_subsets_natural_partition,9676,6.170654171493942
14,716,random_subsets_natural_partition,9677,6.143150063266819
14,716,random_subsets_natural_partition,9678,6.157602981537563
14,716,random_subsets_natural_partition,9679,6.186893265736919
14,716,random_subsets_natural_partition,9680,6.146850198880705
14,716,random_subsets_natural_partition,9681,6.145808086318628
14,716,random_subsets_natural_partition,9682,6.1138607003638175
14,716,random_subsets_natural_partition,9683,6.154017896497607
14,716,random_subsets_natural_partition,9684,6.1662280008168455
14,716,random_subsets_natural_partition,9685,6.157522235166431
14,716,random_subsets_natural_partition,9686,6.160777076648729
14,716,random_subsets_natural_partition,9687,6.144598700064448
14,716,random_subsets_natural_partition,9688,6.15019328079924
14,716,random_subsets_natural_partition,9689,6.140227665963895
14,716,random_subsets_natural_partition,9690,6.166513278581843
14,716,random_subsets_natural_partition,9691,6.158298354360655
14,716,random_subsets_natural_partition,9692,6.155152956483549
14,716,random_subsets_natural_partition,9693,6.152743448267245
14,716,random_subsets_natural_partition,9694,6.163213024436897
14,716,random_subsets_natural_partition,9695,6.16533923862046
14,716,random_subsets_natural_partition,9696,6.13738411891643
14,716,random_subsets_natural_partition,9697,6.1485273839034615
14,716,random_subsets_natural_partition,9698,6.132934877837515
14,716,random_subsets_natural_partition,9699,6.1575132197415705
14,716,random_subsets_natural_partition,9700,6.137636132177818
14,716,random_subsets_natural_partition,9701,6.135791422797069
14,716,random_subsets_natural_partition,9702,6.182474010679581
14,716,random_subsets_natural_partition,9703,6.137838987516804
14,716,random_subsets_natural_partition,9704,6.148879633364361
14,716,random_subsets_natural_partition,9705,6.14553454306103
14,716,random_subsets_natural_partition,9706,6.162740031562267
14,716,random_subsets_natural_partition,9707,6.171216344180587
14,716,random_subsets_natural_partition,9708,6.133915262105728
14,716,random_subsets_natural_partition,9709,6.128374440612749
14,716,random_subsets_natural_partition,9710,6.134764424916535
14,716,random_subsets_natural_partition,9711,6.141965163725207
14,716,random_subsets_natural_partition,9712,6.131811131266198
14,716,random_subsets_natural_partition,9713,6.118633499974763
14,716,random_subsets_natural_partition,9714,6.153439802815811
14,716,random_subsets_natural_partition,9715,6.154160103129126
14,716,random_subsets_natural_partition,9716,6.166160310394049
14,716,random_subsets_natural_partition,9717,6.145950269896573
14,716,random_subsets_natural_partition,9718,6.154748696750475
14,716,random_subsets_natural_partition,9719,6.115731063892072
14,716,random_subsets_natural_partition,9720,6.124314251898318
14,716,random_subsets_natural_partition,9721,6.14297587220577
14,716,random_subsets_natural_partition,9722,6.130432137184484
14,716,random_subsets_natural_partition,9723,6.149467732501508
14,716,random_subsets_natural_partition,9724,6.126119026359637
14,716,random_subsets_natural_partition,9725,6.152899984988839
14,716,random_subsets_natural_partition,9726,6.134923089883124
14,716,random_subsets_natural_partition,9727,6.164534068905388
14,716,random_subsets_natural_partition,9728,6.1442110342470935
14,716,random_subsets_natural_partition,9729,6.137048005047947
14,716,random_subsets_natural_partition,9730,6.158702847203682
14,716,random_subsets_natural_partition,9731,6.1472773078015415
14,716,random_subsets_natural_partition,9732,6.115558232706353
14,716,random_subsets_natural_partition,9733,6.142861330279973
14,716,random_subsets_natural_partition,9734,6.134438003607903
14,716,random_subsets_natural_partition,9735,6.135935438858152
14,716,random_subsets_natural_partition,9736,6.163717028946643
14,716,random_subsets_natural_partition,9737,6.159863504281493
14,716,random_subsets_natural_partition,9738,6.123549364079464
14,716,random_subsets_natural_partition,9739,6.148145153005103
14,716,random_subsets_natural_partition,9740,6.1407515992931225
14,716,random_subsets_natural_partition,9741,6.135676925965866
14,716,random_subsets_natural_partition,9742,6.1510289350522225
14,716,random_subsets_natural_partition,9743,6.150581377731446
14,716,random_subsets_natural_partition,9744,6.135846070868171
14,716,random_subsets_natural_partition,9745,6.158288483230965
14,716,random_subsets_natural_partition,9746,6.116570195605383
14,716,random_subsets_natural_partition,9747,6.145857857783772
14,716,random_subsets_natural_partition,9748,6.145322836509837
14,716,random_subsets_natural_partition,9749,6.165567048365215
14,716,random_subsets_natural_partition,9750,6.15758183971744
14,716,random_subsets_natural_partition,9751,6.1709542794122
14,716,random_subsets_natural_partition,9752,6.146649732508516
14,716,random_subsets_natural_partition,9753,6.135487748186262
14,716,random_subsets_natural_partition,9754,6.157169540926897
14,716,random_subsets_natural_partition,9755,6.155194786689008
14,716,random_subsets_natural_partition,9756,6.130683678791279
14,716,random_subsets_natural_partition,9757,6.145391615158879
14,716,random_subsets_natural_partition,9758,6.101925487147788
14,716,random_subsets_natural_partition,9759,6.170802364290993
14,716,random_subsets_natural_partition,9760,6.125939550064801
14,716,random_subsets_natural_partition,9761,6.133501648080721
14,716,random_subsets_natural_partition,9762,6.157503841026815
14,716,random_subsets_natural_partition,9763,6.137308330468687
14,716,random_subsets_natural_partition,9764,6.182679944162626
14,716,random_subsets_natural_partition,9765,6.1506105938508755
14,716,random_subsets_natural_partition,9766,6.145712983191502
14,716,random_subsets_natural_partition,9767,6.144625540956021
14,716,random_subsets_natural_partition,9768,6.117859888686571
14,716,random_subsets_natural_partition,9769,6.141042417857915
14,716,random_subsets_natural_partition,9770,6.16888663616932
14,716,random_subsets_natural_partition,9771,6.131967803664601
14,716,random_subsets_natural_partition,9772,6.15929787577081
14,716,random_subsets_natural_partition,9773,6.139049142425794
14,716,random_subsets_natural_partition,9774,6.163392161163232
14,716,random_subsets_natural_partition,9775,6.149455663687975
14,716,random_subsets_natural_partition,9776,6.123024674364099
14,716,random_subsets_natural_partition,9777,6.159834401677881
14,716,random_subsets_natural_partition,9778,6.135232697389823
14,716,random_subsets_natural_partition,9779,6.162239040045307
14,716,random_subsets_natural_partition,9780,6.1923685244077245
14,716,random_subsets_natural_partition,9781,6.154572695280254
14,716,random_subsets_natural_partition,9782,6.14495872021516
14,716,random_subsets_natural_partition,9783,6.14306192718256
14,716,random_subsets_natural_partition,9784,6.104841593746261
14,716,random_subsets_natural_partition,9785,6.151004448330021
14,716,random_subsets_natural_partition,9786,6.151065855803694
14,716,random_subsets_natural_partition,9787,6.152873500661994
14,716,random_subsets_natural_partition,9788,6.165682794374717
14,716,random_subsets_natural_partition,9789,6.148451674720558
14,716,random_subsets_natural_partition,9790,6.141925507969674
14,716,random_subsets_natural_partition,9791,6.154758518419655
14,716,random_subsets_natural_partition,9792,6.157884936850898
14,716,random_subsets_natural_partition,9793,6.123128915060682
14,716,random_subsets_natural_partition,9794,6.175987985377013
14,716,random_subsets_natural_partition,9795,6.127693399980494
14,716,random_subsets_natural_partition,9796,6.159071074664874
14,716,random_subsets_natural_partition,9797,6.132387698930741
14,716,random_subsets_natural_partition,9798,6.183070167516811
14,716,random_subsets_natural_partition,9799,6.150810517066606
14,716,random_subsets_natural_partition,9800,6.100993354451325
14,716,random_subsets_natural_partition,9801,6.16422987647042
14,716,random_subsets_natural_partition,9802,6.185332846294378
14,716,random_subsets_natural_partition,9803,6.151810699234954
14,716,random_subsets_natural_partition,9804,6.117416425205486
14,716,random_subsets_natural_partition,9805,6.1297408380601555
14,716,random_subsets_natural_partition,9806,6.146320864033791
14,716,random_subsets_natural_partition,9807,6.129149849962713
14,716,random_subsets_natural_partition,9808,6.16987214398121
14,716,random_subsets_natural_partition,9809,6.131269558265845
14,716,random_subsets_natural_partition,9810,6.166258182439418
14,716,random_subsets_natural_partition,9811,6.169259837749305
14,716,random_subsets_natural_partition,9812,6.118634468602975
14,716,random_subsets_natural_partition,9813,6.135969698010804
14,716,random_subsets_natural_partition,9814,6.150877604004266
14,716,random_subsets_natural_partition,9815,6.124116528043369
14,716,random_subsets_natural_partition,9816,6.147280489606262
14,716,random_subsets_natural_partition,9817,6.120550014457599
14,716,random_subsets_natural_partition,9818,6.156786790644331
14,716,random_subsets_natural_partition,9819,6.12161434640659
14,716,random_subsets_natural_partition,9820,6.1312000561308295
14,716,random_subsets_natural_partition,9821,6.135604858494723
14,716,random_subsets_natural_partition,9822,6.1383121135142
14,716,random_subsets_natural_partition,9823,6.137323024770699
14,716,random_subsets_natural_partition,9824,6.149873913252279
14,716,random_subsets_natural_partition,9825,6.135186879493829
14,716,random_subsets_natural_partition,9826,6.137591195337853
14,716,random_subsets_natural_partition,9827,6.135507965984633
14,716,random_subsets_natural_partition,9828,6.110787299763108
14,716,random_subsets_natural_partition,9829,6.1668395671153045
14,716,random_subsets_natural_partition,9830,6.137639726007214
14,716,random_subsets_natural_partition,9831,6.152653679588319
14,716,random_subsets_natural_partition,9832,6.148753664138032
14,716,random_subsets_natural_partition,9833,6.142672224943495
14,716,random_subsets_natural_partition,9834,6.1128813689730475
14,716,random_subsets_natural_partition,9835,6.174402247739529
14,716,random_subsets_natural_partition,9836,6.134485614671171
14,716,random_subsets_natural_partition,9837,6.1650981818042965
14,716,random_subsets_natural_partition,9838,6.117710672333555
14,716,random_subsets_natural_partition,9839,6.1296510418532435
14,716,random_subsets_natural_partition,9840,6.117277726824062
14,716,random_subsets_natural_partition,9841,6.150816989604354
14,716,random_subsets_natural_partition,9842,6.154551891234793
14,716,random_subsets_natural_partition,9843,6.165100401082892
14,716,random_subsets_natural_partition,9844,6.116303302003032
14,716,random_subsets_natural_partition,9845,6.163183132825882
14,716,random_subsets_natural_partition,9846,6.143985718672817
14,716,random_subsets_natural_partition,9847,6.156254642309073
14,716,random_subsets_natural_partition,9848,6.144984926509173
14,716,random_subsets_natural_partition,9849,6.118864577308611
14,716,random_subsets_natural_partition,9850,6.134449505680135
14,716,random_subsets_natural_partition,9851,6.164566493307738
14,716,random_subsets_natural_partition,9852,6.143673535119451
14,716,random_subsets_natural_partition,9853,6.169099491885598
14,716,random_subsets_natural_partition,9854,6.159269352051009
14,716,random_subsets_natural_partition,9855,6.17443049960399
14,716,random_subsets_natural_partition,9856,6.087398687590343
14,716,random_subsets_natural_partition,9857,6.121259219400668
14,716,random_subsets_natural_partition,9858,6.137515452847572
14,716,random_subsets_natural_partition,9859,6.165822877335839
14,716,random_subsets_natural_partition,9860,6.136143096550536
14,716,random_subsets_natural_partition,9861,6.157947824525885
14,716,random_subsets_natural_partition,9862,6.121387695795393
14,716,random_subsets_natural_partition,9863,6.1659662542141485
14,716,random_subsets_natural_partition,9864,6.146021080865732
14,716,random_subsets_natural_partition,9865,6.161246416887991
14,716,random_subsets_natural_partition,9866,6.138912759329493
14,716,random_subsets_natural_partition,9867,6.13034735541883
14,716,random_subsets_natural_partition,9868,6.1658288116071756
14,716,random_subsets_natural_partition,9869,6.1647291920598075
14,716,random_subsets_natural_partition,9870,6.15906842469868
14,716,random_subsets_natural_partition,9871,6.132890832812859
14,716,random_subsets_natural_partition,9872,6.098518499593513
14,716,random_subsets_natural_partition,9873,6.129996277423819
14,716,random_subsets_natural_partition,9874,6.121693096817616
14,716,random_subsets_natural_partition,9875,6.149392395473228
14,716,random_subsets_natural_partition,9876,6.118956355976385
14,716,random_subsets_natural_partition,9877,6.155608122877603
14,716,random_subsets_natural_partition,9878,6.11063635313399
14,716,random_subsets_natural_partition,9879,6.14260171641017
14,716,random_subsets_natural_partition,9880,6.140139899093776
14,716,random_subsets_natural_partition,9881,6.160343384192801
14,716,random_subsets_natural_partition,9882,6.1217320670414965
14,716,random_subsets_natural_partition,9883,6.122586897554444
14,716,random_subsets_natural_partition,9884,6.149759468025768
14,716,random_subsets_natural_partition,9885,6.136720638706897
14,716,random_subsets_natural_partition,9886,6.119151384171136
14,716,random_subsets_natural_partition,9887,6.1390140264425215
14,716,random_subsets_natural_partition,9888,6.142868579616699
14,716,random_subsets_natural_partition,9889,6.155710037227575
14,716,random_subsets_natural_partition,9890,6.146917497353991
14,716,random_subsets_natural_partition,9891,6.140846140762648
14,716,random_subsets_natural_partition,9892,6.1360251588502335
14,716,random_subsets_natural_partition,9893,6.182869857358321
14,716,random_subsets_natural_partition,9894,6.145753174966629
14,716,random_subsets_natural_partition,9895,6.146333154871594
14,716,random_subsets_natural_partition,9896,6.134168590699185
14,716,random_subsets_natural_partition,9897,6.156406612507594
14,716,random_subsets_natural_partition,9898,6.123658319785078
14,716,random_subsets_natural_partition,9899,6.103878349995662
14,716,random_subsets_natural_partition,9900,6.132924584527482
14,716,random_subsets_natural_partition,9901,6.155668025503342
14,716,random_subsets_natural_partition,9902,6.1068599086947355
14,716,random_subsets_natural_partition,9903,6.140586229097959
14,716,random_subsets_natural_partition,9904,6.137307818421319
14,716,random_subsets_natural_partition,9905,6.155329979177946
14,716,random_subsets_natural_partition,9906,6.1345107422643
14,716,random_subsets_natural_partition,9907,6.11400856628333
14,716,random_subsets_natural_partition,9908,6.162549874054157
14,716,random_subsets_natural_partition,9909,6.144313862462202
14,716,random_subsets_natural_partition,9910,6.149063894294976
14,716,random_subsets_natural_partition,9911,6.1540203849721555
14,716,random_subsets_natural_partition,9912,6.150745312034683
14,716,random_subsets_natural_partition,9913,6.136208911697446
14,716,random_subsets_natural_partition,9914,6.100122542878752
14,716,random_subsets_natural_partition,9915,6.118870359280344
14,716,random_subsets_natural_partition,9916,6.17214820144921
14,716,random_subsets_natural_partition,9917,6.133966160793834
14,716,random_subsets_natural_partition,9918,6.132869596422492
14,716,random_subsets_natural_partition,9919,6.164226890263591
14,716,random_subsets_natural_partition,9920,6.160373554648207
14,716,random_subsets_natural_partition,9921,6.134752376177007
14,716,random_subsets_natural_partition,9922,6.150175048822623
14,716,random_subsets_natural_partition,9923,6.1455941927290425
14,716,random_subsets_natural_partition,9924,6.158808732566746
14,716,random_subsets_natural_partition,9925,6.159587954892676
14,716,random_subsets_natural_partition,9926,6.143042027459692
14,716,random_subsets_natural_partition,9927,6.134827923892296
14,716,random_subsets_natural_partition,9928,6.154528228367863
14,716,random_subsets_natural_partition,9929,6.135954187147687
14,716,random_subsets_natural_partition,9930,6.145649150899081
14,716,random_subsets_natural_partition,9931,6.140127634613116
14,716,random_subsets_natural_partition,9932,6.146907080844042
14,716,random_subsets_natural_partition,9933,6.167165505327682
14,716,random_subsets_natural_partition,9934,6.151094389440075
14,716,random_subsets_natural_partition,9935,6.1579428716090066
14,716,random_subsets_natural_partition,9936,6.168658329916034
14,716,random_subsets_natural_partition,9937,6.132817019247287
14,716,random_subsets_natural_partition,9938,6.126196027849739
14,716,random_subsets_natural_partition,9939,6.127494275173865
14,716,random_subsets_natural_partition,9940,6.14942174004731
14,716,random_subsets_natural_partition,9941,6.171162249471572
14,716,random_subsets_natural_partition,9942,6.120333697701698
14,716,random_subsets_natural_partition,9943,6.154770251808551
14,716,random_subsets_natural_partition,9944,6.147450066281161
14,716,random_subsets_natural_partition,9945,6.16214543047481
14,716,random_subsets_natural_partition,9946,6.15725412740681
14,716,random_subsets_natural_partition,9947,6.115203593958321
14,716,random_subsets_natural_partition,9948,6.156394484676669
14,716,random_subsets_natural_partition,9949,6.157976863064021
14,716,random_subsets_natural_partition,9950,6.126958407287
14,716,random_subsets_natural_partition,9951,6.095829770332655
14,716,random_subsets_natural_partition,9952,6.1437704448173385
14,716,random_subsets_natural_partition,9953,6.131535723919081
14,716,random_subsets_natural_partition,9954,6.11970293588213
14,716,random_subsets_natural_partition,9955,6.169198930749555
14,716,random_subsets_natural_partition,9956,6.152557305676835
14,716,random_subsets_natural_partition,9957,6.157817209592539
14,716,random_subsets_natural_partition,9958,6.154114926143023
14,716,random_subsets_natural_partition,9959,6.141179287494113
14,716,random_subsets_natural_partition,9960,6.136171208495383
14,716,random_subsets_natural_partition,9961,6.160652198201999
14,716,random_subsets_natural_partition,9962,6.142012030165842
14,716,random_subsets_natural_partition,9963,6.166107740100165
14,716,random_subsets_natural_partition,9964,6.128395357833674
14,716,random_subsets_natural_partition,9965,6.135994752236389
14,716,random_subsets_natural_partition,9966,6.162634791246535
14,716,random_subsets_natural_partition,9967,6.120396682089158
14,716,random_subsets_natural_partition,9968,6.1304084896392155
14,716,random_subsets_natural_partition,9969,6.127437842089559
14,716,random_subsets_natural_partition,9970,6.133099249870463
14,716,random_subsets_natural_partition,9971,6.167192906498314
14,716,random_subsets_natural_partition,9972,6.1583416644590585
14,716,random_subsets_natural_partition,9973,6.119067642589575
14,716,random_subsets_natural_partition,9974,6.157327191674201
14,716,random_subsets_natural_partition,9975,6.134862059887692
14,716,random_subsets_natural_partition,9976,6.139515180940027
14,716,random_subsets_natural_partition,9977,6.154151906189471
14,716,random_subsets_natural_partition,9978,6.162481822418186
14,716,random_subsets_natural_partition,9979,6.14528701314459
14,716,random_subsets_natural_partition,9980,6.1649030429975555
14,716,random_subsets_natural_partition,9981,6.142929105270339
14,716,random_subsets_natural_partition,9982,6.1173022517655244
14,716,random_subsets_natural_partition,9983,6.142973243432029
14,716,random_subsets_natural_partition,9984,6.128297049493933
14,716,random_subsets_natural_partition,9985,6.1465146817681475
14,716,random_subsets_natural_partition,9986,6.149811602958059
14,716,random_subsets_natural_partition,9987,6.143066623623816
14,716,random_subsets_natural_partition,9988,6.174526146196578
14,716,random_subsets_natural_partition,9989,6.129324626931868
14,716,random_subsets_natural_partition,9990,6.155240345537582
14,716,random_subsets_natural_partition,9991,6.132059472129971
14,716,random_subsets_natural_partition,9992,6.117668368499665
14,716,random_subsets_natural_partition,9993,6.112753514709676
14,716,random_subsets_natural_partition,9994,6.144070173856442
14,716,random_subsets_natural_partition,9995,6.139156963392311
14,716,random_subsets_natural_partition,9996,6.13879732045828
14,716,random_subsets_natural_partition,9997,6.159307059853443
14,716,random_subsets_natural_partition,9998,6.16970616208837
14,716,random_subsets_natural_partition,9999,6.162738222954571
14,716,selected_seed_541_all_partitions,0,6.13604503838934
14,716,selected_seed_541_all_partitions,1,6.127462829592648
14,716,selected_seed_541_all_partitions,2,6.134857074726535
14,716,selected_seed_541_all_partitions,3,6.12887186192017
14,716,selected_seed_541_all_partitions,4,6.138160362873059
14,716,selected_seed_541_all_partitions,5,6.139496900453831
14,716,selected_seed_541_all_partitions,6,6.134403450017491
14,716,selected_seed_541_all_partitions,7,6.126583415550978
14,716,selected_seed_541_all_partitions,8,6.138474488762551
14,716,selected_seed_541_all_partitions,9,6.138844275737057
14,716,selected_seed_541_all_partitions,10,6.136641286042306
14,716,selected_seed_541_all_partitions,11,6.147387543570995
14,716,selected_seed_541_all_partitions,12,6.142340130430237
14,716,selected_seed_541_all_partitions,13,6.108640607715516
14,716,selected_seed_541_all_partitions,14,6.136877388814202
14,716,selected_seed_541_all_partitions,15,6.137532990675044
14,716,selected_seed_541_all_partitions,16,6.138010712137925
14,716,selected_seed_541_all_partitions,17,6.152469294451421
14,716,selected_seed_541_all_partitions,18,6.131504364579092
14,716,selected_seed_541_all_partitions,19,6.11288908442296
14,716,selected_seed_541_all_partitions,20,6.1335850039441295
14,716,selected_seed_541_all_partitions,21,6.114675577071486
14,716,selected_seed_541_all_partitions,22,6.120754138027436
14,716,selected_seed_541_all_partitions,23,6.157097425649927
14,716,selected_seed_541_all_partitions,24,6.112734919373082
14,716,selected_seed_541_all_partitions,25,6.116752864975572
14,716,selected_seed_541_all_partitions,26,6.102622566305868
14,716,selected_seed_541_all_partitions,27,6.133489729890652
14,716,selected_seed_541_all_partitions,28,6.120779156026806
14,716,selected_seed_541_all_partitions,29,6.114239747272901
14,716,selected_seed_541_all_partitions,30,6.147976232696376
14,716,selected_seed_541_all_partitions,31,6.116527148516327
14,716,selected_seed_541_all_partitions,32,6.1109199253580915
14,716,selected_seed_541_all_partitions,33,6.133327522356785
14,716,selected_seed_541_all_partitions,34,6.1041849389970855
14,716,selected_seed_541_all_partitions,35,6.119024901102453
14,716,selected_seed_541_all_partitions,36,6.132294337619463
14,716,selected_seed_541_all_partitions,37,6.171685720431212
14,716,selected_seed_541_all_partitions,38,6.1464568824104155
14,716,selected_seed_541_all_partitions,39,6.138091762796215
14,716,selected_seed_541_all_partitions,40,6.142498364607266
14,716,selected_seed_541_all_partitions,41,6.136635104892851
14,716,selected_seed_541_all_partitions,42,6.158513815222483
14,716,selected_seed_541_all_partitions,43,6.156253845914041
14,716,selected_seed_541_all_partitions,44,6.141097437495111
14,716,selected_seed_541_all_partitions,45,6.149055757909307
14,716,selected_seed_541_all_partitions,46,6.134150788666581
14,716,selected_seed_541_all_partitions,47,6.120787206372931
14,716,selected_seed_541_all_partitions,48,6.158572820610036
14,716,selected_seed_541_all_partitions,49,6.132225150230011
14,716,selected_seed_541_all_partitions,50,6.149100521036751
14,716,selected_seed_541_all_partitions,51,6.167054755084126
14,716,selected_seed_541_all_partitions,52,6.15171154078548
14,716,selected_seed_541_all_partitions,53,6.166645525501935
14,716,selected_seed_541_all_partitions,54,6.142779353006589
14,716,selected_seed_541_all_partitions,55,6.129862327380124
14,716,selected_seed_541_all_partitions,56,6.135868746601285
14,716,selected_seed_541_all_partitions,57,6.147421407538082
14,716,selected_seed_541_all_partitions,58,6.151975108890627
14,716,selected_seed_541_all_partitions,59,6.155268695413983
14,716,selected_seed_541_all_partitions,60,6.163271984348648
14,716,selected_seed_541_all_partitions,61,6.1481673758910365
14,716,selected_seed_541_all_partitions,62,6.1588100714417
14,716,selected_seed_541_all_partitions,63,6.168088923897335
14,716,selected_seed_541_all_partitions,64,6.145463839542969
14,716,selected_seed_541_all_partitions,65,6.146453831509555
14,716,selected_seed_541_all_partitions,66,6.144477619312354
14,716,selected_seed_541_all_partitions,67,6.118368970464345
14,716,selected_seed_541_all_partitions,68,6.106338232584804
14,716,selected_seed_541_all_partitions,69,6.1460491037647635
14,716,selected_seed_541_all_partitions,70,6.1468289491617965
14,716,selected_seed_541_all_partitions,71,6.120638306711381
14,716,selected_seed_541_all_partitions,72,6.141083510663007
14,716,selected_seed_541_all_partitions,73,6.139722714491851
14,716,selected_seed_541_all_partitions,74,6.131011885471363
14,716,selected_seed_541_all_partitions,75,6.128759741364517
14,716,selected_seed_541_all_partitions,76,6.124571504311594
14,716,selected_seed_541_all_partitions,77,6.123623231607818
14,716,selected_seed_541_all_partitions,78,6.141794799262584
14,716,selected_seed_541_all_partitions,79,6.143039993383692
14,716,selected_seed_541_all_partitions,80,6.12261831269298
14,716,selected_seed_541_all_partitions,81,6.141515066548736
14,716,selected_seed_541_all_partitions,82,6.1232512878830665
14,716,selected_seed_541_all_partitions,83,6.135309585681815
14,716,selected_seed_541_all_partitions,84,6.11989638056675
14,716,selected_seed_541_all_partitions,85,6.136986498302293
14,716,selected_seed_541_all_partitions,86,6.143014581182163
14,716,selected_seed_541_all_partitions,87,6.1404965429645815
14,716,selected_seed_541_all_partitions,88,6.127258744973945
14,716,selected_seed_541_all_partitions,89,6.149721872942496
14,716,selected_seed_541_all_partitions,90,6.157432466771902
14,716,selected_seed_541_all_partitions,91,6.123456945920242
14,716,selected_seed_541_all_partitions,92,6.127648601567359
14,716,selected_seed_541_all_partitions,93,6.15045880463708
14,716,selected_seed_541_all_partitions,94,6.14720903210894
14,716,selected_seed_541_all_partitions,95,6.1241013886089
14,716,selected_seed_541_all_partitions,96,6.168121804023251
14,716,selected_seed_541_all_partitions,97,6.102082911728249
14,716,selected_seed_541_all_partitions,98,6.125631553365115
14,716,selected_seed_541_all_partitions,99,6.135525845145635
14,716,selected_seed_541_all_partitions,100,6.126422521529891
14,716,selected_seed_541_all_partitions,101,6.131263328408833
14,716,selected_seed_541_all_partitions,102,6.134794530265014
14,716,selected_seed_541_all_partitions,103,6.136304006187142
14,716,selected_seed_541_all_partitions,104,6.141329054822218
14,716,selected_seed_541_all_partitions,105,6.120675506889526
14,716,selected_seed_541_all_partitions,106,6.143230915071532
14,716,selected_seed_541_all_partitions,107,6.143902556075842
14,716,selected_seed_541_all_partitions,108,6.136712722970059
14,716,selected_seed_541_all_partitions,109,6.131173771337935
14,716,selected_seed_541_all_partitions,110,6.145554185431305
14,716,selected_seed_541_all_partitions,111,6.119448354461209
14,716,selected_seed_541_all_partitions,112,6.133429132372538
14,716,selected_seed_541_all_partitions,113,6.12080665793679
14,716,selected_seed_541_all_partitions,114,6.114145291193074
14,716,selected_seed_541_all_partitions,115,6.131728794336533
14,716,selected_seed_541_all_partitions,116,6.144145888905217
14,716,selected_seed_541_all_partitions,117,6.137598780641883
14,716,selected_seed_541_all_partitions,118,6.135396671606843
14,716,selected_seed_541_all_partitions,119,6.10918877156933
14,716,selected_seed_541_all_partitions,120,6.139503869439859
14,716,selected_seed_541_all_partitions,121,6.170862151675165
14,716,selected_seed_541_all_partitions,122,6.122256351743686
14,716,selected_seed_541_all_partitions,123,6.151669633110251
14,716,selected_seed_541_all_partitions,124,6.153161007615299
14,716,selected_seed_541_all_partitions,125,6.137271265654162
14,716,selected_seed_541_all_partitions,126,6.137940760382172
14,716,selected_seed_541_all_partitions,127,6.175837237559744
14,716,selected_seed_541_all_partitions,128,6.1514745903290695
14,716,selected_seed_541_all_partitions,129,6.163846779352954
14,716,selected_seed_541_all_partitions,130,6.158324598657338
14,716,selected_seed_541_all_partitions,131,6.156067231116752
14,716,selected_seed_541_all_partitions,132,6.14594368347038
14,716,selected_seed_541_all_partitions,133,6.136136574118074
14,716,selected_seed_541_all_partitions,134,6.14360438368827
14,716,selected_seed_541_all_partitions,135,6.18602041361255
14,716,selected_seed_541_all_partitions,136,6.16319260833293
14,716,selected_seed_541_all_partitions,137,6.142933046723478
14,716,selected_seed_541_all_partitions,138,6.133590297196302
14,716,selected_seed_541_all_partitions,139,6.139359582281557
14,716,selected_seed_541_all_partitions,140,6.139681064625395
14,716,selected_seed_541_all_partitions,141,6.132935622328195
14,716,selected_seed_541_all_partitions,142,6.180853353148082
14,716,selected_seed_541_all_partitions,143,6.176241497449393
14,716,selected_seed_541_all_partitions,144,6.145259353588865
14,716,selected_seed_541_all_partitions,145,6.176783274036314
14,716,selected_seed_541_all_partitions,146,6.137259515349303
14,716,selected_seed_541_all_partitions,147,6.152001709606332
14,716,selected_seed_541_all_partitions,148,6.163013323196202
14,716,selected_seed_541_all_partitions,149,6.15148904136673
14,716,selected_seed_541_all_partitions,150,6.180436852838366
14,716,selected_seed_541_all_partitions,151,6.152319529938437
14,716,selected_seed_541_all_partitions,152,6.137297806241383
14,716,selected_seed_541_all_partitions,153,6.139273854203179
14,716,selected_seed_541_all_partitions,154,6.140579239393246
14,716,selected_seed_541_all_partitions,155,6.14263356919137
14,716,selected_seed_541_all_partitions,156,6.169731354614878
14,716,selected_seed_541_all_partitions,157,6.16570085640471
14,716,selected_seed_541_all_partitions,158,6.133662285987304
14,716,selected_seed_541_all_partitions,159,6.140542112268564
14,716,selected_seed_541_all_partitions,160,6.1357960423113
14,716,selected_seed_541_all_partitions,161,6.128684119815591
14,716,selected_seed_541_all_partitions,162,6.137153991251541
14,716,selected_seed_541_all_partitions,163,6.175088361191084
14,716,selected_seed_541_all_partitions,164,6.164993832677482
14,716,selected_seed_541_all_partitions,165,6.134002004985758
14,716,selected_seed_541_all_partitions,166,6.148843556024505
14,716,selected_seed_541_all_partitions,167,6.113064285606807
14,716,selected_seed_541_all_partitions,168,6.135511155050337
14,716,selected_seed_541_all_partitions,169,6.1481653118209465
14,716,selected_seed_541_all_partitions,170,6.141942034285576
14,716,selected_seed_541_all_partitions,171,6.179231941944803
14,716,selected_seed_541_all_partitions,172,6.170120852802328
14,716,selected_seed_541_all_partitions,173,6.157314556809054
14,716,selected_seed_541_all_partitions,174,6.1535831556631075
14,716,selected_seed_541_all_partitions,175,6.159954436040149
14,716,selected_seed_541_all_partitions,176,6.153620513993969
14,716,selected_seed_541_all_partitions,177,6.133431813427671
14,716,selected_seed_541_all_partitions,178,6.190628690167755
14,716,selected_seed_541_all_partitions,179,6.160803136262286
14,716,selected_seed_541_all_partitions,180,6.150319150276971
14,716,selected_seed_541_all_partitions,181,6.153129827614109
14,716,selected_seed_541_all_partitions,182,6.141306419849381
14,716,selected_seed_541_all_partitions,183,6.162266348205521
14,716,selected_seed_541_all_partitions,184,6.117987006372456
14,716,selected_seed_541_all_partitions,185,6.146496748431623
14,716,selected_seed_541_all_partitions,186,6.1490730785115675
14,716,selected_seed_541_all_partitions,187,6.133344635792174
14,716,selected_seed_541_all_partitions,188,6.164767331704292
14,716,selected_seed_541_all_partitions,189,6.1464313387733345
14,716,selected_seed_541_all_partitions,190,6.132199862706641
14,716,selected_seed_541_all_partitions,191,6.178999564426929
14,716,selected_seed_541_all_partitions,192,6.144304879580394
14,716,selected_seed_541_all_partitions,193,6.1452243217615825
14,716,selected_seed_541_all_partitions,194,6.1618177653504524
14,716,selected_seed_541_all_partitions,195,6.13896617155826
14,716,selected_seed_541_all_partitions,196,6.132336452198112
14,716,selected_seed_541_all_partitions,197,6.14585714594089
14,716,selected_seed_541_all_partitions,198,6.131005353290316
14,716,selected_seed_541_all_partitions,199,6.143628961146358
14,716,selected_seed_541_all_partitions,200,6.18644844320591
14,716,selected_seed_541_all_partitions,201,6.153060414798854
14,716,selected_seed_541_all_partitions,202,6.128685270679851
14,716,selected_seed_541_all_partitions,203,6.11437485706836
14,716,selected_seed_541_all_partitions,204,6.1593399860814735
14,716,selected_seed_541_all_partitions,205,6.148904704189621
14,716,selected_seed_541_all_partitions,206,6.161965162264656
14,716,selected_seed_541_all_partitions,207,6.140313185487373
14,716,selected_seed_541_all_partitions,208,6.114373995269267
14,716,selected_seed_541_all_partitions,209,6.145653018885481
14,716,selected_seed_541_all_partitions,210,6.149364654109431
14,716,selected_seed_541_all_partitions,211,6.16282510738733
14,716,selected_seed_541_all_partitions,212,6.172687139100782
14,716,selected_seed_541_all_partitions,213,6.185679713624558
14,716,selected_seed_541_all_partitions,214,6.151775956560917
14,716,selected_seed_541_all_partitions,215,6.151953555344013
14,716,selected_seed_541_all_partitions,216,6.142063413291593
14,716,selected_seed_541_all_partitions,217,6.132075642278624
14,716,selected_seed_541_all_partitions,218,6.154501094461886
14,716,selected_seed_541_all_partitions,219,6.163128228963992
14,716,selected_seed_541_all_partitions,220,6.146225608463389
14,716,selected_seed_541_all_partitions,221,6.15939223570099
14,716,selected_seed_541_all_partitions,222,6.161314430116984
14,716,selected_seed_541_all_partitions,223,6.154531810749988
14,716,selected_seed_541_all_partitions,224,6.163632628085783
14,716,selected_seed_541_all_partitions,225,6.154861819029818
14,716,selected_seed_541_all_partitions,226,6.150710798354166
14,716,selected_seed_541_all_partitions,227,6.169450572579021
14,716,selected_seed_541_all_partitions,228,6.163849947591329
14,716,selected_seed_541_all_partitions,229,6.16668854694624
14,716,selected_seed_541_all_partitions,230,6.165156201992486
14,716,selected_seed_541_all_partitions,231,6.145938185120498
14,716,selected_seed_541_all_partitions,232,6.15687858037272
14,716,selected_seed_541_all_partitions,233,6.155184052433659
14,716,selected_seed_541_all_partitions,234,6.162902723188776
14,716,selected_seed_541_all_partitions,235,6.152482878633443
14,716,selected_seed_541_all_partitions,236,6.1691762180180945
14,716,selected_seed_541_all_partitions,237,6.143627703414337
14,716,selected_seed_541_all_partitions,238,6.160913205482309
14,716,selected_seed_541_all_partitions,239,6.165646249359356
14,716,selected_seed_541_all_partitions,240,6.14240925959793
14,716,selected_seed_541_all_partitions,241,6.148148968277463
14,716,selected_seed_541_all_partitions,242,6.15330990754777
14,716,selected_seed_541_all_partitions,243,6.14845511039018
14,716,selected_seed_541_all_partitions,244,6.173919743560855
14,716,selected_seed_541_all_partitions,245,6.1770509875139314
14,716,selected_seed_541_all_partitions,246,6.166141510133929
14,716,selected_seed_541_all_partitions,247,6.187152671116759
14,716,selected_seed_541_all_partitions,248,6.158806102164495
14,716,selected_seed_541_all_partitions,249,6.168215730668072
14,716,selected_seed_541_all_partitions,250,6.153470251730524
14,716,selected_seed_541_all_partitions,251,6.163375325284403
14,716,selected_seed_541_all_partitions,252,6.162913823173634
14,716,selected_seed_541_all_partitions,253,6.148916973924815
14,716,selected_seed_541_all_partitions,254,6.144700978069238
14,716,selected_seed_541_all_partitions,255,6.168761472259142
14,716,selected_seed_541_all_partitions,256,6.175118826202576
14,716,selected_seed_541_all_partitions,257,6.176257958900923
14,716,selected_seed_541_all_partitions,258,6.1702278109981235
14,716,selected_seed_541_all_partitions,259,6.153869685388818
14,716,selected_seed_541_all_partitions,260,6.1483022561477725
14,716,selected_seed_541_all_partitions,261,6.144589949939052
14,716,selected_seed_541_all_partitions,262,6.144066877316311
14,716,selected_seed_541_all_partitions,263,6.150742572874576
14,716,selected_seed_541_all_partitions,264,6.135172498776741
14,716,selected_seed_541_all_partitions,265,6.162445723035238
14,716,selected_seed_541_all_partitions,266,6.148629457734366
14,716,selected_seed_541_all_partitions,267,6.139199632029648
14,716,selected_seed_541_all_partitions,268,6.157947582926781
14,716,selected_seed_541_all_partitions,269,6.161049005935291
14,716,selected_seed_541_all_partitions,270,6.129216935728867
14,716,selected_seed_541_all_partitions,271,6.16965960492384
14,716,selected_seed_541_all_partitions,272,6.120485173723273
14,716,selected_seed_541_all_partitions,273,6.122469344546884
14,716,selected_seed_541_all_partitions,274,6.137218393774561
14,716,selected_seed_541_all_partitions,275,6.1364983651362985
14,716,selected_seed_541_all_partitions,276,6.139550624613604
14,716,selected_seed_541_all_partitions,277,6.158172339616921
14,716,selected_seed_541_all_partitions,278,6.135256153894732
14,716,selected_seed_541_all_partitions,279,6.147676577762328
14,716,selected_seed_541_all_partitions,280,6.139115416317264
14,716,selected_seed_541_all_partitions,281,6.134107675179287
14,716,selected_seed_541_all_partitions,282,6.167034335645356
14,716,selected_seed_541_all_partitions,283,6.13757035410649
14,716,selected_seed_541_all_partitions,284,6.136115949360141
14,716,selected_seed_541_all_partitions,285,6.1613137584157345
14,716,selected_seed_541_all_partitions,286,6.158228251421764
14,716,selected_seed_541_all_partitions,287,6.145277347079398
14,716,selected_seed_541_all_partitions,288,6.14183903271513
14,716,selected_seed_541_all_partitions,289,6.124751736325649
14,716,selected_seed_541_all_partitions,290,6.150971578989189
14,716,selected_seed_541_all_partitions,291,6.161646767153954
14,716,selected_seed_541_all_partitions,292,6.160486720405958
14,716,selected_seed_541_all_partitions,293,6.1491579717861935
14,716,selected_seed_541_all_partitions,294,6.119810274665542
14,716,selected_seed_541_all_partitions,295,6.151183752984675
14,716,selected_seed_541_all_partitions,296,6.13352533079443
14,716,selected_seed_541_all_partitions,297,6.140803356100604
14,716,selected_seed_541_all_partitions,298,6.159024785356656
14,716,selected_seed_541_all_partitions,299,6.172065466967354
14,716,selected_seed_541_all_partitions,300,6.14511543763659
14,716,selected_seed_541_all_partitions,301,6.141928788209135
14,716,selected_seed_541_all_partitions,302,6.149267645649581
14,716,selected_seed_541_all_partitions,303,6.164088740847971
14,716,selected_seed_541_all_partitions,304,6.15177829463723
14,716,selected_seed_541_all_partitions,305,6.168548972756319
14,716,selected_seed_541_all_partitions,306,6.163869236094256
14,716,selected_seed_541_all_partitions,307,6.1648970740569755
14,716,selected_seed_541_all_partitions,308,6.121179515477227
14,716,selected_seed_541_all_partitions,309,6.134489156947993
14,716,selected_seed_541_all_partitions,310,6.160216088184213
14,716,selected_seed_541_all_partitions,311,6.140861781272289
14,716,selected_seed_541_all_partitions,312,6.1548329258564225
14,716,selected_seed_541_all_partitions,313,6.149354012458981
14,716,selected_seed_541_all_partitions,314,6.129753667937721
14,716,selected_seed_541_all_partitions,315,6.1464619121524215
14,716,selected_seed_541_all_partitions,316,6.149692821051331
14,716,selected_seed_541_all_partitions,317,6.137879199980404
14,716,selected_seed_541_all_partitions,318,6.142585053300105
14,716,selected_seed_541_all_partitions,319,6.13899035520867
14,716,selected_seed_541_all_partitions,320,6.166581208323752
14,716,selected_seed_541_all_partitions,321,6.164315640355525
14,716,selected_seed_541_all_partitions,322,6.148674511081217
14,716,selected_seed_541_all_partitions,323,6.132257711664449
14,716,selected_seed_541_all_partitions,324,6.144337418900575
14,716,selected_seed_541_all_partitions,325,6.152428963072678
14,716,selected_seed_541_all_partitions,326,6.152440836123029
14,716,selected_seed_541_all_partitions,327,6.143110329958905
14,716,selected_seed_541_all_partitions,328,6.120292959633965
14,716,selected_seed_541_all_partitions,329,6.125327426164609
14,716,selected_seed_541_all_partitions,330,6.1271217577164725
14,716,selected_seed_541_all_partitions,331,6.161374896057489
14,716,selected_seed_541_all_partitions,332,6.124817698392857
14,716,selected_seed_541_all_partitions,333,6.153023451304743
14,716,selected_seed_541_all_partitions,334,6.146385424854425
14,716,selected_seed_541_all_partitions,335,6.142495948519276
14,716,selected_seed_541_all_partitions,336,6.148692553066018
14,716,selected_seed_541_all_partitions,337,6.14706499190423
14,716,selected_seed_541_all_partitions,338,6.139361638211223
14,716,selected_seed_541_all_partitions,339,6.155748669949384
14,716,selected_seed_541_all_partitions,340,6.135775670945158
14,716,selected_seed_541_all_partitions,341,6.13129789220673
14,716,selected_seed_541_all_partitions,342,6.151212258875271
14,716,selected_seed_541_all_partitions,343,6.135500975156986
14,716,selected_seed_541_all_partitions,344,6.123783703790671
14,716,selected_seed_541_all_partitions,345,6.153650939122119
14,716,selected_seed_541_all_partitions,346,6.14787377292276
14,716,selected_seed_541_all_partitions,347,6.145594322701389
14,716,selected_seed_541_all_partitions,348,6.120273141465363
14,716,selected_seed_541_all_partitions,349,6.129466559851412
14,716,selected_seed_541_all_partitions,350,6.125672553174663
14,716,selected_seed_541_all_partitions,351,6.127261706817665
14,716,selected_seed_541_all_partitions,352,6.1497249318075875
14,716,selected_seed_541_all_partitions,353,6.15280504707944
14,716,selected_seed_541_all_partitions,354,6.137666950301924
14,716,selected_seed_541_all_partitions,355,6.142549624798099
14,716,selected_seed_541_all_partitions,356,6.145042912668373
14,716,selected_seed_541_all_partitions,357,6.145437686352831
14,716,selected_seed_541_all_partitions,358,6.156915308007962
14,716,selected_seed_541_all_partitions,359,6.14329176880861
14,716,selected_seed_541_all_partitions,360,6.1568231083642715
14,716,selected_seed_541_all_partitions,361,6.150540650877789
14,716,selected_seed_541_all_partitions,362,6.1361188811989065
14,716,selected_seed_541_all_partitions,363,6.149238128136439
14,716,selected_seed_541_all_partitions,364,6.152096110629215
14,716,selected_seed_541_all_partitions,365,6.13362507225137
14,716,selected_seed_541_all_partitions,366,6.151166840725427
14,716,selected_seed_541_all_partitions,367,6.147577298674515
14,716,selected_seed_541_all_partitions,368,6.135699894516556
14,716,selected_seed_541_all_partitions,369,6.130515700000242
14,716,selected_seed_541_all_partitions,370,6.1416646933442705
14,716,selected_seed_541_all_partitions,371,6.124127114450314
14,716,selected_seed_541_all_partitions,372,6.140600391774995
14,716,selected_seed_541_all_partitions,373,6.163437354703288
14,716,selected_seed_541_all_partitions,374,6.155782313033295
14,716,selected_seed_541_all_partitions,375,6.147574847115425
14,716,selected_seed_541_all_partitions,376,6.151394850798545
14,716,selected_seed_541_all_partitions,377,6.143748785731072
14,716,selected_seed_541_all_partitions,378,6.13200450360854
14,716,selected_seed_541_all_partitions,379,6.146259789252608
14,716,selected_seed_541_all_partitions,380,6.143084904099781
14,716,selected_seed_541_all_partitions,381,6.153850163567335
14,716,selected_seed_541_all_partitions,382,6.150530835759958
14,716,selected_seed_541_all_partitions,383,6.146476806183003
14,716,selected_seed_541_all_partitions,384,6.14774055223283
14,716,selected_seed_541_all_partitions,385,6.136146317439884
14,716,selected_seed_541_all_partitions,386,6.144916563582665
14,716,selected_seed_541_all_partitions,387,6.140537623986258
14,716,selected_seed_541_all_partitions,388,6.143203999577769
14,716,selected_seed_541_all_partitions,389,6.141665756283337
14,716,selected_seed_541_all_partitions,390,6.164900572352314
14,716,selected_seed_541_all_partitions,391,6.139726324470043
14,716,selected_seed_541_all_partitions,392,6.131733235360134
14,716,selected_seed_541_all_partitions,393,6.153514275384388
14,716,selected_seed_541_all_partitions,394,6.112736407380363
14,716,selected_seed_541_all_partitions,395,6.145981374315002
14,716,selected_seed_541_all_partitions,396,6.144639424383428
14,716,selected_seed_541_all_partitions,397,6.12480135131987
14,716,selected_seed_541_all_partitions,398,6.151808668339888
14,716,selected_seed_541_all_partitions,399,6.115680333217372
14,716,selected_seed_541_all_partitions,400,6.123233750256771
14,716,selected_seed_541_all_partitions,401,6.169596976718249
14,716,selected_seed_541_all_partitions,402,6.135743837954056
14,716,selected_seed_541_all_partitions,403,6.1407529623338775
14,716,selected_seed_541_all_partitions,404,6.1359828727932815
14,716,selected_seed_541_all_partitions,405,6.12559340565177
14,716,selected_seed_541_all_partitions,406,6.12934221727622
14,716,selected_seed_541_all_partitions,407,6.145307760246081
14,716,selected_seed_541_all_partitions,408,6.131510063298107
14,716,selected_seed_541_all_partitions,409,6.135443414227481
14,716,selected_seed_541_all_partitions,410,6.158522033428956
14,716,selected_seed_541_all_partitions,411,6.1294562563909105
14,716,selected_seed_541_all_partitions,412,6.144903474277209
14,716,selected_seed_541_all_partitions,413,6.1241496033647955
14,716,selected_seed_541_all_partitions,414,6.150868318487804
14,716,selected_seed_541_all_partitions,415,6.1458999993626895
14,716,selected_seed_541_all_partitions,416,6.147250257310479
14,716,selected_seed_541_all_partitions,417,6.135910908458394
14,716,selected_seed_541_all_partitions,418,6.133583022477606
14,716,selected_seed_541_all_partitions,419,6.147685766638173
14,716,selected_seed_541_all_partitions,420,6.156715737944555
14,716,selected_seed_541_all_partitions,421,6.142455370676383
14,716,selected_seed_541_all_partitions,422,6.155741457599404
14,716,selected_seed_541_all_partitions,423,6.166575338556262
14,716,selected_seed_541_all_partitions,424,6.1574264329191815
14,716,selected_seed_541_all_partitions,425,6.128585756503037
14,716,selected_seed_541_all_partitions,426,6.1336510728754865
14,716,selected_seed_541_all_partitions,427,6.140300837190453
14,716,selected_seed_541_all_partitions,428,6.146524295452041
14,716,selected_seed_541_all_partitions,429,6.160291129952799
14,716,selected_seed_541_all_partitions,430,6.1507790782086245
14,716,selected_seed_541_all_partitions,431,6.149881708786578
14,716,selected_seed_541_all_partitions,432,6.15761093206981
14,716,selected_seed_541_all_partitions,433,6.158803847020809
14,716,selected_seed_541_all_partitions,434,6.1448842319768655
14,716,selected_seed_541_all_partitions,435,6.145117595410959
14,716,selected_seed_541_all_partitions,436,6.135938577265862
14,716,selected_seed_541_all_partitions,437,6.153799979806163
14,716,selected_seed_541_all_partitions,438,6.162104905121898
14,716,selected_seed_541_all_partitions,439,6.170297828886661
14,716,selected_seed_541_all_partitions,440,6.146598594792323
14,716,selected_seed_541_all_partitions,441,6.1352762015094
14,716,selected_seed_541_all_partitions,442,6.143141620393812
14,716,selected_seed_541_all_partitions,443,6.15709802254229
14,716,selected_seed_541_all_partitions,444,6.16578548006115
14,716,selected_seed_541_all_partitions,445,6.152407057461685
14,716,selected_seed_541_all_partitions,446,6.1635277898063325
14,716,selected_seed_541_all_partitions,447,6.143829329582316
14,716,selected_seed_541_all_partitions,448,6.172983603189545
14,716,selected_seed_541_all_partitions,449,6.174603072795464
14,716,selected_seed_541_all_partitions,450,6.122159738114411
14,716,selected_seed_541_all_partitions,451,6.154244651217916
14,716,selected_seed_541_all_partitions,452,6.154093962616452
14,716,selected_seed_541_all_partitions,453,6.153179383211379
14,716,selected_seed_541_all_partitions,454,6.158326368886063
14,716,selected_seed_541_all_partitions,455,6.134524408396482
14,716,selected_seed_541_all_partitions,456,6.133732587421208
14,716,selected_seed_541_all_partitions,457,6.1789559938079766
14,716,selected_seed_541_all_partitions,458,6.174302183994824
14,716,selected_seed_541_all_partitions,459,6.1604649695186815
14,716,selected_seed_541_all_partitions,460,6.136015950899165
14,716,selected_seed_541_all_partitions,461,6.142018818716786
14,716,selected_seed_541_all_partitions,462,6.133198650615132
14,716,selected_seed_541_all_partitions,463,6.136249082244221
14,716,selected_seed_541_all_partitions,464,6.1617930328776715
14,716,selected_seed_541_all_partitions,465,6.168042561058654
14,716,selected_seed_541_all_partitions,466,6.170774034888757
14,716,selected_seed_541_all_partitions,467,6.165445454311028
14,716,selected_seed_541_all_partitions,468,6.148277803412055
14,716,selected_seed_541_all_partitions,469,6.174854814672804
14,716,selected_seed_541_all_partitions,470,6.1593019294379285
14,716,selected_seed_541_all_partitions,471,6.130712849359823
14,716,selected_seed_541_all_partitions,472,6.131084783632556
14,716,selected_seed_541_all_partitions,473,6.14744963697688
14,716,selected_seed_541_all_partitions,474,6.146256979039014
14,716,selected_seed_541_all_partitions,475,6.153900178420546
14,716,selected_seed_541_all_partitions,476,6.129358392080038
14,716,selected_seed_541_all_partitions,477,6.1321573668821525
14,716,selected_seed_541_all_partitions,478,6.1537506338165
14,716,selected_seed_541_all_partitions,479,6.136914007365854
14,716,selected_seed_541_all_partitions,480,6.117676475908682
14,716,selected_seed_541_all_partitions,481,6.175149484498882
14,716,selected_seed_541_all_partitions,482,6.103343956505207
14,716,selected_seed_541_all_partitions,483,6.132577050504479
14,716,selected_seed_541_all_partitions,484,6.121152171861405
14,716,selected_seed_541_all_partitions,485,6.114673073677109
14,716,selected_seed_541_all_partitions,486,6.144281291789563
14,716,selected_seed_541_all_partitions,487,6.148571529467371
14,716,selected_seed_541_all_partitions,488,6.151012157367142
14,716,selected_seed_541_all_partitions,489,6.128517828977366
14,716,selected_seed_541_all_partitions,490,6.099688186548162
14,716,selected_seed_541_all_partitions,491,6.134335087647875
14,716,selected_seed_541_all_partitions,492,6.153079392307748
14,716,selected_seed_541_all_partitions,493,6.12494905637035
14,716,selected_seed_541_all_partitions,494,6.125901389668125
14,716,selected_seed_541_all_partitions,495,6.138379963151294
14,716,selected_seed_541_all_partitions,496,6.138738891553302
14,716,selected_seed_541_all_partitions,497,6.149216650215711
14,716,selected_seed_541_all_partitions,498,6.120651996537459
14,716,selected_seed_541_all_partitions,499,6.1405714597482675
14,716,selected_seed_541_all_partitions,500,6.132859468291536
14,716,selected_seed_541_all_partitions,501,6.1515554231642255
14,716,selected_seed_541_all_partitions,502,6.150241107471792
14,716,selected_seed_541_all_partitions,503,6.138215992023988
14,716,selected_seed_541_all_partitions,504,6.13924125379247
14,716,selected_seed_541_all_partitions,505,6.140364546221164
14,716,selected_seed_541_all_partitions,506,6.130446535111766
14,716,selected_seed_541_all_partitions,507,6.13902873846065
14,716,selected_seed_541_all_partitions,508,6.1492893585907105
14,716,selected_seed_541_all_partitions,509,6.133754186030791
14,716,selected_seed_541_all_partitions,510,6.106060106478238
14,716,selected_seed_541_all_partitions,511,6.139813189317626
14,716,selected_seed_541_all_partitions,512,6.134817700957758
14,716,selected_seed_541_all_partitions,513,6.139096507383016
14,716,selected_seed_541_all_partitions,514,6.138374129333097
14,716,selected_seed_541_all_partitions,515,6.145984609996105
14,716,selected_seed_541_all_partitions,516,6.1403221696982575
14,716,selected_seed_541_all_partitions,517,6.1652561625307705
14,716,selected_seed_541_all_partitions,518,6.115354104122272
14,716,selected_seed_541_all_partitions,519,6.148135255699
14,716,selected_seed_541_all_partitions,520,6.139852918687602
14,716,selected_seed_541_all_partitions,521,6.133293310206358
14,716,selected_seed_541_all_partitions,522,6.147237069527292
14,716,selected_seed_541_all_partitions,523,6.13511846416588
14,716,selected_seed_541_all_partitions,524,6.129974386655682
14,716,selected_seed_541_all_partitions,525,6.136620978787852
14,716,selected_seed_541_all_partitions,526,6.114080536148722
14,716,selected_seed_541_all_partitions,527,6.105010775936352
14,716,selected_seed_541_all_partitions,528,6.161672605880637
14,716,selected_seed_541_all_partitions,529,6.142356144454403
14,716,selected_seed_541_all_partitions,530,6.143340524393273
14,716,selected_seed_541_all_partitions,531,6.14489316064564
14,716,selected_seed_541_all_partitions,532,6.121899970035775
14,716,selected_seed_541_all_partitions,533,6.113396869212419
14,716,selected_seed_541_all_partitions,534,6.132700152544648
14,716,selected_seed_541_all_partitions,535,6.140003467153984
14,716,selected_seed_541_all_partitions,536,6.133781954342505
14,716,selected_seed_541_all_partitions,537,6.129495281983744
14,716,selected_seed_541_all_partitions,538,6.127441692702751
14,716,selected_seed_541_all_partitions,539,6.130086647691619
14,716,selected_seed_541_all_partitions,540,6.160535851474556
14,716,selected_seed_541_all_partitions,541,6.1291908277583005
14,716,selected_seed_541_all_partitions,542,6.1579582822251115
14,716,selected_seed_541_all_partitions,543,6.136576841084632
14,716,selected_seed_541_all_partitions,544,6.1361904176319575
14,716,selected_seed_541_all_partitions,545,6.157184083421418
14,716,selected_seed_541_all_partitions,546,6.139248669330595
14,716,selected_seed_541_all_partitions,547,6.160511991308618
14,716,selected_seed_541_all_partitions,548,6.159689045441517
14,716,selected_seed_541_all_partitions,549,6.162481118230149
14,716,selected_seed_541_all_partitions,550,6.152744774539446
14,716,selected_seed_541_all_partitions,551,6.115657556956997
14,716,selected_seed_541_all_partitions,552,6.113678063160173
14,716,selected_seed_541_all_partitions,553,6.114824633188139
14,716,selected_seed_541_all_partitions,554,6.114955251959131
14,716,selected_seed_541_all_partitions,555,6.155220287409263
14,716,selected_seed_541_all_partitions,556,6.165793096781459
14,716,selected_seed_541_all_partitions,557,6.136622287601509
14,716,selected_seed_541_all_partitions,558,6.164770711324815
14,716,selected_seed_541_all_partitions,559,6.141199395436636
14,716,selected_seed_541_all_partitions,560,6.14798102740878
14,716,selected_seed_541_all_partitions,561,6.151585571334072
14,716,selected_seed_541_all_partitions,562,6.152027385426629
14,716,selected_seed_541_all_partitions,563,6.148329380535848
14,716,selected_seed_541_all_partitions,564,6.170481598834672
14,716,selected_seed_541_all_partitions,565,6.15093523754727
14,716,selected_seed_541_all_partitions,566,6.142841114055264
14,716,selected_seed_541_all_partitions,567,6.136668136776167
14,716,selected_seed_541_all_partitions,568,6.162810276723526
14,716,selected_seed_541_all_partitions,569,6.132523287679937
14,716,selected_seed_541_all_partitions,570,6.1581345513085735
14,716,selected_seed_541_all_partitions,571,6.182467781780047
14,716,selected_seed_541_all_partitions,572,6.164786293653235
14,716,selected_seed_541_all_partitions,573,6.160250879697638
14,716,selected_seed_541_all_partitions,574,6.155124900499927
14,716,selected_seed_541_all_partitions,575,6.168327041706447
14,716,selected_seed_541_all_partitions,576,6.117800323472624
14,716,selected_seed_541_all_partitions,577,6.135629146265463
14,716,selected_seed_541_all_partitions,578,6.161718576619977
14,716,selected_seed_541_all_partitions,579,6.130028020103543
14,716,selected_seed_541_all_partitions,580,6.163896171146542
14,716,selected_seed_541_all_partitions,581,6.177051841043096
14,716,selected_seed_541_all_partitions,582,6.1403372063715445
14,716,selected_seed_541_all_partitions,583,6.17577690898073
14,716,selected_seed_541_all_partitions,584,6.157413516693166
14,716,selected_seed_541_all_partitions,585,6.162192114643736
14,716,selected_seed_541_all_partitions,586,6.130758708260689
14,716,selected_seed_541_all_partitions,587,6.1486139756978595
14,716,selected_seed_541_all_partitions,588,6.11740701673131
14,716,selected_seed_541_all_partitions,589,6.139410607183353
14,716,selected_seed_541_all_partitions,590,6.1110959026689144
14,716,selected_seed_541_all_partitions,591,6.138385439109448
14,716,selected_seed_541_all_partitions,592,6.185227691742496
14,716,selected_seed_541_all_partitions,593,6.1577970024302155
14,716,selected_seed_541_all_partitions,594,6.159512434861791
14,716,selected_seed_541_all_partitions,595,6.15985789383812
14,716,selected_seed_541_all_partitions,596,6.173199866793686
14,716,selected_seed_541_all_partitions,597,6.161592244093
14,716,selected_seed_541_all_partitions,598,6.163205283521866
14,716,selected_seed_541_all_partitions,599,6.181316054782172
14,716,selected_seed_541_all_partitions,600,6.151606859060646
14,716,selected_seed_541_all_partitions,601,6.164508630814318
14,716,selected_seed_541_all_partitions,602,6.148091037419199
14,716,selected_seed_541_all_partitions,603,6.164170414897096
14,716,selected_seed_541_all_partitions,604,6.146979507321195
14,716,selected_seed_541_all_partitions,605,6.167708626441819
14,716,selected_seed_541_all_partitions,606,6.18755103065379
14,716,selected_seed_541_all_partitions,607,6.167267687565458
14,716,selected_seed_541_all_partitions,608,6.155943629723688
14,716,selected_seed_541_all_partitions,609,6.135880681837356
14,716,selected_seed_541_all_partitions,610,6.156946242656824
14,716,selected_seed_541_all_partitions,611,6.1335011980970995
14,716,selected_seed_541_all_partitions,612,6.144275418065911
14,716,selected_seed_541_all_partitions,613,6.162668682963017
14,716,selected_seed_541_all_partitions,614,6.1406229665105565
14,716,selected_seed_541_all_partitions,615,6.148396782693574
14,716,selected_seed_541_all_partitions,616,6.147047209625726
14,716,selected_seed_541_all_partitions,617,6.134977545221056
14,716,selected_seed_541_all_partitions,618,6.189287877208418
14,716,selected_seed_541_all_partitions,619,6.129272670338295
14,716,selected_seed_541_all_partitions,620,6.154799240675787
14,716,selected_seed_541_all_partitions,621,6.144970530759005
14,716,selected_seed_541_all_partitions,622,6.165828608752811
14,716,selected_seed_541_all_partitions,623,6.127580363823712
14,716,selected_seed_541_all_partitions,624,6.156326225004556
14,716,selected_seed_541_all_partitions,625,6.1229432573051685
14,716,selected_seed_541_all_partitions,626,6.143913143196104
14,716,selected_seed_541_all_partitions,627,6.19084841812298
14,716,selected_seed_541_all_partitions,628,6.142917715973777
14,716,selected_seed_541_all_partitions,629,6.1450957560200985
14,716,selected_seed_541_all_partitions,630,6.129814005916343
14,716,selected_seed_541_all_partitions,631,6.137379489280738
14,716,selected_seed_541_all_partitions,632,6.137079383381969
14,716,selected_seed_541_all_partitions,633,6.169349739614485
14,716,selected_seed_541_all_partitions,634,6.1424184682873895
14,716,selected_seed_541_all_partitions,635,6.168498734568849
14,716,selected_seed_541_all_partitions,636,6.168315680789845
14,716,selected_seed_541_all_partitions,637,6.131994444754677
14,716,selected_seed_541_all_partitions,638,6.176773103890017
14,716,selected_seed_541_all_partitions,639,6.15337026946031
14,716,selected_seed_541_all_partitions,640,6.163882412796072
14,716,selected_seed_541_all_partitions,641,6.168090387778479
14,716,selected_seed_541_all_partitions,642,6.182350036482043
14,716,selected_seed_541_all_partitions,643,6.150927363819216
14,716,selected_seed_541_all_partitions,644,6.160944551087647
14,716,selected_seed_541_all_partitions,645,6.1543652730443545
14,716,selected_seed_541_all_partitions,646,6.161973609729511
14,716,selected_seed_541_all_partitions,647,6.18557442688975
14,716,selected_seed_541_all_partitions,648,6.162069826663064
14,716,selected_seed_541_all_partitions,649,6.158398848090525
14,716,selected_seed_541_all_partitions,650,6.161998539161454
14,716,selected_seed_541_all_partitions,651,6.131274709972343
14,716,selected_seed_541_all_partitions,652,6.143952083012653
14,716,selected_seed_541_all_partitions,653,6.112771075297579
14,716,selected_seed_541_all_partitions,654,6.173982636558542
14,716,selected_seed_541_all_partitions,655,6.123637214994444
14,716,selected_seed_541_all_partitions,656,6.152961677272749
14,716,selected_seed_541_all_partitions,657,6.179204546432895
14,716,selected_seed_541_all_partitions,658,6.141479262634486
14,716,selected_seed_541_all_partitions,659,6.137914173280316
14,716,selected_seed_541_all_partitions,660,6.146228348202482
14,716,selected_seed_541_all_partitions,661,6.157878353364763
14,716,selected_seed_541_all_partitions,662,6.1405103992485515
14,716,selected_seed_541_all_partitions,663,6.1506253150248105
14,716,selected_seed_541_all_partitions,664,6.1317168644717865
14,716,selected_seed_541_all_partitions,665,6.137725222627347
14,716,selected_seed_541_all_partitions,666,6.149381624584392
14,716,selected_seed_541_all_partitions,667,6.163448595392911
14,716,selected_seed_541_all_partitions,668,6.141142459971691
14,716,selected_seed_541_all_partitions,669,6.150265363967671
14,716,selected_seed_541_all_partitions,670,6.144168156722986
14,716,selected_seed_541_all_partitions,671,6.141855155026194
14,716,selected_seed_541_all_partitions,672,6.1388915797932535
14,716,selected_seed_541_all_partitions,673,6.174096671138133
14,716,selected_seed_541_all_partitions,674,6.162308583743045
14,716,selected_seed_541_all_partitions,675,6.153187805815323
14,716,selected_seed_541_all_partitions,676,6.161907267063303
14,716,selected_seed_541_all_partitions,677,6.1726493630391825
14,716,selected_seed_541_all_partitions,678,6.142254544508097
14,716,selected_seed_541_all_partitions,679,6.138744501865781
14,716,selected_seed_541_all_partitions,680,6.158135888583401
14,716,selected_seed_541_all_partitions,681,6.1233867438982506
14,716,selected_seed_541_all_partitions,682,6.1426532595745105
14,716,selected_seed_541_all_partitions,683,6.153457404723871
14,716,selected_seed_541_all_partitions,684,6.143957133642251
14,716,selected_seed_541_all_partitions,685,6.147490978612696
14,716,selected_seed_541_all_partitions,686,6.146282179111405
14,716,selected_seed_541_all_partitions,687,6.156567192346471
14,716,selected_seed_541_all_partitions,688,6.166772646851667
14,716,selected_seed_541_all_partitions,689,6.145873020145144
14,716,selected_seed_541_all_partitions,690,6.14351190792308
14,716,selected_seed_541_all_partitions,691,6.127938552937532
14,716,selected_seed_541_all_partitions,692,6.147343250095818
14,716,selected_seed_541_all_partitions,693,6.116283504135118
14,716,selected_seed_541_all_partitions,694,6.143625133128022
14,716,selected_seed_541_all_partitions,695,6.1270572602006315
14,716,selected_seed_541_all_partitions,696,6.145229949790497
14,716,selected_seed_541_all_partitions,697,6.166113218381813
14,716,selected_seed_541_all_partitions,698,6.145508297207931
14,716,selected_seed_541_all_partitions,699,6.15094360442102
14,716,selected_seed_541_all_partitions,700,6.144733207455909
14,716,selected_seed_541_all_partitions,701,6.142882293123809
14,716,selected_seed_541_all_partitions,702,6.123254007116334
14,716,selected_seed_541_all_partitions,703,6.172192238671871
14,716,selected_seed_541_all_partitions,704,6.149982941111192
14,716,selected_seed_541_all_partitions,705,6.149686087045216
14,716,selected_seed_541_all_partitions,706,6.164659237122543
14,716,selected_seed_541_all_partitions,707,6.13942058162792
14,716,selected_seed_541_all_partitions,708,6.15266187878467
14,716,selected_seed_541_all_partitions,709,6.150606584942808
14,716,selected_seed_541_all_partitions,710,6.152556930696711
14,716,selected_seed_541_all_partitions,711,6.139053192928631
14,716,selected_seed_541_all_partitions,712,6.159332717325203
14,716,selected_seed_541_all_partitions,713,6.158059266558141
14,716,selected_seed_541_all_partitions,714,6.1331628149667115
14,716,selected_seed_541_all_partitions,715,6.1530934752592765
14,716,selected_seed_541_all_partitions,716,6.173930962638114
14,716,selected_seed_541_all_partitions,717,6.166220251659965
14,716,selected_seed_541_all_partitions,718,6.167836762723024
14,716,selected_seed_541_all_partitions,719,6.173586362884786
14,716,selected_seed_541_all_partitions,720,6.16453796567296
14,716,selected_seed_541_all_partitions,721,6.144646017945971
14,716,selected_seed_541_all_partitions,722,6.146023777726711
14,716,selected_seed_541_all_partitions,723,6.128129840761357
14,716,selected_seed_541_all_partitions,724,6.1655202438577525
14,716,selected_seed_541_all_partitions,725,6.146494109108832
14,716,selected_seed_541_all_partitions,726,6.151880346911154
14,716,selected_seed_541_all_partitions,727,6.182217677564072
14,716,selected_seed_541_all_partitions,728,6.158440514818305
14,716,selected_seed_541_all_partitions,729,6.153550172425924
14,716,selected_seed_541_all_partitions,730,6.1579435756519
14,716,selected_seed_541_all_partitions,731,6.130973895888846
14,716,selected_seed_541_all_partitions,732,6.124422738301568
14,716,selected_seed_541_all_partitions,733,6.1322272231125625
14,716,selected_seed_541_all_partitions,734,6.147472928390756
14,716,selected_seed_541_all_partitions,735,6.149067239095237
14,716,selected_seed_541_all_partitions,736,6.147626227715764
14,716,selected_seed_541_all_partitions,737,6.135687205732131
14,716,selected_seed_541_all_partitions,738,6.166992062204552
14,716,selected_seed_541_all_partitions,739,6.165232146382224
14,716,selected_seed_541_all_partitions,740,6.1377478307276
14,716,selected_seed_541_all_partitions,741,6.135572771365074
14,716,selected_seed_541_all_partitions,742,6.153735846992567
14,716,selected_seed_541_all_partitions,743,6.136609240618187
14,716,selected_seed_541_all_partitions,744,6.124457774389145
14,716,selected_seed_541_all_partitions,745,6.132295589835637
14,716,selected_seed_541_all_partitions,746,6.140001737172756
14,716,selected_seed_541_all_partitions,747,6.178562090251075
14,716,selected_seed_541_all_partitions,748,6.174475835003544
14,716,selected_seed_541_all_partitions,749,6.126218008252367
14,716,selected_seed_541_all_partitions,750,6.144998476274893
14,716,selected_seed_541_all_partitions,751,6.1605094068629604
14,716,selected_seed_541_all_partitions,752,6.134892172531611
14,716,selected_seed_541_all_partitions,753,6.141434212456544
14,716,selected_seed_541_all_partitions,754,6.153571506153963
14,716,selected_seed_541_all_partitions,755,6.1074219241140275
14,716,selected_seed_541_all_partitions,756,6.119949880633853
14,716,selected_seed_541_all_partitions,757,6.1334230021730445
14,716,selected_seed_541_all_partitions,758,6.129715795653143
14,716,selected_seed_541_all_partitions,759,6.163258780739109
14,716,selected_seed_541_all_partitions,760,6.127336244868622
14,716,selected_seed_541_all_partitions,761,6.152323853090688
14,716,selected_seed_541_all_partitions,762,6.133300804135323
14,716,selected_seed_541_all_partitions,763,6.117367591134871
14,716,selected_seed_541_all_partitions,764,6.120847614653351
14,716,selected_seed_541_all_partitions,765,6.127151568826609
14,716,selected_seed_541_all_partitions,766,6.1377483902415
14,716,selected_seed_541_all_partitions,767,6.1223115197917295
14,716,selected_seed_541_all_partitions,768,6.1482920324125665
14,716,selected_seed_541_all_partitions,769,6.121677046601491
14,716,selected_seed_541_all_partitions,770,6.141861660527992
14,716,selected_seed_541_all_partitions,771,6.15418233007557
14,716,selected_seed_541_all_partitions,772,6.170789839306822
14,716,selected_seed_541_all_partitions,773,6.142979779510387
14,716,selected_seed_541_all_partitions,774,6.14235150889521
14,716,selected_seed_541_all_partitions,775,6.14665732985777
14,716,selected_seed_541_all_partitions,776,6.163416994717131
14,716,selected_seed_541_all_partitions,777,6.1521854589919585
14,716,selected_seed_541_all_partitions,778,6.139853637292746
14,716,selected_seed_541_all_partitions,779,6.134000538819872
14,716,selected_seed_541_all_partitions,780,6.13817701469493
14,716,selected_seed_541_all_partitions,781,6.144307205210852
14,716,selected_seed_541_all_partitions,782,6.154146892315362
14,716,selected_seed_541_all_partitions,783,6.172324772040844
14,716,selected_seed_541_all_partitions,784,6.133596165624301
14,716,selected_seed_541_all_partitions,785,6.133804296618042
14,716,selected_seed_541_all_partitions,786,6.136125053311156
14,716,selected_seed_541_all_partitions,787,6.123306711010946
14,716,selected_seed_541_all_partitions,788,6.141598704149683
14,716,selected_seed_541_all_partitions,789,6.142301790057503
14,716,selected_seed_541_all_partitions,790,6.13742968502114
14,716,selected_seed_541_all_partitions,791,6.1149675767766425
14,716,selected_seed_541_all_partitions,792,6.136618212990153
14,716,selected_seed_541_all_partitions,793,6.147414881906699
14,716,selected_seed_541_all_partitions,794,6.158380936967651
14,716,selected_seed_541_all_partitions,795,6.129678170512214
14,716,selected_seed_541_all_partitions,796,6.158834958921485
14,716,selected_seed_541_all_partitions,797,6.136044749139642
14,716,selected_seed_541_all_partitions,798,6.135445941071743
14,716,selected_seed_541_all_partitions,799,6.158474471691136
14,716,selected_seed_541_all_partitions,800,6.156907856195267
14,716,selected_seed_541_all_partitions,801,6.147001091087804
14,716,selected_seed_541_all_partitions,802,6.1490991548669225
14,716,selected_seed_541_all_partitions,803,6.117341000072479
14,716,selected_seed_541_all_partitions,804,6.131537101474214
14,716,selected_seed_541_all_partitions,805,6.1549237450876815
14,716,selected_seed_541_all_partitions,806,6.129589616093444
14,716,selected_seed_541_all_partitions,807,6.188230978542925
14,716,selected_seed_541_all_partitions,808,6.145623373671436
14,716,selected_seed_541_all_partitions,809,6.111496228988096
14,716,selected_seed_541_all_partitions,810,6.142856818494988
14,716,selected_seed_541_all_partitions,811,6.145618699601064
14,716,selected_seed_541_all_partitions,812,6.138492942326503
14,716,selected_seed_541_all_partitions,813,6.136268835626649
14,716,selected_seed_541_all_partitions,814,6.154915075177982
14,716,selected_seed_541_all_partitions,815,6.143633022954194
14,716,selected_seed_541_all_partitions,816,6.113123473281263
14,716,selected_seed_541_all_partitions,817,6.157452435036034
14,716,selected_seed_541_all_partitions,818,6.128543243317528
14,716,selected_seed_541_all_partitions,819,6.123270820594321
14,716,selected_seed_541_all_partitions,820,6.141287530684134
14,716,selected_seed_541_all_partitions,821,6.163075749015413
14,716,selected_seed_541_all_partitions,822,6.159929372957912
14,716,selected_seed_541_all_partitions,823,6.133558408029381
14,716,selected_seed_541_all_partitions,824,6.110673653145004
14,716,selected_seed_541_all_partitions,825,6.1303599770424935
14,716,selected_seed_541_all_partitions,826,6.158357837646238
14,716,selected_seed_541_all_partitions,827,6.123423623867353
14,716,selected_seed_541_all_partitions,828,6.172130395935065
14,716,selected_seed_541_all_partitions,829,6.143172985370598
14,716,selected_seed_541_all_partitions,830,6.114496384967028
14,716,selected_seed_541_all_partitions,831,6.156134178396692
14,716,selected_seed_541_all_partitions,832,6.169298137621433
14,716,selected_seed_541_all_partitions,833,6.145787511864903
14,716,selected_seed_541_all_partitions,834,6.166124948672605
14,716,selected_seed_541_all_partitions,835,6.1602749220007595
14,716,selected_seed_541_all_partitions,836,6.142430301531479
14,716,selected_seed_541_all_partitions,837,6.1178131271732346
14,716,selected_seed_541_all_partitions,838,6.131013894442085
14,716,selected_seed_541_all_partitions,839,6.132527633485743
14,716,selected_seed_541_all_partitions,840,6.125869868702626
14,716,selected_seed_541_all_partitions,841,6.149665723629387
14,716,selected_seed_541_all_partitions,842,6.144408531926988
14,716,selected_seed_541_all_partitions,843,6.1480923386836945
14,716,selected_seed_541_all_partitions,844,6.117454597394682
14,716,selected_seed_541_all_partitions,845,6.116399807573595
14,716,selected_seed_541_all_partitions,846,6.169895821945984
14,716,selected_seed_541_all_partitions,847,6.136189594201883
14,716,selected_seed_541_all_partitions,848,6.128546537389016
14,716,selected_seed_541_all_partitions,849,6.129151559022938
14,716,selected_seed_541_all_partitions,850,6.143318854852585
14,716,selected_seed_541_all_partitions,851,6.142183901527474
14,716,selected_seed_541_all_partitions,852,6.152335292126552
14,716,selected_seed_541_all_partitions,853,6.1250084800986215
14,716,selected_seed_541_all_partitions,854,6.106368319840167
14,716,selected_seed_541_all_partitions,855,6.119762639918479
14,716,selected_seed_541_all_partitions,856,6.13580344407282
14,716,selected_seed_541_all_partitions,857,6.159684441103393
14,716,selected_seed_541_all_partitions,858,6.140664108010849
14,716,selected_seed_541_all_partitions,859,6.1332262265439175
14,716,selected_seed_541_all_partitions,860,6.162620493209031
14,716,selected_seed_541_all_partitions,861,6.129109656066859
14,716,selected_seed_541_all_partitions,862,6.119026003678754
14,716,selected_seed_541_all_partitions,863,6.148817004655637
14,716,selected_seed_541_all_partitions,864,6.119008932536988
14,716,selected_seed_541_all_partitions,865,6.108705653321636
14,716,selected_seed_541_all_partitions,866,6.149397976600289
14,716,selected_seed_541_all_partitions,867,6.131432369218126
14,716,selected_seed_541_all_partitions,868,6.132159662535905
14,716,selected_seed_541_all_partitions,869,6.15833678364792
14,716,selected_seed_541_all_partitions,870,6.114437111242303
14,716,selected_seed_541_all_partitions,871,6.13700206664851
14,716,selected_seed_541_all_partitions,872,6.154364848376222
14,716,selected_seed_541_all_partitions,873,6.128120910398961
14,716,selected_seed_541_all_partitions,874,6.122786250083835
14,716,selected_seed_541_all_partitions,875,6.115413147103225
14,716,selected_seed_541_all_partitions,876,6.15649113179258
14,716,selected_seed_541_all_partitions,877,6.163826291545569
14,716,selected_seed_541_all_partitions,878,6.146339452669086
14,716,selected_seed_541_all_partitions,879,6.1296503474269475
14,716,selected_seed_541_all_partitions,880,6.109413320124165
14,716,selected_seed_541_all_partitions,881,6.145982477992016
14,716,selected_seed_541_all_partitions,882,6.174334713716877
14,716,selected_seed_541_all_partitions,883,6.12968028709423
14,716,selected_seed_541_all_partitions,884,6.172591225764716
14,716,selected_seed_541_all_partitions,885,6.160298128536036
14,716,selected_seed_541_all_partitions,886,6.1689692990858145
14,716,selected_seed_541_all_partitions,887,6.1561513045744585
14,716,selected_seed_541_all_partitions,888,6.163117519476777
14,716,selected_seed_541_all_partitions,889,6.156478263660302
14,716,selected_seed_541_all_partitions,890,6.185465993037998
14,716,selected_seed_541_all_partitions,891,6.149520237183092
14,716,selected_seed_541_all_partitions,892,6.1332232096299615
14,716,selected_seed_541_all_partitions,893,6.156806777128617
14,716,selected_seed_541_all_partitions,894,6.141097464086859
14,716,selected_seed_541_all_partitions,895,6.160257764235364
14,716,selected_seed_541_all_partitions,896,6.147685339797706
14,716,selected_seed_541_all_partitions,897,6.155678033384131
14,716,selected_seed_541_all_partitions,898,6.139912633633007
14,716,selected_seed_541_all_partitions,899,6.15889950710524
14,716,selected_seed_541_all_partitions,900,6.124376472928091
14,716,selected_seed_541_all_partitions,901,6.167926944762727
14,716,selected_seed_541_all_partitions,902,6.149886464142506
14,716,selected_seed_541_all_partitions,903,6.140370105752597
14,716,selected_seed_541_all_partitions,904,6.127439227567019
14,716,selected_seed_541_all_partitions,905,6.168393230263763
14,716,selected_seed_541_all_partitions,906,6.1626202759290925
14,716,selected_seed_541_all_partitions,907,6.132695951181967
14,716,selected_seed_541_all_partitions,908,6.174578224812003
14,716,selected_seed_541_all_partitions,909,6.115872272681153
14,716,selected_seed_541_all_partitions,910,6.154584187202665
14,716,selected_seed_541_all_partitions,911,6.14203657528665
14,716,selected_seed_541_all_partitions,912,6.144547554429521
14,716,selected_seed_541_all_partitions,913,6.161492043343516
14,716,selected_seed_541_all_partitions,914,6.150548076882938
14,716,selected_seed_541_all_partitions,915,6.178302361004321
14,716,selected_seed_541_all_partitions,916,6.153574971162099
14,716,selected_seed_541_all_partitions,917,6.149296555115409
14,716,selected_seed_541_all_partitions,918,6.149767716018273
14,716,selected_seed_541_all_partitions,919,6.164814018640782
14,716,selected_seed_541_all_partitions,920,6.1685400371312795
14,716,selected_seed_541_all_partitions,921,6.164404927206248
14,716,selected_seed_541_all_partitions,922,6.1624851377798455
14,716,selected_seed_541_all_partitions,923,6.140307175504114
14,716,selected_seed_541_all_partitions,924,6.160909913138701
14,716,selected_seed_541_all_partitions,925,6.153193772752111
14,716,selected_seed_541_all_partitions,926,6.148792934551123
14,716,selected_seed_541_all_partitions,927,6.159600077797186
14,716,selected_seed_541_all_partitions,928,6.164177437748966
14,716,selected_seed_541_all_partitions,929,6.162429183786713
14,716,selected_seed_541_all_partitions,930,6.1696641382947845
14,716,selected_seed_541_all_partitions,931,6.1476195164586205
14,716,selected_seed_541_all_partitions,932,6.165090654009358
14,716,selected_seed_541_all_partitions,933,6.134420839221769
14,716,selected_seed_541_all_partitions,934,6.129785143916972
14,716,selected_seed_541_all_partitions,935,6.116272751540844
14,716,selected_seed_541_all_partitions,936,6.124803521276072
14,716,selected_seed_541_all_partitions,937,6.157679262659881
14,716,selected_seed_541_all_partitions,938,6.156600344173854
14,716,selected_seed_541_all_partitions,939,6.133118933729417
14,716,selected_seed_541_all_partitions,940,6.165766408157273
14,716,selected_seed_541_all_partitions,941,6.142184372099708
14,716,selected_seed_541_all_partitions,942,6.112031190775319
14,716,selected_seed_541_all_partitions,943,6.170053237961637
14,716,selected_seed_541_all_partitions,944,6.0977917259220815
14,716,selected_seed_541_all_partitions,945,6.1325639096731015
14,716,selected_seed_541_all_partitions,946,6.111288730190414
14,716,selected_seed_541_all_partitions,947,6.130705568514268
14,716,selected_seed_541_all_partitions,948,6.161476710237938
14,716,selected_seed_541_all_partitions,949,6.149257022886815
14,716,selected_seed_541_all_partitions,950,6.1645872771865715
14,716,selected_seed_541_all_partitions,951,6.1205518421543825
14,716,selected_seed_541_all_partitions,952,6.110832680586934
14,716,selected_seed_541_all_partitions,953,6.120316503611073
14,716,selected_seed_541_all_partitions,954,6.137412851806556
14,716,selected_seed_541_all_partitions,955,6.137028619574447
14,716,selected_seed_541_all_partitions,956,6.123395676936732
14,716,selected_seed_541_all_partitions,957,6.145694974482282
14,716,selected_seed_541_all_partitions,958,6.122368112482901
14,716,selected_seed_541_all_partitions,959,6.157308110125396
14,716,selected_seed_541_all_partitions,960,6.145107352690781
14,716,selected_seed_541_all_partitions,961,6.1582472359139935
14,716,selected_seed_541_all_partitions,962,6.138313863925018
14,716,selected_seed_541_all_partitions,963,6.131475055978441
14,716,selected_seed_541_all_partitions,964,6.15092636297502
14,716,selected_seed_541_all_partitions,965,6.127325819354937
14,716,selected_seed_541_all_partitions,966,6.128138745664183
14,716,selected_seed_541_all_partitions,967,6.140374613483275
14,716,selected_seed_541_all_partitions,968,6.1419814123161585
14,716,selected_seed_541_all_partitions,969,6.132790924910441
14,716,selected_seed_541_all_partitions,970,6.1530002198588845
14,716,selected_seed_541_all_partitions,971,6.144257173161284
14,716,selected_seed_541_all_partitions,972,6.115497984318219
14,716,selected_seed_541_all_partitions,973,6.133239293960015
14,716,selected_seed_541_all_partitions,974,6.110688191469865
14,716,selected_seed_541_all_partitions,975,6.132186508248437
14,716,selected_seed_541_all_partitions,976,6.115236722656309
14,716,selected_seed_541_all_partitions,977,6.167513226002798
14,716,selected_seed_541_all_partitions,978,6.143479187959685
14,716,selected_seed_541_all_partitions,979,6.165447525689525
14,716,selected_seed_541_all_partitions,980,6.13429823430841
14,716,selected_seed_541_all_partitions,981,6.128399102465486
14,716,selected_seed_541_all_partitions,982,6.131890317401122
14,716,selected_seed_541_all_partitions,983,6.131549819255245
14,716,selected_seed_541_all_partitions,984,6.151005904530914
14,716,selected_seed_541_all_partitions,985,6.138436166877337
14,716,selected_seed_541_all_partitions,986,6.119185906488601
14,716,selected_seed_541_all_partitions,987,6.155123472223585
14,716,selected_seed_541_all_partitions,988,6.12591914970799
14,716,selected_seed_541_all_partitions,989,6.1302041904969276
14,716,selected_seed_541_all_partitions,990,6.15418845068565
14,716,selected_seed_541_all_partitions,991,6.14396130435392
14,716,selected_seed_541_all_partitions,992,6.149706811355476
14,716,selected_seed_541_all_partitions,993,6.137286461460092
14,716,selected_seed_541_all_partitions,994,6.134089280280525
14,716,selected_seed_541_all_partitions,995,6.130820978603365
14,716,selected_seed_541_all_partitions,996,6.1234399574162
14,716,selected_seed_541_all_partitions,997,6.154209207370416
14,716,selected_seed_541_all_partitions,998,6.135696398700466
14,716,selected_seed_541_all_partitions,999,6.137713942873834
14,716,selected_seed_541_all_partitions,1000,6.144293485076333
14,716,selected_seed_541_all_partitions,1001,6.145495261329509
14,716,selected_seed_541_all_partitions,1002,6.164316314612848
14,716,selected_seed_541_all_partitions,1003,6.155267519458056
14,716,selected_seed_541_all_partitions,1004,6.1523341977399735
14,716,selected_seed_541_all_partitions,1005,6.1500134316104536
14,716,selected_seed_541_all_partitions,1006,6.125410559407457
14,716,selected_seed_541_all_partitions,1007,6.14840432150434
14,716,selected_seed_541_all_partitions,1008,6.152347314132021
14,716,selected_seed_541_all_partitions,1009,6.141885137312782
14,716,selected_seed_541_all_partitions,1010,6.173940875627282
14,716,selected_seed_541_all_partitions,1011,6.172684043781768
14,716,selected_seed_541_all_partitions,1012,6.134197657434269
14,716,selected_seed_541_all_partitions,1013,6.150784071854664
14,716,selected_seed_541_all_partitions,1014,6.156382546050385
14,716,selected_seed_541_all_partitions,1015,6.136512082020859
14,716,selected_seed_541_all_partitions,1016,6.151003796021675
14,716,selected_seed_541_all_partitions,1017,6.1585789419195
14,716,selected_seed_541_all_partitions,1018,6.1452800340627105
14,716,selected_seed_541_all_partitions,1019,6.134513142991393
14,716,selected_seed_541_all_partitions,1020,6.16078449442824
14,716,selected_seed_541_all_partitions,1021,6.127572699487882
14,716,selected_seed_541_all_partitions,1022,6.145978915268932
14,716,selected_seed_541_all_partitions,1023,6.165915384780345
14,716,selected_seed_541_all_partitions,1024,6.1314995022375305
14,716,selected_seed_541_all_partitions,1025,6.164971355189998
14,716,selected_seed_541_all_partitions,1026,6.16432467250764
14,716,selected_seed_541_all_partitions,1027,6.1403382376189315
14,716,selected_seed_541_all_partitions,1028,6.154070140997147
14,716,selected_seed_541_all_partitions,1029,6.14332779544778
14,716,selected_seed_541_all_partitions,1030,6.144405315017147
14,716,selected_seed_541_all_partitions,1031,6.130529826978313
14,716,selected_seed_541_all_partitions,1032,6.154014484496286
14,716,selected_seed_541_all_partitions,1033,6.155251407869009
14,716,selected_seed_541_all_partitions,1034,6.144013160998434
14,716,selected_seed_541_all_partitions,1035,6.146517001877555
14,716,selected_seed_541_all_partitions,1036,6.12480078340202
14,716,selected_seed_541_all_partitions,1037,6.132666284373209
14,716,selected_seed_541_all_partitions,1038,6.13706711680202
14,716,selected_seed_541_all_partitions,1039,6.162540952455514
14,716,selected_seed_541_all_partitions,1040,6.170470223470102
14,716,selected_seed_541_all_partitions,1041,6.150264085803048
14,716,selected_seed_541_all_partitions,1042,6.150440183897569
14,716,selected_seed_541_all_partitions,1043,6.157887461758338
14,716,selected_seed_541_all_partitions,1044,6.1003277023730265
14,716,selected_seed_541_all_partitions,1045,6.172412736983293
14,716,selected_seed_541_all_partitions,1046,6.1336288951192435
14,716,selected_seed_541_all_partitions,1047,6.138271091427485
14,716,selected_seed_541_all_partitions,1048,6.150072024387984
14,716,selected_seed_541_all_partitions,1049,6.148931129759466
14,716,selected_seed_541_all_partitions,1050,6.152319317256675
14,716,selected_seed_541_all_partitions,1051,6.170688274356125
14,716,selected_seed_541_all_partitions,1052,6.116546727488776
14,716,selected_seed_541_all_partitions,1053,6.14038605375984
14,716,selected_seed_541_all_partitions,1054,6.173543107317252
14,716,selected_seed_541_all_partitions,1055,6.136660032537782
14,716,selected_seed_541_all_partitions,1056,6.128707192076592
14,716,selected_seed_541_all_partitions,1057,6.1274217482111855
14,716,selected_seed_541_all_partitions,1058,6.177268767267402
14,716,selected_seed_541_all_partitions,1059,6.157221438013026
14,716,selected_seed_541_all_partitions,1060,6.168559095899977
14,716,selected_seed_541_all_partitions,1061,6.170309629513383
14,716,selected_seed_541_all_partitions,1062,6.137392567616811
14,716,selected_seed_541_all_partitions,1063,6.182405823274222
14,716,selected_seed_541_all_partitions,1064,6.151637989243794
14,716,selected_seed_541_all_partitions,1065,6.149417166240987
14,716,selected_seed_541_all_partitions,1066,6.15900498004484
14,716,selected_seed_541_all_partitions,1067,6.167063176367704
14,716,selected_seed_541_all_partitions,1068,6.170058620565182
14,716,selected_seed_541_all_partitions,1069,6.161304299425532
14,716,selected_seed_541_all_partitions,1070,6.144459214099707
14,716,selected_seed_541_all_partitions,1071,6.128747667409303
14,716,selected_seed_541_all_partitions,1072,6.145874986511612
14,716,selected_seed_541_all_partitions,1073,6.149908840401929
14,716,selected_seed_541_all_partitions,1074,6.166149470454278
14,716,selected_seed_541_all_partitions,1075,6.161057932275946
14,716,selected_seed_541_all_partitions,1076,6.1519163240970425
14,716,selected_seed_541_all_partitions,1077,6.167731666545768
14,716,selected_seed_541_all_partitions,1078,6.1511263316108975
14,716,selected_seed_541_all_partitions,1079,6.114318696802799
14,716,selected_seed_541_all_partitions,1080,6.177567983341739
14,716,selected_seed_541_all_partitions,1081,6.1333757237338
14,716,selected_seed_541_all_partitions,1082,6.150472238010213
14,716,selected_seed_541_all_partitions,1083,6.169471564771746
14,716,selected_seed_541_all_partitions,1084,6.163541742700127
14,716,selected_seed_541_all_partitions,1085,6.162889577091287
14,716,selected_seed_541_all_partitions,1086,6.147964118845768
14,716,selected_seed_541_all_partitions,1087,6.134960150438606
14,716,selected_seed_541_all_partitions,1088,6.149627503575525
14,716,selected_seed_541_all_partitions,1089,6.169399835118702
14,716,selected_seed_541_all_partitions,1090,6.153812449539548
14,716,selected_seed_541_all_partitions,1091,6.137290838860411
14,716,selected_seed_541_all_partitions,1092,6.1176988924024345
14,716,selected_seed_541_all_partitions,1093,6.1579451569713894
14,716,selected_seed_541_all_partitions,1094,6.1539418032327635
14,716,selected_seed_541_all_partitions,1095,6.146841407260145
14,716,selected_seed_541_all_partitions,1096,6.1495362767035155
14,716,selected_seed_541_all_partitions,1097,6.158206619665473
14,716,selected_seed_541_all_partitions,1098,6.1477303350606824
14,716,selected_seed_541_all_partitions,1099,6.120163464882282
14,716,selected_seed_541_all_partitions,1100,6.145731968491821
14,716,selected_seed_541_all_partitions,1101,6.140527836921892
14,716,selected_seed_541_all_partitions,1102,6.139417716505897
14,716,selected_seed_541_all_partitions,1103,6.169973597594828
14,716,selected_seed_541_all_partitions,1104,6.16157694668527
14,716,selected_seed_541_all_partitions,1105,6.15918183594709
14,716,selected_seed_541_all_partitions,1106,6.1510062634084965
14,716,selected_seed_541_all_partitions,1107,6.131240901584556
14,716,selected_seed_541_all_partitions,1108,6.149178728090128
14,716,selected_seed_541_all_partitions,1109,6.171631046169184
14,716,selected_seed_541_all_partitions,1110,6.153612332425625
14,716,selected_seed_541_all_partitions,1111,6.155050697479529
14,716,selected_seed_541_all_partitions,1112,6.142936402492782
14,716,selected_seed_541_all_partitions,1113,6.159672160343182
14,716,selected_seed_541_all_partitions,1114,6.144976299794569
14,716,selected_seed_541_all_partitions,1115,6.132350992323975
14,716,selected_seed_541_all_partitions,1116,6.160177823821772
14,716,selected_seed_541_all_partitions,1117,6.130426958166965
14,716,selected_seed_541_all_partitions,1118,6.146218973110431
14,716,selected_seed_541_all_partitions,1119,6.163479405883004
14,716,selected_seed_541_all_partitions,1120,6.1398522401296525
14,716,selected_seed_541_all_partitions,1121,6.135792955895023
14,716,selected_seed_541_all_partitions,1122,6.134265531592137
14,716,selected_seed_541_all_partitions,1123,6.162357206308938
14,716,selected_seed_541_all_partitions,1124,6.166506534734276
14,716,selected_seed_541_all_partitions,1125,6.146406521042743
14,716,selected_seed_541_all_partitions,1126,6.14039713935637
14,716,selected_seed_541_all_partitions,1127,6.149166954395269
14,716,selected_seed_541_all_partitions,1128,6.1525524274032115
14,716,selected_seed_541_all_partitions,1129,6.141617312534426
14,716,selected_seed_541_all_partitions,1130,6.15817058210099
14,716,selected_seed_541_all_partitions,1131,6.136248631314191
14,716,selected_seed_541_all_partitions,1132,6.144096904917112
14,716,selected_seed_541_all_partitions,1133,6.155243691116679
14,716,selected_seed_541_all_partitions,1134,6.153818581257427
14,716,selected_seed_541_all_partitions,1135,6.141851953854084
14,716,selected_seed_541_all_partitions,1136,6.171584147041575
14,716,selected_seed_541_all_partitions,1137,6.152343701248272
14,716,selected_seed_541_all_partitions,1138,6.139949672283544
14,716,selected_seed_541_all_partitions,1139,6.165154600780555
14,716,selected_seed_541_all_partitions,1140,6.129811739770084
14,716,selected_seed_541_all_partitions,1141,6.132743809048564
14,716,selected_seed_541_all_partitions,1142,6.143485953295326
14,716,selected_seed_541_all_partitions,1143,6.152102812579923
14,716,selected_seed_541_all_partitions,1144,6.167393950491682
14,716,selected_seed_541_all_partitions,1145,6.149785040306367
14,716,selected_seed_541_all_partitions,1146,6.168199518129342
14,716,selected_seed_541_all_partitions,1147,6.148463777094058
14,716,selected_seed_541_all_partitions,1148,6.159238665745177
14,716,selected_seed_541_all_partitions,1149,6.142793961896905
14,716,selected_seed_541_all_partitions,1150,6.179181407626604
14,716,selected_seed_541_all_partitions,1151,6.150511935240014
14,716,selected_seed_541_all_partitions,1152,6.16268402730661
14,716,selected_seed_541_all_partitions,1153,6.1630744376066176
14,716,selected_seed_541_all_partitions,1154,6.1455654974244736
14,716,selected_seed_541_all_partitions,1155,6.168725124160987
14,716,selected_seed_541_all_partitions,1156,6.158266272440715
14,716,selected_seed_541_all_partitions,1157,6.165564707029204
14,716,selected_seed_541_all_partitions,1158,6.1617429933026635
14,716,selected_seed_541_all_partitions,1159,6.155742538490732
14,716,selected_seed_541_all_partitions,1160,6.164093770509811
14,716,selected_seed_541_all_partitions,1161,6.155399193899881
14,716,selected_seed_541_all_partitions,1162,6.145065113296471
14,716,selected_seed_541_all_partitions,1163,6.136621135692146
14,716,selected_seed_541_all_partitions,1164,6.148145898402809
14,716,selected_seed_541_all_partitions,1165,6.159164312191134
14,716,selected_seed_541_all_partitions,1166,6.169275617309738
14,716,selected_seed_541_all_partitions,1167,6.138333358288418
14,716,selected_seed_541_all_partitions,1168,6.136386239437323
14,716,selected_seed_541_all_partitions,1169,6.134327699578286
14,716,selected_seed_541_all_partitions,1170,6.135032104014069
14,716,selected_seed_541_all_partitions,1171,6.150255760838166
14,716,selected_seed_541_all_partitions,1172,6.1481752099584925
14,716,selected_seed_541_all_partitions,1173,6.158740563561793
14,716,selected_seed_541_all_partitions,1174,6.142547841571556
14,716,selected_seed_541_all_partitions,1175,6.166513017055239
14,716,selected_seed_541_all_partitions,1176,6.137408515947864
14,716,selected_seed_541_all_partitions,1177,6.141840164332828
14,716,selected_seed_541_all_partitions,1178,6.1561028906804545
14,716,selected_seed_541_all_partitions,1179,6.142597254097892
14,716,selected_seed_541_all_partitions,1180,6.153829634733892
14,716,selected_seed_541_all_partitions,1181,6.155997680030503
14,716,selected_seed_541_all_partitions,1182,6.14449457203799
14,716,selected_seed_541_all_partitions,1183,6.159156419962722
14,716,selected_seed_541_all_partitions,1184,6.155045216051646
14,716,selected_seed_541_all_partitions,1185,6.157327125963112
14,716,selected_seed_541_all_partitions,1186,6.169974713050255
14,716,selected_seed_541_all_partitions,1187,6.14504647191216
14,716,selected_seed_541_all_partitions,1188,6.158012800879698
14,716,selected_seed_541_all_partitions,1189,6.168912706837805
14,716,selected_seed_541_all_partitions,1190,6.136361280831495
14,716,selected_seed_541_all_partitions,1191,6.148055630516389
14,716,selected_seed_541_all_partitions,1192,6.143572517398072
14,716,selected_seed_541_all_partitions,1193,6.1673006123494325
14,716,selected_seed_541_all_partitions,1194,6.146340391873768
14,716,selected_seed_541_all_partitions,1195,6.158780169648799
14,716,selected_seed_541_all_partitions,1196,6.13802136250555
14,716,selected_seed_541_all_partitions,1197,6.152234000578803
14,716,selected_seed_541_all_partitions,1198,6.1525923986356865
14,716,selected_seed_541_all_partitions,1199,6.152136656212384
14,716,selected_seed_541_all_partitions,1200,6.150658965834632
14,716,selected_seed_541_all_partitions,1201,6.149965500597364
14,716,selected_seed_541_all_partitions,1202,6.13004166138151
14,716,selected_seed_541_all_partitions,1203,6.116717046593963
14,716,selected_seed_541_all_partitions,1204,6.112368937098489
14,716,selected_seed_541_all_partitions,1205,6.124574499198523
14,716,selected_seed_541_all_partitions,1206,6.129607452945226
14,716,selected_seed_541_all_partitions,1207,6.124809940806648
14,716,selected_seed_541_all_partitions,1208,6.165891560164618
14,716,selected_seed_541_all_partitions,1209,6.146023913054054
14,716,selected_seed_541_all_partitions,1210,6.16074304266967
14,716,selected_seed_541_all_partitions,1211,6.1335554175957325
14,716,selected_seed_541_all_partitions,1212,6.15105996518387
14,716,selected_seed_541_all_partitions,1213,6.142792429832551
14,716,selected_seed_541_all_partitions,1214,6.124095811970926
14,716,selected_seed_541_all_partitions,1215,6.137798206901602
14,716,selected_seed_541_all_partitions,1216,6.141691074392616
14,716,selected_seed_541_all_partitions,1217,6.095995072448324
14,716,selected_seed_541_all_partitions,1218,6.151779914701767
14,716,selected_seed_541_all_partitions,1219,6.146514897278421
14,716,selected_seed_541_all_partitions,1220,6.136366653765368
14,716,selected_seed_541_all_partitions,1221,6.158799827245477
14,716,selected_seed_541_all_partitions,1222,6.155575802517648
14,716,selected_seed_541_all_partitions,1223,6.153735851568732
14,716,selected_seed_541_all_partitions,1224,6.149527448279615
14,716,selected_seed_541_all_partitions,1225,6.133761645807872
14,716,selected_seed_541_all_partitions,1226,6.138225941457274
14,716,selected_seed_541_all_partitions,1227,6.125649074903986
14,716,selected_seed_541_all_partitions,1228,6.1536925561468445
14,716,selected_seed_541_all_partitions,1229,6.150653388561274
14,716,selected_seed_541_all_partitions,1230,6.1535599269514885
14,716,selected_seed_541_all_partitions,1231,6.13478259270835
14,716,selected_seed_541_all_partitions,1232,6.137201480693775
14,716,selected_seed_541_all_partitions,1233,6.169202234277814
14,716,selected_seed_541_all_partitions,1234,6.162483542093891
14,716,selected_seed_541_all_partitions,1235,6.1441888293563665
14,716,selected_seed_541_all_partitions,1236,6.150060943645957
14,716,selected_seed_541_all_partitions,1237,6.156956090282809
14,716,selected_seed_541_all_partitions,1238,6.163209673073982
14,716,selected_seed_541_all_partitions,1239,6.132639254405333
14,716,selected_seed_541_all_partitions,1240,6.121127966871599
14,716,selected_seed_541_all_partitions,1241,6.123231148385243
14,716,selected_seed_541_all_partitions,1242,6.121774352521588
14,716,selected_seed_541_all_partitions,1243,6.144864395852343
14,716,selected_seed_541_all_partitions,1244,6.15646580231042
14,716,selected_seed_541_all_partitions,1245,6.153265295713575
14,716,selected_seed_541_all_partitions,1246,6.153474071175014
14,716,selected_seed_541_all_partitions,1247,6.129008740718162
14,716,selected_seed_541_all_partitions,1248,6.1653075658581225
14,716,selected_seed_541_all_partitions,1249,6.142651838590062
14,716,selected_seed_541_all_partitions,1250,6.14917858339195
14,716,selected_seed_541_all_partitions,1251,6.150255737146661
14,716,selected_seed_541_all_partitions,1252,6.130325324001352
14,716,selected_seed_541_all_partitions,1253,6.1399959951125025
14,716,selected_seed_541_all_partitions,1254,6.146424463130728
14,716,selected_seed_541_all_partitions,1255,6.141151882472831
14,716,selected_seed_541_all_partitions,1256,6.1503181131958815
14,716,selected_seed_541_all_partitions,1257,6.139286309884278
14,716,selected_seed_541_all_partitions,1258,6.123242349840572
14,716,selected_seed_541_all_partitions,1259,6.131319874509584
14,716,selected_seed_541_all_partitions,1260,6.156145419142426
14,716,selected_seed_541_all_partitions,1261,6.125273266842303
14,716,selected_seed_541_all_partitions,1262,6.170309347989321
14,716,selected_seed_541_all_partitions,1263,6.162387749732476
14,716,selected_seed_541_all_partitions,1264,6.131310250185003
14,716,selected_seed_541_all_partitions,1265,6.15385713362205
14,716,selected_seed_541_all_partitions,1266,6.148259342284873
14,716,selected_seed_541_all_partitions,1267,6.15085861523735
14,716,selected_seed_541_all_partitions,1268,6.160765798764789
14,716,selected_seed_541_all_partitions,1269,6.15898497132371
14,716,selected_seed_541_all_partitions,1270,6.1491229184839025
14,716,selected_seed_541_all_partitions,1271,6.134655416789555
14,716,selected_seed_541_all_partitions,1272,6.153204284510622
14,716,selected_seed_541_all_partitions,1273,6.152921238509732
14,716,selected_seed_541_all_partitions,1274,6.142466130551429
14,716,selected_seed_541_all_partitions,1275,6.155381556071353
14,716,selected_seed_541_all_partitions,1276,6.129284103479828
14,716,selected_seed_541_all_partitions,1277,6.150079430302516
14,716,selected_seed_541_all_partitions,1278,6.126729088528579
14,716,selected_seed_541_all_partitions,1279,6.135754018041325
14,716,selected_seed_541_all_partitions,1280,6.160469919070855
14,716,selected_seed_541_all_partitions,1281,6.141882868065388
14,716,selected_seed_541_all_partitions,1282,6.146909027686482
14,716,selected_seed_541_all_partitions,1283,6.160234687003184
14,716,selected_seed_541_all_partitions,1284,6.150420587808591
14,716,selected_seed_541_all_partitions,1285,6.1380688234737715
14,716,selected_seed_541_all_partitions,1286,6.157791014793393
14,716,selected_seed_541_all_partitions,1287,6.120727851160423
14,716,selected_seed_541_all_partitions,1288,6.143671789052303
14,716,selected_seed_541_all_partitions,1289,6.140990360749222
14,716,selected_seed_541_all_partitions,1290,6.1401117037505015
14,716,selected_seed_541_all_partitions,1291,6.16290337764341
14,716,selected_seed_541_all_partitions,1292,6.166716821133889
14,716,selected_seed_541_all_partitions,1293,6.15458880721913
14,716,selected_seed_541_all_partitions,1294,6.1670678882369385
14,716,selected_seed_541_all_partitions,1295,6.140365316270309
14,716,selected_seed_541_all_partitions,1296,6.123353837164437
14,716,selected_seed_541_all_partitions,1297,6.174990319112437
14,716,selected_seed_541_all_partitions,1298,6.15005368638018
14,716,selected_seed_541_all_partitions,1299,6.141046178456402
14,716,selected_seed_541_all_partitions,1300,6.145409030040262
14,716,selected_seed_541_all_partitions,1301,6.145202623549364
14,716,selected_seed_541_all_partitions,1302,6.149688691959236
14,716,selected_seed_541_all_partitions,1303,6.1468221906206875
14,716,selected_seed_541_all_partitions,1304,6.143636352443259
14,716,selected_seed_541_all_partitions,1305,6.148113454670657
14,716,selected_seed_541_all_partitions,1306,6.148750536162772
14,716,selected_seed_541_all_partitions,1307,6.142420956781177
14,716,selected_seed_541_all_partitions,1308,6.138838086221724
14,716,selected_seed_541_all_partitions,1309,6.140622318983792
14,716,selected_seed_541_all_partitions,1310,6.169844754365046
14,716,selected_seed_541_all_partitions,1311,6.144805619487195
14,716,selected_seed_541_all_partitions,1312,6.148342537160085
14,716,selected_seed_541_all_partitions,1313,6.141246464537074
14,716,selected_seed_541_all_partitions,1314,6.136523380512765
14,716,selected_seed_541_all_partitions,1315,6.176568220741081
14,716,selected_seed_541_all_partitions,1316,6.167191994550401
14,716,selected_seed_541_all_partitions,1317,6.163804125408121
14,716,selected_seed_541_all_partitions,1318,6.174735961214968
14,716,selected_seed_541_all_partitions,1319,6.129613011411348
14,716,selected_seed_541_all_partitions,1320,6.156857219347948
14,716,selected_seed_541_all_partitions,1321,6.162102357862875
14,716,selected_seed_541_all_partitions,1322,6.141962664415649
14,716,selected_seed_541_all_partitions,1323,6.138295116679252
14,716,selected_seed_541_all_partitions,1324,6.142852915267022
14,716,selected_seed_541_all_partitions,1325,6.142831877606671
14,716,selected_seed_541_all_partitions,1326,6.1460980818209165
14,716,selected_seed_541_all_partitions,1327,6.165979645396356
14,716,selected_seed_541_all_partitions,1328,6.155173842260068
14,716,selected_seed_541_all_partitions,1329,6.151227256716814
14,716,selected_seed_541_all_partitions,1330,6.140780388471604
14,716,selected_seed_541_all_partitions,1331,6.124175526176836
14,716,selected_seed_541_all_partitions,1332,6.1704317977308945
14,716,selected_seed_541_all_partitions,1333,6.132583568956499
14,716,selected_seed_541_all_partitions,1334,6.146875346488401
14,716,selected_seed_541_all_partitions,1335,6.168202322603734
14,716,selected_seed_541_all_partitions,1336,6.170307622156339
14,716,selected_seed_541_all_partitions,1337,6.174450613199992
14,716,selected_seed_541_all_partitions,1338,6.171259198803207
14,716,selected_seed_541_all_partitions,1339,6.166018857091259
14,716,selected_seed_541_all_partitions,1340,6.168490928800007
14,716,selected_seed_541_all_partitions,1341,6.177102593277568
14,716,selected_seed_541_all_partitions,1342,6.142425827428126
14,716,selected_seed_541_all_partitions,1343,6.146169611153758
14,716,selected_seed_541_all_partitions,1344,6.156513115854561
14,716,selected_seed_541_all_partitions,1345,6.148808047099343
14,716,selected_seed_541_all_partitions,1346,6.145563565581852
14,716,selected_seed_541_all_partitions,1347,6.140949985034046
14,716,selected_seed_541_all_partitions,1348,6.13262763478079
14,716,selected_seed_541_all_partitions,1349,6.137521370873874
14,716,selected_seed_541_all_partitions,1350,6.124988968425948
14,716,selected_seed_541_all_partitions,1351,6.118615491461652
14,716,selected_seed_541_all_partitions,1352,6.146572065831913
14,716,selected_seed_541_all_partitions,1353,6.113952378021303
14,716,selected_seed_541_all_partitions,1354,6.1251999653165115
14,716,selected_seed_541_all_partitions,1355,6.154684118781575
14,716,selected_seed_541_all_partitions,1356,6.166208067499717
14,716,selected_seed_541_all_partitions,1357,6.182819453901833
14,716,selected_seed_541_all_partitions,1358,6.139756162901366
14,716,selected_seed_541_all_partitions,1359,6.140654194447664
14,716,selected_seed_541_all_partitions,1360,6.151005710294058
14,716,selected_seed_541_all_partitions,1361,6.142052547213401
14,716,selected_seed_541_all_partitions,1362,6.1241269415637705
14,716,selected_seed_541_all_partitions,1363,6.147921071535531
14,716,selected_seed_541_all_partitions,1364,6.133868701195445
14,716,selected_seed_541_all_partitions,1365,6.146616608581817
14,716,selected_seed_541_all_partitions,1366,6.1324363740806
14,716,selected_seed_541_all_partitions,1367,6.124097722673837
14,716,selected_seed_541_all_partitions,1368,6.162135618278655
14,716,selected_seed_541_all_partitions,1369,6.115349792388062
14,716,selected_seed_541_all_partitions,1370,6.146493155082365
14,716,selected_seed_541_all_partitions,1371,6.153045439170218
14,716,selected_seed_541_all_partitions,1372,6.117793785621594
14,716,selected_seed_541_all_partitions,1373,6.123029946936991
14,716,selected_seed_541_all_partitions,1374,6.1324994429216435
14,716,selected_seed_541_all_partitions,1375,6.152576534453522
14,716,selected_seed_541_all_partitions,1376,6.129068886117869
14,716,selected_seed_541_all_partitions,1377,6.149344084933012
14,716,selected_seed_541_all_partitions,1378,6.150159318430433
14,716,selected_seed_541_all_partitions,1379,6.15228779196927
14,716,selected_seed_541_all_partitions,1380,6.149200037077531
14,716,selected_seed_541_all_partitions,1381,6.122749457993228
14,716,selected_seed_541_all_partitions,1382,6.130277053761413
14,716,selected_seed_541_all_partitions,1383,6.145256911204589
14,716,selected_seed_541_all_partitions,1384,6.144121873476786
14,716,selected_seed_541_all_partitions,1385,6.147930562606933
14,716,selected_seed_541_all_partitions,1386,6.141206856435768
14,716,selected_seed_541_all_partitions,1387,6.156168261871862
14,716,selected_seed_541_all_partitions,1388,6.169939907361134
14,716,selected_seed_541_all_partitions,1389,6.12743627427076
14,716,selected_seed_541_all_partitions,1390,6.126175668237652
14,716,selected_seed_541_all_partitions,1391,6.153082932412249
14,716,selected_seed_541_all_partitions,1392,6.107777888193434
14,716,selected_seed_541_all_partitions,1393,6.120449679486771
14,716,selected_seed_541_all_partitions,1394,6.125715605768764
14,716,selected_seed_541_all_partitions,1395,6.137640111768
14,716,selected_seed_541_all_partitions,1396,6.162385061835683
14,716,selected_seed_541_all_partitions,1397,6.181801326595744
14,716,selected_seed_541_all_partitions,1398,6.186734328955679
14,716,selected_seed_541_all_partitions,1399,6.138506475174092
14,716,selected_seed_541_all_partitions,1400,6.142650293022201
14,716,selected_seed_541_all_partitions,1401,6.142590550817552
14,716,selected_seed_541_all_partitions,1402,6.164794976081045
14,716,selected_seed_541_all_partitions,1403,6.154150977530514
14,716,selected_seed_541_all_partitions,1404,6.15487870167884
14,716,selected_seed_541_all_partitions,1405,6.15369376493245
14,716,selected_seed_541_all_partitions,1406,6.1615341010035
14,716,selected_seed_541_all_partitions,1407,6.172407673911507
14,716,selected_seed_541_all_partitions,1408,6.15322924592437
14,716,selected_seed_541_all_partitions,1409,6.163780779696212
14,716,selected_seed_541_all_partitions,1410,6.169222310463275
14,716,selected_seed_541_all_partitions,1411,6.148007781549482
14,716,selected_seed_541_all_partitions,1412,6.143863711358119
14,716,selected_seed_541_all_partitions,1413,6.150374864053445
14,716,selected_seed_541_all_partitions,1414,6.1414964851565355
14,716,selected_seed_541_all_partitions,1415,6.115129624698723
14,716,selected_seed_541_all_partitions,1416,6.1428440274692955
14,716,selected_seed_541_all_partitions,1417,6.1479520495007565
14,716,selected_seed_541_all_partitions,1418,6.167493302263413
14,716,selected_seed_541_all_partitions,1419,6.135190841178495
14,716,selected_seed_541_all_partitions,1420,6.118660912150185
14,716,selected_seed_541_all_partitions,1421,6.143597170995468
14,716,selected_seed_541_all_partitions,1422,6.1366074579934775
14,716,selected_seed_541_all_partitions,1423,6.161651200930092
14,716,selected_seed_541_all_partitions,1424,6.139632370886427
14,716,selected_seed_541_all_partitions,1425,6.153859435804298
14,716,selected_seed_541_all_partitions,1426,6.148350878495777
14,716,selected_seed_541_all_partitions,1427,6.170330979186892
14,716,selected_seed_541_all_partitions,1428,6.148013994349284
14,716,selected_seed_541_all_partitions,1429,6.174221192240229
14,716,selected_seed_541_all_partitions,1430,6.157081442610154
14,716,selected_seed_541_all_partitions,1431,6.134130747335031
14,716,selected_seed_541_all_partitions,1432,6.1601017318621425
14,716,selected_seed_541_all_partitions,1433,6.14696175931657
14,716,selected_seed_541_all_partitions,1434,6.141486119499308
14,716,selected_seed_541_all_partitions,1435,6.145602479981371
14,716,selected_seed_541_all_partitions,1436,6.131427551646218
14,716,selected_seed_541_all_partitions,1437,6.125185948898472
14,716,selected_seed_541_all_partitions,1438,6.174318565453041
14,716,selected_seed_541_all_partitions,1439,6.173055249327398
14,716,selected_seed_541_all_partitions,1440,6.178470003213787
14,716,selected_seed_541_all_partitions,1441,6.152867930753591
14,716,selected_seed_541_all_partitions,1442,6.150798184151894
14,716,selected_seed_541_all_partitions,1443,6.146572294542946
14,716,selected_seed_541_all_partitions,1444,6.165207955524887
14,716,selected_seed_541_all_partitions,1445,6.155588529586486
14,716,selected_seed_541_all_partitions,1446,6.147302489731019
14,716,selected_seed_541_all_partitions,1447,6.167852027973881
14,716,selected_seed_541_all_partitions,1448,6.174081059215651
14,716,selected_seed_541_all_partitions,1449,6.156505560174889
14,716,selected_seed_541_all_partitions,1450,6.140972549895143
14,716,selected_seed_541_all_partitions,1451,6.143416108460437
14,716,selected_seed_541_all_partitions,1452,6.148103090934601
14,716,selected_seed_541_all_partitions,1453,6.166593668666204
14,716,selected_seed_541_all_partitions,1454,6.100800898173266
14,716,selected_seed_541_all_partitions,1455,6.094477273115832
14,716,selected_seed_541_all_partitions,1456,6.128213125385821
14,716,selected_seed_541_all_partitions,1457,6.109956723034054
14,716,selected_seed_541_all_partitions,1458,6.11203395775894
14,716,selected_seed_541_all_partitions,1459,6.120737558530607
14,716,selected_seed_541_all_partitions,1460,6.1402208430708765
14,716,selected_seed_541_all_partitions,1461,6.149112971235496
14,716,selected_seed_541_all_partitions,1462,6.182868486668481
14,716,selected_seed_541_all_partitions,1463,6.123081941991031
14,716,selected_seed_541_all_partitions,1464,6.162618789824597
14,716,selected_seed_541_all_partitions,1465,6.148194266760423
14,716,selected_seed_541_all_partitions,1466,6.085708649648558
14,716,selected_seed_541_all_partitions,1467,6.115167919529593
14,716,selected_seed_541_all_partitions,1468,6.114196120599143
14,716,selected_seed_541_all_partitions,1469,6.100281455135249
14,716,selected_seed_541_all_partitions,1470,6.144686794455121
14,716,selected_seed_541_all_partitions,1471,6.12775166487528
14,716,selected_seed_541_all_partitions,1472,6.145049004145136
14,716,selected_seed_541_all_partitions,1473,6.155648998596099
14,716,selected_seed_541_all_partitions,1474,6.159709377195654
14,716,selected_seed_541_all_partitions,1475,6.154295707168705
14,716,selected_seed_541_all_partitions,1476,6.119737620956993
14,716,selected_seed_541_all_partitions,1477,6.119927206221951
14,716,selected_seed_541_all_partitions,1478,6.122164710175249
14,716,selected_seed_541_all_partitions,1479,6.129993366271111
14,716,selected_seed_541_all_partitions,1480,6.144236856258395
14,716,selected_seed_541_all_partitions,1481,6.158113216097566
14,716,selected_seed_541_all_partitions,1482,6.180170185785099
14,716,selected_seed_541_all_partitions,1483,6.155992703301231
14,716,selected_seed_541_all_partitions,1484,6.1372458468437046
14,716,selected_seed_541_all_partitions,1485,6.1411330321059765
14,716,selected_seed_541_all_partitions,1486,6.1247646751006055
14,716,selected_seed_541_all_partitions,1487,6.132864738363821
14,716,selected_seed_541_all_partitions,1488,6.138972672744162
14,716,selected_seed_541_all_partitions,1489,6.1472186449345685
14,716,selected_seed_541_all_partitions,1490,6.142695373133459
14,716,selected_seed_541_all_partitions,1491,6.108729099384861
14,716,selected_seed_541_all_partitions,1492,6.097380058975738
14,716,selected_seed_541_all_partitions,1493,6.106814675643087
14,716,selected_seed_541_all_partitions,1494,6.11527362780836
14,716,selected_seed_541_all_partitions,1495,6.144693232039593
14,716,selected_seed_541_all_partitions,1496,6.165030660651708
14,716,selected_seed_541_all_partitions,1497,6.16011577466239
14,716,selected_seed_541_all_partitions,1498,6.145095437512027
14,716,selected_seed_541_all_partitions,1499,6.116543621965653
14,716,selected_seed_541_all_partitions,1500,6.141166824516289
14,716,selected_seed_541_all_partitions,1501,6.121561953448074
14,716,selected_seed_541_all_partitions,1502,6.123191542386734
14,716,selected_seed_541_all_partitions,1503,6.159045784874975
14,716,selected_seed_541_all_partitions,1504,6.11937108090494
14,716,selected_seed_541_all_partitions,1505,6.148813960535073
14,716,selected_seed_541_all_partitions,1506,6.149935901421737
14,716,selected_seed_541_all_partitions,1507,6.1439140531643215
14,716,selected_seed_541_all_partitions,1508,6.154633103687987
14,716,selected_seed_541_all_partitions,1509,6.160956851777105
14,716,selected_seed_541_all_partitions,1510,6.140384801568868
14,716,selected_seed_541_all_partitions,1511,6.153169374154311
14,716,selected_seed_541_all_partitions,1512,6.14316846858575
14,716,selected_seed_541_all_partitions,1513,6.151162774952028
14,716,selected_seed_541_all_partitions,1514,6.146985559732397
14,716,selected_seed_541_all_partitions,1515,6.142948291901006
14,716,selected_seed_541_all_partitions,1516,6.166341502021123
14,716,selected_seed_541_all_partitions,1517,6.154716148974146
14,716,selected_seed_541_all_partitions,1518,6.1529200976260805
14,716,selected_seed_541_all_partitions,1519,6.136698914696742
14,716,selected_seed_541_all_partitions,1520,6.157340427532827
14,716,selected_seed_541_all_partitions,1521,6.133350529073288
14,716,selected_seed_541_all_partitions,1522,6.158579516795706
14,716,selected_seed_541_all_partitions,1523,6.166968056324574
14,716,selected_seed_541_all_partitions,1524,6.149022283712549
14,716,selected_seed_541_all_partitions,1525,6.160507803095372
14,716,selected_seed_541_all_partitions,1526,6.14740574638064
14,716,selected_seed_541_all_partitions,1527,6.13304874580416
14,716,selected_seed_541_all_partitions,1528,6.182479057050606
14,716,selected_seed_541_all_partitions,1529,6.140770849485319
14,716,selected_seed_541_all_partitions,1530,6.165820812466724
14,716,selected_seed_541_all_partitions,1531,6.139541006429149
14,716,selected_seed_541_all_partitions,1532,6.163600486455444
14,716,selected_seed_541_all_partitions,1533,6.130543725836008
14,716,selected_seed_541_all_partitions,1534,6.1543375594351994
14,716,selected_seed_541_all_partitions,1535,6.127913871651182
14,716,selected_seed_541_all_partitions,1536,6.149890697778924
14,716,selected_seed_541_all_partitions,1537,6.180547295381453
14,716,selected_seed_541_all_partitions,1538,6.141326594452389
14,716,selected_seed_541_all_partitions,1539,6.139513522575784
14,716,selected_seed_541_all_partitions,1540,6.1576388629389465
14,716,selected_seed_541_all_partitions,1541,6.127910058714859
14,716,selected_seed_541_all_partitions,1542,6.150633127082703
14,716,selected_seed_541_all_partitions,1543,6.175680105571958
14,716,selected_seed_541_all_partitions,1544,6.140840698451746
14,716,selected_seed_541_all_partitions,1545,6.146305428355903
14,716,selected_seed_541_all_partitions,1546,6.14107724570633
14,716,selected_seed_541_all_partitions,1547,6.110910872649959
14,716,selected_seed_541_all_partitions,1548,6.166479545090955
14,716,selected_seed_541_all_partitions,1549,6.1352252950391994
14,716,selected_seed_541_all_partitions,1550,6.132048783479182
14,716,selected_seed_541_all_partitions,1551,6.152798634403668
14,716,selected_seed_541_all_partitions,1552,6.171800238995559
14,716,selected_seed_541_all_partitions,1553,6.146827273630446
14,716,selected_seed_541_all_partitions,1554,6.167986515236313
14,716,selected_seed_541_all_partitions,1555,6.142255122148804
14,716,selected_seed_541_all_partitions,1556,6.150279626616004
14,716,selected_seed_541_all_partitions,1557,6.159595383423705
14,716,selected_seed_541_all_partitions,1558,6.147569315415157
14,716,selected_seed_541_all_partitions,1559,6.155944498628684
14,716,selected_seed_541_all_partitions,1560,6.138273282402107
14,716,selected_seed_541_all_partitions,1561,6.138691737064255
14,716,selected_seed_541_all_partitions,1562,6.160574592653266
14,716,selected_seed_541_all_partitions,1563,6.115281674477569
14,716,selected_seed_541_all_partitions,1564,6.193092113107702
14,716,selected_seed_541_all_partitions,1565,6.148403477803089
14,716,selected_seed_541_all_partitions,1566,6.149696797224255
14,716,selected_seed_541_all_partitions,1567,6.18443881860767
14,716,selected_seed_541_all_partitions,1568,6.137447134360391
14,716,selected_seed_541_all_partitions,1569,6.1500354661106735
14,716,selected_seed_541_all_partitions,1570,6.152583636720005
14,716,selected_seed_541_all_partitions,1571,6.157963672994357
14,716,selected_seed_541_all_partitions,1572,6.131108289227967
14,716,selected_seed_541_all_partitions,1573,6.149315208369533
14,716,selected_seed_541_all_partitions,1574,6.153233693479155
14,716,selected_seed_541_all_partitions,1575,6.144055670581833
14,716,selected_seed_541_all_partitions,1576,6.158668381313479
14,716,selected_seed_541_all_partitions,1577,6.180576371105486
14,716,selected_seed_541_all_partitions,1578,6.185508947531061
14,716,selected_seed_541_all_partitions,1579,6.160384191171963
14,716,selected_seed_541_all_partitions,1580,6.158124797851762
14,716,selected_seed_541_all_partitions,1581,6.159205652356646
14,716,selected_seed_541_all_partitions,1582,6.138221499788329
14,716,selected_seed_541_all_partitions,1583,6.16487856067024
14,716,selected_seed_541_all_partitions,1584,6.1386949612327655
14,716,selected_seed_541_all_partitions,1585,6.160546653222777
14,716,selected_seed_541_all_partitions,1586,6.170923939141621
14,716,selected_seed_541_all_partitions,1587,6.201464313310133
14,716,selected_seed_541_all_partitions,1588,6.175278941508253
14,716,selected_seed_541_all_partitions,1589,6.168888696806791
14,716,selected_seed_541_all_partitions,1590,6.163223127338376
14,716,selected_seed_541_all_partitions,1591,6.163907714057938
14,716,selected_seed_541_all_partitions,1592,6.156544571931119
14,716,selected_seed_541_all_partitions,1593,6.130251198252348
14,716,selected_seed_541_all_partitions,1594,6.158985614185157
14,716,selected_seed_541_all_partitions,1595,6.143524450424379
14,716,selected_seed_541_all_partitions,1596,6.148611340725765
14,716,selected_seed_541_all_partitions,1597,6.148781436040782
14,716,selected_seed_541_all_partitions,1598,6.141585731124269
14,716,selected_seed_541_all_partitions,1599,6.177673670023583
14,716,selected_seed_541_all_partitions,1600,6.141234841434646
14,716,selected_seed_541_all_partitions,1601,6.156341887308368
14,716,selected_seed_541_all_partitions,1602,6.17166118358153
14,716,selected_seed_541_all_partitions,1603,6.124626119692666
14,716,selected_seed_541_all_partitions,1604,6.147483752614777
14,716,selected_seed_541_all_partitions,1605,6.153622527157672
14,716,selected_seed_541_all_partitions,1606,6.179248594016732
14,716,selected_seed_541_all_partitions,1607,6.142716611573138
14,716,selected_seed_541_all_partitions,1608,6.168054338734341
14,716,selected_seed_541_all_partitions,1609,6.137522785526426
14,716,selected_seed_541_all_partitions,1610,6.146897198510566
14,716,selected_seed_541_all_partitions,1611,6.17291164791235
14,716,selected_seed_541_all_partitions,1612,6.166248566997307
14,716,selected_seed_541_all_partitions,1613,6.128020006830472
14,716,selected_seed_541_all_partitions,1614,6.174653029140916
14,716,selected_seed_541_all_partitions,1615,6.138969816480543
14,716,selected_seed_541_all_partitions,1616,6.1503208137272445
14,716,selected_seed_541_all_partitions,1617,6.169576100751373
14,716,selected_seed_541_all_partitions,1618,6.131820518453014
14,716,selected_seed_541_all_partitions,1619,6.125437387895655
14,716,selected_seed_541_all_partitions,1620,6.151077861836288
14,716,selected_seed_541_all_partitions,1621,6.171408634950075
14,716,selected_seed_541_all_partitions,1622,6.169609403020259
14,716,selected_seed_541_all_partitions,1623,6.16938787005812
14,716,selected_seed_541_all_partitions,1624,6.161875855772191
14,716,selected_seed_541_all_partitions,1625,6.153579844091977
14,716,selected_seed_541_all_partitions,1626,6.1620409298385965
14,716,selected_seed_541_all_partitions,1627,6.119452768179516
14,716,selected_seed_541_all_partitions,1628,6.140771005351971
14,716,selected_seed_541_all_partitions,1629,6.149609649432771
14,716,selected_seed_541_all_partitions,1630,6.138126581546322
14,716,selected_seed_541_all_partitions,1631,6.138260424944145
14,716,selected_seed_541_all_partitions,1632,6.1214110303222915
14,716,selected_seed_541_all_partitions,1633,6.143775133296797
14,716,selected_seed_541_all_partitions,1634,6.145458527263652
14,716,selected_seed_541_all_partitions,1635,6.143945004878412
14,716,selected_seed_541_all_partitions,1636,6.138526697949488
14,716,selected_seed_541_all_partitions,1637,6.127520970926966
14,716,selected_seed_541_all_partitions,1638,6.144147834668905
14,716,selected_seed_541_all_partitions,1639,6.126439573941574
14,716,selected_seed_541_all_partitions,1640,6.108599885148659
14,716,selected_seed_541_all_partitions,1641,6.121224104937717
14,716,selected_seed_541_all_partitions,1642,6.137363818884592
14,716,selected_seed_541_all_partitions,1643,6.162885153142672
14,716,selected_seed_541_all_partitions,1644,6.142126508211451
14,716,selected_seed_541_all_partitions,1645,6.141037046339917
14,716,selected_seed_541_all_partitions,1646,6.146043255458767
14,716,selected_seed_541_all_partitions,1647,6.161608973637008
14,716,selected_seed_541_all_partitions,1648,6.141521261000085
14,716,selected_seed_541_all_partitions,1649,6.133269704189885
14,716,selected_seed_541_all_partitions,1650,6.144297957535928
14,716,selected_seed_541_all_partitions,1651,6.114212663353067
14,716,selected_seed_541_all_partitions,1652,6.151235676729872
14,716,selected_seed_541_all_partitions,1653,6.139019155221742
14,716,selected_seed_541_all_partitions,1654,6.135951010337429
14,716,selected_seed_541_all_partitions,1655,6.172077888789887
14,716,selected_seed_541_all_partitions,1656,6.146519678162482
14,716,selected_seed_541_all_partitions,1657,6.156232028471194
14,716,selected_seed_541_all_partitions,1658,6.154191772121017
14,716,selected_seed_541_all_partitions,1659,6.130364766475278
14,716,selected_seed_541_all_partitions,1660,6.145372669287899
14,716,selected_seed_541_all_partitions,1661,6.131833853428481
14,716,selected_seed_541_all_partitions,1662,6.154648286177138
14,716,selected_seed_541_all_partitions,1663,6.142055381144337
14,716,selected_seed_541_all_partitions,1664,6.162832307866723
14,716,selected_seed_541_all_partitions,1665,6.147781956673768
14,716,selected_seed_541_all_partitions,1666,6.138868274013047
14,716,selected_seed_541_all_partitions,1667,6.148430084855279
14,716,selected_seed_541_all_partitions,1668,6.153399667827139
14,716,selected_seed_541_all_partitions,1669,6.114996815684231
14,716,selected_seed_541_all_partitions,1670,6.164039235832309
14,716,selected_seed_541_all_partitions,1671,6.147633943539197
14,716,selected_seed_541_all_partitions,1672,6.1522633532886095
14,716,selected_seed_541_all_partitions,1673,6.146402099099262
14,716,selected_seed_541_all_partitions,1674,6.1177913121330745
14,716,selected_seed_541_all_partitions,1675,6.125309899534829
14,716,selected_seed_541_all_partitions,1676,6.123185416082897
14,716,selected_seed_541_all_partitions,1677,6.151328215930534
14,716,selected_seed_541_all_partitions,1678,6.142594375189549
14,716,selected_seed_541_all_partitions,1679,6.172244772846378
14,716,selected_seed_541_all_partitions,1680,6.156979936458542
14,716,selected_seed_541_all_partitions,1681,6.136266829640509
14,716,selected_seed_541_all_partitions,1682,6.158813858060866
14,716,selected_seed_541_all_partitions,1683,6.1286656706906335
14,716,selected_seed_541_all_partitions,1684,6.148255373928606
14,716,selected_seed_541_all_partitions,1685,6.168800682176991
14,716,selected_seed_541_all_partitions,1686,6.1414271826324445
14,716,selected_seed_541_all_partitions,1687,6.141249587783499
14,716,selected_seed_541_all_partitions,1688,6.154910425205791
14,716,selected_seed_541_all_partitions,1689,6.150616283513434
14,716,selected_seed_541_all_partitions,1690,6.1410914748938445
14,716,selected_seed_541_all_partitions,1691,6.146376953830504
14,716,selected_seed_541_all_partitions,1692,6.154486545106912
14,716,selected_seed_541_all_partitions,1693,6.15289919759782
14,716,selected_seed_541_all_partitions,1694,6.114715437849893
14,716,selected_seed_541_all_partitions,1695,6.108924664851046
14,716,selected_seed_541_all_partitions,1696,6.113389576768525
14,716,selected_seed_541_all_partitions,1697,6.105210116825269
14,716,selected_seed_541_all_partitions,1698,6.15116715670527
14,716,selected_seed_541_all_partitions,1699,6.148381388015258
14,716,selected_seed_541_all_partitions,1700,6.169475671504349
14,716,selected_seed_541_all_partitions,1701,6.123657315264877
14,716,selected_seed_541_all_partitions,1702,6.092796740231378
14,716,selected_seed_541_all_partitions,1703,6.129242426104692
14,716,selected_seed_541_all_partitions,1704,6.128731992534975
14,716,selected_seed_541_all_partitions,1705,6.1300312267091
14,716,selected_seed_541_all_partitions,1706,6.137931554286778
14,716,selected_seed_541_all_partitions,1707,6.115475259174064
14,716,selected_seed_541_all_partitions,1708,6.129055442940943
14,716,selected_seed_541_all_partitions,1709,6.172897553098344
14,716,selected_seed_541_all_partitions,1710,6.139805472495877
14,716,selected_seed_541_all_partitions,1711,6.155300382481841
14,716,selected_seed_541_all_partitions,1712,6.160847146486138
14,716,selected_seed_541_all_partitions,1713,6.11865687808423
14,716,selected_seed_541_all_partitions,1714,6.152867988100396
14,716,selected_seed_541_all_partitions,1715,6.1335394805027645
